Gender,Location,Age,Tenure,Balance,NumOfProducts,HasCreditCard,IsActiveMember,EstimatedSalary,Actual_Churn,Predicted_Churn_Prob,Predicted_Churn,Risk_Category
Male,Hyderabad,78.3,4,81731.74,2,1,0,44592.29,0,0.4721,0,Medium Risk
Female,Kolkata,40.6,2,35653.07,2,0,1,125578.66,0,0.2366,0,Low Risk
Female,Delhi,27.6,10,36709.78,2,1,1,122771.88,0,0.091,0,Low Risk
Male,Kolkata,48.0,9,42552.69,1,1,1,100154.75,0,0.2484,0,Low Risk
Male,Kolkata,26.0,8,90332.39,2,1,0,75576.01,0,0.3838,0,Medium Risk
Male,Hyderabad,25.6,9,117499.0,1,1,1,15000.0,0,0.1968,0,Low Risk
Female,Chennai,60.1,7,67755.13,4,0,1,107852.1,0,0.5591,1,Medium Risk
Male,Mumbai,40.1,3,52635.28,2,0,1,70638.45,0,0.3769,0,Medium Risk
Female,Bangalore,35.8,10,45320.0,2,1,0,47425.92,0,0.267,0,Low Risk
Female,Mumbai,52.3,8,62265.28,1,1,1,118250.1,1,0.3871,0,Medium Risk
Female,Delhi,39.4,4,6391.76,1,1,0,108234.98,0,0.198,0,Low Risk
Female,Delhi,43.2,0,65111.76,1,1,1,105144.98,0,0.4249,0,Medium Risk
Male,Delhi,54.7,8,108308.82,1,0,0,99902.69,0,0.6552,1,High Risk
Female,Mumbai,37.7,5,56386.42,1,1,1,15000.0,0,0.4119,0,Medium Risk
Male,Bangalore,26.6,1,83468.15,2,0,1,106325.25,0,0.2961,0,Low Risk
Female,Pune,32.0,2,62552.75,2,0,1,67559.39,0,0.2699,0,Low Risk
Male,Pune,39.4,10,27587.74,2,1,1,85056.71,0,0.1629,0,Low Risk
Male,Mumbai,49.8,6,61497.02,1,1,1,85754.07,0,0.4502,0,Medium Risk
Female,Bangalore,50.8,4,31698.18,2,1,0,136866.94,1,0.3532,0,Medium Risk
Male,Chennai,56.2,3,51472.43,1,1,1,131580.52,0,0.3436,0,Medium Risk
Female,Mumbai,72.7,0,87887.21,1,0,1,33614.86,1,0.4987,1,Medium Risk
Male,Bangalore,61.4,10,67581.49,2,1,1,55274.33,0,0.3972,0,Medium Risk
Male,Pune,24.7,10,79565.5,1,1,0,58187.27,0,0.2908,0,Low Risk
Female,Hyderabad,38.8,4,126503.61,2,1,1,95174.46,0,0.3574,0,Medium Risk
Male,Pune,18.4,9,25084.06,1,0,1,102940.1,0,0.075,0,Low Risk
Female,Mumbai,48.0,1,0.0,2,0,0,54958.72,0,0.2182,0,Low Risk
Male,Delhi,18.0,0,22598.89,2,1,1,93527.04,0,0.0957,0,Low Risk
Male,Delhi,43.9,3,94591.55,1,0,0,71909.23,0,0.6581,1,High Risk
Male,Mumbai,29.2,0,93947.06,1,1,1,52045.82,0,0.3928,0,Medium Risk
Female,Kolkata,54.2,5,36353.97,2,0,1,55142.34,0,0.3381,0,Medium Risk
Male,Chennai,46.2,0,109933.16,2,1,1,109782.97,1,0.3896,0,Medium Risk
Male,Delhi,25.3,6,75983.57,1,1,0,28010.21,0,0.4171,0,Medium Risk
Male,Chennai,18.0,9,94706.94,1,0,0,86362.69,0,0.2554,0,Low Risk
Female,Pune,29.2,5,52157.37,1,1,0,97503.43,0,0.2901,0,Low Risk
Male,Chennai,33.5,9,70763.7,2,0,1,53938.71,0,0.16,0,Low Risk
Female,Delhi,48.1,1,58428.78,2,1,1,79537.15,0,0.4472,0,Medium Risk
Female,Bangalore,35.5,1,41231.72,1,1,0,109378.79,0,0.3475,0,Medium Risk
Male,Mumbai,53.7,0,45503.65,2,1,1,74742.07,0,0.3197,0,Medium Risk
Female,Chennai,57.0,10,64595.36,2,0,0,27998.82,0,0.3192,0,Medium Risk
Male,Bangalore,39.4,7,62979.04,1,1,0,15000.0,0,0.5814,1,Medium Risk
Male,Delhi,53.0,7,26013.61,1,1,0,53024.94,0,0.2796,0,Low Risk
Male,Chennai,30.7,5,81776.24,2,1,1,64610.84,0,0.2561,0,Low Risk
Male,Mumbai,30.2,1,57609.19,1,1,0,66996.26,0,0.4887,0,Medium Risk
Female,Mumbai,45.1,1,69058.5,1,0,0,59438.37,0,0.5908,1,Medium Risk
Female,Hyderabad,34.2,3,78018.94,2,1,1,85056.71,0,0.34,0,Medium Risk
Female,Pune,27.0,10,63399.71,2,0,1,64696.5,0,0.1811,0,Low Risk
Male,Bangalore,35.5,5,59336.15,1,1,0,119576.78,0,0.6318,1,High Risk
Male,Mumbai,54.5,3,85596.21,2,1,0,85056.71,0,0.6291,1,High Risk
Female,Mumbai,50.5,10,82193.34,1,1,1,138726.84,0,0.3076,0,Medium Risk
Female,Bangalore,50.4,8,56082.83,2,0,1,66529.52,0,0.342,0,Medium Risk
Male,Delhi,30.1,1,94876.65,2,1,1,80238.39,0,0.2815,0,Low Risk
Female,Mumbai,44.6,0,42251.4,2,1,0,192633.27,0,0.3115,0,Medium Risk
Male,Kolkata,40.8,9,57871.47,2,0,1,81557.41,0,0.2235,0,Low Risk
Female,Bangalore,44.2,3,41381.82,2,1,1,111511.01,0,0.3533,0,Medium Risk
Male,Bangalore,44.6,6,70453.76,2,1,0,45031.64,0,0.6437,1,High Risk
Male,Mumbai,36.9,9,62375.35,1,0,1,69934.85,0,0.2793,0,Low Risk
Male,Pune,42.4,3,73388.95,1,1,0,76736.35,0,0.5305,1,Medium Risk
Male,Delhi,18.0,2,74933.82,2,1,1,57165.4,0,0.2086,0,Low Risk
Male,Hyderabad,54.6,2,77236.52,2,1,0,111079.1,0,0.4886,0,Medium Risk
Male,Bangalore,37.1,5,44375.73,2,1,0,52423.31,0,0.3468,0,Medium Risk
Female,Pune,52.0,0,55123.29,2,1,1,83807.33,0,0.4205,0,Medium Risk
Female,Delhi,30.7,5,78189.93,2,1,0,90368.03,0,0.4081,0,Medium Risk
Female,Bangalore,50.8,1,83629.64,2,1,0,111547.54,0,0.6067,1,High Risk
Female,Bangalore,34.7,4,57195.03,1,1,0,45060.52,0,0.5592,1,Medium Risk
Female,Hyderabad,38.7,8,111136.6,1,1,0,93578.6,0,0.3916,0,Medium Risk
Male,Chennai,33.2,6,81819.05,2,1,0,48050.3,0,0.6275,1,High Risk
Female,Mumbai,40.1,9,64567.54,2,1,1,54476.92,0,0.2671,0,Low Risk
Female,Mumbai,50.7,0,68927.29,2,1,0,89274.65,0,0.5808,1,Medium Risk
Female,Delhi,71.1,4,39064.81,2,0,1,59846.46,0,0.324,0,Medium Risk
Female,Mumbai,47.5,5,78771.6,2,1,1,52552.65,0,0.4764,0,Medium Risk
Female,Hyderabad,32.4,10,82947.65,1,1,1,91409.87,1,0.1898,0,Low Risk
Male,Chennai,18.0,1,62938.55,1,1,1,64950.05,0,0.188,0,Low Risk
Female,Pune,30.8,9,68135.3,2,0,0,101518.33,0,0.308,0,Medium Risk
Male,Delhi,42.2,6,66873.61,1,1,0,95242.67,0,0.6484,1,High Risk
Male,Mumbai,57.8,2,95888.29,4,0,0,92816.88,1,0.7863,1,High Risk
Male,Bangalore,49.8,4,40696.38,2,1,1,164898.61,0,0.2727,0,Low Risk
Female,Chennai,42.4,1,81006.2,1,0,1,116255.9,0,0.4195,0,Medium Risk
Male,Bangalore,29.1,3,68869.98,1,1,1,78406.98,0,0.3224,0,Medium Risk
Male,Delhi,48.5,7,109248.14,1,0,1,49575.6,0,0.4751,0,Medium Risk
Female,Delhi,36.9,5,35194.2,2,0,1,39375.35,0,0.2014,0,Low Risk
Female,Bangalore,23.7,4,30992.39,2,1,0,48972.99,0,0.1945,0,Low Risk
Female,Bangalore,58.8,1,106592.82,1,0,0,56465.62,0,0.6363,1,High Risk
Female,Mumbai,42.6,3,55775.83,1,1,0,49373.73,0,0.5297,1,Medium Risk
Male,Pune,45.6,6,44835.28,2,1,1,15000.0,0,0.3112,0,Medium Risk
Male,Pune,41.4,2,43565.54,1,1,0,60903.58,0,0.3393,0,Medium Risk
Male,Delhi,18.0,5,84871.03,1,0,0,81789.2,0,0.3209,0,Medium Risk
Male,Bangalore,54.3,1,70310.3,1,0,0,83318.16,0,0.6934,1,High Risk
Male,Mumbai,48.3,9,83314.66,2,0,1,73451.88,0,0.2994,0,Low Risk
Male,Chennai,26.0,5,25847.23,2,1,0,99674.33,0,0.1459,0,Low Risk
Female,Delhi,35.6,0,44150.87,2,1,0,119399.72,0,0.2857,0,Low Risk
Female,Hyderabad,45.0,8,71393.84,1,1,1,31653.43,0,0.2754,0,Low Risk
Male,Delhi,51.6,2,22311.18,1,1,1,62024.09,0,0.2191,0,Low Risk
Female,Chennai,51.7,6,105444.52,4,1,1,127573.51,1,0.59,1,Medium Risk
Female,Bangalore,38.0,8,104983.19,2,1,0,87817.7,1,0.5637,1,Medium Risk
Male,Kolkata,28.9,2,42527.6,2,0,0,86607.68,0,0.225,0,Low Risk
Male,Kolkata,48.5,0,74115.41,2,0,1,123043.03,0,0.4398,0,Medium Risk
Female,Mumbai,42.6,7,85860.39,1,0,1,81279.51,0,0.3915,0,Medium Risk
Female,Kolkata,19.6,3,53820.35,1,0,1,73105.2,0,0.2185,0,Low Risk
Male,Delhi,54.8,6,84818.45,2,1,0,118115.75,0,0.6599,1,High Risk
Female,Delhi,28.2,8,46679.1,2,0,1,58684.34,1,0.0913,0,Low Risk
Female,Mumbai,23.4,8,38671.34,4,1,0,156098.06,0,0.243,0,Low Risk
Female,Delhi,35.7,7,37948.78,2,1,0,96616.35,0,0.249,0,Low Risk
Male,Kolkata,63.2,3,93687.43,1,1,0,107125.9,0,0.6736,1,High Risk
Female,Hyderabad,46.5,8,34709.64,2,1,0,146922.84,0,0.1943,0,Low Risk
Male,Mumbai,44.5,0,91462.22,2,1,0,127996.05,1,0.6291,1,High Risk
Female,Delhi,35.1,10,54588.52,2,1,0,78869.62,0,0.2612,0,Low Risk
Female,Hyderabad,53.6,4,77400.84,2,1,0,112751.88,0,0.4285,0,Medium Risk
Male,Pune,31.5,10,99353.96,1,1,1,96943.2,0,0.286,0,Low Risk
Male,Mumbai,42.8,2,62994.28,1,1,0,63122.83,0,0.638,1,High Risk
Female,Delhi,34.9,3,66864.62,1,1,1,167327.11,0,0.379,0,Medium Risk
Female,Delhi,71.8,0,57652.35,1,1,0,53144.02,0,0.5624,1,Medium Risk
Male,Pune,50.7,9,78992.9,1,0,1,56646.84,0,0.2829,0,Low Risk
Female,Mumbai,38.2,8,27693.64,1,1,0,123052.25,0,0.243,0,Low Risk
Male,Bangalore,61.6,7,116073.11,2,0,1,132055.93,0,0.4776,0,Medium Risk
Female,Mumbai,28.5,5,112766.87,1,1,1,109885.66,0,0.2943,0,Low Risk
Female,Pune,36.1,3,63619.03,1,1,0,92023.86,0,0.5039,1,Medium Risk
Female,Pune,39.0,7,125805.98,2,1,1,67698.87,0,0.4338,0,Medium Risk
Female,Mumbai,58.0,9,47157.6,1,1,1,38219.84,0,0.2701,0,Low Risk
Female,Delhi,47.1,2,75836.13,2,1,1,83474.1,0,0.5025,1,Medium Risk
Female,Bangalore,50.4,4,59726.28,1,1,0,104181.08,0,0.6028,1,High Risk
Male,Kolkata,34.4,4,52098.33,2,1,1,91715.53,0,0.3037,0,Medium Risk
Male,Delhi,48.1,4,87454.39,1,1,0,52569.73,0,0.6757,1,High Risk
Male,Hyderabad,41.9,9,42624.92,1,0,1,54185.81,0,0.2177,0,Low Risk
Female,Delhi,43.8,9,66699.81,1,1,1,50895.32,0,0.2003,0,Low Risk
Female,Delhi,27.9,4,72518.6,1,1,0,73142.62,0,0.344,0,Medium Risk
Female,Mumbai,30.5,4,30157.8,1,0,0,54917.33,0,0.1941,0,Low Risk
Male,Bangalore,44.9,2,85931.98,1,1,1,86708.55,0,0.5265,1,Medium Risk
Male,Mumbai,47.1,1,6891.06,1,1,1,83652.8,0,0.197,0,Low Risk
Female,Hyderabad,25.2,9,69779.46,2,0,1,123425.61,0,0.1033,0,Low Risk
Male,Kolkata,32.9,4,88782.8,2,1,1,92756.84,0,0.3518,0,Medium Risk
Male,Bangalore,31.1,9,73452.75,1,0,1,65920.75,0,0.1981,0,Low Risk
Male,Delhi,41.3,7,32676.63,1,1,0,93134.37,0,0.2713,0,Low Risk
Male,Chennai,18.0,3,47993.41,1,1,1,53694.36,0,0.1639,0,Low Risk
Male,Kolkata,46.3,0,48643.67,2,1,1,74950.95,0,0.4258,0,Medium Risk
Male,Delhi,34.5,8,41604.35,2,0,0,91592.18,0,0.2526,0,Low Risk
Male,Kolkata,29.6,0,74958.3,1,1,1,61164.1,0,0.3347,0,Medium Risk
Male,Pune,21.7,9,55799.21,2,1,1,53731.73,0,0.1575,0,Low Risk
Female,Delhi,41.8,0,66146.37,1,1,1,97183.2,0,0.4329,0,Medium Risk
Male,Kolkata,52.7,9,70802.52,1,1,1,119073.78,0,0.2393,0,Low Risk
Female,Delhi,57.3,10,119779.86,1,1,0,42798.79,0,0.352,0,Medium Risk
Male,Mumbai,44.4,8,109724.4,1,0,1,101143.13,0,0.4337,0,Medium Risk
Female,Pune,29.8,8,144516.75,1,1,0,85386.98,0,0.3724,0,Medium Risk
Female,Delhi,31.0,7,47056.87,1,1,1,129732.9,0,0.137,0,Low Risk
Male,Bangalore,44.8,9,87080.7,2,0,0,85056.71,0,0.4285,0,Medium Risk
Male,Pune,37.7,5,59156.17,1,1,0,79904.61,1,0.4917,1,Medium Risk
Female,Kolkata,25.1,7,57805.21,2,1,0,90143.14,0,0.3249,0,Medium Risk
Female,Delhi,34.1,3,77432.82,2,1,1,69798.56,0,0.439,0,Medium Risk
Female,Mumbai,51.5,2,40339.04,1,1,1,122890.63,0,0.3275,0,Medium Risk
Male,Hyderabad,37.6,0,126749.35,2,1,1,90589.4,0,0.3456,0,Medium Risk
Male,Hyderabad,35.7,9,85504.51,2,1,0,115276.18,0,0.296,0,Low Risk
Male,Pune,22.4,6,68363.23,1,1,1,135360.92,0,0.2777,0,Low Risk
Male,Mumbai,46.9,1,58269.13,1,1,0,88017.02,1,0.6334,1,High Risk
Male,Hyderabad,37.2,9,130046.75,2,1,0,141900.91,0,0.3147,0,Medium Risk
Female,Mumbai,40.9,10,38443.1,2,1,0,61915.55,0,0.2042,0,Low Risk
Male,Delhi,64.3,3,124121.32,1,1,0,30143.89,0,0.6717,1,High Risk
Male,Chennai,35.7,1,80326.82,2,0,1,31853.53,0,0.3328,0,Medium Risk
Female,Mumbai,40.1,1,75920.92,1,0,1,65584.09,0,0.4794,0,Medium Risk
Male,Chennai,45.1,3,113018.33,2,1,1,113161.63,0,0.3908,0,Medium Risk
Male,Chennai,22.1,4,72790.97,3,0,0,110944.74,0,0.6062,1,High Risk
Male,Mumbai,27.4,3,63035.96,2,0,0,79042.33,0,0.4061,0,Medium Risk
Male,Hyderabad,34.0,5,35554.02,1,0,1,156784.49,0,0.1159,0,Low Risk
Female,Hyderabad,42.6,6,66973.01,1,1,1,64412.71,0,0.2599,0,Low Risk
Male,Mumbai,65.2,1,76816.32,3,1,1,151234.06,0,0.5127,1,Medium Risk
Male,Delhi,60.4,0,92889.03,1,1,0,95970.51,1,0.6942,1,High Risk
Male,Delhi,38.5,8,94640.3,1,0,0,73922.69,0,0.6101,1,High Risk
Male,Mumbai,45.4,3,37845.62,1,0,1,156509.0,0,0.2146,0,Low Risk
Male,Mumbai,66.0,0,45062.14,2,1,0,66053.08,0,0.3592,0,Medium Risk
Male,Mumbai,55.2,7,82933.81,1,1,1,84445.15,0,0.4439,0,Medium Risk
Female,Bangalore,50.9,1,81599.45,1,0,0,93739.22,0,0.6307,1,High Risk
Female,Mumbai,39.8,10,107467.66,2,1,1,21575.22,0,0.2714,0,Low Risk
Male,Delhi,49.1,0,86141.65,1,0,0,104774.54,1,0.6829,1,High Risk
Female,Chennai,42.0,9,76657.84,4,1,1,63656.9,0,0.4598,0,Medium Risk
Male,Chennai,32.8,8,62841.93,2,0,1,92574.22,0,0.2208,0,Low Risk
Female,Pune,29.4,6,92919.53,1,1,1,98486.85,0,0.2493,0,Low Risk
Male,Mumbai,45.2,1,114002.19,2,1,1,91948.3,0,0.511,1,Medium Risk
Female,Hyderabad,18.0,2,44371.91,1,0,0,105471.72,0,0.1173,0,Low Risk
Female,Delhi,46.0,10,7470.5,2,1,0,82351.63,0,0.1439,0,Low Risk
Male,Kolkata,35.2,1,72645.06,2,1,0,92904.98,1,0.6536,1,High Risk
Male,Mumbai,28.4,2,18488.76,2,1,0,55955.23,0,0.1406,0,Low Risk
Female,Kolkata,47.8,5,72365.8,1,1,0,98102.21,0,0.552,1,Medium Risk
Female,Mumbai,56.3,5,92972.33,2,1,0,61652.64,0,0.6028,1,High Risk
Male,Mumbai,45.8,2,74131.65,2,1,1,68828.49,0,0.4802,0,Medium Risk
Female,Delhi,34.2,1,5903.44,1,0,0,51045.04,0,0.2059,0,Low Risk
Female,Delhi,52.5,3,45694.9,1,0,0,78648.61,0,0.3144,0,Medium Risk
Male,Pune,34.9,5,44798.42,2,1,1,111432.73,0,0.2017,0,Low Risk
Female,Mumbai,36.8,1,63718.36,4,1,1,137509.97,1,0.5022,1,Medium Risk
Female,Delhi,44.6,1,47634.68,1,0,1,156106.43,0,0.3353,0,Medium Risk
Female,Hyderabad,22.0,2,65037.47,1,1,1,122049.49,0,0.1504,0,Low Risk
Male,Chennai,40.1,10,84019.73,2,0,1,69654.87,0,0.2512,0,Low Risk
Female,Pune,61.5,7,89357.69,1,1,1,128262.46,0,0.4251,0,Medium Risk
Female,Pune,31.0,7,9497.19,1,1,1,83937.14,0,0.1146,0,Low Risk
Female,Delhi,50.9,9,95724.11,1,1,0,26646.5,0,0.3341,0,Medium Risk
Male,Mumbai,38.7,9,71736.58,1,0,1,71625.42,0,0.2917,0,Low Risk
Female,Hyderabad,52.2,1,68078.32,1,0,0,104711.22,0,0.4448,0,Medium Risk
Female,Kolkata,44.4,1,43492.93,2,1,0,132847.45,0,0.3599,0,Medium Risk
Male,Chennai,49.3,1,63606.55,2,1,1,92501.67,0,0.3494,0,Medium Risk
Male,Mumbai,47.5,6,71529.9,2,1,1,61017.24,0,0.4346,0,Medium Risk
Male,Bangalore,46.7,9,69827.52,2,1,1,73255.37,0,0.3005,0,Medium Risk
Male,Mumbai,30.3,0,68187.08,2,1,1,107563.0,1,0.3201,0,Medium Risk
Male,Chennai,52.8,1,67119.81,1,1,0,107127.95,0,0.692,1,High Risk
Male,Mumbai,38.5,2,25238.8,3,0,1,72457.28,0,0.2583,0,Low Risk
Female,Delhi,28.1,5,38773.53,1,0,0,91711.67,0,0.2086,0,Low Risk
Female,Chennai,54.6,3,49744.17,2,0,0,80573.48,0,0.4664,0,Medium Risk
Male,Mumbai,56.7,4,68570.6,1,1,1,110661.58,1,0.4989,1,Medium Risk
Female,Delhi,35.3,9,32407.02,2,0,1,72217.58,0,0.1075,0,Low Risk
Male,Mumbai,23.8,1,69879.83,2,0,0,85056.71,0,0.3774,0,Medium Risk
Female,Delhi,31.6,8,76789.19,3,1,1,18703.25,0,0.4212,0,Medium Risk
Male,Chennai,42.0,8,71899.37,1,1,1,87026.44,0,0.33,0,Medium Risk
Male,Bangalore,45.6,0,45259.13,1,0,1,79085.48,0,0.3751,0,Medium Risk
Female,Delhi,40.0,4,140064.48,1,1,1,38598.46,0,0.5295,1,Medium Risk
Male,Delhi,20.4,9,49666.14,1,0,1,48674.41,0,0.1203,0,Low Risk
Female,Mumbai,52.9,9,96834.63,1,1,0,85315.01,0,0.4196,0,Medium Risk
Female,Pune,32.3,5,57991.98,2,0,1,92170.84,0,0.2873,0,Low Risk
Male,Mumbai,24.3,2,42256.9,1,0,1,87509.71,0,0.203,0,Low Risk
Female,Mumbai,60.4,10,76283.92,1,1,0,91666.01,0,0.3787,0,Medium Risk
Male,Hyderabad,39.2,6,53082.0,1,1,0,133466.02,0,0.3828,0,Medium Risk
Female,Delhi,61.3,1,72013.92,2,1,0,118565.34,1,0.5575,1,Medium Risk
Male,Mumbai,32.4,2,77350.8,1,0,1,67515.93,0,0.4535,0,Medium Risk
Female,Chennai,35.7,5,75520.55,1,1,1,49401.76,0,0.423,0,Medium Risk
Female,Hyderabad,30.6,7,64929.93,1,1,1,115891.75,0,0.1325,0,Low Risk
Male,Mumbai,65.9,9,67126.17,2,1,1,137517.9,0,0.2768,0,Low Risk
Male,Mumbai,29.9,2,88918.67,1,0,1,54826.63,0,0.3765,0,Medium Risk
Male,Mumbai,46.4,5,69645.33,2,1,1,72155.0,0,0.4622,0,Medium Risk
Female,Delhi,68.1,3,77202.58,2,0,0,32216.8,0,0.5809,1,Medium Risk
Male,Delhi,34.6,6,56370.07,2,1,0,32582.57,0,0.5599,1,Medium Risk
Female,Pune,24.5,0,39827.87,3,1,0,57728.34,1,0.4682,0,Medium Risk
Female,Pune,40.1,5,74657.6,1,0,1,99059.95,0,0.4042,0,Medium Risk
Female,Mumbai,57.4,3,46050.13,1,1,1,112726.47,0,0.4113,0,Medium Risk
Male,Kolkata,43.9,0,78421.19,2,1,1,137011.06,0,0.4112,0,Medium Risk
Female,Delhi,27.9,5,77095.45,2,0,0,138333.69,0,0.312,0,Medium Risk
Female,Delhi,47.9,10,36462.49,1,0,0,66791.23,0,0.233,0,Low Risk
Female,Delhi,61.0,6,89484.21,3,1,1,51199.01,1,0.6083,1,High Risk
Female,Delhi,27.9,7,50119.25,3,1,1,40488.43,0,0.2832,0,Low Risk
Male,Delhi,24.5,0,47631.91,2,0,1,62482.24,0,0.1496,0,Low Risk
Male,Mumbai,39.1,2,53080.94,1,1,1,63705.46,0,0.4458,0,Medium Risk
Male,Delhi,34.2,6,73526.83,1,0,0,46301.24,0,0.6213,1,High Risk
Male,Hyderabad,38.6,1,48806.16,2,1,0,44003.4,0,0.4625,0,Medium Risk
Male,Mumbai,44.4,6,98421.88,2,1,0,92937.94,1,0.6145,1,High Risk
Male,Mumbai,33.2,8,76048.66,1,1,1,132505.86,0,0.3427,0,Medium Risk
Male,Pune,56.3,10,34894.34,1,1,0,91637.19,0,0.3066,0,Medium Risk
Male,Mumbai,25.8,4,77167.38,1,1,1,68407.55,0,0.3816,0,Medium Risk
Female,Mumbai,61.0,6,46365.58,3,1,1,156206.72,0,0.6226,1,High Risk
Female,Pune,40.7,8,65715.43,1,1,0,56052.18,0,0.4804,0,Medium Risk
Female,Delhi,54.0,9,72900.66,1,1,0,63634.09,0,0.3017,0,Medium Risk
Female,Kolkata,40.3,5,73707.01,3,1,0,115812.5,1,0.6696,1,High Risk
Female,Hyderabad,39.8,5,58487.69,2,0,0,110506.01,1,0.2671,0,Low Risk
Male,Mumbai,37.6,7,82585.31,1,1,1,68424.31,0,0.3897,0,Medium Risk
Female,Chennai,20.4,8,54070.62,1,1,1,15000.0,0,0.1504,0,Low Risk
Female,Bangalore,32.5,2,66168.73,1,1,1,127202.3,0,0.423,0,Medium Risk
Female,Delhi,37.6,4,63807.59,2,1,0,118199.42,0,0.5178,1,Medium Risk
Male,Delhi,18.0,2,73314.3,2,1,1,30432.38,0,0.2172,0,Low Risk
Female,Hyderabad,48.0,6,47830.89,4,1,0,137716.11,0,0.337,0,Medium Risk
Male,Mumbai,22.0,9,60164.59,2,0,1,94110.57,0,0.1269,0,Low Risk
Female,Delhi,43.4,7,55890.89,1,1,1,19890.77,0,0.3003,0,Medium Risk
Female,Pune,36.9,6,50165.9,1,1,1,63577.65,0,0.3815,0,Medium Risk
Female,Delhi,41.2,4,51285.08,2,0,0,51666.68,0,0.4594,0,Medium Risk
Female,Delhi,46.1,6,63528.75,2,1,0,68125.79,0,0.5347,1,Medium Risk
Female,Kolkata,55.6,3,82820.05,2,0,1,113979.27,1,0.415,0,Medium Risk
Female,Mumbai,54.3,6,61246.26,2,1,0,81950.57,0,0.5546,1,Medium Risk
Male,Pune,37.4,7,41278.61,3,0,0,41113.32,0,0.4279,0,Medium Risk
Male,Hyderabad,56.1,5,45094.18,1,0,0,46688.13,0,0.2929,0,Low Risk
Male,Hyderabad,54.2,4,61876.28,2,1,0,103720.1,0,0.4663,0,Medium Risk
Female,Bangalore,61.6,9,113048.44,1,0,0,133221.59,0,0.4111,0,Medium Risk
Male,Mumbai,41.6,10,27715.77,1,1,1,135708.14,0,0.2029,0,Low Risk
Male,Chennai,47.2,4,59561.74,1,1,0,121745.14,0,0.6479,1,High Risk
Female,Kolkata,46.2,2,110079.87,2,1,1,106866.83,0,0.3957,0,Medium Risk
Female,Kolkata,48.5,0,38443.58,1,1,1,90691.72,0,0.3507,0,Medium Risk
Female,Delhi,36.6,0,73127.5,1,1,0,15000.0,0,0.4768,0,Medium Risk
Male,Kolkata,42.3,8,77297.23,1,0,1,133330.39,0,0.3004,0,Medium Risk
Female,Pune,18.0,2,70728.58,2,0,1,99194.15,0,0.1848,0,Low Risk
Female,Pune,33.4,4,41497.4,2,1,0,71905.73,1,0.3208,0,Medium Risk
Male,Delhi,46.1,5,88657.14,1,1,1,96977.94,0,0.5486,1,Medium Risk
Female,Bangalore,57.3,5,88995.76,3,0,1,29609.15,1,0.7082,1,High Risk
Female,Mumbai,49.6,0,55371.34,2,1,1,59227.74,1,0.4605,0,Medium Risk
Female,Kolkata,40.1,8,72710.2,2,0,0,85086.34,0,0.4598,0,Medium Risk
Female,Mumbai,57.8,1,69437.6,2,1,1,92748.53,0,0.4848,0,Medium Risk
Male,Hyderabad,34.4,4,61262.51,3,0,1,121733.77,0,0.3889,0,Medium Risk
Male,Delhi,43.8,10,81859.63,1,1,0,26864.98,1,0.4324,0,Medium Risk
Male,Hyderabad,25.4,3,31581.32,2,1,1,51324.86,0,0.118,0,Low Risk
Female,Delhi,54.6,7,18461.21,1,1,1,77552.33,0,0.1903,0,Low Risk
Male,Mumbai,46.5,1,97226.43,2,0,1,80940.62,0,0.4917,1,Medium Risk
Male,Bangalore,28.9,6,15901.91,1,1,1,100658.41,0,0.1108,0,Low Risk
Female,Pune,28.2,2,86574.87,2,1,0,62888.02,0,0.2997,0,Low Risk
Male,Kolkata,42.2,1,15364.01,2,1,0,64830.26,0,0.3195,0,Medium Risk
Female,Bangalore,43.4,6,44819.7,1,0,0,118264.36,0,0.3912,0,Medium Risk
Male,Hyderabad,49.9,5,79749.18,2,0,0,93983.59,0,0.4454,0,Medium Risk
Female,Bangalore,45.7,9,53376.51,2,1,0,104167.67,0,0.3217,0,Medium Risk
Male,Hyderabad,46.8,9,56305.24,1,0,0,98944.66,0,0.3737,0,Medium Risk
Female,Chennai,39.0,10,84407.71,2,1,0,103733.69,0,0.3272,0,Medium Risk
Male,Kolkata,18.0,4,92357.24,1,0,0,66807.74,0,0.352,0,Medium Risk
Male,Delhi,50.8,0,56748.24,1,1,1,48621.3,0,0.4956,1,Medium Risk
Male,Bangalore,43.2,9,60096.07,2,1,1,140323.05,0,0.2567,0,Low Risk
Male,Mumbai,34.1,2,26643.3,2,1,1,75214.92,0,0.1552,0,Low Risk
Male,Mumbai,43.5,7,3224.95,2,1,1,43332.91,0,0.1653,0,Low Risk
Female,Pune,44.7,5,75181.43,2,1,1,79073.59,0,0.4261,0,Medium Risk
Female,Mumbai,39.3,2,62360.64,4,0,0,41194.51,1,0.6941,1,High Risk
Male,Hyderabad,35.1,2,52157.72,1,1,1,176587.03,0,0.237,0,Low Risk
Male,Mumbai,36.4,6,45873.96,2,1,1,69332.34,0,0.2388,0,Low Risk
Male,Delhi,24.4,5,79178.84,2,1,1,61318.64,0,0.2387,0,Low Risk
Female,Delhi,63.5,3,41092.1,2,0,1,120132.42,0,0.3252,0,Medium Risk
Female,Delhi,49.6,9,52941.69,1,1,1,60868.43,0,0.2217,0,Low Risk
Female,Pune,57.7,10,68485.81,2,1,1,69934.48,0,0.3489,0,Medium Risk
Female,Delhi,42.3,7,27957.82,1,1,0,179215.49,0,0.2566,0,Low Risk
Male,Bangalore,38.9,5,102725.9,1,1,1,86398.5,0,0.5,1,Medium Risk
Female,Hyderabad,33.2,10,70610.92,2,1,1,92207.01,0,0.1848,0,Low Risk
Female,Chennai,24.5,8,79329.91,2,1,0,38309.44,0,0.3133,0,Medium Risk
Male,Delhi,31.3,4,70347.46,1,1,1,127220.32,0,0.3473,0,Medium Risk
Male,Mumbai,41.4,6,105186.07,2,1,1,95730.69,1,0.4221,0,Medium Risk
Female,Bangalore,48.7,1,42300.61,1,0,0,81020.3,0,0.4191,0,Medium Risk
Male,Mumbai,35.6,8,48411.55,2,1,0,119113.43,0,0.2874,0,Low Risk
Male,Delhi,35.6,4,44756.73,1,1,1,16273.51,0,0.2368,0,Low Risk
Male,Pune,21.2,4,73237.11,2,1,0,57856.98,0,0.2994,0,Low Risk
Male,Delhi,28.3,10,46884.72,2,1,0,46411.77,0,0.1332,0,Low Risk
Female,Mumbai,41.3,7,100150.54,1,1,0,77245.64,1,0.5908,1,Medium Risk
Female,Hyderabad,37.4,2,42609.86,2,1,1,122499.56,0,0.1918,0,Low Risk
Female,Delhi,58.5,1,64702.96,1,0,0,33609.86,0,0.5659,1,Medium Risk
Male,Delhi,45.2,8,28475.91,3,0,1,15000.0,0,0.3481,0,Medium Risk
Female,Delhi,42.0,5,41681.7,2,1,1,30922.17,0,0.286,0,Low Risk
Male,Delhi,31.2,0,87635.49,1,0,1,39664.29,0,0.3349,0,Medium Risk
Male,Pune,44.6,6,90281.41,2,1,1,94404.78,0,0.4278,0,Medium Risk
Male,Hyderabad,41.2,6,82550.17,1,1,0,90520.17,1,0.5465,1,Medium Risk
Male,Mumbai,61.9,8,98835.68,2,1,1,61550.15,1,0.437,0,Medium Risk
Male,Hyderabad,34.3,3,67610.33,1,1,1,108817.07,1,0.3261,0,Medium Risk
Female,Delhi,29.2,5,44976.09,2,1,0,52244.34,0,0.2074,0,Low Risk
Male,Bangalore,54.7,2,72961.77,2,1,1,143221.99,0,0.4887,0,Medium Risk
Male,Delhi,44.4,6,37398.54,2,0,1,106032.91,0,0.3046,0,Medium Risk
Male,Kolkata,29.9,9,48087.59,1,0,1,103300.97,0,0.1167,0,Low Risk
Female,Chennai,32.7,6,79337.37,2,1,0,81771.25,0,0.5518,1,Medium Risk
Male,Pune,58.8,2,47144.6,2,0,1,31862.21,0,0.3146,0,Medium Risk
Female,Mumbai,18.0,3,69524.84,2,0,1,60680.04,1,0.1922,0,Low Risk
Female,Mumbai,27.1,2,55869.57,1,0,1,129651.09,0,0.2389,0,Low Risk
Male,Chennai,39.4,9,68182.3,1,0,0,43571.41,1,0.3921,0,Medium Risk
Female,Delhi,34.9,4,49695.82,1,1,1,36992.81,0,0.3149,0,Medium Risk
Male,Delhi,33.5,0,64769.74,2,0,1,50269.63,0,0.3631,0,Medium Risk
Female,Mumbai,40.9,1,28090.19,1,1,1,72616.38,0,0.2479,0,Low Risk
Male,Bangalore,23.0,9,101290.54,1,1,1,55418.5,0,0.1976,0,Low Risk
Female,Mumbai,66.8,10,55360.0,1,1,0,15000.0,0,0.3126,0,Medium Risk
Female,Chennai,53.8,5,102902.43,2,1,0,129775.9,0,0.5903,1,Medium Risk
Male,Delhi,47.6,7,66893.83,1,0,0,81956.28,0,0.6419,1,High Risk
Male,Mumbai,61.9,10,0.0,2,0,0,176377.03,0,0.1661,0,Low Risk
Male,Kolkata,39.1,10,78862.44,1,1,0,104542.93,0,0.4104,0,Medium Risk
Female,Kolkata,47.6,0,75545.14,1,1,1,54677.2,0,0.4026,0,Medium Risk
Female,Mumbai,29.9,4,65386.85,2,0,1,115534.67,0,0.2338,0,Low Risk
Female,Delhi,43.3,9,71987.17,2,0,1,91983.1,0,0.1998,0,Low Risk
Male,Bangalore,51.0,6,7965.1,1,1,1,80884.93,0,0.2276,0,Low Risk
Male,Chennai,23.5,1,78216.78,1,1,1,76377.57,0,0.251,0,Low Risk
Male,Chennai,30.8,4,56535.68,2,1,0,104617.47,0,0.4445,0,Medium Risk
Male,Kolkata,52.9,7,108917.09,2,1,1,78178.04,0,0.3749,0,Medium Risk
Female,Delhi,42.7,9,111492.81,1,0,1,38039.87,0,0.2373,0,Low Risk
Female,Bangalore,28.3,0,71559.39,1,1,1,110277.51,1,0.2509,0,Low Risk
Male,Mumbai,26.6,9,53931.54,1,1,1,94167.94,0,0.1697,0,Low Risk
Female,Bangalore,40.7,1,96656.79,1,1,1,70740.91,0,0.4858,0,Medium Risk
Female,Delhi,24.2,10,21328.28,3,0,1,82565.06,0,0.1439,0,Low Risk
Female,Hyderabad,41.9,2,73516.8,2,1,1,72775.71,0,0.3191,0,Medium Risk
Female,Bangalore,30.3,10,53904.1,2,1,1,69357.95,0,0.1375,0,Low Risk
Male,Kolkata,50.7,1,85953.87,2,0,1,90933.48,0,0.4524,0,Medium Risk
Male,Bangalore,44.7,0,87335.6,2,1,1,92570.5,0,0.5,1,Medium Risk
Female,Delhi,28.7,7,68491.38,1,0,0,79356.58,0,0.3479,0,Medium Risk
Male,Bangalore,37.6,4,67964.12,1,1,1,17753.4,0,0.4702,0,Medium Risk
Male,Delhi,31.9,6,73089.15,1,1,0,18388.72,0,0.555,1,Medium Risk
Male,Delhi,30.8,6,67487.84,1,0,0,93100.01,0,0.4944,1,Medium Risk
Male,Mumbai,40.3,7,64602.95,1,1,1,115965.54,0,0.3687,0,Medium Risk
Male,Pune,38.3,1,43232.26,1,0,1,92091.92,0,0.2689,0,Low Risk
Female,Kolkata,26.9,6,69646.96,1,1,0,89043.66,0,0.365,0,Medium Risk
Male,Chennai,69.5,8,60457.63,2,1,0,51905.11,1,0.5755,1,Medium Risk
Female,Hyderabad,58.8,4,70191.3,2,1,0,117576.23,1,0.372,0,Medium Risk
Male,Hyderabad,29.3,6,66833.54,2,1,1,32029.75,0,0.1602,0,Low Risk
Female,Chennai,33.2,9,61461.8,1,1,0,76461.15,0,0.3186,0,Medium Risk
Male,Kolkata,43.3,7,37412.62,1,0,1,37309.08,0,0.2318,0,Low Risk
Male,Bangalore,38.5,8,32487.16,1,1,1,38264.95,0,0.2184,0,Low Risk
Female,Chennai,53.4,6,54207.03,2,1,1,72765.59,0,0.3102,0,Medium Risk
Female,Delhi,30.5,6,6216.94,1,1,1,78955.38,0,0.0937,0,Low Risk
Male,Mumbai,55.8,7,113320.2,1,0,1,94429.65,0,0.4677,0,Medium Risk
Male,Kolkata,63.1,2,42826.32,1,1,0,119637.92,1,0.3579,0,Medium Risk
Male,Chennai,51.6,9,2573.52,1,0,1,81228.4,1,0.1571,0,Low Risk
Male,Delhi,35.7,7,59852.28,2,0,1,15000.0,0,0.2635,0,Low Risk
Male,Bangalore,57.6,10,93081.27,2,1,1,31878.24,0,0.3838,0,Medium Risk
Female,Bangalore,27.5,8,1967.88,1,1,0,48083.23,1,0.1208,0,Low Risk
Male,Chennai,39.0,10,39654.69,1,1,1,55738.06,0,0.2423,0,Low Risk
Male,Kolkata,18.0,2,98231.96,1,0,1,60532.35,0,0.2816,0,Low Risk
Female,Delhi,26.7,8,84383.81,2,1,1,82762.36,0,0.1623,0,Low Risk
Male,Delhi,36.8,7,26119.09,2,1,0,102238.29,0,0.2092,0,Low Risk
Male,Mumbai,29.2,7,77688.06,2,1,0,128504.75,0,0.3516,0,Medium Risk
Female,Delhi,43.2,3,87013.25,3,1,0,85056.71,0,0.6786,1,High Risk
Female,Chennai,28.8,1,44898.18,1,1,0,64457.93,0,0.201,0,Low Risk
Male,Kolkata,34.7,2,37586.97,1,0,1,119393.55,0,0.1473,0,Low Risk
Male,Pune,38.4,5,90541.18,1,1,0,100340.7,0,0.5296,1,Medium Risk
Male,Kolkata,34.6,6,41907.44,2,1,0,63505.58,0,0.3186,0,Medium Risk
Female,Delhi,61.4,3,87653.34,1,0,1,79378.63,0,0.5303,1,Medium Risk
Male,Mumbai,53.8,6,85499.83,2,0,1,77001.18,0,0.4493,0,Medium Risk
Female,Kolkata,40.7,8,3640.21,1,1,0,57423.01,0,0.2372,0,Low Risk
Male,Bangalore,42.0,1,51182.35,1,0,1,65702.28,0,0.4302,0,Medium Risk
Female,Mumbai,36.6,7,76397.97,2,1,1,72415.54,0,0.3504,0,Medium Risk
Male,Bangalore,29.1,8,46158.09,2,1,1,60341.86,0,0.1606,0,Low Risk
Female,Chennai,44.0,3,53875.58,2,1,1,15000.0,0,0.3047,0,Medium Risk
Male,Mumbai,48.1,7,57654.51,1,0,0,143104.27,0,0.5898,1,Medium Risk
Male,Chennai,45.0,10,98058.8,1,1,0,111454.72,0,0.4387,0,Medium Risk
Male,Hyderabad,30.6,7,93606.76,1,0,0,15000.0,1,0.3432,0,Medium Risk
Female,Delhi,33.7,1,0.0,2,1,1,111895.89,0,0.1307,0,Low Risk
Male,Delhi,54.1,9,67967.64,1,1,0,82940.3,0,0.4044,0,Medium Risk
Male,Chennai,41.1,2,68195.66,1,0,1,106947.44,0,0.3528,0,Medium Risk
Female,Kolkata,18.0,5,81501.8,1,1,0,88200.1,0,0.3031,0,Medium Risk
Male,Mumbai,55.3,0,56902.67,1,1,1,109523.85,0,0.4768,0,Medium Risk
Female,Delhi,39.0,8,76303.32,4,1,1,169809.26,1,0.4155,0,Medium Risk
Male,Delhi,41.5,0,85117.74,1,1,1,87061.55,0,0.5189,1,Medium Risk
Male,Mumbai,40.6,5,60467.15,1,0,1,125562.14,1,0.4382,0,Medium Risk
Male,Chennai,32.7,1,40565.04,2,1,1,60201.62,0,0.1742,0,Low Risk
Male,Pune,40.9,10,66699.97,2,0,0,137380.16,0,0.3409,0,Medium Risk
Female,Delhi,37.2,5,79160.15,1,0,1,60422.29,0,0.4791,0,Medium Risk
Male,Chennai,47.7,2,100109.79,2,0,1,70526.87,0,0.3808,0,Medium Risk
Male,Pune,37.8,6,68307.24,1,1,0,106269.28,0,0.5344,1,Medium Risk
Male,Delhi,37.1,10,33579.21,2,1,1,81889.79,0,0.1459,0,Low Risk
Female,Delhi,47.2,7,63004.69,1,1,0,117633.44,0,0.5122,1,Medium Risk
Female,Mumbai,39.7,10,86697.79,2,0,1,58674.46,0,0.2939,0,Low Risk
Male,Delhi,18.0,9,86423.38,1,1,1,118600.94,0,0.1299,0,Low Risk
Female,Bangalore,60.3,6,84191.98,1,1,1,94660.21,0,0.4652,0,Medium Risk
Female,Delhi,42.0,7,35615.31,1,0,0,107720.91,0,0.305,0,Medium Risk
Male,Delhi,28.3,2,72232.42,2,1,0,78721.09,0,0.4337,0,Medium Risk
Male,Bangalore,46.5,6,90271.31,2,0,1,82171.42,0,0.4698,0,Medium Risk
Female,Mumbai,28.7,2,7495.5,1,1,0,17963.23,0,0.1287,0,Low Risk
Male,Mumbai,28.2,9,97122.58,2,1,0,93782.44,0,0.2635,0,Low Risk
Male,Delhi,24.1,7,64511.47,2,1,1,85189.05,0,0.1846,0,Low Risk
Female,Mumbai,31.2,0,76856.25,1,1,1,15000.0,1,0.3493,0,Medium Risk
Male,Pune,50.4,3,26281.67,1,1,1,46269.17,0,0.2278,0,Low Risk
Female,Pune,18.0,4,20429.3,1,0,1,43261.43,0,0.0936,0,Low Risk
Female,Kolkata,32.2,1,75940.64,1,0,1,94113.34,0,0.3821,0,Medium Risk
Female,Delhi,35.9,9,6210.95,1,1,1,98707.3,0,0.0969,0,Low Risk
Male,Mumbai,52.7,2,30192.57,3,0,1,21591.9,0,0.4731,0,Medium Risk
Female,Hyderabad,49.9,5,82007.74,2,1,0,47166.71,0,0.426,0,Medium Risk
Female,Chennai,43.4,3,106581.49,2,1,0,69332.35,0,0.5758,1,Medium Risk
Male,Hyderabad,36.8,8,66443.92,2,1,1,112554.88,0,0.3289,0,Medium Risk
Female,Mumbai,34.0,3,27355.29,1,0,1,45361.61,0,0.2236,0,Low Risk
Female,Mumbai,46.2,10,35271.07,1,1,1,15000.0,0,0.2561,0,Low Risk
Male,Delhi,67.4,9,51596.99,1,1,0,59917.37,0,0.3604,0,Medium Risk
Male,Hyderabad,55.2,6,68884.66,1,1,1,114827.55,0,0.3428,0,Medium Risk
Male,Hyderabad,37.1,0,64897.7,1,1,0,97037.27,0,0.5765,1,Medium Risk
Male,Pune,22.5,7,34341.5,2,1,0,52377.87,1,0.1551,0,Low Risk
Male,Bangalore,21.9,0,28325.23,3,1,1,154700.64,0,0.2034,0,Low Risk
Female,Bangalore,56.1,6,75560.24,2,0,1,76901.13,0,0.4268,0,Medium Risk
Female,Hyderabad,46.6,3,62107.88,2,1,1,88771.3,0,0.2673,0,Low Risk
Male,Hyderabad,25.5,10,58925.61,2,1,1,65671.86,0,0.1385,0,Low Risk
Male,Chennai,33.6,5,95350.76,1,0,1,101617.75,0,0.3887,0,Medium Risk
Female,Chennai,45.6,5,74126.57,1,1,1,39684.67,0,0.4313,0,Medium Risk
Male,Delhi,51.6,5,66751.33,2,1,1,131532.99,0,0.5011,1,Medium Risk
Female,Chennai,36.7,4,72187.95,2,1,1,60929.28,0,0.3624,0,Medium Risk
Male,Delhi,38.1,7,68160.05,2,0,1,102228.37,0,0.3762,0,Medium Risk
Male,Mumbai,36.3,3,106385.32,2,1,0,83353.08,0,0.6165,1,High Risk
Female,Mumbai,38.2,8,50477.02,1,0,0,191013.8,0,0.3913,0,Medium Risk
Female,Delhi,37.3,10,102129.37,2,1,1,156893.57,0,0.2153,0,Low Risk
Female,Bangalore,18.0,8,60074.01,2,1,0,76630.15,0,0.2569,0,Low Risk
Male,Pune,32.1,8,11535.07,1,0,1,41829.94,0,0.1199,0,Low Risk
Female,Hyderabad,39.0,7,60694.42,2,1,0,72767.8,0,0.3219,0,Medium Risk
Male,Delhi,57.8,2,68471.79,1,1,1,96341.25,0,0.5278,1,Medium Risk
Male,Delhi,47.2,4,73445.91,1,1,0,43528.16,0,0.6714,1,High Risk
Male,Bangalore,30.5,6,73471.36,1,1,1,108907.56,0,0.324,0,Medium Risk
Male,Mumbai,25.4,9,64002.08,1,0,1,34229.52,0,0.1769,0,Low Risk
Male,Delhi,42.0,8,79036.62,2,1,0,18302.5,0,0.608,1,High Risk
Female,Hyderabad,32.8,4,60913.78,2,1,1,60464.13,0,0.2368,0,Low Risk
Male,Delhi,41.6,1,29175.48,1,1,1,69349.91,0,0.2198,0,Low Risk
Male,Delhi,40.6,2,82733.69,2,1,1,91767.11,0,0.5131,1,Medium Risk
Male,Delhi,40.6,6,99487.43,2,0,0,98761.97,0,0.6213,1,High Risk
Female,Mumbai,44.0,10,86411.71,1,1,1,50665.08,0,0.2876,0,Low Risk
Female,Hyderabad,21.2,2,90064.02,2,0,1,37154.02,0,0.1399,0,Low Risk
Male,Mumbai,38.6,4,75190.2,2,1,1,113590.61,0,0.4379,0,Medium Risk
Male,Mumbai,43.8,5,35381.81,1,1,1,103443.82,0,0.2598,0,Low Risk
Female,Delhi,51.3,8,73722.54,2,1,1,41266.02,0,0.3622,0,Medium Risk
Female,Bangalore,33.0,3,85973.98,2,1,1,29531.15,0,0.4206,0,Medium Risk
Male,Bangalore,22.9,10,37339.09,1,1,0,84844.62,0,0.1549,0,Low Risk
Male,Delhi,28.4,10,21696.91,2,1,0,104187.6,0,0.0993,0,Low Risk
Female,Delhi,57.2,5,71680.16,1,1,0,26936.27,0,0.5655,1,Medium Risk
Female,Chennai,32.6,4,36212.59,2,1,1,74653.93,0,0.1995,0,Low Risk
Male,Mumbai,50.3,0,52018.87,2,1,0,81520.95,0,0.5409,1,Medium Risk
Female,Kolkata,33.1,2,71553.92,1,0,1,143854.06,0,0.3835,0,Medium Risk
Male,Delhi,49.6,1,113620.89,1,0,1,93583.73,0,0.5515,1,Medium Risk
Male,Bangalore,34.7,7,90551.27,4,0,1,53815.69,0,0.4531,0,Medium Risk
Female,Bangalore,55.8,8,56020.5,1,0,1,115261.17,0,0.3578,0,Medium Risk
Female,Delhi,33.4,6,90147.96,3,1,0,68825.04,1,0.6278,1,High Risk
Female,Delhi,40.2,3,56911.74,2,0,0,15000.0,0,0.4494,0,Medium Risk
Female,Mumbai,62.2,8,64326.17,1,1,1,73239.66,0,0.4151,0,Medium Risk
Female,Mumbai,40.3,9,77368.99,2,1,0,27159.73,1,0.3351,0,Medium Risk
Male,Mumbai,40.7,8,39596.71,2,1,0,46768.55,0,0.2231,0,Low Risk
Female,Chennai,43.5,7,92031.91,1,1,1,40377.39,0,0.3349,0,Medium Risk
Male,Mumbai,35.2,4,73437.1,1,0,1,147751.53,0,0.4381,0,Medium Risk
Male,Mumbai,44.2,2,43418.0,1,1,1,52735.54,0,0.3343,0,Medium Risk
Female,Chennai,32.4,6,50743.6,1,1,0,107141.82,0,0.4788,0,Medium Risk
Female,Bangalore,46.3,8,104689.04,2,1,1,130708.14,0,0.4024,0,Medium Risk
Female,Mumbai,25.0,2,38366.19,1,1,0,52849.17,0,0.1808,0,Low Risk
Female,Delhi,48.1,1,99996.93,1,1,1,132901.86,0,0.5119,1,Medium Risk
Female,Delhi,40.1,7,39419.46,3,1,0,82732.41,0,0.2981,0,Low Risk
Male,Chennai,34.8,2,53812.9,2,0,1,103606.71,0,0.2608,0,Low Risk
Male,Chennai,27.0,1,90955.8,1,1,1,140298.98,0,0.2675,0,Low Risk
Female,Delhi,39.0,3,71802.4,1,1,0,66930.01,0,0.5378,1,Medium Risk
Male,Chennai,45.6,4,76265.29,1,1,0,115165.62,0,0.6879,1,High Risk
Male,Mumbai,56.2,1,71930.05,1,0,1,85056.71,0,0.5074,1,Medium Risk
Female,Hyderabad,41.3,7,94545.25,1,1,0,79793.25,0,0.3969,0,Medium Risk
Female,Hyderabad,64.6,5,55788.57,1,1,1,110941.17,0,0.3026,0,Medium Risk
Female,Hyderabad,31.1,6,39934.99,2,1,0,100778.96,0,0.1446,0,Low Risk
Male,Mumbai,48.6,1,50361.07,1,0,1,125819.01,0,0.4415,0,Medium Risk
Female,Chennai,40.1,7,44679.28,1,0,1,85056.71,0,0.2433,0,Low Risk
Female,Hyderabad,47.5,3,74414.76,1,1,0,34706.75,0,0.4419,0,Medium Risk
Male,Pune,42.9,2,59976.52,2,1,0,62736.54,0,0.4751,0,Medium Risk
Female,Bangalore,26.4,7,103874.56,2,1,1,47525.24,0,0.204,0,Low Risk
Female,Hyderabad,37.0,5,47462.05,1,0,1,63964.74,0,0.197,0,Low Risk
Male,Pune,36.7,7,34426.05,2,0,1,45006.82,0,0.1628,0,Low Risk
Male,Kolkata,36.8,5,58062.14,1,1,1,130498.34,0,0.3356,0,Medium Risk
Female,Bangalore,50.7,3,36649.82,1,1,1,92522.89,0,0.3675,0,Medium Risk
Male,Delhi,65.5,1,23558.37,1,1,1,111387.51,0,0.2348,0,Low Risk
Female,Hyderabad,27.2,6,92215.61,2,0,1,79549.25,0,0.1533,0,Low Risk
Male,Hyderabad,64.5,2,72409.31,2,1,1,152475.57,0,0.3738,0,Medium Risk
Female,Delhi,45.5,9,68728.18,2,1,0,93386.43,0,0.3027,0,Medium Risk
Female,Delhi,47.8,10,64766.26,2,0,1,91976.79,0,0.2082,0,Low Risk
Male,Chennai,27.2,4,38319.69,3,0,1,68933.79,0,0.1881,0,Low Risk
Male,Delhi,48.8,3,88068.41,1,1,0,38304.2,1,0.6747,1,High Risk
Female,Hyderabad,38.6,2,64284.89,2,1,1,107327.35,0,0.2722,0,Low Risk
Female,Delhi,39.7,4,29494.52,1,1,0,85920.98,0,0.2582,0,Low Risk
Female,Hyderabad,50.9,4,44965.46,2,1,1,101677.51,0,0.2548,0,Low Risk
Female,Bangalore,28.3,0,107723.2,1,1,1,103212.86,0,0.2708,0,Low Risk
Male,Hyderabad,52.6,8,71873.02,2,1,1,103682.86,0,0.4057,0,Medium Risk
Female,Mumbai,56.0,4,60168.23,2,1,0,29473.06,0,0.5339,1,Medium Risk
Male,Chennai,40.5,3,56114.21,1,1,1,72508.97,0,0.3218,0,Medium Risk
Female,Chennai,47.8,0,61847.53,1,1,1,78480.19,0,0.4017,0,Medium Risk
Female,Kolkata,71.6,0,67813.47,2,1,0,112219.35,0,0.5953,1,Medium Risk
Male,Delhi,56.9,4,69010.32,2,1,0,49876.76,0,0.665,1,High Risk
Male,Hyderabad,58.5,7,94950.49,1,1,1,104729.74,0,0.405,0,Medium Risk
Female,Pune,54.6,4,53410.46,2,1,1,139774.03,0,0.4055,0,Medium Risk
Female,Hyderabad,64.1,0,93240.07,1,0,0,109251.86,0,0.4862,0,Medium Risk
Male,Delhi,47.4,7,103487.8,1,1,0,54518.16,0,0.6521,1,High Risk
Female,Pune,21.2,2,59324.59,1,1,0,56240.47,1,0.2722,0,Low Risk
Male,Delhi,29.2,2,60503.63,2,1,0,133841.21,0,0.3829,0,Medium Risk
Male,Mumbai,18.0,10,97310.26,1,1,0,142456.31,0,0.1978,0,Low Risk
Male,Kolkata,38.2,3,63922.21,1,1,1,30717.4,0,0.365,0,Medium Risk
Male,Delhi,18.0,3,60462.58,2,1,0,74976.82,0,0.2794,0,Low Risk
Male,Pune,22.9,6,68526.02,1,1,0,15306.61,0,0.3497,0,Medium Risk
Female,Bangalore,52.0,5,81543.15,1,1,0,50575.1,0,0.6371,1,High Risk
Female,Mumbai,28.9,5,80174.73,2,1,0,72774.98,0,0.3243,0,Medium Risk
Female,Mumbai,59.6,5,25808.01,1,1,1,63349.17,0,0.2765,0,Low Risk
Female,Delhi,42.1,7,82048.47,1,1,1,37021.69,0,0.352,0,Medium Risk
Female,Mumbai,34.2,1,100196.92,3,0,1,99301.26,1,0.5586,1,Medium Risk
Female,Bangalore,50.6,10,40839.25,2,1,1,44517.07,0,0.2712,0,Low Risk
Male,Pune,39.2,1,60568.83,1,1,1,108346.67,0,0.3649,0,Medium Risk
Female,Pune,29.7,2,0.0,2,1,0,144745.59,0,0.139,0,Low Risk
Male,Delhi,44.3,9,45910.57,3,1,1,70171.56,0,0.3146,0,Medium Risk
Female,Mumbai,38.4,0,55347.66,1,1,0,15000.0,0,0.4513,0,Medium Risk
Male,Delhi,40.1,6,31065.88,2,1,1,71417.59,0,0.1934,0,Low Risk
Male,Kolkata,42.0,6,64019.44,1,1,0,129856.65,0,0.5736,1,Medium Risk
Male,Kolkata,41.1,10,41882.55,1,1,0,30633.92,0,0.2876,0,Low Risk
Female,Mumbai,33.1,7,69735.12,2,1,1,107821.98,0,0.3232,0,Medium Risk
Male,Delhi,31.1,9,76510.71,1,1,0,152541.63,0,0.2462,0,Low Risk
Male,Kolkata,39.2,7,56890.14,1,0,0,70808.04,0,0.5442,1,Medium Risk
Female,Pune,37.0,8,115390.04,1,1,1,127727.51,0,0.4201,0,Medium Risk
Female,Delhi,54.0,0,33091.61,2,1,1,57952.56,0,0.2861,0,Low Risk
Male,Hyderabad,48.3,9,40090.44,3,0,1,99988.23,0,0.3871,0,Medium Risk
Male,Pune,44.7,3,70001.69,1,1,1,108326.78,0,0.4647,0,Medium Risk
Male,Delhi,36.3,2,74336.36,2,1,0,73930.13,0,0.6466,1,High Risk
Female,Delhi,85.0,3,59462.16,1,1,1,85880.92,0,0.4636,0,Medium Risk
Male,Delhi,57.1,2,68789.67,4,1,1,96340.86,0,0.6166,1,High Risk
Female,Bangalore,44.0,3,74981.7,2,1,0,131668.39,1,0.5841,1,Medium Risk
Female,Chennai,34.6,3,130915.13,2,1,1,91636.66,1,0.3738,0,Medium Risk
Male,Hyderabad,54.2,1,64162.74,2,1,1,97429.57,0,0.3155,0,Medium Risk
Male,Chennai,35.5,6,87741.19,1,0,0,86933.09,0,0.6619,1,High Risk
Female,Chennai,38.3,10,79829.6,2,1,1,99613.55,0,0.2266,0,Low Risk
Male,Hyderabad,29.8,8,107190.69,1,0,1,53254.45,0,0.2115,0,Low Risk
Male,Hyderabad,18.0,6,75148.09,1,0,0,70203.14,0,0.2564,0,Low Risk
Female,Chennai,37.9,3,61781.62,1,0,0,24894.54,1,0.5505,1,Medium Risk
Female,Mumbai,58.2,2,79758.88,2,1,0,129440.44,0,0.5858,1,Medium Risk
Male,Delhi,18.0,6,95659.52,1,0,0,115350.95,0,0.3,0,Low Risk
Male,Delhi,43.9,10,50011.79,3,0,0,53541.39,0,0.5339,1,Medium Risk
Male,Chennai,39.9,3,60065.35,1,1,0,55495.44,1,0.6202,1,High Risk
Female,Pune,60.1,8,81329.74,1,1,1,80473.55,0,0.4567,0,Medium Risk
Female,Bangalore,42.2,0,94890.89,1,1,1,149605.91,0,0.4713,0,Medium Risk
Female,Delhi,41.1,9,56150.04,1,1,0,95298.01,0,0.2638,0,Low Risk
Male,Kolkata,50.8,9,73070.73,2,1,0,164139.15,0,0.3768,0,Medium Risk
Male,Mumbai,64.1,7,38166.13,2,1,0,124074.61,0,0.2421,0,Low Risk
Female,Pune,45.5,10,90559.41,1,1,1,62622.71,0,0.3284,0,Medium Risk
Male,Bangalore,33.9,2,114435.08,1,0,1,95586.64,1,0.473,0,Medium Risk
Female,Mumbai,41.3,0,66078.04,2,0,0,94965.61,1,0.5378,1,Medium Risk
Female,Hyderabad,58.6,7,62861.78,2,1,0,56128.67,0,0.3823,0,Medium Risk
Female,Delhi,52.3,9,17406.97,1,1,1,71769.06,0,0.126,0,Low Risk
Male,Kolkata,23.1,5,90847.11,2,0,0,87154.23,0,0.475,0,Medium Risk
Female,Bangalore,26.3,9,50863.73,1,1,1,80362.44,0,0.1238,0,Low Risk
Female,Mumbai,44.5,0,60986.22,2,1,1,110531.84,0,0.4212,0,Medium Risk
Female,Delhi,40.2,5,74827.86,2,1,1,46457.05,0,0.4961,1,Medium Risk
Male,Chennai,46.3,3,72142.26,1,1,1,110759.58,0,0.3955,0,Medium Risk
Male,Pune,52.3,3,38753.62,2,1,1,21196.06,0,0.2618,0,Low Risk
Female,Kolkata,46.5,0,102221.79,1,0,0,61216.29,0,0.5928,1,Medium Risk
Female,Delhi,18.0,6,73391.38,1,1,0,97918.54,0,0.238,0,Low Risk
Male,Hyderabad,35.1,4,59309.48,2,1,1,123556.69,0,0.2442,0,Low Risk
Female,Pune,56.0,7,48238.83,1,1,0,15000.0,0,0.4309,0,Medium Risk
Female,Chennai,53.4,7,64951.2,1,1,1,102247.9,0,0.3398,0,Medium Risk
Female,Mumbai,51.6,5,87256.06,2,0,1,152496.15,0,0.4756,0,Medium Risk
Female,Pune,25.1,0,67675.74,1,1,0,96890.95,0,0.3488,0,Medium Risk
Female,Hyderabad,46.0,4,68508.86,2,1,0,177308.45,0,0.3204,0,Medium Risk
Female,Chennai,25.2,6,113562.76,2,1,0,89930.91,1,0.3114,0,Medium Risk
Female,Pune,43.6,7,78060.83,4,1,1,150171.87,0,0.4619,0,Medium Risk
Male,Mumbai,39.9,4,37768.84,2,1,1,36565.34,0,0.1952,0,Low Risk
Male,Chennai,59.2,2,77400.02,3,1,0,61846.46,1,0.7938,1,High Risk
Female,Delhi,34.3,5,68208.93,1,1,0,133150.31,0,0.5077,1,Medium Risk
Female,Chennai,54.2,1,61855.48,2,1,0,115458.63,0,0.5556,1,Medium Risk
Male,Delhi,40.1,5,34699.58,1,0,0,91548.51,0,0.2994,0,Low Risk
Male,Kolkata,40.5,3,34840.12,2,1,0,99995.68,1,0.2864,0,Low Risk
Male,Delhi,71.8,3,69196.37,1,1,0,70568.32,1,0.6831,1,High Risk
Male,Kolkata,49.4,7,44427.94,1,1,0,75294.17,0,0.3956,0,Medium Risk
Male,Mumbai,38.1,0,75195.04,1,1,0,165275.19,0,0.6439,1,High Risk
Male,Mumbai,50.9,5,75486.4,2,0,1,151817.24,0,0.451,0,Medium Risk
Female,Mumbai,26.4,10,46380.17,1,1,0,96600.94,0,0.129,0,Low Risk
Female,Delhi,18.0,0,82095.14,1,0,0,65680.66,0,0.2633,0,Low Risk
Male,Pune,45.6,5,68279.68,2,1,1,147382.19,0,0.4291,0,Medium Risk
Male,Delhi,61.9,10,78102.81,2,1,0,62911.25,0,0.4097,0,Medium Risk
Male,Bangalore,49.4,8,60385.95,1,1,0,88584.08,0,0.6226,1,High Risk
Male,Delhi,47.6,6,37109.9,2,1,1,131111.04,0,0.267,0,Low Risk
Female,Pune,54.0,8,19574.78,1,0,0,85056.71,0,0.2641,0,Low Risk
Female,Mumbai,22.5,1,78047.88,2,1,1,95249.13,0,0.2465,0,Low Risk
Female,Pune,24.5,8,88516.2,2,1,0,137181.91,0,0.3098,0,Medium Risk
Female,Hyderabad,31.4,4,38341.42,1,1,0,64203.25,0,0.2087,0,Low Risk
Female,Chennai,60.4,4,53307.99,1,0,0,85744.27,0,0.5327,1,Medium Risk
Male,Mumbai,22.8,3,79231.27,4,1,1,60229.97,0,0.3641,0,Medium Risk
Male,Pune,42.2,5,71677.43,1,0,0,109079.07,1,0.4934,1,Medium Risk
Male,Pune,42.9,1,88819.44,2,0,1,75451.05,0,0.4489,0,Medium Risk
Female,Hyderabad,33.5,7,65632.49,1,1,0,162169.08,0,0.3103,0,Medium Risk
Male,Chennai,32.7,10,41669.93,2,1,0,118183.3,0,0.1791,0,Low Risk
Female,Delhi,49.4,6,62660.88,1,1,0,181572.01,0,0.5095,1,Medium Risk
Male,Hyderabad,33.7,4,81790.08,2,1,1,85056.71,0,0.3384,0,Medium Risk
Female,Delhi,65.2,9,102781.9,1,1,0,89053.73,0,0.3558,0,Medium Risk
Male,Mumbai,39.7,6,58304.18,2,1,1,63732.17,0,0.364,0,Medium Risk
Male,Pune,27.9,7,70121.68,1,0,0,121229.23,0,0.3547,0,Medium Risk
Female,Mumbai,39.6,4,60364.11,1,1,1,24458.21,0,0.4394,0,Medium Risk
Female,Mumbai,38.2,1,100944.19,1,1,1,69606.7,0,0.4941,1,Medium Risk
Male,Chennai,38.7,6,79730.01,1,1,0,130653.05,0,0.6577,1,High Risk
Female,Chennai,48.1,3,55538.54,2,1,0,99662.18,0,0.5036,1,Medium Risk
Female,Pune,28.8,6,36956.56,2,0,0,116559.07,0,0.1918,0,Low Risk
Male,Delhi,54.6,10,74398.95,1,1,0,67198.54,0,0.4108,0,Medium Risk
Female,Chennai,37.2,0,27983.42,2,1,1,99302.01,0,0.1964,0,Low Risk
Male,Chennai,42.9,7,63693.21,2,1,0,143425.85,0,0.5985,1,Medium Risk
Male,Hyderabad,46.8,10,79813.1,1,0,1,93175.61,0,0.354,0,Medium Risk
Male,Bangalore,24.8,4,48938.42,2,1,1,26557.43,0,0.2197,0,Low Risk
Female,Delhi,51.1,7,97995.02,2,0,0,112611.73,0,0.5422,1,Medium Risk
Female,Hyderabad,46.1,10,92333.41,1,0,1,66896.64,0,0.2646,0,Low Risk
Male,Delhi,27.3,7,54038.69,2,1,1,89322.16,0,0.16,0,Low Risk
Female,Bangalore,38.2,9,49281.24,2,0,1,29315.36,0,0.2078,0,Low Risk
Male,Mumbai,37.5,1,76038.61,1,1,0,82051.7,0,0.6426,1,High Risk
Male,Delhi,71.9,9,52365.42,1,0,0,99095.8,0,0.3822,0,Medium Risk
Male,Chennai,23.3,6,69502.72,2,0,1,93076.83,0,0.1882,0,Low Risk
Male,Kolkata,50.6,4,101169.0,2,1,0,93132.12,1,0.6333,1,High Risk
Male,Bangalore,53.2,9,56448.69,2,1,0,118582.29,0,0.4037,0,Medium Risk
Male,Delhi,26.3,0,71165.98,2,1,1,84665.01,0,0.2359,0,Low Risk
Male,Hyderabad,54.9,4,102671.41,2,0,1,61375.62,1,0.3908,0,Medium Risk
Male,Delhi,33.5,4,122018.29,2,0,0,78018.01,0,0.6225,1,High Risk
Male,Hyderabad,32.3,10,63979.4,1,1,0,64531.27,0,0.3543,0,Medium Risk
Male,Hyderabad,34.1,2,75301.25,1,1,1,184901.62,0,0.3425,0,Medium Risk
Male,Delhi,37.0,10,96859.65,2,1,1,87608.43,0,0.2541,0,Low Risk
Male,Mumbai,42.4,7,34557.83,1,1,0,70831.97,0,0.2664,0,Low Risk
Female,Delhi,40.5,1,100811.99,3,1,0,80943.1,1,0.6735,1,High Risk
Female,Chennai,31.3,10,75756.44,1,1,1,102107.36,0,0.1718,0,Low Risk
Male,Mumbai,27.9,8,70740.22,1,1,0,27449.48,0,0.3399,0,Medium Risk
Female,Kolkata,52.4,7,57112.2,1,1,1,117014.04,1,0.2736,0,Low Risk
Male,Bangalore,43.5,6,46804.48,2,0,0,112208.81,0,0.3459,0,Medium Risk
Female,Pune,18.0,2,12319.61,1,0,1,102418.75,0,0.0894,0,Low Risk
Male,Mumbai,41.2,6,54145.07,2,1,1,74430.77,0,0.3544,0,Medium Risk
Female,Kolkata,63.2,4,82254.93,2,0,1,105271.59,0,0.424,0,Medium Risk
Male,Chennai,39.9,5,108198.58,1,1,1,77177.0,0,0.4051,0,Medium Risk
Male,Delhi,46.5,9,78648.04,1,1,1,91471.52,0,0.2648,0,Low Risk
Female,Mumbai,33.6,9,78208.37,2,1,0,69775.65,0,0.3161,0,Medium Risk
Male,Chennai,57.2,1,68088.54,2,0,1,69172.79,1,0.3584,0,Medium Risk
Male,Kolkata,22.4,10,52282.79,2,1,0,69971.3,0,0.2136,0,Low Risk
Female,Mumbai,35.8,4,89555.07,2,1,0,48381.23,1,0.5251,1,Medium Risk
Female,Delhi,30.3,0,48590.5,1,0,1,98975.09,0,0.1889,0,Low Risk
Female,Delhi,35.1,3,24922.2,2,1,1,127255.41,0,0.1268,0,Low Risk
Male,Mumbai,25.4,2,22623.21,2,1,1,52408.36,0,0.1482,0,Low Risk
Male,Bangalore,35.9,6,63156.32,2,1,0,86815.42,0,0.617,1,High Risk
Male,Pune,53.0,6,58114.8,2,1,0,74277.53,0,0.4869,0,Medium Risk
Female,Kolkata,27.3,10,45595.86,1,1,0,53661.08,0,0.1591,0,Low Risk
Male,Bangalore,46.7,2,72888.04,1,1,0,85056.71,1,0.6863,1,High Risk
Female,Kolkata,49.5,9,136465.86,1,0,0,103487.2,0,0.3949,0,Medium Risk
Male,Mumbai,38.1,3,51852.02,1,1,0,55350.71,0,0.5614,1,Medium Risk
Male,Delhi,44.1,1,118968.72,2,1,0,103840.72,0,0.6527,1,High Risk
Female,Bangalore,40.6,5,92615.67,1,1,0,85056.71,0,0.6068,1,High Risk
Female,Chennai,49.7,9,90861.53,1,1,0,52035.24,0,0.3651,0,Medium Risk
Female,Mumbai,35.5,4,62969.83,2,1,1,90494.86,0,0.403,0,Medium Risk
Male,Hyderabad,18.0,5,21933.54,1,1,1,62054.92,0,0.0798,0,Low Risk
Male,Mumbai,50.0,8,51777.33,2,0,1,89534.31,0,0.3418,0,Medium Risk
Male,Chennai,63.6,6,95542.64,3,1,1,129163.83,0,0.4617,0,Medium Risk
Male,Chennai,31.0,10,93249.9,1,1,1,116369.52,0,0.1888,0,Low Risk
Female,Pune,22.6,6,72507.07,1,1,0,83734.28,0,0.3046,0,Medium Risk
Male,Delhi,28.4,9,49478.8,2,1,1,79372.6,0,0.1009,0,Low Risk
Female,Mumbai,46.9,7,38651.78,1,1,1,61083.6,0,0.3132,0,Medium Risk
Male,Mumbai,61.0,3,65037.79,2,1,0,85056.71,0,0.6194,1,High Risk
Male,Delhi,37.2,7,95309.7,1,0,0,118567.06,0,0.6186,1,High Risk
Male,Delhi,31.6,4,48182.02,1,1,0,105967.59,0,0.3447,0,Medium Risk
Female,Kolkata,43.7,2,20791.93,2,0,0,81521.81,0,0.2374,0,Low Risk
Male,Mumbai,46.4,3,85620.55,2,0,0,89867.22,0,0.6209,1,High Risk
Female,Chennai,40.1,5,77191.47,1,0,1,116380.12,1,0.4151,0,Medium Risk
Male,Kolkata,50.8,6,60352.87,2,0,1,54274.57,0,0.3719,0,Medium Risk
Female,Pune,32.8,10,46059.67,2,1,0,63254.71,0,0.2298,0,Low Risk
Female,Delhi,42.8,4,131734.22,1,1,1,45156.92,0,0.5396,1,Medium Risk
Female,Mumbai,50.2,0,91011.89,1,1,0,90910.78,0,0.6167,1,High Risk
Male,Chennai,31.0,4,85088.56,1,1,0,144838.06,0,0.5173,1,Medium Risk
Male,Mumbai,54.5,7,105660.42,2,1,0,15000.0,0,0.5461,1,Medium Risk
Female,Bangalore,46.0,6,106593.23,1,0,0,118720.95,0,0.6107,1,High Risk
Male,Hyderabad,46.5,7,17834.07,2,0,0,85079.11,0,0.1671,0,Low Risk
Female,Chennai,25.0,0,29153.41,3,1,0,106144.1,0,0.3857,0,Medium Risk
Female,Pune,48.0,10,44139.68,1,1,0,83241.92,0,0.3681,0,Medium Risk
Male,Hyderabad,47.0,2,87143.42,1,0,1,127200.84,1,0.3418,0,Medium Risk
Male,Kolkata,38.2,6,43837.72,4,0,1,57403.05,0,0.2878,0,Low Risk
Male,Hyderabad,35.1,1,56438.97,1,1,1,15000.0,0,0.2488,0,Low Risk
Female,Delhi,40.1,9,120658.07,2,1,0,127609.37,0,0.3364,0,Medium Risk
Male,Bangalore,54.6,2,93290.94,2,1,0,92442.31,1,0.6691,1,High Risk
Male,Chennai,48.7,10,52350.91,1,1,0,133545.29,0,0.3842,0,Medium Risk
Male,Hyderabad,66.6,5,92089.78,2,0,1,85056.71,0,0.4263,0,Medium Risk
Female,Pune,45.3,6,74199.95,1,1,0,84909.52,0,0.5308,1,Medium Risk
Male,Bangalore,61.1,7,49221.07,2,1,1,144324.38,0,0.3628,0,Medium Risk
Female,Hyderabad,41.0,3,94239.33,1,0,0,74559.75,0,0.3679,0,Medium Risk
Male,Hyderabad,32.1,5,87597.96,2,1,1,27093.18,1,0.2701,0,Low Risk
Female,Delhi,40.1,7,46126.56,2,0,1,95894.32,0,0.2221,0,Low Risk
Female,Pune,41.6,8,45909.85,2,1,1,114805.76,0,0.3053,0,Medium Risk
Female,Mumbai,54.8,10,70340.45,1,1,0,94026.67,0,0.3874,0,Medium Risk
Female,Bangalore,45.3,3,41336.67,2,1,0,89438.7,0,0.3932,0,Medium Risk
Female,Mumbai,49.6,8,73748.33,2,0,1,117675.62,1,0.3825,0,Medium Risk
Female,Hyderabad,31.5,4,84567.48,1,0,1,143976.06,0,0.2462,0,Low Risk
Male,Kolkata,32.3,9,36529.55,1,1,1,84709.54,0,0.1168,0,Low Risk
Female,Pune,35.5,1,87523.91,2,0,1,134485.88,0,0.374,0,Medium Risk
Female,Bangalore,29.9,9,55694.54,2,1,0,163319.63,0,0.2264,0,Low Risk
Male,Bangalore,33.3,0,89334.42,3,1,0,36080.47,1,0.7248,1,High Risk
Female,Kolkata,51.6,6,90196.12,2,0,0,80997.46,0,0.5602,1,Medium Risk
Female,Pune,31.1,3,53343.21,2,1,1,59909.45,0,0.242,0,Low Risk
Female,Chennai,32.1,7,72318.66,2,0,0,76750.09,0,0.5076,1,Medium Risk
Male,Delhi,46.2,9,33651.07,2,0,1,87769.77,0,0.1914,0,Low Risk
Female,Chennai,34.1,7,62091.98,2,1,0,134864.56,0,0.5322,1,Medium Risk
Male,Mumbai,39.6,5,74553.54,1,0,0,103300.35,0,0.638,1,High Risk
Male,Chennai,35.1,4,62726.13,1,0,0,113658.77,0,0.6578,1,High Risk
Male,Mumbai,46.6,1,86427.82,2,1,1,81726.27,0,0.49,1,Medium Risk
Female,Chennai,29.7,9,59810.75,1,0,0,89314.5,0,0.2674,0,Low Risk
Female,Chennai,33.1,0,63629.08,2,1,0,135609.6,0,0.5576,1,Medium Risk
Male,Mumbai,39.3,0,69028.28,2,0,1,102260.99,1,0.4259,0,Medium Risk
Male,Mumbai,44.5,7,31910.01,2,1,0,98932.4,0,0.244,0,Low Risk
Male,Kolkata,41.6,3,76437.79,1,1,1,52095.59,0,0.3859,0,Medium Risk
Male,Kolkata,42.5,7,66561.22,1,1,1,101522.92,1,0.3119,0,Medium Risk
Male,Pune,33.8,6,47129.44,1,0,0,67748.93,0,0.2657,0,Low Risk
Female,Delhi,51.2,3,76415.27,2,1,0,64340.09,0,0.5879,1,Medium Risk
Female,Pune,24.3,8,65423.3,1,1,0,129939.88,0,0.3118,0,Medium Risk
Male,Kolkata,45.2,10,67235.96,2,0,0,120462.29,0,0.4048,0,Medium Risk
Male,Chennai,47.9,8,102238.19,3,0,0,119956.69,1,0.765,1,High Risk
Male,Pune,32.3,2,76240.11,1,1,1,65099.81,0,0.3807,0,Medium Risk
Male,Chennai,51.6,7,59255.96,2,1,1,65180.77,0,0.2763,0,Low Risk
Female,Mumbai,34.3,10,52373.72,1,0,1,76577.7,0,0.2732,0,Low Risk
Female,Mumbai,45.9,0,71912.96,1,1,0,55118.86,1,0.5973,1,Medium Risk
Female,Delhi,19.7,6,84644.11,2,0,1,47161.91,0,0.1534,0,Low Risk
Female,Mumbai,42.2,1,68276.08,1,1,0,85056.71,0,0.5826,1,Medium Risk
Female,Hyderabad,56.9,10,77411.7,1,1,1,43438.02,0,0.2382,0,Low Risk
Female,Delhi,47.4,0,123734.47,2,0,0,37716.6,0,0.5427,1,Medium Risk
Female,Bangalore,45.9,2,91583.31,1,1,0,48890.88,0,0.6167,1,High Risk
Male,Chennai,32.4,7,73262.79,1,0,1,31104.48,0,0.2689,0,Low Risk
Male,Bangalore,30.2,1,19572.97,2,1,0,15000.0,1,0.1449,0,Low Risk
Female,Delhi,40.1,10,26803.08,1,1,0,73591.13,0,0.1769,0,Low Risk
Female,Mumbai,39.5,0,55926.93,1,0,0,25465.91,0,0.499,1,Medium Risk
Male,Kolkata,45.5,4,87912.17,1,1,1,101956.76,0,0.45,0,Medium Risk
Male,Pune,57.3,0,74131.45,1,0,0,78810.41,0,0.5341,1,Medium Risk
Female,Delhi,47.5,9,77328.07,1,1,0,104267.37,0,0.3003,0,Medium Risk
Female,Hyderabad,30.0,0,73005.38,1,1,1,90811.31,1,0.189,0,Low Risk
Male,Delhi,52.9,10,54350.5,1,0,1,71709.81,0,0.325,0,Medium Risk
Female,Delhi,45.2,5,41308.18,3,1,1,84527.28,0,0.4885,0,Medium Risk
Male,Pune,45.3,3,55546.42,1,1,0,36257.81,0,0.4773,0,Medium Risk
Male,Mumbai,31.2,4,55563.34,2,0,0,101281.83,0,0.4584,0,Medium Risk
Female,Chennai,40.3,8,61569.05,1,1,0,35784.6,0,0.5443,1,Medium Risk
Male,Kolkata,46.4,4,35154.79,1,1,0,81262.35,0,0.3893,0,Medium Risk
Female,Mumbai,63.6,2,37570.61,1,0,0,37400.47,0,0.353,0,Medium Risk
Female,Hyderabad,32.7,8,74674.4,2,1,0,37325.48,0,0.3929,0,Medium Risk
Female,Pune,29.9,6,67754.42,1,1,1,133705.48,0,0.2307,0,Low Risk
Female,Kolkata,43.1,7,42198.46,1,1,0,109494.48,0,0.3621,0,Medium Risk
Female,Kolkata,44.5,10,60856.82,1,1,0,102568.68,0,0.3491,0,Medium Risk
Male,Kolkata,49.8,3,75311.59,3,1,1,54735.3,0,0.4959,1,Medium Risk
Female,Kolkata,52.0,8,41907.44,2,1,1,145931.77,0,0.2488,0,Low Risk
Female,Hyderabad,48.0,1,70271.03,1,1,0,84520.33,1,0.4422,0,Medium Risk
Female,Delhi,50.7,5,32026.16,1,1,0,132149.37,0,0.2852,0,Low Risk
Male,Mumbai,18.0,8,81264.79,1,1,1,90280.64,0,0.1849,0,Low Risk
Female,Chennai,45.3,4,72303.63,1,1,1,59619.31,0,0.4457,0,Medium Risk
Male,Mumbai,36.5,10,80425.58,1,0,1,124609.07,0,0.2913,0,Low Risk
Male,Hyderabad,24.1,2,80079.23,2,0,0,15000.0,0,0.255,0,Low Risk
Female,Pune,40.1,2,53256.64,1,1,1,96167.98,0,0.3942,0,Medium Risk
Female,Mumbai,23.9,4,14663.04,1,0,0,101526.75,0,0.1417,0,Low Risk
Female,Delhi,33.4,4,70664.94,2,0,1,70475.18,0,0.3777,0,Medium Risk
Female,Delhi,37.8,7,38041.71,2,1,0,117459.4,0,0.2635,0,Low Risk
Male,Kolkata,34.4,9,22994.18,1,1,0,79476.68,0,0.1423,0,Low Risk
Male,Delhi,24.3,8,65881.63,2,0,1,31589.32,0,0.1749,0,Low Risk
Female,Delhi,31.8,5,85883.81,1,0,0,72009.69,1,0.4469,0,Medium Risk
Female,Mumbai,18.0,10,105419.93,2,0,0,67695.26,0,0.1364,0,Low Risk
Male,Delhi,41.6,3,70222.86,1,1,0,71331.14,0,0.6641,1,High Risk
Female,Bangalore,43.4,8,92778.96,1,1,1,60000.32,1,0.3916,0,Medium Risk
Female,Delhi,30.3,8,10741.71,2,0,1,150056.79,0,0.095,0,Low Risk
Male,Mumbai,21.4,1,61862.92,2,1,1,102848.82,0,0.3003,0,Medium Risk
Male,Pune,31.4,5,67395.27,1,0,0,84121.38,0,0.4041,0,Medium Risk
Male,Mumbai,22.8,8,59756.57,1,1,0,62118.29,0,0.3187,0,Medium Risk
Female,Pune,24.4,2,42587.89,2,1,0,77717.68,0,0.2127,0,Low Risk
Female,Delhi,44.5,9,76207.65,2,1,0,149058.27,0,0.2749,0,Low Risk
Female,Mumbai,46.0,4,73607.45,1,0,1,168648.21,0,0.4906,1,Medium Risk
Female,Chennai,37.8,3,62041.06,1,1,1,15000.0,0,0.3525,0,Medium Risk
Female,Bangalore,39.3,5,43100.56,1,1,1,72825.6,0,0.3358,0,Medium Risk
Male,Mumbai,39.1,9,73465.28,1,1,0,73142.76,0,0.3632,0,Medium Risk
Female,Pune,41.5,2,64088.61,3,1,1,102230.34,0,0.5552,1,Medium Risk
Male,Delhi,28.8,3,32375.87,2,0,1,98968.2,0,0.102,0,Low Risk
Male,Kolkata,55.4,7,100541.72,2,0,1,74119.41,0,0.3789,0,Medium Risk
Female,Mumbai,53.3,6,88059.11,1,1,0,50911.06,1,0.6171,1,High Risk
Female,Kolkata,42.5,5,83515.79,1,1,1,66867.58,0,0.3596,0,Medium Risk
Female,Delhi,50.7,8,94508.21,1,0,0,90748.62,0,0.5243,1,Medium Risk
Male,Pune,53.1,9,23617.53,1,1,1,55232.8,0,0.1548,0,Low Risk
Male,Chennai,24.5,8,84468.48,1,1,1,37398.49,0,0.2242,0,Low Risk
Female,Chennai,42.0,7,98628.57,1,1,1,134366.84,0,0.3472,0,Medium Risk
Male,Bangalore,30.0,7,21752.71,2,0,0,121786.61,0,0.1297,0,Low Risk
Female,Bangalore,43.4,2,65095.17,1,1,1,114553.61,0,0.4545,0,Medium Risk
Female,Mumbai,32.3,9,94091.48,1,1,0,15000.0,0,0.2943,0,Low Risk
Female,Kolkata,43.6,9,94202.69,2,1,0,68837.21,0,0.3307,0,Medium Risk
Female,Delhi,41.3,4,49720.5,1,0,1,88469.23,0,0.3771,0,Medium Risk
Female,Mumbai,40.1,3,36350.7,1,1,1,133563.09,0,0.2392,0,Low Risk
Female,Mumbai,45.2,3,87800.04,2,1,0,99073.03,1,0.5742,1,Medium Risk
Female,Bangalore,54.8,7,22294.3,1,0,1,45879.8,0,0.2092,0,Low Risk
Male,Bangalore,18.0,9,108548.24,1,1,0,73290.72,0,0.2439,0,Low Risk
Female,Mumbai,43.8,2,97108.09,1,1,1,117869.42,1,0.5092,1,Medium Risk
Female,Hyderabad,37.0,6,64391.6,1,1,1,61722.94,0,0.2196,0,Low Risk
Female,Delhi,23.1,3,66995.75,2,0,0,32579.35,0,0.2915,0,Low Risk
Female,Mumbai,28.4,2,66720.35,2,1,1,108913.86,0,0.2385,0,Low Risk
Female,Delhi,59.2,8,71996.16,1,1,1,127457.49,0,0.3549,0,Medium Risk
Female,Kolkata,46.0,5,30960.06,2,1,1,41087.36,0,0.3004,0,Medium Risk
Female,Delhi,29.3,8,76815.5,2,1,1,80038.21,0,0.1597,0,Low Risk
Female,Bangalore,44.0,7,72323.64,1,1,0,36479.79,0,0.597,1,Medium Risk
Female,Mumbai,50.6,7,43860.59,1,1,1,65594.92,0,0.3491,0,Medium Risk
Female,Pune,66.2,7,73654.1,2,1,0,54246.97,0,0.5469,1,Medium Risk
Male,Pune,37.9,7,72500.14,2,1,1,84480.46,0,0.3801,0,Medium Risk
Female,Delhi,44.8,6,31265.03,2,1,1,62192.34,0,0.2852,0,Low Risk
Male,Chennai,60.4,10,74391.45,2,1,1,83491.98,1,0.3411,0,Medium Risk
Male,Kolkata,46.5,7,75509.33,1,1,0,73572.2,1,0.6242,1,High Risk
Female,Delhi,18.0,3,17172.31,2,1,0,110203.65,0,0.1177,0,Low Risk
Female,Chennai,29.0,6,59676.49,1,1,1,67196.97,0,0.1884,0,Low Risk
Male,Bangalore,30.6,1,41098.93,2,0,0,96205.88,0,0.2318,0,Low Risk
Female,Bangalore,19.5,3,61452.33,1,1,1,118898.3,0,0.2057,0,Low Risk
Female,Chennai,18.0,6,66445.41,2,1,1,66938.44,0,0.1369,0,Low Risk
Female,Mumbai,39.2,6,53367.04,2,1,0,88699.21,0,0.4672,0,Medium Risk
Female,Pune,59.4,9,91497.84,1,1,1,58599.49,0,0.329,0,Medium Risk
Female,Mumbai,29.2,3,83859.27,1,0,1,106106.23,0,0.2923,0,Low Risk
Female,Kolkata,28.2,0,51740.93,1,0,0,56798.06,0,0.3374,0,Medium Risk
Female,Hyderabad,51.0,5,69853.35,1,1,1,117349.09,0,0.3312,0,Medium Risk
Male,Chennai,19.4,4,47053.49,1,1,1,57354.61,0,0.1865,0,Low Risk
Male,Mumbai,18.0,8,101547.05,1,0,0,84036.07,0,0.289,0,Low Risk
Male,Delhi,30.1,10,74298.92,1,1,1,64063.67,0,0.1419,0,Low Risk
Male,Chennai,33.6,1,74174.19,3,1,1,15964.0,0,0.3758,0,Medium Risk
Female,Mumbai,41.7,9,82701.53,1,1,1,67181.33,0,0.3043,0,Medium Risk
Female,Pune,41.8,6,104968.57,2,1,0,78079.45,0,0.5434,1,Medium Risk
Female,Mumbai,25.6,9,8798.73,1,1,1,164273.04,0,0.0622,0,Low Risk
Male,Bangalore,46.6,3,27446.11,2,1,0,68621.27,1,0.3587,0,Medium Risk
Female,Delhi,31.9,7,105458.02,2,1,0,51637.83,0,0.4446,0,Medium Risk
Male,Chennai,47.4,6,61965.82,1,1,0,162679.01,1,0.6184,1,High Risk
Male,Mumbai,18.0,9,88760.58,1,1,1,61473.67,0,0.1458,0,Low Risk
Female,Pune,29.1,8,69672.55,2,0,1,73838.01,0,0.1851,0,Low Risk
Male,Chennai,37.2,1,64723.28,2,0,0,45078.05,0,0.6217,1,High Risk
Male,Bangalore,27.2,3,69405.21,2,1,1,124274.23,0,0.2814,0,Low Risk
Female,Pune,28.8,10,45293.0,1,1,1,119523.72,0,0.1405,0,Low Risk
Male,Hyderabad,18.0,9,104838.19,2,1,1,76340.68,0,0.1306,0,Low Risk
Female,Hyderabad,41.3,4,40645.47,1,0,0,62971.48,0,0.1993,0,Low Risk
Male,Bangalore,51.0,4,55132.79,2,0,1,54693.18,0,0.4354,0,Medium Risk
Male,Bangalore,53.7,3,46238.18,1,1,1,176964.99,1,0.3353,0,Medium Risk
Male,Kolkata,42.5,3,0.0,1,1,1,99938.45,0,0.1922,0,Low Risk
Male,Pune,65.7,10,50912.79,2,1,1,79839.59,0,0.356,0,Medium Risk
Male,Chennai,50.7,5,28796.3,2,1,1,97590.01,0,0.2114,0,Low Risk
Male,Mumbai,23.6,6,97288.64,2,1,0,101807.41,1,0.3702,0,Medium Risk
Female,Bangalore,35.7,5,70289.19,2,1,1,85029.13,0,0.4132,0,Medium Risk
Female,Pune,36.7,1,69512.66,1,1,0,71959.45,0,0.5008,1,Medium Risk
Female,Kolkata,23.8,2,24576.45,2,1,0,85740.15,0,0.1983,0,Low Risk
Female,Hyderabad,24.9,2,55706.84,2,1,1,117245.0,0,0.1271,0,Low Risk
Male,Delhi,41.4,0,41033.86,2,0,1,33066.07,0,0.2511,0,Low Risk
Female,Delhi,41.3,1,53649.99,2,0,0,83575.31,0,0.492,1,Medium Risk
Male,Hyderabad,32.6,2,63952.63,1,1,0,104516.33,0,0.5359,1,Medium Risk
Female,Delhi,41.1,0,65656.24,2,1,0,112041.16,0,0.5143,1,Medium Risk
Male,Kolkata,35.3,5,52427.72,2,1,1,15000.0,0,0.2934,0,Low Risk
Female,Kolkata,33.2,4,39011.05,2,1,0,113609.94,0,0.3214,0,Medium Risk
Female,Hyderabad,54.3,9,51479.33,2,1,1,95423.42,0,0.1923,0,Low Risk
Male,Pune,59.3,1,59683.09,1,1,0,131475.78,0,0.5485,1,Medium Risk
Female,Delhi,50.7,5,77589.45,2,1,0,50816.21,0,0.5867,1,Medium Risk
Male,Chennai,39.0,9,69928.5,2,0,1,79482.78,1,0.1852,0,Low Risk
Female,Chennai,42.1,9,70212.31,2,1,0,21765.51,1,0.3331,0,Medium Risk
Male,Kolkata,46.1,2,108044.25,1,1,1,42103.94,0,0.4377,0,Medium Risk
Female,Mumbai,28.0,8,87825.93,1,1,1,88492.58,0,0.2026,0,Low Risk
Male,Mumbai,18.0,7,71477.61,2,1,0,19685.61,0,0.2526,0,Low Risk
Male,Delhi,40.8,4,66487.2,2,1,0,32885.0,0,0.6393,1,High Risk
Male,Delhi,18.6,10,114232.56,3,0,0,107802.39,0,0.3792,0,Medium Risk
Male,Delhi,45.6,10,75043.67,1,1,1,71860.18,0,0.2935,0,Low Risk
Female,Delhi,39.7,10,78135.12,1,1,1,97699.05,0,0.2257,0,Low Risk
Male,Bangalore,24.6,4,74280.97,2,0,1,130132.07,0,0.2782,0,Low Risk
Male,Mumbai,27.8,10,46009.09,1,0,1,102623.35,0,0.1586,0,Low Risk
Female,Delhi,45.7,10,14083.29,2,1,0,110566.33,0,0.1387,0,Low Risk
Female,Mumbai,43.6,7,17549.85,4,0,1,126101.59,0,0.4207,0,Medium Risk
Male,Chennai,19.2,9,59657.63,1,0,1,145629.64,0,0.1285,0,Low Risk
Female,Delhi,45.0,8,52522.58,2,1,1,15000.0,0,0.2808,0,Low Risk
Female,Hyderabad,31.4,4,65610.49,1,1,0,79788.1,0,0.3255,0,Medium Risk
Female,Pune,40.8,9,65938.89,1,0,0,81553.83,0,0.313,0,Medium Risk
Female,Delhi,26.1,4,82718.02,3,0,0,159951.19,0,0.6116,1,High Risk
Male,Kolkata,37.4,0,80167.63,4,1,1,137122.84,1,0.3069,0,Medium Risk
Female,Delhi,42.5,4,97486.62,1,1,1,131432.73,0,0.4949,1,Medium Risk
Female,Delhi,32.6,4,34831.2,1,0,1,136049.31,0,0.1828,0,Low Risk
Female,Mumbai,53.8,9,46242.25,1,0,0,75978.32,0,0.2828,0,Low Risk
Male,Bangalore,63.6,0,102047.92,2,1,0,139697.17,0,0.6733,1,High Risk
Male,Chennai,30.7,9,69969.47,3,1,1,102524.55,0,0.2866,0,Low Risk
Male,Delhi,40.1,9,83178.8,1,1,0,140551.82,0,0.3049,0,Medium Risk
Male,Mumbai,29.0,8,25620.15,2,1,0,115268.19,0,0.121,0,Low Risk
Female,Delhi,42.0,1,84272.39,1,1,1,82868.36,0,0.5055,1,Medium Risk
Female,Mumbai,47.4,5,84836.58,2,1,1,113023.16,0,0.4845,0,Medium Risk
Male,Mumbai,27.8,0,0.0,1,0,1,15000.0,0,0.1715,0,Low Risk
Male,Mumbai,22.7,6,92735.46,3,1,0,67206.88,0,0.5613,1,Medium Risk
Female,Delhi,29.1,9,62752.48,1,1,0,32296.16,0,0.2054,0,Low Risk
Female,Mumbai,49.2,3,69190.85,4,1,1,27385.93,0,0.6484,1,High Risk
Male,Pune,21.1,0,79721.12,1,1,1,85056.71,0,0.3157,0,Medium Risk
Female,Pune,50.1,10,63146.34,1,0,0,133861.23,0,0.3085,0,Medium Risk
Male,Mumbai,30.4,3,34126.88,1,1,1,112747.03,0,0.1755,0,Low Risk
Male,Delhi,54.1,8,60542.97,2,1,0,57489.56,0,0.56,1,Medium Risk
Male,Hyderabad,26.3,7,95387.1,1,1,1,54278.13,0,0.1917,0,Low Risk
Male,Delhi,36.6,2,69566.97,2,1,1,29451.62,0,0.4247,0,Medium Risk
Male,Kolkata,20.3,0,102659.8,1,1,1,96205.45,0,0.372,0,Medium Risk
Female,Hyderabad,49.2,1,110860.82,1,1,1,95885.76,0,0.4514,0,Medium Risk
Male,Chennai,46.8,10,85412.23,1,1,0,88153.44,0,0.4604,0,Medium Risk
Male,Hyderabad,42.6,5,92188.21,1,1,1,65202.8,0,0.376,0,Medium Risk
Female,Kolkata,55.2,3,34721.34,1,0,1,179840.25,0,0.2904,0,Low Risk
Female,Pune,48.1,0,77685.68,2,1,1,60292.54,0,0.4371,0,Medium Risk
Female,Pune,38.1,2,22267.51,2,1,0,97719.77,0,0.2216,0,Low Risk
Male,Bangalore,55.5,3,49361.84,1,1,1,141410.93,0,0.4088,0,Medium Risk
Male,Mumbai,37.5,9,72736.43,2,1,0,123797.87,0,0.3317,0,Medium Risk
Female,Hyderabad,33.4,9,63714.75,1,1,0,105505.57,0,0.2287,0,Low Risk
Male,Chennai,37.6,7,79489.25,1,1,1,15000.0,0,0.3124,0,Medium Risk
Male,Mumbai,54.7,4,89095.31,2,1,1,86550.74,0,0.493,1,Medium Risk
Female,Pune,49.0,2,72670.84,2,0,0,43806.46,0,0.4833,0,Medium Risk
Male,Bangalore,22.3,1,69981.7,1,0,0,74922.24,0,0.4491,0,Medium Risk
Female,Delhi,39.0,0,47486.82,1,1,0,111214.71,0,0.3061,0,Medium Risk
Female,Hyderabad,27.3,8,35861.1,1,1,1,59497.03,0,0.1235,0,Low Risk
Male,Mumbai,20.9,7,54569.83,2,0,1,66784.46,0,0.1957,0,Low Risk
Male,Pune,39.5,0,52897.79,2,0,1,129297.38,0,0.3226,0,Medium Risk
Male,Delhi,57.1,9,90737.53,1,0,1,94020.21,0,0.2984,0,Low Risk
Female,Hyderabad,59.9,6,104149.9,1,0,1,70745.88,0,0.3656,0,Medium Risk
Male,Chennai,43.9,7,115398.28,1,1,1,87877.18,0,0.3623,0,Medium Risk
Male,Delhi,40.1,10,102757.76,1,1,0,146028.54,1,0.3247,0,Medium Risk
Female,Delhi,37.2,1,26268.48,2,0,1,82632.14,0,0.1692,0,Low Risk
Female,Mumbai,39.8,2,86530.66,1,1,0,116425.73,0,0.5877,1,Medium Risk
Male,Chennai,61.0,0,107882.98,1,1,0,63422.0,1,0.6809,1,High Risk
Male,Chennai,44.9,8,65913.39,1,1,1,35162.47,0,0.3262,0,Medium Risk
Male,Kolkata,54.0,6,9339.35,2,0,0,102270.57,1,0.2812,0,Low Risk
Male,Kolkata,52.5,8,92193.6,2,0,0,111708.28,0,0.5994,1,Medium Risk
Female,Kolkata,45.4,4,74001.27,2,1,1,91052.36,0,0.3701,0,Medium Risk
Male,Mumbai,36.1,3,65557.9,2,1,1,55134.59,0,0.4129,0,Medium Risk
Female,Chennai,38.4,9,79004.62,2,0,0,132732.76,0,0.3496,0,Medium Risk
Female,Mumbai,43.2,2,75265.77,2,0,0,79227.45,1,0.5548,1,Medium Risk
Female,Pune,46.5,3,28877.59,1,1,0,105131.05,0,0.3514,0,Medium Risk
Female,Mumbai,49.2,2,75887.39,1,1,0,85178.81,0,0.6212,1,High Risk
Female,Mumbai,37.6,10,97733.48,1,1,0,59022.78,0,0.3255,0,Medium Risk
Female,Kolkata,18.0,1,104853.45,1,1,0,23700.31,0,0.3075,0,Medium Risk
Female,Delhi,41.7,9,83869.5,2,1,1,80512.34,0,0.2224,0,Low Risk
Female,Delhi,34.7,3,75328.26,1,0,0,76457.58,0,0.5193,1,Medium Risk
Female,Delhi,52.9,5,58928.25,1,1,1,69812.56,0,0.4692,0,Medium Risk
Female,Delhi,31.8,4,94035.79,1,0,1,68211.6,0,0.3252,0,Medium Risk
Male,Delhi,29.8,3,60535.44,2,1,1,120604.91,0,0.2311,0,Low Risk
Male,Delhi,46.1,5,68518.71,2,1,1,73872.49,0,0.4917,1,Medium Risk
Male,Mumbai,48.3,5,59663.72,3,0,0,45138.84,0,0.7271,1,High Risk
Male,Mumbai,55.9,8,60964.34,1,1,1,91390.53,0,0.3891,0,Medium Risk
Male,Mumbai,35.1,10,81332.09,1,1,1,31578.3,0,0.2584,0,Low Risk
Female,Hyderabad,36.2,6,80821.54,3,0,0,97287.48,0,0.44,0,Medium Risk
Male,Pune,56.4,1,64640.38,1,1,0,85614.45,0,0.5755,1,Medium Risk
Male,Pune,37.3,9,49947.41,2,1,0,91625.87,0,0.2813,0,Low Risk
Female,Mumbai,41.7,8,66505.42,2,1,0,77507.28,0,0.5181,1,Medium Risk
Female,Delhi,38.5,6,59245.19,1,0,1,61193.43,0,0.3445,0,Medium Risk
Male,Chennai,24.5,0,67720.83,2,0,1,98408.67,0,0.2021,0,Low Risk
Male,Mumbai,36.6,9,95340.44,1,1,1,85056.71,0,0.2564,0,Low Risk
Male,Mumbai,47.0,9,77109.19,2,0,0,88437.48,0,0.4043,0,Medium Risk
Female,Bangalore,32.6,0,52848.45,1,1,0,93678.27,0,0.5186,1,Medium Risk
Male,Delhi,37.2,1,77585.65,2,1,1,111558.4,0,0.4803,0,Medium Risk
Female,Chennai,37.9,4,54521.96,2,0,1,141852.25,0,0.3036,0,Medium Risk
Male,Delhi,18.0,0,84465.28,3,1,1,106180.55,0,0.27,0,Low Risk
Female,Mumbai,43.2,5,59484.31,1,1,1,81103.43,0,0.4645,0,Medium Risk
Female,Mumbai,47.5,4,65897.42,2,1,0,114246.63,0,0.565,1,Medium Risk
Male,Delhi,56.7,1,0.0,1,1,1,104562.87,0,0.2195,0,Low Risk
Female,Delhi,28.3,3,73221.16,4,1,1,62365.51,0,0.4242,0,Medium Risk
Female,Pune,42.6,9,10079.36,1,1,1,132710.26,0,0.1505,0,Low Risk
Male,Delhi,69.5,7,63798.65,1,1,1,152102.4,1,0.4173,0,Medium Risk
Male,Delhi,41.9,8,78851.35,1,0,0,46563.3,1,0.6174,1,High Risk
Female,Delhi,53.5,2,62606.28,1,1,0,85056.71,1,0.5511,1,Medium Risk
Female,Mumbai,37.9,9,68818.85,1,1,0,22537.25,0,0.331,0,Medium Risk
Female,Chennai,48.0,4,6885.41,1,1,1,132217.37,0,0.2042,0,Low Risk
Female,Bangalore,52.1,9,79390.58,2,1,0,119271.69,0,0.3695,0,Medium Risk
Female,Delhi,27.4,2,110195.56,1,0,0,65626.07,0,0.3814,0,Medium Risk
Female,Chennai,64.0,5,103469.13,2,1,0,86504.72,0,0.6056,1,High Risk
Male,Delhi,46.0,10,35310.07,1,1,1,66969.38,0,0.2253,0,Low Risk
Female,Bangalore,46.1,7,40168.44,2,1,0,119678.07,0,0.375,0,Medium Risk
Female,Pune,44.0,10,89626.44,1,0,1,137143.16,0,0.2827,0,Low Risk
Male,Hyderabad,46.0,0,15971.84,1,0,1,87469.99,0,0.1445,0,Low Risk
Male,Delhi,46.8,5,59470.67,3,1,0,90434.89,0,0.7247,1,High Risk
Female,Kolkata,41.0,0,84136.03,2,1,1,38077.36,0,0.3265,0,Medium Risk
Female,Hyderabad,44.2,7,62622.64,2,1,0,99219.85,0,0.3326,0,Medium Risk
Male,Kolkata,37.9,9,54156.06,1,1,1,15000.0,0,0.2155,0,Low Risk
Male,Delhi,45.2,5,69266.31,4,0,1,114739.34,0,0.5468,1,Medium Risk
Female,Delhi,49.4,8,93163.73,1,1,0,96914.43,1,0.5014,1,Medium Risk
Male,Mumbai,44.8,3,78472.9,2,0,0,111574.59,0,0.613,1,High Risk
Female,Delhi,28.3,9,87035.8,1,0,1,85056.71,0,0.1126,0,Low Risk
Male,Kolkata,41.3,7,114450.03,1,1,0,82586.58,0,0.5996,1,Medium Risk
Female,Kolkata,29.5,6,107789.55,1,1,1,68481.42,0,0.2377,0,Low Risk
Male,Hyderabad,47.9,6,46604.71,1,1,0,80233.87,0,0.3497,0,Medium Risk
Male,Chennai,29.5,3,82330.69,2,1,0,85056.71,0,0.4042,0,Medium Risk
Female,Bangalore,37.4,1,74948.87,1,1,0,82599.64,0,0.6044,1,High Risk
Male,Bangalore,37.2,2,111864.91,1,0,0,81509.98,0,0.6725,1,High Risk
Male,Kolkata,21.3,3,28168.57,1,1,0,41939.07,0,0.1844,0,Low Risk
Female,Kolkata,29.9,3,30549.71,1,1,1,79683.75,0,0.1911,0,Low Risk
Female,Bangalore,38.7,8,76968.08,1,0,0,45162.46,0,0.571,1,Medium Risk
Male,Chennai,25.1,2,45524.81,1,0,0,48655.04,0,0.1941,0,Low Risk
Female,Kolkata,35.6,7,59623.48,2,1,1,46317.34,0,0.2239,0,Low Risk
Male,Mumbai,29.3,7,109523.82,2,1,1,15000.0,0,0.2995,0,Low Risk
Male,Delhi,31.5,0,101728.44,1,1,0,90323.96,0,0.5867,1,Medium Risk
Male,Pune,32.6,10,76196.75,2,1,0,40671.1,0,0.3292,0,Medium Risk
Male,Delhi,45.1,7,55747.97,2,1,0,115725.35,0,0.5595,1,Medium Risk
Male,Hyderabad,70.8,6,87544.56,1,1,1,15229.03,0,0.3837,0,Medium Risk
Female,Delhi,46.9,5,53792.37,1,1,0,165231.13,0,0.4631,0,Medium Risk
Male,Kolkata,18.6,1,58191.89,1,1,1,82632.75,0,0.2772,0,Low Risk
Male,Mumbai,56.1,4,120620.84,1,1,1,91446.2,0,0.5373,1,Medium Risk
Female,Bangalore,54.2,10,56230.43,1,1,0,142525.13,0,0.3555,0,Medium Risk
Female,Chennai,35.0,3,47639.9,2,1,1,80605.04,0,0.2422,0,Low Risk
Female,Delhi,50.9,0,73371.89,1,1,0,110164.78,0,0.556,1,Medium Risk
Male,Kolkata,29.8,10,76660.72,1,0,1,73409.07,0,0.169,0,Low Risk
Female,Delhi,47.9,8,123987.07,1,1,0,45488.41,0,0.5172,1,Medium Risk
Male,Hyderabad,37.0,9,80673.87,1,1,1,152332.29,0,0.242,0,Low Risk
Female,Pune,48.5,9,34179.65,2,1,1,29601.77,0,0.2475,0,Low Risk
Female,Hyderabad,38.5,2,58948.08,3,0,1,85056.71,0,0.4472,0,Medium Risk
Male,Delhi,30.6,3,63566.67,2,1,0,55352.23,0,0.4676,0,Medium Risk
Male,Pune,28.8,5,85286.0,2,1,1,70697.7,0,0.3,0,Low Risk
Male,Delhi,28.3,2,12223.3,1,1,0,63842.55,0,0.1787,0,Low Risk
Female,Pune,49.4,8,55647.91,1,0,1,96866.8,0,0.3679,0,Medium Risk
Female,Delhi,36.3,2,105644.65,1,1,1,100060.18,1,0.4367,0,Medium Risk
Male,Kolkata,39.2,0,90592.06,1,1,0,86240.62,0,0.68,1,High Risk
Female,Hyderabad,34.2,6,39173.23,1,1,0,70772.26,0,0.1981,0,Low Risk
Male,Mumbai,44.5,2,77795.25,2,0,0,117453.41,0,0.614,1,High Risk
Male,Hyderabad,24.9,1,70826.7,2,1,1,72022.43,0,0.1735,0,Low Risk
Female,Delhi,28.2,5,102997.2,1,1,0,115498.22,0,0.3488,0,Medium Risk
Female,Pune,31.8,2,69549.28,2,1,1,115307.96,0,0.2777,0,Low Risk
Female,Hyderabad,47.9,5,28104.59,1,0,1,72434.06,0,0.2046,0,Low Risk
Female,Mumbai,36.3,10,69835.31,2,1,1,16468.86,0,0.2475,0,Low Risk
Female,Delhi,38.4,4,87526.3,2,1,1,93138.66,0,0.473,0,Medium Risk
Male,Delhi,46.5,4,62283.21,1,1,0,49153.14,0,0.636,1,High Risk
Male,Mumbai,36.8,10,41174.99,4,1,0,145001.64,0,0.2715,0,Low Risk
Female,Kolkata,26.7,0,70940.5,3,0,0,99397.21,0,0.5987,1,Medium Risk
Female,Chennai,45.1,10,77099.26,2,1,0,127875.71,0,0.3276,0,Medium Risk
Female,Hyderabad,31.1,9,76174.99,1,1,0,97649.85,1,0.2306,0,Low Risk
Female,Mumbai,18.9,4,102347.76,1,0,0,121553.99,0,0.3032,0,Medium Risk
Male,Pune,33.1,9,36399.25,1,0,1,85345.38,0,0.1309,0,Low Risk
Male,Mumbai,47.1,1,115518.25,2,1,0,116468.61,0,0.6312,1,High Risk
Female,Delhi,33.1,10,75629.62,2,1,0,83576.57,0,0.2833,0,Low Risk
Male,Delhi,33.9,6,76876.45,1,1,1,107300.5,0,0.3792,0,Medium Risk
Female,Chennai,45.0,10,43471.36,2,1,0,51148.55,0,0.2615,0,Low Risk
Female,Hyderabad,26.7,3,0.0,1,0,1,67309.85,0,0.0936,0,Low Risk
Female,Bangalore,29.2,7,105625.05,1,1,1,92072.73,0,0.2393,0,Low Risk
Male,Kolkata,25.0,7,58756.95,1,0,0,78639.51,0,0.4074,0,Medium Risk
Female,Chennai,18.0,8,66173.35,2,0,1,75646.69,0,0.1134,0,Low Risk
Female,Hyderabad,53.5,2,126022.14,1,1,1,156654.44,0,0.3585,0,Medium Risk
Female,Hyderabad,33.7,0,40016.32,2,0,0,69879.52,0,0.1938,0,Low Risk
Female,Hyderabad,30.7,8,57486.82,1,0,0,154258.08,0,0.2813,0,Low Risk
Female,Delhi,29.8,3,73341.08,2,1,1,50351.37,0,0.2002,0,Low Risk
Male,Pune,54.2,10,101670.91,2,1,0,49833.24,0,0.4193,0,Medium Risk
Female,Delhi,35.0,6,90228.06,1,1,1,15000.0,0,0.3452,0,Medium Risk
Female,Kolkata,36.6,2,62498.99,2,0,1,135439.4,0,0.3272,0,Medium Risk
Male,Delhi,56.9,0,70659.9,2,0,0,41123.97,1,0.6654,1,High Risk
Male,Delhi,24.9,0,37228.64,1,1,1,39479.57,0,0.1415,0,Low Risk
Male,Kolkata,18.0,2,81387.05,1,1,1,85056.71,0,0.3039,0,Medium Risk
Male,Mumbai,45.6,2,67083.83,2,1,1,103454.53,0,0.455,0,Medium Risk
Male,Hyderabad,34.0,0,71244.54,2,1,1,56910.55,0,0.31,0,Medium Risk
Male,Mumbai,49.9,4,106961.41,1,1,1,93244.28,0,0.5344,1,Medium Risk
Male,Mumbai,20.9,2,69729.23,1,1,0,78755.12,0,0.4147,0,Medium Risk
Female,Bangalore,40.0,1,38873.28,1,0,1,62666.24,0,0.2776,0,Low Risk
Female,Hyderabad,52.8,8,93848.85,1,1,0,134871.15,0,0.3776,0,Medium Risk
Female,Kolkata,27.2,1,90442.07,2,1,0,104545.31,0,0.4258,0,Medium Risk
Male,Hyderabad,47.1,10,64744.49,2,1,1,15000.0,0,0.2881,0,Low Risk
Male,Bangalore,51.3,6,90796.75,1,1,0,157595.51,0,0.6766,1,High Risk
Female,Kolkata,31.4,9,49445.64,2,1,1,73590.81,0,0.1302,0,Low Risk
Female,Bangalore,37.7,10,63394.11,1,1,1,128711.47,0,0.2907,0,Low Risk
Female,Pune,57.8,7,31287.35,2,0,0,70009.96,0,0.3911,0,Medium Risk
Male,Pune,49.6,5,87298.98,1,1,0,114288.48,1,0.5867,1,Medium Risk
Male,Pune,51.5,4,74255.01,1,1,0,161631.8,1,0.562,1,Medium Risk
Male,Chennai,47.1,10,50214.65,2,1,1,138812.42,0,0.2217,0,Low Risk
Male,Mumbai,39.0,8,75734.31,1,1,1,131653.05,0,0.3778,0,Medium Risk
Female,Delhi,39.3,3,73178.14,1,1,1,55207.55,0,0.5064,1,Medium Risk
Female,Chennai,34.3,7,69400.88,1,1,1,56814.77,0,0.308,0,Medium Risk
Female,Delhi,34.9,4,82109.35,2,0,0,135317.37,0,0.5028,1,Medium Risk
Male,Delhi,32.0,0,65501.16,2,0,0,112149.08,0,0.5737,1,Medium Risk
Female,Mumbai,49.3,9,38943.39,1,1,0,91613.22,0,0.216,0,Low Risk
Male,Mumbai,48.7,8,68290.96,2,0,0,109579.15,0,0.5719,1,Medium Risk
Female,Pune,30.1,3,83515.32,2,0,1,46303.52,0,0.2388,0,Low Risk
Female,Pune,31.9,2,48104.37,2,0,1,62430.45,0,0.2383,0,Low Risk
Male,Delhi,60.6,2,27664.13,1,1,1,63977.78,0,0.2523,0,Low Risk
Male,Bangalore,44.2,6,55086.0,2,1,1,87329.37,0,0.4084,0,Medium Risk
Male,Mumbai,40.4,9,78294.72,2,0,1,123975.5,1,0.2368,0,Low Risk
Female,Delhi,39.7,7,61083.56,1,0,1,153908.76,0,0.2826,0,Low Risk
Female,Kolkata,33.0,1,70551.6,1,1,1,78051.45,0,0.3867,0,Medium Risk
Male,Mumbai,58.9,0,35393.75,3,1,1,40266.98,0,0.4667,0,Medium Risk
Female,Pune,27.8,3,88976.67,2,1,0,26567.2,0,0.3029,0,Medium Risk
Male,Mumbai,64.9,5,75799.82,3,1,1,29616.91,0,0.5384,1,Medium Risk
Female,Mumbai,55.1,2,81005.4,1,0,1,20340.77,0,0.4876,0,Medium Risk
Male,Chennai,21.1,8,22185.64,1,0,0,102271.31,0,0.1309,0,Low Risk
Male,Mumbai,35.0,7,127772.27,1,1,0,51342.17,0,0.6021,1,High Risk
Male,Mumbai,47.8,10,66862.33,2,0,0,120035.62,0,0.3995,0,Medium Risk
Male,Mumbai,57.8,0,62466.09,2,1,1,131513.47,0,0.4219,0,Medium Risk
Male,Delhi,27.7,1,18977.18,2,1,1,70844.86,0,0.1106,0,Low Risk
Female,Bangalore,46.3,8,86189.35,1,1,0,108080.81,0,0.5883,1,Medium Risk
Male,Bangalore,30.2,7,67505.18,2,1,1,81856.39,0,0.2407,0,Low Risk
Male,Hyderabad,51.9,5,104751.6,1,0,0,88383.36,0,0.5255,1,Medium Risk
Female,Bangalore,49.5,1,62884.43,1,1,1,34620.03,0,0.4786,0,Medium Risk
Female,Kolkata,35.2,1,93780.64,2,1,0,125951.07,0,0.5277,1,Medium Risk
Female,Mumbai,40.2,2,116752.97,1,0,0,20002.95,0,0.5712,1,Medium Risk
Male,Hyderabad,44.7,6,46146.27,1,0,1,15000.0,0,0.2449,0,Low Risk
Female,Delhi,52.9,7,82345.07,1,1,1,64780.36,0,0.3864,0,Medium Risk
Female,Mumbai,55.3,5,48567.08,1,1,0,87214.95,0,0.4268,0,Medium Risk
Male,Chennai,39.2,1,37994.15,2,1,0,95488.74,0,0.3307,0,Medium Risk
Male,Bangalore,25.7,6,54362.83,4,0,0,104771.47,0,0.5897,1,Medium Risk
Male,Hyderabad,52.8,4,97719.49,1,0,1,100803.85,0,0.3982,0,Medium Risk
Male,Pune,50.7,9,113447.96,1,0,0,113255.18,0,0.3827,0,Medium Risk
Male,Mumbai,62.6,8,74964.05,1,1,0,105757.67,0,0.6148,1,High Risk
Female,Chennai,61.9,9,91874.32,2,0,1,57820.28,0,0.2408,0,Low Risk
Female,Mumbai,51.7,1,20718.21,2,0,1,83783.84,0,0.1956,0,Low Risk
Male,Bangalore,36.8,10,18278.89,1,1,0,117402.22,0,0.1757,0,Low Risk
Male,Pune,54.7,3,85723.31,1,1,0,116921.13,0,0.577,1,Medium Risk
Male,Mumbai,27.8,9,23149.91,1,0,1,34887.65,0,0.0928,0,Low Risk
Male,Hyderabad,39.0,2,42220.48,1,1,0,59150.09,0,0.4501,0,Medium Risk
Female,Mumbai,34.4,0,54633.87,1,1,1,105213.03,0,0.4184,0,Medium Risk
Male,Kolkata,49.1,3,102987.36,1,1,0,124660.15,0,0.645,1,High Risk
Female,Chennai,28.5,5,38018.32,1,0,0,43742.54,0,0.1758,0,Low Risk
Male,Delhi,31.8,4,84153.54,1,0,0,74850.84,1,0.5635,1,Medium Risk
Female,Kolkata,41.7,2,45070.11,1,1,1,76131.48,0,0.3312,0,Medium Risk
Female,Mumbai,53.6,7,46566.21,2,1,1,93401.64,0,0.3254,0,Medium Risk
Female,Mumbai,22.6,6,103625.78,2,1,1,97157.1,0,0.2346,0,Low Risk
Female,Chennai,53.7,1,111355.26,1,1,0,69665.02,0,0.6274,1,High Risk
Male,Delhi,55.1,10,64543.83,4,1,0,125565.86,1,0.4758,0,Medium Risk
Male,Delhi,37.8,6,56932.88,2,0,0,111135.5,0,0.5606,1,Medium Risk
Female,Mumbai,31.6,2,51766.88,4,1,0,122162.76,0,0.6341,1,High Risk
Male,Delhi,53.2,5,24661.65,2,1,0,124839.45,0,0.2345,0,Low Risk
Male,Kolkata,48.9,0,60261.36,2,1,1,99046.0,0,0.4509,0,Medium Risk
Female,Delhi,51.0,7,65218.81,2,0,1,58044.01,0,0.3438,0,Medium Risk
Female,Mumbai,38.4,1,88577.63,1,1,0,119889.4,0,0.5838,1,Medium Risk
Female,Mumbai,36.3,6,46186.54,2,1,0,78712.1,0,0.3015,0,Medium Risk
Female,Delhi,55.3,10,36994.17,2,1,0,76303.87,0,0.2169,0,Low Risk
Male,Delhi,54.1,0,67147.87,2,1,0,71177.24,0,0.6612,1,High Risk
Female,Kolkata,37.1,7,76806.14,1,1,0,16549.73,1,0.5227,1,Medium Risk
Male,Bangalore,60.6,7,54788.52,4,1,0,58316.78,0,0.6366,1,High Risk
Male,Mumbai,41.9,8,32855.36,2,1,0,87516.11,0,0.2363,0,Low Risk
Male,Chennai,30.5,6,89366.8,2,0,0,85056.71,0,0.4686,0,Medium Risk
Female,Delhi,41.1,10,52623.45,2,1,1,28409.6,0,0.2058,0,Low Risk
Male,Mumbai,50.0,0,44575.94,3,1,1,113934.21,1,0.4892,1,Medium Risk
Male,Kolkata,45.8,4,108805.14,1,1,0,108757.51,1,0.6539,1,High Risk
Female,Delhi,38.8,8,65391.37,2,0,0,106782.06,0,0.481,0,Medium Risk
Female,Bangalore,70.6,10,95810.89,2,1,1,40886.49,0,0.3005,0,Medium Risk
Male,Hyderabad,34.3,8,93734.29,1,1,1,42795.71,0,0.295,0,Low Risk
Male,Delhi,34.5,7,65724.3,1,0,0,124103.0,0,0.6107,1,High Risk
Female,Hyderabad,37.4,3,57794.74,2,0,1,53531.89,0,0.2328,0,Low Risk
Male,Bangalore,46.5,6,47701.75,1,1,1,111411.63,0,0.3603,0,Medium Risk
Female,Delhi,34.6,6,43988.14,2,0,1,35685.64,0,0.1959,0,Low Risk
Male,Kolkata,53.8,5,106983.99,2,0,1,85056.71,1,0.4325,0,Medium Risk
Female,Pune,46.1,5,61243.87,2,1,1,54495.81,0,0.4069,0,Medium Risk
Male,Bangalore,31.3,7,38157.12,3,1,1,98981.54,1,0.2304,0,Low Risk
Male,Delhi,31.9,9,98715.16,1,0,1,117550.39,0,0.1713,0,Low Risk
Male,Pune,31.8,8,79183.67,2,1,0,103938.13,0,0.4274,0,Medium Risk
Male,Delhi,46.8,9,87521.39,1,1,0,95522.31,1,0.3824,0,Medium Risk
Female,Delhi,21.8,7,76627.68,1,0,1,25673.5,0,0.1547,0,Low Risk
Male,Delhi,39.6,0,110066.76,1,1,0,91601.01,0,0.6568,1,High Risk
Female,Kolkata,48.7,0,118940.7,2,0,0,53966.64,0,0.5533,1,Medium Risk
Male,Hyderabad,45.7,6,81573.66,1,1,1,87422.37,0,0.3763,0,Medium Risk
Male,Bangalore,41.6,8,89284.63,1,0,1,77370.51,0,0.4281,0,Medium Risk
Female,Hyderabad,40.0,4,23500.86,2,1,0,79517.75,0,0.1285,0,Low Risk
Female,Delhi,18.0,7,51625.04,1,1,0,57688.11,0,0.1993,0,Low Risk
Female,Kolkata,36.6,6,96392.42,1,1,1,126575.69,0,0.3117,0,Medium Risk
Female,Kolkata,49.5,6,87481.63,2,1,1,71671.24,0,0.3286,0,Medium Risk
Male,Delhi,34.5,5,34951.39,1,1,0,45829.56,0,0.2836,0,Low Risk
Male,Pune,53.5,9,56422.06,1,1,0,71415.29,0,0.3693,0,Medium Risk
Female,Pune,43.6,9,82928.21,2,1,0,81618.18,0,0.3405,0,Medium Risk
Female,Delhi,18.0,0,53232.32,1,0,1,123368.84,0,0.16,0,Low Risk
Male,Bangalore,43.4,10,44111.56,2,1,0,85263.67,0,0.373,0,Medium Risk
Male,Mumbai,45.3,8,68875.21,1,1,0,94412.12,0,0.591,1,Medium Risk
Male,Mumbai,57.6,6,50168.52,2,0,1,67864.79,1,0.3809,0,Medium Risk
Male,Bangalore,47.9,8,51288.91,1,1,0,78431.3,0,0.5322,1,Medium Risk
Male,Pune,29.8,10,24231.34,2,0,0,112991.87,0,0.0946,0,Low Risk
Female,Hyderabad,44.5,10,25400.92,2,1,0,60457.44,0,0.1698,0,Low Risk
Female,Mumbai,42.6,3,9551.82,1,0,0,112190.23,0,0.231,0,Low Risk
Female,Mumbai,22.0,3,60226.76,1,1,0,67716.33,0,0.318,0,Medium Risk
Female,Bangalore,31.3,3,32116.22,1,0,1,88660.76,0,0.1826,0,Low Risk
Female,Kolkata,45.8,10,62170.1,2,1,0,52641.35,0,0.3472,0,Medium Risk
Female,Hyderabad,45.1,2,49616.82,3,0,1,51966.67,0,0.5082,1,Medium Risk
Female,Mumbai,47.6,2,64759.46,1,0,0,125453.46,0,0.5977,1,Medium Risk
Female,Bangalore,29.8,4,15990.76,2,1,1,86754.14,1,0.1184,0,Low Risk
Female,Mumbai,49.9,5,0.0,1,1,1,74167.37,0,0.2164,0,Low Risk
Male,Bangalore,38.4,10,25179.27,2,1,1,78696.9,0,0.1645,0,Low Risk
Female,Mumbai,26.4,9,24225.89,2,0,0,58007.26,0,0.0598,0,Low Risk
Female,Bangalore,38.1,2,15579.8,2,0,0,129270.0,0,0.2306,0,Low Risk
Female,Delhi,39.5,0,78616.26,1,0,1,69659.37,0,0.4899,1,Medium Risk
Male,Chennai,32.6,0,34427.11,2,0,0,70397.31,0,0.2608,0,Low Risk
Male,Mumbai,27.9,6,77770.74,2,0,1,116945.7,0,0.2567,0,Low Risk
Male,Bangalore,18.0,9,76128.71,2,0,1,84469.59,0,0.145,0,Low Risk
Male,Mumbai,40.2,10,71299.44,2,1,0,66648.88,0,0.3894,0,Medium Risk
Male,Kolkata,52.2,5,77554.13,1,1,0,76350.33,1,0.6624,1,High Risk
Male,Hyderabad,36.6,8,87920.25,2,1,1,28415.58,0,0.2903,0,Low Risk
Male,Delhi,36.9,9,25055.25,1,0,1,74762.9,0,0.0956,0,Low Risk
Female,Delhi,26.8,2,26608.61,2,1,1,44897.75,0,0.131,0,Low Risk
Male,Pune,28.4,5,89176.01,2,0,1,91122.53,0,0.2932,0,Low Risk
Male,Chennai,35.6,6,48583.6,2,0,1,71691.86,0,0.1879,0,Low Risk
Male,Chennai,31.4,6,71609.15,1,1,0,29360.84,0,0.5747,1,Medium Risk
Female,Hyderabad,39.8,2,104244.96,1,1,1,106494.46,0,0.4144,0,Medium Risk
Male,Hyderabad,46.8,1,70434.97,2,1,0,153602.27,0,0.4756,0,Medium Risk
Female,Mumbai,39.2,3,51307.27,2,1,0,100416.69,1,0.4607,0,Medium Risk
Male,Delhi,26.4,2,49137.68,2,0,1,84943.9,0,0.1873,0,Low Risk
Female,Chennai,50.1,10,42328.3,1,1,1,77398.73,0,0.2992,0,Low Risk
Female,Delhi,52.9,0,74544.64,2,1,1,93985.05,0,0.4856,0,Medium Risk
Male,Mumbai,24.8,8,105717.11,1,0,1,66961.32,0,0.2434,0,Low Risk
Female,Mumbai,22.9,8,139708.34,1,1,1,107975.53,0,0.254,0,Low Risk
Female,Hyderabad,29.0,7,65468.18,1,0,0,76570.15,0,0.2562,0,Low Risk
Male,Mumbai,40.4,4,32507.86,1,1,0,63826.29,1,0.256,0,Low Risk
Male,Mumbai,59.9,3,89679.39,1,0,1,107366.93,0,0.5207,1,Medium Risk
Female,Mumbai,42.1,7,79217.36,1,1,0,87064.69,0,0.5895,1,Medium Risk
Male,Mumbai,29.8,9,67759.19,1,1,0,65738.11,0,0.2542,0,Low Risk
Female,Mumbai,33.8,7,56081.82,2,1,0,136212.91,0,0.4961,1,Medium Risk
Male,Kolkata,42.7,8,70935.38,1,1,1,51045.75,0,0.315,0,Medium Risk
Female,Delhi,28.9,1,62180.35,1,1,0,32870.11,0,0.3453,0,Medium Risk
Male,Delhi,39.0,3,112401.21,1,1,1,170818.22,0,0.5112,1,Medium Risk
Male,Chennai,25.3,4,65676.14,1,1,0,131830.94,0,0.3776,0,Medium Risk
Male,Delhi,48.3,4,76672.84,1,0,1,57666.48,0,0.5336,1,Medium Risk
Female,Delhi,27.8,8,61983.15,2,1,0,97294.64,0,0.3023,0,Medium Risk
Male,Delhi,27.1,1,48794.32,2,1,0,45067.47,0,0.2691,0,Low Risk
Male,Bangalore,44.2,0,22351.14,2,0,0,82798.98,0,0.2976,0,Low Risk
Female,Delhi,32.1,8,89565.49,2,0,1,112711.73,0,0.2199,0,Low Risk
Male,Delhi,31.2,4,62695.95,1,1,0,96430.18,0,0.5377,1,Medium Risk
Female,Hyderabad,29.2,5,45882.08,1,0,1,83363.46,0,0.1296,0,Low Risk
Female,Kolkata,30.9,5,61212.94,1,1,1,55293.55,0,0.2758,0,Low Risk
Female,Kolkata,55.1,1,57197.62,2,1,0,48109.49,1,0.5316,1,Medium Risk
Male,Kolkata,45.4,0,68509.65,1,1,1,77374.73,0,0.4609,0,Medium Risk
Male,Hyderabad,49.6,8,73288.13,1,1,1,71970.65,0,0.4261,0,Medium Risk
Female,Delhi,26.6,0,44158.64,2,0,1,134748.44,0,0.1502,0,Low Risk
Male,Pune,46.2,0,51486.99,1,0,0,77096.54,0,0.4728,0,Medium Risk
Female,Pune,36.0,3,59015.08,1,1,0,89417.6,0,0.4919,1,Medium Risk
Male,Pune,27.1,1,36952.84,4,0,0,97087.66,1,0.3923,0,Medium Risk
Female,Hyderabad,27.8,1,96668.41,2,1,0,67496.73,0,0.2346,0,Low Risk
Female,Mumbai,51.4,6,56243.46,1,0,0,61416.61,1,0.572,1,Medium Risk
Male,Pune,37.2,10,95962.12,1,0,1,90509.66,0,0.3139,0,Medium Risk
Male,Mumbai,43.8,0,28541.85,2,1,0,108075.83,0,0.2756,0,Low Risk
Male,Mumbai,35.8,4,66674.01,1,1,1,92980.4,1,0.4571,0,Medium Risk
Male,Hyderabad,41.2,10,46803.86,1,1,0,127114.43,0,0.2273,0,Low Risk
Female,Chennai,48.1,6,12146.15,1,1,0,99154.19,0,0.2543,0,Low Risk
Male,Chennai,52.4,0,44434.36,1,1,0,44770.21,0,0.3942,0,Medium Risk
Female,Mumbai,32.8,6,25880.62,2,0,0,163999.73,0,0.2239,0,Low Risk
Male,Delhi,43.5,0,79079.53,2,1,0,129404.93,0,0.642,1,High Risk
Female,Bangalore,51.5,0,74630.03,1,1,1,106799.45,0,0.4952,1,Medium Risk
Female,Pune,50.5,10,75223.96,2,1,1,119962.83,0,0.29,0,Low Risk
Male,Delhi,37.7,7,97655.5,1,0,0,110450.73,0,0.6184,1,High Risk
Female,Kolkata,43.6,10,82257.16,2,1,1,46673.02,0,0.1763,0,Low Risk
Female,Hyderabad,45.3,7,75522.69,2,0,1,75455.11,0,0.314,0,Medium Risk
Female,Chennai,59.1,9,16553.12,1,1,1,78601.45,0,0.2031,0,Low Risk
Male,Chennai,33.4,10,59613.34,2,1,1,140256.62,0,0.1763,0,Low Risk
Male,Pune,42.4,2,118598.49,1,1,1,113543.36,0,0.4775,0,Medium Risk
Female,Pune,44.0,2,20384.03,1,0,0,98527.5,0,0.2697,0,Low Risk
Female,Mumbai,36.0,6,95472.49,1,1,1,59141.6,1,0.406,0,Medium Risk
Male,Mumbai,23.7,3,57769.57,2,1,1,36161.42,0,0.3249,0,Medium Risk
Male,Chennai,20.0,2,61206.58,2,1,0,64769.12,0,0.3082,0,Medium Risk
Male,Delhi,33.3,1,92535.53,1,1,0,85477.76,0,0.6509,1,High Risk
Female,Pune,41.1,5,87695.15,2,1,0,130374.12,0,0.505,1,Medium Risk
Female,Hyderabad,56.8,2,95975.37,2,1,1,58087.21,1,0.3835,0,Medium Risk
Male,Chennai,18.0,10,89357.58,1,1,0,71635.44,0,0.2035,0,Low Risk
Female,Bangalore,53.6,7,105194.82,1,1,1,43214.44,0,0.4403,0,Medium Risk
Female,Chennai,51.2,0,105401.11,1,1,1,54479.78,0,0.4403,0,Medium Risk
Female,Delhi,38.3,5,103183.66,2,1,1,112888.46,0,0.4715,0,Medium Risk
Female,Bangalore,34.0,8,55051.65,2,1,0,99786.29,0,0.484,0,Medium Risk
Female,Kolkata,33.4,7,54082.15,2,1,1,88662.47,0,0.2259,0,Low Risk
Female,Chennai,56.1,3,129183.26,2,1,1,105344.4,0,0.4052,0,Medium Risk
Male,Bangalore,52.0,9,39809.08,2,0,0,75706.2,0,0.318,0,Medium Risk
Male,Chennai,53.9,10,82319.73,1,0,1,92643.58,1,0.2876,0,Low Risk
Female,Mumbai,22.0,0,82057.18,2,0,1,62304.34,0,0.2308,0,Low Risk
Female,Bangalore,33.5,5,84392.43,2,1,1,86508.62,0,0.4295,0,Medium Risk
Female,Bangalore,27.0,2,84802.7,1,0,1,60915.25,0,0.2639,0,Low Risk
Female,Mumbai,38.8,1,39746.06,2,0,1,64472.75,0,0.2351,0,Low Risk
Female,Mumbai,28.3,6,48829.51,2,0,0,70301.86,0,0.2287,0,Low Risk
Female,Mumbai,49.0,9,58260.54,1,0,0,104729.47,0,0.4028,0,Medium Risk
Male,Hyderabad,35.8,6,100158.42,1,1,1,41340.72,0,0.3081,0,Medium Risk
Female,Chennai,32.5,9,73084.97,1,1,0,114431.27,0,0.3723,0,Medium Risk
Male,Bangalore,44.2,9,91670.93,2,1,1,87385.24,1,0.2904,0,Low Risk
Male,Pune,40.9,3,67486.17,2,0,1,79744.27,1,0.4016,0,Medium Risk
Female,Pune,54.0,7,0.0,1,1,1,137708.54,0,0.1955,0,Low Risk
Male,Pune,32.4,7,49657.68,1,1,0,160440.92,0,0.3516,0,Medium Risk
Male,Mumbai,39.4,0,36596.04,2,1,0,113132.1,1,0.2716,0,Low Risk
Female,Bangalore,43.7,7,65028.14,2,1,0,61743.88,0,0.5731,1,Medium Risk
Male,Bangalore,43.2,4,59606.09,2,1,0,103932.68,0,0.6095,1,High Risk
Male,Kolkata,50.3,5,62510.74,1,1,0,76721.08,0,0.6263,1,High Risk
Male,Pune,55.1,5,49314.71,1,1,0,130131.6,0,0.4328,0,Medium Risk
Male,Mumbai,48.3,6,69133.42,1,0,1,47227.67,0,0.4482,0,Medium Risk
Female,Hyderabad,18.8,4,31053.83,2,1,1,93918.96,0,0.0963,0,Low Risk
Male,Mumbai,46.9,4,50867.38,2,0,0,123530.43,0,0.4811,0,Medium Risk
Female,Mumbai,41.4,5,23243.35,2,1,0,146280.7,0,0.1938,0,Low Risk
Female,Bangalore,33.9,5,52372.12,2,1,1,64166.33,0,0.3532,0,Medium Risk
Male,Pune,37.0,3,99981.46,1,1,1,111559.28,1,0.4658,0,Medium Risk
Female,Mumbai,52.5,7,72299.66,1,0,1,78265.35,0,0.4248,0,Medium Risk
Male,Bangalore,18.0,10,62765.7,1,1,1,107556.38,0,0.1465,0,Low Risk
Female,Pune,40.6,6,43694.86,1,0,0,27053.14,1,0.3391,0,Medium Risk
Female,Kolkata,61.1,10,50973.73,2,1,0,110722.5,1,0.363,0,Medium Risk
Male,Pune,57.9,3,44274.33,1,1,1,76299.83,0,0.3561,0,Medium Risk
Male,Bangalore,37.4,10,83194.31,1,1,1,45011.76,0,0.3371,0,Medium Risk
Female,Mumbai,30.3,8,43385.8,1,1,1,63734.35,0,0.1614,0,Low Risk
Female,Mumbai,28.3,3,46202.85,1,1,1,71519.47,0,0.2496,0,Low Risk
Male,Kolkata,39.0,9,48458.05,1,1,1,119814.76,0,0.1673,0,Low Risk
Male,Bangalore,41.8,9,48761.8,2,0,1,66476.93,0,0.2639,0,Low Risk
Female,Mumbai,43.5,4,26035.04,1,0,0,137018.85,1,0.265,0,Low Risk
Female,Delhi,34.3,3,19417.13,1,1,1,41365.11,0,0.1403,0,Low Risk
Male,Mumbai,62.4,2,45476.59,1,0,0,97111.94,0,0.3437,0,Medium Risk
Female,Hyderabad,45.1,8,78195.48,1,0,1,55586.71,0,0.3077,0,Medium Risk
Female,Chennai,28.1,5,106822.91,2,1,1,51946.72,0,0.2088,0,Low Risk
Female,Bangalore,36.6,4,52402.84,2,0,1,84959.8,0,0.3607,0,Medium Risk
Male,Pune,43.1,8,70026.76,1,1,1,69968.53,0,0.4427,0,Medium Risk
Male,Mumbai,34.8,7,73964.86,1,1,1,94511.0,0,0.3592,0,Medium Risk
Male,Hyderabad,33.7,5,71715.86,1,1,0,130993.14,0,0.478,0,Medium Risk
Male,Kolkata,40.0,3,50404.55,1,0,1,64231.81,0,0.3212,0,Medium Risk
Male,Pune,47.1,9,47536.63,1,1,1,63295.63,1,0.2753,0,Low Risk
Male,Mumbai,27.7,7,71945.64,2,0,0,62501.3,0,0.3526,0,Medium Risk
Female,Mumbai,33.1,1,51173.56,2,1,0,27551.08,0,0.4373,0,Medium Risk
Male,Mumbai,46.4,8,59985.9,1,0,1,78834.92,0,0.3847,0,Medium Risk
Male,Mumbai,35.3,0,70811.19,2,1,1,65627.21,0,0.4236,0,Medium Risk
Male,Bangalore,45.2,0,86970.71,1,1,1,50365.86,1,0.5137,1,Medium Risk
Female,Pune,43.1,6,84106.84,2,1,1,15000.0,0,0.3693,0,Medium Risk
Female,Mumbai,18.0,2,63089.04,1,1,0,46300.23,0,0.2521,0,Low Risk
Female,Delhi,54.6,9,62170.84,2,1,0,124331.86,0,0.2664,0,Low Risk
Female,Hyderabad,18.0,5,48015.11,1,1,0,142343.25,0,0.1239,0,Low Risk
Male,Mumbai,40.1,10,66564.13,2,1,1,49646.54,0,0.328,0,Medium Risk
Male,Chennai,31.6,7,91907.7,2,1,1,96488.7,0,0.2437,0,Low Risk
Male,Hyderabad,27.0,10,71688.55,2,1,0,56176.03,0,0.212,0,Low Risk
Male,Chennai,47.4,3,58196.49,1,1,0,135239.37,1,0.6351,1,High Risk
Male,Delhi,54.4,9,62631.19,1,0,0,157198.47,0,0.3604,0,Medium Risk
Male,Kolkata,39.7,2,62896.8,1,0,0,142153.85,0,0.5947,1,Medium Risk
Male,Delhi,43.0,6,84473.06,1,1,1,146464.69,0,0.4828,0,Medium Risk
Female,Delhi,18.0,1,65375.92,1,1,0,44229.06,0,0.2459,0,Low Risk
Male,Bangalore,40.7,2,74845.25,1,0,0,95610.95,0,0.677,1,High Risk
Female,Pune,41.7,9,67683.93,2,0,1,106758.98,0,0.2334,0,Low Risk
Female,Mumbai,47.0,6,47028.61,1,0,1,124857.34,0,0.3645,0,Medium Risk
Male,Mumbai,35.5,1,46674.39,2,1,1,63114.42,0,0.2813,0,Low Risk
Male,Bangalore,42.2,9,64155.99,1,0,1,54988.25,0,0.2798,0,Low Risk
Female,Bangalore,36.1,8,52871.56,2,1,0,120389.16,0,0.4673,0,Medium Risk
Male,Mumbai,41.4,9,120866.69,2,0,1,37300.38,0,0.2892,0,Low Risk
Male,Delhi,46.0,7,26371.25,2,0,0,70763.35,0,0.277,0,Low Risk
Male,Hyderabad,34.8,5,48484.93,2,1,1,100419.13,0,0.2108,0,Low Risk
Male,Kolkata,35.2,2,70150.0,2,1,0,79476.51,0,0.6233,1,High Risk
Female,Delhi,19.4,10,37432.34,2,0,1,35532.81,0,0.0772,0,Low Risk
Male,Mumbai,50.7,9,55845.48,1,1,1,38935.17,0,0.3147,0,Medium Risk
Male,Mumbai,18.0,10,37660.56,1,1,0,91521.49,0,0.1126,0,Low Risk
Male,Chennai,54.4,2,51328.09,2,0,1,78378.95,0,0.3044,0,Medium Risk
Female,Chennai,22.3,9,54465.8,2,1,1,79753.37,0,0.1083,0,Low Risk
Male,Mumbai,49.6,0,43437.42,1,0,1,69121.59,0,0.326,0,Medium Risk
Female,Mumbai,40.9,8,85913.96,1,1,0,103626.11,0,0.553,1,Medium Risk
Male,Delhi,42.6,1,63050.54,2,0,1,57119.57,0,0.4397,0,Medium Risk
Male,Pune,26.6,10,50416.78,3,0,1,126833.09,0,0.317,0,Medium Risk
Female,Hyderabad,45.3,4,101754.06,1,1,1,49338.53,0,0.3745,0,Medium Risk
Female,Delhi,34.6,6,76807.91,1,0,0,38379.89,0,0.5142,1,Medium Risk
Male,Bangalore,33.9,5,34651.06,4,1,0,93748.44,0,0.4324,0,Medium Risk
Female,Kolkata,37.4,9,61391.96,1,1,0,124516.21,0,0.3035,0,Medium Risk
Female,Mumbai,31.6,3,89913.81,2,1,0,85056.71,0,0.4452,0,Medium Risk
Male,Bangalore,31.0,2,102964.73,3,1,1,110874.26,1,0.4897,1,Medium Risk
Female,Delhi,40.9,4,79907.21,1,0,0,85056.71,0,0.5381,1,Medium Risk
Female,Delhi,66.5,5,60254.07,1,1,1,83296.06,1,0.4723,0,Medium Risk
Female,Chennai,33.9,3,150000.0,1,0,0,103968.22,0,0.5999,1,Medium Risk
Male,Mumbai,28.3,1,59545.47,4,1,1,83081.38,0,0.3411,0,Medium Risk
Male,Chennai,25.9,10,75724.56,1,1,1,97877.55,0,0.156,0,Low Risk
Male,Delhi,30.9,0,89115.08,2,0,0,88379.72,0,0.5199,1,Medium Risk
Male,Delhi,21.7,6,28714.99,1,1,0,97993.0,1,0.1908,0,Low Risk
Female,Delhi,20.1,4,59903.62,2,1,1,114278.39,0,0.1456,0,Low Risk
Female,Pune,63.7,5,46872.42,1,0,1,69034.09,0,0.4402,0,Medium Risk
Male,Mumbai,38.6,6,73079.89,1,0,1,118599.73,0,0.4136,0,Medium Risk
Female,Mumbai,56.5,1,47261.91,1,0,1,59804.99,0,0.4308,0,Medium Risk
Female,Pune,52.4,2,106280.88,1,1,1,131534.03,0,0.4669,0,Medium Risk
Male,Bangalore,25.2,9,53476.53,2,0,0,117776.57,0,0.2379,0,Low Risk
Female,Delhi,45.8,6,85734.31,2,1,1,61735.01,0,0.442,0,Medium Risk
Female,Chennai,40.5,7,45161.15,1,0,1,29904.04,0,0.2297,0,Low Risk
Female,Kolkata,24.2,0,47061.69,1,1,1,93798.29,0,0.2757,0,Low Risk
Male,Chennai,40.5,10,101941.7,2,1,1,88396.68,0,0.2616,0,Low Risk
Male,Kolkata,39.4,1,66528.49,2,1,1,48944.41,1,0.3803,0,Medium Risk
Male,Mumbai,48.0,9,86586.14,2,0,1,52300.47,0,0.3045,0,Medium Risk
Male,Delhi,22.4,5,90058.62,1,0,1,108031.5,0,0.2891,0,Low Risk
Male,Delhi,40.5,10,23010.55,2,1,1,121033.19,0,0.1026,0,Low Risk
Male,Mumbai,35.7,10,51516.56,2,1,1,111917.31,0,0.2408,0,Low Risk
Male,Delhi,45.3,1,0.0,2,0,1,111183.35,0,0.2153,0,Low Risk
Female,Mumbai,47.3,9,79787.75,1,1,1,128499.72,1,0.2954,0,Low Risk
Male,Kolkata,19.5,9,64094.14,1,0,1,58668.09,0,0.154,0,Low Risk
Male,Mumbai,47.1,0,51378.56,1,1,0,67066.56,0,0.5722,1,Medium Risk
Male,Delhi,44.1,1,95955.28,2,0,1,159470.43,0,0.4913,1,Medium Risk
Female,Bangalore,62.8,0,54608.22,1,0,1,55591.62,0,0.4746,0,Medium Risk
Male,Delhi,31.5,3,68246.61,2,1,0,142209.08,0,0.5192,1,Medium Risk
Male,Kolkata,37.9,0,85965.12,2,0,0,108505.36,0,0.6419,1,High Risk
Male,Pune,35.8,0,53445.61,1,0,1,41186.73,0,0.3181,0,Medium Risk
Female,Pune,45.1,9,76402.27,1,1,0,63630.42,0,0.3211,0,Medium Risk
Male,Hyderabad,19.6,2,70831.83,1,1,0,61998.98,0,0.3308,0,Medium Risk
Female,Delhi,60.4,5,41107.11,2,1,1,76942.49,0,0.3067,0,Medium Risk
Male,Delhi,60.3,7,58857.46,2,0,1,42689.72,0,0.4082,0,Medium Risk
Male,Mumbai,56.5,4,86720.46,2,1,0,81967.78,1,0.6293,1,High Risk
Female,Pune,47.0,0,22303.47,1,1,1,108192.65,0,0.21,0,Low Risk
Male,Kolkata,48.5,4,120381.66,2,0,1,89843.44,0,0.417,0,Medium Risk
Male,Pune,59.2,6,54667.34,1,1,0,130820.98,0,0.5337,1,Medium Risk
Female,Chennai,41.7,9,148576.34,1,1,1,85056.71,0,0.2504,0,Low Risk
Female,Bangalore,39.7,0,65172.33,1,0,0,63848.05,0,0.5851,1,Medium Risk
Male,Kolkata,33.8,0,52294.75,1,0,1,144879.85,0,0.3376,0,Medium Risk
Male,Kolkata,25.0,4,42242.86,1,1,0,122762.52,0,0.1993,0,Low Risk
Female,Delhi,40.1,6,62290.02,2,0,1,126266.55,0,0.3389,0,Medium Risk
Male,Mumbai,45.1,1,57902.4,2,1,1,69045.19,0,0.4402,0,Medium Risk
Female,Chennai,30.0,7,39193.52,1,0,0,111787.18,0,0.1903,0,Low Risk
Female,Mumbai,23.8,10,67967.53,2,1,0,54322.9,0,0.1634,0,Low Risk
Female,Mumbai,47.5,3,75302.98,1,0,1,137322.09,0,0.5143,1,Medium Risk
Male,Kolkata,61.5,5,42414.78,2,1,0,79530.11,0,0.3941,0,Medium Risk
Female,Delhi,41.5,6,56802.71,1,1,1,112469.17,0,0.3633,0,Medium Risk
Male,Chennai,61.5,1,94872.42,2,0,1,109705.57,0,0.41,0,Medium Risk
Female,Chennai,41.9,9,73361.16,2,1,0,59576.31,1,0.3252,0,Medium Risk
Male,Mumbai,29.3,8,88436.03,1,1,1,66781.88,0,0.2483,0,Low Risk
Male,Chennai,41.8,2,39044.97,2,1,1,92773.75,0,0.22,0,Low Risk
Male,Kolkata,35.1,3,71448.03,1,1,1,48789.29,1,0.3695,0,Medium Risk
Female,Hyderabad,46.3,7,89435.66,2,1,1,58477.9,0,0.3074,0,Medium Risk
Male,Mumbai,53.5,6,87819.12,1,1,1,90717.33,0,0.4758,0,Medium Risk
Male,Mumbai,42.6,7,61121.79,2,1,0,15000.0,0,0.4777,0,Medium Risk
Male,Hyderabad,36.5,9,65055.98,1,1,0,55971.55,0,0.3632,0,Medium Risk
Female,Kolkata,42.1,3,82997.25,2,1,1,73178.59,0,0.363,0,Medium Risk
Female,Mumbai,39.2,7,34209.22,4,0,0,34077.79,0,0.4987,1,Medium Risk
Male,Bangalore,37.3,5,56604.9,2,1,1,93288.65,0,0.3873,0,Medium Risk
Male,Mumbai,20.8,1,63853.3,1,0,0,51885.27,0,0.3925,0,Medium Risk
Male,Pune,52.9,0,65532.57,1,1,1,122663.99,0,0.4513,0,Medium Risk
Male,Delhi,20.3,7,95230.06,1,1,1,44680.54,0,0.2122,0,Low Risk
Male,Mumbai,36.7,8,0.0,1,1,1,45786.19,0,0.146,0,Low Risk
Male,Mumbai,58.6,5,34486.54,3,1,0,28649.98,0,0.4946,1,Medium Risk
Female,Delhi,65.2,3,40658.55,1,1,1,134309.69,0,0.3215,0,Medium Risk
Female,Bangalore,58.9,2,57865.71,2,1,1,27966.05,0,0.4314,0,Medium Risk
Female,Hyderabad,22.1,7,44224.61,3,1,1,31321.44,0,0.2207,0,Low Risk
Male,Bangalore,24.0,8,35161.55,4,1,0,162698.19,0,0.2261,0,Low Risk
Female,Pune,45.0,10,12615.86,1,0,1,122487.32,0,0.1782,0,Low Risk
Male,Pune,60.2,6,98469.33,1,0,0,81026.2,1,0.5331,1,Medium Risk
Female,Pune,29.9,5,68581.93,1,0,1,46136.54,0,0.2426,0,Low Risk
Female,Mumbai,30.2,7,74048.2,1,0,0,74299.1,0,0.3996,0,Medium Risk
Male,Hyderabad,32.3,7,108761.64,2,0,1,36970.0,0,0.2667,0,Low Risk
Male,Delhi,43.5,1,66054.88,1,0,1,75858.2,0,0.4823,0,Medium Risk
Male,Kolkata,42.5,5,38901.98,1,1,1,37752.66,0,0.2389,0,Low Risk
Female,Delhi,42.7,10,54071.27,1,1,0,96284.15,0,0.2829,0,Low Risk
Male,Delhi,27.0,5,36163.52,2,0,1,152131.78,0,0.1191,0,Low Risk
Male,Mumbai,44.8,5,64426.88,1,1,0,110083.59,1,0.6426,1,High Risk
Male,Pune,50.5,4,66167.36,1,1,1,70552.54,0,0.4584,0,Medium Risk
Female,Chennai,18.0,3,69856.51,2,1,0,32586.6,0,0.2377,0,Low Risk
Female,Chennai,47.5,1,30056.88,1,0,1,118197.72,0,0.2649,0,Low Risk
Female,Delhi,48.2,7,100472.31,3,1,1,63182.92,0,0.5908,1,Medium Risk
Male,Hyderabad,48.0,9,36036.74,4,0,1,51038.03,0,0.3887,0,Medium Risk
Male,Chennai,34.5,5,12569.77,1,1,0,66165.39,0,0.2267,0,Low Risk
Female,Pune,51.2,0,58069.44,1,0,0,51946.81,1,0.4927,1,Medium Risk
Female,Pune,33.6,5,113854.32,2,1,1,85214.5,0,0.3982,0,Medium Risk
Male,Pune,18.0,3,56339.45,3,1,1,15000.0,0,0.2731,0,Low Risk
Male,Mumbai,32.5,7,65175.38,2,1,0,75839.24,0,0.5673,1,Medium Risk
Female,Delhi,34.9,9,62623.44,2,1,0,125875.66,0,0.2572,0,Low Risk
Female,Mumbai,53.4,7,100901.48,2,0,0,122093.7,0,0.5817,1,Medium Risk
Female,Delhi,42.9,4,27521.42,1,0,1,101372.08,0,0.2793,0,Low Risk
Male,Mumbai,28.6,3,66248.49,1,1,1,69261.9,0,0.379,0,Medium Risk
Male,Bangalore,36.5,10,90453.85,1,1,1,63114.71,0,0.3202,0,Medium Risk
Female,Mumbai,46.7,5,56205.28,2,1,0,87232.49,0,0.5256,1,Medium Risk
Male,Delhi,49.0,4,58622.87,2,0,0,56847.92,0,0.6055,1,High Risk
Female,Pune,50.6,6,105468.96,1,1,0,32608.95,0,0.5607,1,Medium Risk
Male,Mumbai,65.4,4,72462.83,1,1,1,85056.71,0,0.5135,1,Medium Risk
Male,Hyderabad,48.1,5,124844.98,1,1,0,66433.45,0,0.5645,1,Medium Risk
Male,Mumbai,30.7,9,59642.68,1,1,0,86942.72,0,0.2896,0,Low Risk
Male,Mumbai,52.7,9,67509.41,1,1,1,55313.68,0,0.3289,0,Medium Risk
Female,Hyderabad,40.6,3,75938.8,1,1,1,69917.69,0,0.3897,0,Medium Risk
Male,Hyderabad,28.3,2,102444.36,2,0,1,124497.06,0,0.2108,0,Low Risk
Female,Kolkata,40.3,0,84410.12,2,0,0,31915.13,1,0.5104,1,Medium Risk
Female,Delhi,50.8,3,54522.31,1,1,1,113725.86,0,0.4303,0,Medium Risk
Female,Kolkata,33.2,1,96462.32,2,1,1,121640.35,1,0.3496,0,Medium Risk
Male,Pune,24.2,7,57055.38,2,1,1,61533.95,0,0.2009,0,Low Risk
Male,Delhi,30.4,3,59815.17,1,1,0,124224.19,0,0.4897,1,Medium Risk
Female,Mumbai,40.1,3,31737.35,2,1,0,40519.09,0,0.2517,0,Low Risk
Male,Pune,39.6,9,62710.32,1,1,1,66840.74,0,0.2587,0,Low Risk
Male,Mumbai,44.5,7,33979.74,1,0,1,48694.11,0,0.2276,0,Low Risk
Male,Hyderabad,38.2,3,32787.17,2,0,1,78069.93,0,0.1377,0,Low Risk
Male,Hyderabad,55.6,9,66108.61,2,0,1,108879.63,0,0.2774,0,Low Risk
Male,Mumbai,38.6,4,26814.38,1,0,1,123700.82,0,0.1558,0,Low Risk
Male,Pune,44.2,6,38310.31,2,0,1,75195.86,0,0.2707,0,Low Risk
Female,Kolkata,48.8,3,41552.39,1,1,0,122761.33,0,0.3771,0,Medium Risk
Female,Kolkata,50.0,4,62207.3,2,1,0,79737.29,0,0.5401,1,Medium Risk
Male,Hyderabad,44.9,1,24196.66,2,1,0,37224.26,0,0.2816,0,Low Risk
Male,Mumbai,40.1,8,52476.38,1,1,0,110433.98,0,0.4921,1,Medium Risk
Male,Kolkata,43.3,6,58803.94,1,1,0,85537.75,0,0.5878,1,Medium Risk
Male,Mumbai,37.8,1,14773.57,2,1,1,140451.56,1,0.1303,0,Low Risk
Male,Hyderabad,52.4,4,63429.26,1,0,1,67169.55,0,0.2936,0,Low Risk
Male,Delhi,74.1,6,105166.49,1,1,0,118184.05,1,0.6782,1,High Risk
Female,Pune,33.2,7,84708.35,2,1,0,88603.72,0,0.5069,1,Medium Risk
Female,Mumbai,41.4,6,61594.79,2,1,0,23640.98,1,0.5212,1,Medium Risk
Male,Bangalore,43.1,10,85900.97,1,1,0,92838.65,1,0.469,0,Medium Risk
Female,Bangalore,38.3,4,100714.73,2,1,1,83215.59,0,0.4606,0,Medium Risk
Female,Mumbai,59.7,9,46356.84,1,1,0,143249.14,0,0.2413,0,Low Risk
Female,Mumbai,40.3,3,34119.8,1,1,1,127378.63,0,0.2488,0,Low Risk
Male,Delhi,59.4,10,96368.24,2,1,1,95770.29,0,0.3317,0,Medium Risk
Male,Pune,51.2,0,60170.92,2,1,1,82296.17,0,0.4225,0,Medium Risk
Male,Mumbai,28.9,9,47105.28,1,1,0,113884.89,0,0.1339,0,Low Risk
Female,Mumbai,18.0,2,56112.87,4,0,0,112558.54,1,0.4151,0,Medium Risk
Female,Chennai,30.2,3,90950.98,2,1,1,85056.71,0,0.2212,0,Low Risk
Female,Pune,32.9,2,44887.56,1,0,1,101855.99,0,0.305,0,Medium Risk
Female,Mumbai,18.0,6,54793.63,2,1,0,104512.06,0,0.2179,0,Low Risk
Female,Bangalore,29.9,0,65683.57,2,1,0,94834.76,0,0.3751,0,Medium Risk
Female,Hyderabad,38.8,0,80247.59,1,1,0,84743.45,0,0.4573,0,Medium Risk
Female,Delhi,30.8,6,19424.73,1,1,1,32221.73,0,0.0863,0,Low Risk
Female,Delhi,41.6,9,67044.35,2,1,0,27553.86,0,0.3204,0,Medium Risk
Female,Bangalore,52.5,8,51688.68,2,0,1,86920.92,0,0.3408,0,Medium Risk
Male,Kolkata,57.3,3,59119.55,1,0,1,15000.0,1,0.3962,0,Medium Risk
Female,Mumbai,47.2,5,82643.88,2,0,1,22046.67,0,0.4476,0,Medium Risk
Female,Bangalore,49.0,5,76449.8,1,1,1,114240.08,0,0.5014,1,Medium Risk
Male,Kolkata,42.1,3,19579.43,2,0,1,78757.2,0,0.1752,0,Low Risk
Male,Bangalore,55.2,10,84487.89,2,1,0,15000.0,0,0.4781,0,Medium Risk
Male,Delhi,45.2,8,95126.89,1,1,0,79408.17,0,0.6195,1,High Risk
Male,Mumbai,38.7,2,11043.86,1,0,0,148461.09,0,0.2006,0,Low Risk
Male,Bangalore,40.3,7,87691.27,1,0,1,75062.36,0,0.4182,0,Medium Risk
Male,Delhi,42.2,10,37042.09,2,0,0,116847.19,0,0.2534,0,Low Risk
Male,Hyderabad,29.7,4,83447.2,1,1,0,88384.04,0,0.3976,0,Medium Risk
Male,Mumbai,47.1,4,57118.0,2,1,0,48898.01,0,0.5761,1,Medium Risk
Male,Delhi,50.8,7,34172.35,1,0,1,89859.07,0,0.2582,0,Low Risk
Female,Bangalore,19.6,9,54594.7,2,1,1,42308.94,0,0.1062,0,Low Risk
Female,Mumbai,50.2,7,57154.96,2,1,0,85056.71,0,0.5326,1,Medium Risk
Male,Chennai,29.0,9,60268.32,1,1,1,66900.66,0,0.1606,0,Low Risk
Female,Mumbai,18.6,9,75750.53,1,1,0,69451.45,0,0.1775,0,Low Risk
Male,Delhi,28.5,1,101493.38,2,1,1,64017.27,0,0.2661,0,Low Risk
Male,Hyderabad,65.4,1,100244.68,1,1,0,71571.57,1,0.6135,1,High Risk
Female,Mumbai,30.3,0,40584.26,2,1,1,75874.24,0,0.1799,0,Low Risk
Female,Bangalore,40.0,1,89019.43,2,0,0,30378.08,0,0.5787,1,Medium Risk
Male,Chennai,23.3,10,82272.93,2,1,0,137896.62,0,0.2236,0,Low Risk
Male,Delhi,41.1,0,26086.17,1,1,1,96022.21,0,0.1812,0,Low Risk
Male,Delhi,42.6,6,63900.48,2,1,0,33029.55,1,0.6103,1,High Risk
Female,Pune,37.6,8,52423.68,1,1,1,72905.81,0,0.3827,0,Medium Risk
Male,Delhi,28.6,9,19772.2,2,1,0,90447.89,0,0.1013,0,Low Risk
Female,Delhi,38.9,1,149644.49,1,1,0,79414.38,1,0.5202,1,Medium Risk
Male,Mumbai,26.2,1,86041.8,2,1,1,111841.02,0,0.3162,0,Medium Risk
Male,Kolkata,37.7,6,79690.08,2,1,1,124751.65,0,0.3118,0,Medium Risk
Male,Delhi,50.0,8,26250.32,2,1,0,65389.76,0,0.2505,0,Low Risk
Female,Mumbai,44.3,8,85554.3,1,0,0,77398.03,0,0.5528,1,Medium Risk
Male,Delhi,46.2,8,66152.31,2,1,1,34858.31,0,0.4234,0,Medium Risk
Female,Delhi,36.7,0,50048.01,2,0,1,128615.65,0,0.3191,0,Medium Risk
Male,Hyderabad,23.2,10,45841.85,1,1,0,91223.82,0,0.1643,0,Low Risk
Male,Kolkata,24.9,7,34196.52,1,0,1,86260.22,0,0.1206,0,Low Risk
Male,Hyderabad,38.4,5,44122.48,2,1,1,87261.47,0,0.2031,0,Low Risk
Female,Chennai,29.9,10,17566.31,1,1,0,78140.68,0,0.112,0,Low Risk
Female,Kolkata,56.3,8,45869.21,1,0,0,54029.67,0,0.3957,0,Medium Risk
Male,Delhi,55.9,2,56312.98,2,0,0,30941.51,0,0.5889,1,Medium Risk
Male,Delhi,36.3,9,34743.95,2,1,0,78702.01,0,0.1772,0,Low Risk
Male,Chennai,40.1,7,97493.17,2,1,1,68103.22,0,0.3045,0,Medium Risk
Female,Pune,21.5,5,57661.45,2,0,1,78656.36,0,0.1939,0,Low Risk
Female,Pune,56.5,8,81863.38,1,1,1,100581.94,0,0.4226,0,Medium Risk
Female,Kolkata,51.4,4,51476.17,1,0,1,69959.78,0,0.3883,0,Medium Risk
Male,Delhi,36.1,1,67328.0,2,0,1,133043.36,0,0.4006,0,Medium Risk
Female,Pune,49.7,7,66502.58,2,1,1,87092.73,0,0.3887,0,Medium Risk
Female,Mumbai,52.4,10,96976.11,1,1,0,58861.77,0,0.3529,0,Medium Risk
Female,Delhi,57.4,9,61580.91,2,0,1,15000.0,0,0.2201,0,Low Risk
Male,Chennai,18.0,9,38052.2,3,1,1,112399.81,0,0.1243,0,Low Risk
Female,Hyderabad,40.4,9,73038.25,1,1,0,58012.49,0,0.2645,0,Low Risk
Male,Kolkata,45.0,5,54053.28,2,1,0,55013.02,0,0.5371,1,Medium Risk
Male,Mumbai,36.0,2,62475.55,2,1,1,140565.84,0,0.3657,0,Medium Risk
Male,Hyderabad,30.8,8,30832.44,2,1,1,42242.48,0,0.1066,0,Low Risk
Male,Hyderabad,41.0,10,14831.28,1,1,0,76042.84,0,0.2063,0,Low Risk
Male,Hyderabad,32.0,10,27421.48,1,1,1,111042.79,0,0.0905,0,Low Risk
Male,Pune,73.3,1,53309.57,2,1,0,87242.83,0,0.5446,1,Medium Risk
Male,Kolkata,32.9,8,89539.08,2,0,0,83265.77,0,0.5588,1,Medium Risk
Female,Pune,28.0,3,57429.62,2,1,1,69615.63,0,0.2153,0,Low Risk
Female,Pune,49.8,2,80649.12,2,0,0,80963.2,0,0.5047,1,Medium Risk
Male,Mumbai,42.5,1,55721.74,3,0,0,96734.81,0,0.6981,1,High Risk
Male,Chennai,48.9,0,55670.04,4,1,1,62546.01,0,0.4155,0,Medium Risk
Female,Delhi,47.3,8,81548.11,1,1,1,72368.96,0,0.3549,0,Medium Risk
Male,Mumbai,39.6,10,62204.42,1,1,1,32762.73,0,0.3525,0,Medium Risk
Female,Kolkata,34.8,1,90046.56,2,1,1,84265.21,0,0.3559,0,Medium Risk
Female,Mumbai,35.1,3,61400.08,1,1,1,119572.5,0,0.4305,0,Medium Risk
Female,Delhi,35.2,3,83532.43,2,1,1,103947.48,0,0.4111,0,Medium Risk
Male,Delhi,38.6,7,61763.28,3,1,1,67842.54,0,0.409,0,Medium Risk
Female,Delhi,48.0,7,43858.0,2,1,0,79004.59,0,0.295,0,Low Risk
Male,Delhi,21.2,5,99632.63,2,1,1,123806.02,0,0.2356,0,Low Risk
Male,Kolkata,24.6,4,18615.4,2,1,0,73859.0,0,0.1539,0,Low Risk
Female,Pune,46.8,5,74399.67,1,1,1,26997.02,0,0.4406,0,Medium Risk
Male,Mumbai,35.3,6,34494.0,1,1,1,71251.93,0,0.1909,0,Low Risk
Male,Mumbai,18.0,0,27501.14,1,0,0,91076.39,0,0.1773,0,Low Risk
Female,Mumbai,37.8,4,96655.03,2,0,1,102098.65,0,0.4494,0,Medium Risk
Female,Delhi,39.4,3,58604.09,2,0,0,108471.99,0,0.5114,1,Medium Risk
Female,Bangalore,72.8,2,76393.12,1,1,0,64391.97,1,0.6436,1,High Risk
Male,Mumbai,34.5,4,90150.23,4,1,1,53083.31,1,0.4922,1,Medium Risk
Male,Kolkata,46.5,8,60735.38,3,1,0,66850.41,1,0.6645,1,High Risk
Female,Delhi,31.9,0,76484.64,1,1,1,90767.57,0,0.3072,0,Medium Risk
Female,Hyderabad,67.1,3,72428.04,1,1,1,70540.96,1,0.3903,0,Medium Risk
Male,Chennai,46.0,8,98837.99,2,1,1,39015.34,0,0.3344,0,Medium Risk
Female,Chennai,40.4,8,52021.05,2,1,0,101566.29,1,0.4465,0,Medium Risk
Male,Delhi,42.8,4,53390.48,1,1,1,76979.63,0,0.4392,0,Medium Risk
Female,Mumbai,29.0,3,85927.19,1,1,1,111094.97,0,0.2973,0,Low Risk
Male,Mumbai,60.9,0,52696.35,1,1,1,108660.34,0,0.4677,0,Medium Risk
Female,Kolkata,40.8,8,60999.66,2,1,1,55163.32,0,0.2414,0,Low Risk
Male,Chennai,67.2,1,69543.89,2,1,1,49325.55,0,0.4173,0,Medium Risk
Female,Pune,48.2,7,60187.0,2,1,1,85056.71,0,0.3629,0,Medium Risk
Female,Hyderabad,39.2,6,61208.91,2,0,1,65206.51,0,0.1924,0,Low Risk
Female,Delhi,47.5,1,33854.79,1,0,1,81479.87,0,0.2859,0,Low Risk
Male,Hyderabad,22.2,3,41670.69,2,1,0,53263.82,0,0.1835,0,Low Risk
Female,Delhi,39.6,6,40756.96,1,1,0,112930.13,0,0.2793,0,Low Risk
Female,Pune,44.1,1,85670.66,1,1,0,115975.46,0,0.5215,1,Medium Risk
Female,Kolkata,62.5,3,46206.22,2,1,1,77074.45,0,0.4004,0,Medium Risk
Female,Kolkata,49.1,9,33716.57,1,1,1,95393.65,0,0.2243,0,Low Risk
Female,Bangalore,39.2,3,61339.87,2,0,0,68808.48,0,0.5478,1,Medium Risk
Male,Delhi,57.8,4,67336.19,1,1,0,56174.42,1,0.6832,1,High Risk
Male,Chennai,44.1,2,81304.01,1,1,0,144069.91,1,0.6732,1,High Risk
Female,Mumbai,28.1,10,0.0,2,1,1,15000.0,0,0.0753,0,Low Risk
Female,Delhi,48.6,9,66963.3,1,0,0,177393.06,1,0.2563,0,Low Risk
Female,Pune,18.0,5,89574.37,1,1,0,44270.18,0,0.2414,0,Low Risk
Female,Mumbai,33.6,9,82569.51,2,1,1,79056.27,0,0.2253,0,Low Risk
Male,Delhi,52.6,7,48669.98,2,1,1,58699.51,0,0.362,0,Medium Risk
Male,Pune,44.1,8,49266.77,1,1,1,42747.16,0,0.3607,0,Medium Risk
Female,Kolkata,41.9,10,39647.79,1,0,0,151012.27,0,0.2245,0,Low Risk
Male,Hyderabad,42.5,1,0.0,1,1,0,137231.89,0,0.2099,0,Low Risk
Male,Mumbai,59.3,5,57567.39,3,1,0,71198.32,1,0.7315,1,High Risk
Female,Mumbai,41.8,5,68415.08,1,1,0,69370.08,0,0.5917,1,Medium Risk
Female,Bangalore,40.1,2,69318.01,2,1,0,100519.42,0,0.5787,1,Medium Risk
Female,Mumbai,46.7,0,88423.79,1,1,1,79004.83,0,0.5221,1,Medium Risk
Female,Kolkata,18.0,6,50000.01,2,1,1,115259.22,0,0.1699,0,Low Risk
Male,Kolkata,31.1,4,86048.41,2,1,0,79602.15,0,0.5107,1,Medium Risk
Male,Pune,21.8,2,56957.69,2,1,0,59314.8,0,0.2662,0,Low Risk
Female,Delhi,28.3,6,76548.27,2,1,1,37954.82,0,0.1743,0,Low Risk
Female,Delhi,46.1,8,91427.14,2,1,0,104190.15,0,0.508,1,Medium Risk
Male,Hyderabad,48.6,4,100947.25,2,1,0,28227.52,0,0.4739,0,Medium Risk
Male,Mumbai,19.8,4,85720.84,2,1,1,58959.08,0,0.297,0,Low Risk
Male,Bangalore,38.6,9,76406.27,2,0,0,111081.51,0,0.4006,0,Medium Risk
Female,Delhi,66.0,2,51191.92,1,0,0,120969.68,0,0.5217,1,Medium Risk
Female,Chennai,44.0,4,30485.1,2,1,1,92097.83,0,0.2446,0,Low Risk
Male,Hyderabad,59.1,8,81587.5,1,1,0,41121.34,1,0.536,1,Medium Risk
Male,Delhi,34.5,3,81574.29,2,0,0,65822.77,0,0.6366,1,High Risk
Female,Chennai,40.1,10,74901.03,2,1,0,60324.41,0,0.3326,0,Medium Risk
Male,Hyderabad,28.3,3,90037.81,1,1,1,122446.13,0,0.2253,0,Low Risk
Male,Chennai,49.6,10,86496.88,2,0,0,75176.03,0,0.4433,0,Medium Risk
Female,Mumbai,44.0,9,35198.35,1,1,0,84640.9,0,0.2109,0,Low Risk
Male,Delhi,30.5,4,67331.12,2,0,1,124213.35,0,0.2679,0,Low Risk
Male,Mumbai,43.9,8,71592.99,2,1,1,87786.1,0,0.3936,0,Medium Risk
Male,Hyderabad,54.3,8,57891.54,1,0,0,82790.38,0,0.4979,1,Medium Risk
Male,Bangalore,33.3,7,80665.09,1,1,0,104295.94,0,0.6537,1,High Risk
Female,Kolkata,58.2,2,94048.09,1,1,0,73071.56,1,0.6047,1,High Risk
Male,Chennai,40.5,3,74477.58,1,1,0,67863.84,0,0.6763,1,High Risk
Female,Mumbai,36.6,0,16194.15,1,0,0,27459.6,1,0.2074,0,Low Risk
Male,Mumbai,31.8,4,66951.16,2,1,1,94348.97,0,0.3912,0,Medium Risk
Female,Pune,61.2,0,27820.31,2,0,0,49696.52,0,0.3589,0,Medium Risk
Female,Kolkata,18.0,3,76167.97,1,1,0,60815.67,0,0.3056,0,Medium Risk
Male,Chennai,60.3,9,59324.7,1,1,1,76304.45,0,0.2616,0,Low Risk
Female,Chennai,63.3,7,23098.0,1,1,0,40673.69,0,0.2693,0,Low Risk
Male,Delhi,46.2,9,68387.44,2,1,0,34216.31,0,0.3809,0,Medium Risk
Male,Hyderabad,49.9,2,50885.23,2,1,1,114264.7,0,0.28,0,Low Risk
Male,Mumbai,40.0,3,103370.54,1,1,0,56590.52,0,0.6414,1,High Risk
Male,Mumbai,38.3,7,57183.55,2,0,1,34692.19,0,0.3036,0,Medium Risk
Male,Delhi,36.1,8,71759.39,3,0,1,101114.24,0,0.4062,0,Medium Risk
Female,Delhi,41.9,7,71615.93,2,1,1,62333.54,0,0.3393,0,Medium Risk
Male,Delhi,39.6,4,85258.41,1,1,0,30666.87,0,0.6533,1,High Risk
Male,Hyderabad,53.9,3,98056.9,2,0,0,54527.74,0,0.4692,0,Medium Risk
Male,Mumbai,26.1,8,1785.57,2,1,1,82204.04,0,0.1243,0,Low Risk
Female,Mumbai,71.8,1,43020.79,1,1,0,69806.0,0,0.4409,0,Medium Risk
Male,Bangalore,42.6,2,84932.78,2,1,0,39299.33,0,0.6568,1,High Risk
Male,Delhi,32.8,5,79562.68,1,0,0,109012.55,0,0.6316,1,High Risk
Male,Kolkata,24.9,3,518.91,1,0,0,71296.16,0,0.1673,0,Low Risk
Female,Bangalore,41.0,1,62442.6,1,1,1,151299.85,0,0.4377,0,Medium Risk
Male,Chennai,32.0,1,77538.35,1,1,0,66170.06,0,0.6145,1,High Risk
Male,Mumbai,57.0,2,74088.7,2,1,1,113733.61,0,0.4719,0,Medium Risk
Male,Bangalore,54.9,0,82022.09,2,1,0,43126.45,0,0.6744,1,High Risk
Male,Bangalore,37.5,7,76514.6,1,1,1,52795.37,0,0.409,0,Medium Risk
Male,Chennai,44.9,5,47568.72,1,0,0,51437.56,0,0.3435,0,Medium Risk
Male,Mumbai,34.1,2,40130.58,2,1,0,73654.56,0,0.2558,0,Low Risk
Female,Chennai,33.3,9,65838.39,1,0,1,122131.44,0,0.2102,0,Low Risk
Female,Pune,70.6,1,66889.39,2,1,0,144501.99,0,0.5463,1,Medium Risk
Male,Kolkata,32.1,7,84244.27,1,1,1,130413.55,0,0.2713,0,Low Risk
Female,Chennai,48.3,5,64402.43,1,0,1,30754.77,1,0.3963,0,Medium Risk
Female,Delhi,39.6,2,55131.84,2,0,0,56272.01,1,0.4947,1,Medium Risk
Male,Mumbai,40.1,4,54073.11,1,0,1,91406.58,0,0.4422,0,Medium Risk
Male,Kolkata,28.8,3,73674.59,2,1,1,82768.76,0,0.3258,0,Medium Risk
Male,Pune,34.9,8,0.0,2,1,1,76491.44,0,0.1093,0,Low Risk
Female,Pune,29.9,1,78011.76,2,1,0,91717.31,0,0.3287,0,Medium Risk
Female,Delhi,23.5,2,20259.59,2,0,1,95479.35,0,0.0891,0,Low Risk
Female,Kolkata,27.1,6,97219.89,3,1,0,60986.63,0,0.5707,1,Medium Risk
Male,Mumbai,62.1,2,99905.52,2,1,0,69208.51,1,0.6367,1,High Risk
Female,Bangalore,37.8,4,55100.78,1,1,1,43966.93,1,0.4179,0,Medium Risk
Female,Hyderabad,48.3,1,50669.38,1,0,1,97186.81,0,0.3,0,Low Risk
Female,Bangalore,24.0,3,37030.39,1,0,0,65471.15,0,0.2123,0,Low Risk
Female,Bangalore,50.3,2,108006.3,1,0,0,15000.0,0,0.5681,1,Medium Risk
Male,Hyderabad,28.8,9,106568.53,3,1,0,115860.29,1,0.4845,0,Medium Risk
Male,Hyderabad,58.1,2,56330.41,1,1,1,142384.73,0,0.2922,0,Low Risk
Male,Mumbai,43.8,10,70206.08,1,1,1,175814.35,0,0.3213,0,Medium Risk
Female,Mumbai,18.0,9,125506.39,1,1,0,33608.68,0,0.1937,0,Low Risk
Female,Kolkata,46.4,3,50595.59,2,1,0,90488.66,0,0.4723,0,Medium Risk
Male,Hyderabad,40.2,0,74559.65,1,1,1,108735.97,0,0.3753,0,Medium Risk
Female,Delhi,43.9,6,87246.93,1,1,1,161086.13,0,0.4172,0,Medium Risk
Male,Bangalore,19.9,3,38966.74,1,0,1,149041.85,0,0.1218,0,Low Risk
Male,Bangalore,36.9,2,92714.72,1,1,0,93642.79,0,0.6739,1,High Risk
Male,Chennai,40.1,4,62883.57,1,1,1,93282.72,1,0.3431,0,Medium Risk
Female,Chennai,44.7,5,101844.13,2,1,0,95994.95,0,0.5801,1,Medium Risk
Male,Pune,18.0,4,48096.77,1,0,1,77034.61,0,0.1697,0,Low Risk
Female,Pune,37.2,0,56283.36,1,1,0,80132.42,0,0.4793,0,Medium Risk
Male,Delhi,48.6,9,51944.82,1,1,0,84155.24,0,0.3352,0,Medium Risk
Male,Kolkata,41.2,3,91965.84,2,1,1,83607.94,0,0.3882,0,Medium Risk
Female,Bangalore,40.1,9,105507.03,2,0,1,45228.18,0,0.2346,0,Low Risk
Male,Kolkata,44.2,4,33371.46,1,1,1,114227.09,0,0.2266,0,Low Risk
Female,Chennai,24.4,0,78402.61,2,1,0,33042.94,0,0.3641,0,Medium Risk
Female,Delhi,48.6,2,51662.19,2,0,1,38184.65,1,0.4054,0,Medium Risk
Female,Delhi,31.9,0,54949.78,1,1,1,95619.36,0,0.2404,0,Low Risk
Male,Mumbai,26.0,6,87666.26,1,1,0,63459.32,0,0.4154,0,Medium Risk
Male,Delhi,32.3,4,87565.51,1,1,0,73501.59,0,0.6104,1,High Risk
Male,Mumbai,40.8,7,71230.8,2,0,1,57784.67,0,0.3688,0,Medium Risk
Female,Mumbai,42.6,0,47836.07,1,0,1,59135.34,0,0.4161,0,Medium Risk
Male,Mumbai,42.3,9,47899.09,1,1,1,55429.71,0,0.2747,0,Low Risk
Male,Delhi,52.3,10,88979.44,2,1,1,64376.77,1,0.3125,0,Medium Risk
Male,Delhi,28.4,3,78420.61,2,1,1,132992.84,0,0.2603,0,Low Risk
Male,Pune,23.9,3,5848.94,1,1,1,51328.64,1,0.1191,0,Low Risk
Female,Chennai,29.3,3,57338.42,1,1,0,82675.31,1,0.3583,0,Medium Risk
Female,Mumbai,47.8,7,77151.85,1,1,0,30122.29,1,0.5781,1,Medium Risk
Female,Delhi,42.9,10,96536.79,1,1,1,63225.84,0,0.2312,0,Low Risk
Female,Delhi,40.1,2,16631.45,2,0,1,70198.19,0,0.1581,0,Low Risk
Male,Hyderabad,35.5,10,64938.28,1,0,1,99369.58,0,0.2324,0,Low Risk
Male,Mumbai,34.5,6,36679.19,1,1,1,86679.79,0,0.1977,0,Low Risk
Male,Kolkata,45.5,10,58644.44,2,0,0,48432.84,0,0.4369,0,Medium Risk
Female,Delhi,59.4,5,81561.56,1,0,0,145124.58,1,0.5479,1,Medium Risk
Male,Mumbai,43.5,8,9838.3,2,0,0,117080.11,0,0.1811,0,Low Risk
Male,Delhi,38.2,8,28211.79,1,1,0,128784.81,0,0.2229,0,Low Risk
Female,Pune,34.2,2,50944.95,2,1,1,115241.66,0,0.3322,0,Medium Risk
Female,Delhi,51.2,6,95401.76,1,1,0,81495.13,0,0.5574,1,Medium Risk
Male,Delhi,44.2,10,54351.2,1,1,1,114940.42,0,0.2747,0,Low Risk
Male,Delhi,30.1,10,43709.18,2,1,0,76161.94,0,0.1237,0,Low Risk
Female,Kolkata,37.8,6,126744.65,2,0,0,115853.89,0,0.4754,0,Medium Risk
Male,Hyderabad,29.5,10,43809.94,1,1,1,119339.58,0,0.092,0,Low Risk
Female,Kolkata,21.8,3,77644.83,1,0,0,49823.78,0,0.413,0,Medium Risk
Male,Delhi,34.1,7,87828.45,1,0,0,66370.71,0,0.6269,1,High Risk
Female,Delhi,49.8,7,77448.01,2,1,1,83346.64,0,0.3773,0,Medium Risk
Male,Delhi,30.2,8,92425.32,2,1,1,66356.55,0,0.1933,0,Low Risk
Male,Delhi,55.0,9,83013.57,1,1,1,44327.12,0,0.2957,0,Low Risk
Male,Delhi,34.0,10,57397.44,1,0,1,77053.87,0,0.1988,0,Low Risk
Male,Chennai,29.1,7,96298.24,2,1,1,100815.34,0,0.216,0,Low Risk
Male,Chennai,19.3,6,73950.36,1,1,1,100380.91,0,0.2254,0,Low Risk
Female,Pune,68.0,6,89944.54,1,1,0,164933.66,0,0.524,1,Medium Risk
Female,Delhi,46.6,5,64583.91,2,1,0,84898.16,0,0.5468,1,Medium Risk
Female,Kolkata,28.8,4,93833.89,1,0,0,69949.33,0,0.3796,0,Medium Risk
Male,Pune,48.0,1,62593.63,1,1,0,85056.71,0,0.5327,1,Medium Risk
Female,Hyderabad,30.0,9,102820.88,2,1,1,46725.87,0,0.1169,0,Low Risk
Male,Pune,33.6,4,61345.37,4,0,1,99020.59,1,0.3602,0,Medium Risk
Male,Kolkata,27.9,6,39199.13,2,1,0,123284.35,0,0.1677,0,Low Risk
Male,Mumbai,41.7,0,17613.73,2,1,1,90433.97,0,0.1739,0,Low Risk
Male,Pune,30.0,2,91969.06,2,0,0,49528.78,0,0.3452,0,Medium Risk
Female,Pune,37.3,8,72242.95,1,1,0,110214.05,0,0.5014,1,Medium Risk
Male,Delhi,54.2,0,71689.59,2,1,0,85056.71,0,0.6761,1,High Risk
Female,Pune,48.1,2,59789.25,1,1,1,104972.71,0,0.4232,0,Medium Risk
Male,Mumbai,33.7,10,71908.92,1,0,0,91510.51,0,0.3676,0,Medium Risk
Male,Mumbai,20.2,9,80227.24,1,0,1,108866.7,0,0.1394,0,Low Risk
Male,Mumbai,44.4,5,67591.35,1,1,1,85056.71,0,0.4945,1,Medium Risk
Male,Chennai,34.5,8,64418.59,1,1,0,89119.85,0,0.6357,1,High Risk
Female,Pune,56.5,2,64070.33,2,1,0,52790.72,0,0.5685,1,Medium Risk
Male,Pune,47.5,7,107823.2,1,0,1,141678.33,0,0.4505,0,Medium Risk
Female,Kolkata,47.6,6,55001.06,1,0,1,147878.65,0,0.3102,0,Medium Risk
Female,Mumbai,35.5,10,89071.3,2,0,0,69346.06,0,0.2926,0,Low Risk
Female,Pune,44.1,2,56273.28,1,0,1,41283.48,0,0.4056,0,Medium Risk
Female,Chennai,45.8,9,77476.7,2,0,0,15000.0,0,0.3213,0,Medium Risk
Female,Bangalore,32.1,10,99894.67,2,1,0,156269.83,0,0.3058,0,Medium Risk
Female,Delhi,54.4,1,90665.8,2,1,1,80353.53,0,0.5344,1,Medium Risk
Female,Bangalore,51.4,2,50947.63,1,1,1,112275.56,0,0.4549,0,Medium Risk
Male,Bangalore,42.6,5,73720.69,1,1,0,81090.58,1,0.6754,1,High Risk
Female,Pune,39.0,0,89534.38,1,1,0,118746.23,0,0.5033,1,Medium Risk
Male,Mumbai,25.3,10,73942.14,4,1,0,71708.54,0,0.4336,0,Medium Risk
Male,Mumbai,53.4,3,60659.82,1,1,1,118293.95,0,0.4802,0,Medium Risk
Female,Mumbai,27.0,7,50608.21,2,0,1,111431.28,0,0.1576,0,Low Risk
Male,Delhi,21.0,6,78574.72,1,1,1,37376.87,0,0.2416,0,Low Risk
Male,Mumbai,36.5,9,67790.87,2,1,0,76103.61,0,0.3455,0,Medium Risk
Male,Mumbai,45.0,8,64034.67,1,1,1,60924.29,0,0.4074,0,Medium Risk
Male,Delhi,34.7,8,55858.23,2,1,1,115541.72,0,0.2523,0,Low Risk
Male,Bangalore,54.8,0,34011.95,1,1,1,62060.88,0,0.3159,0,Medium Risk
Female,Delhi,56.8,8,83267.96,1,1,1,97939.46,0,0.3562,0,Medium Risk
Female,Delhi,39.5,8,33960.49,2,0,0,96495.53,0,0.2596,0,Low Risk
Male,Pune,27.2,7,48896.37,2,0,0,76011.91,0,0.2565,0,Low Risk
Male,Delhi,18.0,1,114162.29,2,1,0,72459.99,1,0.3128,0,Medium Risk
Male,Delhi,46.1,9,64985.8,1,0,0,42843.05,0,0.3908,0,Medium Risk
Male,Mumbai,33.3,5,43998.06,1,1,1,128267.49,0,0.2436,0,Low Risk
Male,Bangalore,21.1,4,62734.09,3,1,0,102053.85,0,0.6233,1,High Risk
Male,Mumbai,43.5,9,91124.28,2,1,1,49810.09,0,0.2849,0,Low Risk
Male,Delhi,60.2,7,38282.9,2,1,1,136675.49,0,0.2475,0,Low Risk
Female,Chennai,37.8,4,67559.13,1,1,1,53936.5,0,0.4083,0,Medium Risk
Female,Delhi,54.2,4,55926.09,2,1,0,133009.24,0,0.5098,1,Medium Risk
Male,Delhi,40.7,0,12647.05,2,1,1,103137.42,0,0.1785,0,Low Risk
Male,Kolkata,34.1,6,50982.94,1,1,1,176703.01,0,0.2746,0,Low Risk
Male,Chennai,64.5,5,64996.1,1,1,0,66727.38,0,0.674,1,High Risk
Female,Pune,38.9,2,63636.95,2,1,1,44969.18,0,0.4039,0,Medium Risk
Female,Bangalore,48.8,0,62685.2,1,0,0,113583.4,0,0.6003,1,High Risk
Female,Hyderabad,46.7,10,74840.45,2,1,1,85271.5,0,0.2742,0,Low Risk
Male,Bangalore,41.9,5,76009.21,2,1,1,109649.21,0,0.4719,0,Medium Risk
Female,Delhi,56.6,9,43721.96,2,0,0,85056.71,0,0.2229,0,Low Risk
Female,Delhi,54.6,8,99581.16,2,1,0,43308.31,1,0.5466,1,Medium Risk
Female,Mumbai,33.6,9,65757.13,1,0,0,86534.58,0,0.3417,0,Medium Risk
Male,Chennai,52.7,2,80942.97,1,1,0,85307.27,0,0.6842,1,High Risk
Male,Mumbai,49.1,3,101493.93,1,1,0,85056.71,0,0.6632,1,High Risk
Female,Chennai,36.4,10,58657.23,1,1,0,118301.18,0,0.314,0,Medium Risk
Male,Delhi,55.4,2,52285.01,1,1,0,159945.31,0,0.5685,1,Medium Risk
Male,Delhi,38.1,3,55187.56,1,0,0,83572.73,0,0.5709,1,Medium Risk
Female,Chennai,40.9,0,86304.98,1,1,1,94254.02,0,0.4142,0,Medium Risk
Male,Delhi,20.4,5,132085.01,2,1,1,85121.25,1,0.3065,0,Medium Risk
Female,Mumbai,33.5,2,16871.67,2,1,1,178646.82,0,0.1551,0,Low Risk
Male,Pune,58.4,4,45143.67,2,0,0,85075.97,0,0.3549,0,Medium Risk
Male,Bangalore,33.7,8,54993.93,1,1,0,57736.55,0,0.5589,1,Medium Risk
Male,Delhi,18.0,3,91382.36,2,0,1,48200.22,0,0.2208,0,Low Risk
Male,Mumbai,54.4,3,80259.76,1,1,1,53516.21,0,0.5143,1,Medium Risk
Male,Bangalore,42.2,1,89869.21,1,1,1,132535.25,0,0.5042,1,Medium Risk
Female,Mumbai,43.4,0,6691.98,2,1,1,112616.54,0,0.1913,0,Low Risk
Male,Chennai,40.2,1,113799.04,2,1,1,107696.59,1,0.3635,0,Medium Risk
Male,Kolkata,47.8,7,16421.09,1,1,1,112544.73,0,0.1773,0,Low Risk
Female,Bangalore,40.2,10,35860.4,2,1,1,115242.77,0,0.2327,0,Low Risk
Male,Chennai,54.8,10,37104.49,2,1,1,72519.73,0,0.2515,0,Low Risk
Female,Bangalore,50.5,6,64269.91,1,1,0,64393.32,1,0.6309,1,High Risk
Female,Bangalore,48.3,1,87845.31,4,0,0,104587.38,1,0.7472,1,High Risk
Male,Hyderabad,52.6,10,89175.9,2,1,1,61746.96,0,0.3216,0,Medium Risk
Female,Bangalore,46.2,7,80486.06,2,1,1,65164.51,0,0.3995,0,Medium Risk
Male,Delhi,40.2,8,28056.72,1,1,0,21642.45,0,0.242,0,Low Risk
Male,Mumbai,42.3,9,67459.88,2,0,1,115658.17,0,0.237,0,Low Risk
Male,Mumbai,26.8,4,51318.28,2,1,0,92599.74,0,0.3772,0,Medium Risk
Male,Hyderabad,42.4,6,74365.78,2,1,1,17642.4,0,0.3337,0,Medium Risk
Female,Pune,56.5,2,59223.2,2,1,0,69613.77,0,0.5557,1,Medium Risk
Female,Mumbai,36.7,5,93656.03,1,1,0,85056.71,0,0.5795,1,Medium Risk
Male,Mumbai,25.8,7,38522.57,2,1,0,75888.13,0,0.1451,0,Low Risk
Female,Delhi,18.0,3,54198.07,2,0,0,87095.3,0,0.216,0,Low Risk
Female,Hyderabad,37.7,4,55275.51,2,1,1,91282.37,0,0.2378,0,Low Risk
Male,Kolkata,23.9,0,56203.07,2,0,0,55482.8,1,0.3635,0,Medium Risk
Female,Mumbai,53.4,5,60295.17,2,1,1,62865.77,0,0.454,0,Medium Risk
Male,Mumbai,27.7,0,97335.45,1,0,0,99278.78,0,0.508,1,Medium Risk
Female,Delhi,25.8,3,49162.25,2,0,1,94941.95,0,0.1589,0,Low Risk
Female,Chennai,33.1,6,74274.62,1,1,0,117088.57,1,0.6105,1,High Risk
Female,Kolkata,53.9,5,65911.75,2,1,1,89273.47,0,0.3679,0,Medium Risk
Male,Mumbai,44.5,7,45715.53,1,1,1,61560.24,0,0.3118,0,Medium Risk
Male,Bangalore,53.8,0,83894.5,1,0,0,118774.89,0,0.6929,1,High Risk
Female,Bangalore,43.6,0,79208.48,2,0,1,42189.79,0,0.4427,0,Medium Risk
Male,Chennai,52.1,5,75530.34,1,0,0,30044.22,0,0.6587,1,High Risk
Female,Chennai,28.0,10,44134.0,1,1,1,91536.67,0,0.1265,0,Low Risk
Female,Mumbai,35.8,3,50761.65,1,1,1,100301.5,0,0.4209,0,Medium Risk
Female,Mumbai,36.1,8,70295.27,1,1,0,67889.19,0,0.549,1,Medium Risk
Female,Mumbai,34.1,3,50080.88,1,1,1,103329.27,0,0.4048,0,Medium Risk
Female,Mumbai,45.5,8,55230.04,1,1,0,73827.64,0,0.4848,0,Medium Risk
Male,Chennai,42.1,6,49607.92,1,1,0,58752.63,0,0.4663,0,Medium Risk
Male,Bangalore,25.9,8,97830.62,2,0,0,69404.79,0,0.3582,0,Medium Risk
Female,Bangalore,41.8,5,85047.14,3,1,1,78317.44,0,0.6217,1,High Risk
Male,Hyderabad,41.9,7,77130.32,1,0,0,133518.86,0,0.4317,0,Medium Risk
Male,Mumbai,28.6,0,47489.45,2,0,1,87376.72,0,0.2456,0,Low Risk
Male,Pune,26.0,2,67395.63,1,1,0,104324.0,0,0.3901,0,Medium Risk
Male,Bangalore,56.3,5,48802.85,2,0,1,79395.39,0,0.4041,0,Medium Risk
Female,Delhi,29.9,5,41795.58,1,1,1,27103.86,0,0.152,0,Low Risk
Male,Bangalore,27.2,1,55685.13,2,1,0,58015.71,0,0.3868,0,Medium Risk
Female,Pune,51.0,6,76148.4,1,0,0,53055.83,0,0.4863,0,Medium Risk
Male,Mumbai,37.1,6,67897.82,2,0,1,50715.87,0,0.3694,0,Medium Risk
Male,Kolkata,31.7,4,50031.72,2,1,0,83386.74,0,0.3994,0,Medium Risk
Male,Kolkata,57.4,7,88958.39,1,1,1,122067.9,0,0.3494,0,Medium Risk
Female,Pune,40.4,6,56969.83,1,1,1,96700.58,0,0.37,0,Medium Risk
Female,Hyderabad,34.4,3,46594.33,1,1,1,33351.25,0,0.2108,0,Low Risk
Male,Mumbai,65.5,7,34381.71,3,0,0,60211.85,0,0.4623,0,Medium Risk
Male,Mumbai,34.7,10,51682.85,1,1,0,70620.21,0,0.3248,0,Medium Risk
Male,Mumbai,46.5,7,102970.39,1,0,0,103126.94,0,0.6344,1,High Risk
Male,Kolkata,22.2,3,74162.8,1,1,0,57780.98,0,0.4703,0,Medium Risk
Female,Pune,50.8,1,55656.68,2,1,1,98268.06,0,0.4287,0,Medium Risk
Female,Delhi,52.2,5,69342.37,3,1,1,62461.92,0,0.7016,1,High Risk
Female,Chennai,52.0,10,26573.18,1,1,0,66985.96,0,0.258,0,Low Risk
Male,Mumbai,35.7,2,94816.55,2,1,1,113137.83,0,0.4261,0,Medium Risk
Male,Chennai,52.8,8,28191.73,1,1,0,120017.52,0,0.2945,0,Low Risk
Female,Chennai,53.9,9,58313.78,2,0,1,129048.25,0,0.2005,0,Low Risk
Male,Mumbai,40.0,6,79779.83,2,1,0,164335.34,1,0.5853,1,Medium Risk
Male,Hyderabad,39.0,2,51501.17,1,1,0,116803.33,1,0.4215,0,Medium Risk
Male,Bangalore,35.1,9,94623.78,1,0,1,102884.51,0,0.2252,0,Low Risk
Male,Bangalore,40.7,2,48406.01,1,1,0,62666.2,0,0.4548,0,Medium Risk
Female,Mumbai,49.8,0,28904.49,1,1,0,51028.29,0,0.2895,0,Low Risk
Female,Hyderabad,42.2,1,71064.97,1,1,0,85056.71,0,0.4298,0,Medium Risk
Female,Pune,34.5,2,42932.22,2,1,1,142529.97,0,0.2825,0,Low Risk
Female,Hyderabad,32.6,0,97726.65,2,0,0,75612.99,0,0.4011,0,Medium Risk
Male,Mumbai,37.1,9,113119.1,1,0,1,35358.43,0,0.2981,0,Low Risk
Male,Delhi,36.2,4,95391.36,2,0,1,43938.62,0,0.4492,0,Medium Risk
Male,Bangalore,50.1,7,55629.77,1,0,1,127488.34,0,0.4025,0,Medium Risk
Male,Delhi,37.0,8,46321.21,3,1,1,16051.06,0,0.2746,0,Low Risk
Female,Bangalore,42.5,2,77889.29,1,0,0,85056.71,0,0.6031,1,High Risk
Male,Pune,44.9,0,65666.04,1,0,1,118072.04,0,0.4249,0,Medium Risk
Female,Hyderabad,38.3,7,72597.68,2,0,0,69120.98,0,0.3229,0,Medium Risk
Male,Bangalore,35.8,3,60882.8,2,0,0,75561.27,0,0.6029,1,High Risk
Female,Delhi,29.8,2,34960.33,2,1,1,137835.57,0,0.1354,0,Low Risk
Male,Delhi,18.0,6,71461.44,2,0,1,110389.48,1,0.1712,0,Low Risk
Male,Chennai,41.6,8,102202.47,2,1,0,118272.68,0,0.6251,1,High Risk
Female,Delhi,48.0,2,72447.78,1,1,1,113328.1,0,0.4854,0,Medium Risk
Female,Delhi,60.5,1,82205.42,1,0,0,79901.85,0,0.5822,1,Medium Risk
Male,Hyderabad,56.2,1,69518.72,2,1,1,108899.06,1,0.3829,0,Medium Risk
Female,Chennai,33.2,5,77018.66,2,0,1,108785.77,0,0.3777,0,Medium Risk
Female,Delhi,45.9,0,37074.61,1,1,0,27587.35,0,0.2919,0,Low Risk
Female,Pune,18.0,9,104548.01,2,0,1,92945.09,0,0.1985,0,Low Risk
Female,Delhi,40.5,10,20009.56,1,0,1,74508.08,0,0.114,0,Low Risk
Female,Hyderabad,41.4,3,46821.58,2,1,1,75937.94,0,0.2202,0,Low Risk
Female,Hyderabad,43.9,6,56076.31,1,0,1,101614.28,0,0.2462,0,Low Risk
Female,Chennai,23.7,4,53057.64,1,0,1,91792.96,0,0.172,0,Low Risk
Female,Chennai,45.8,1,53035.83,1,0,0,50306.39,0,0.4858,0,Medium Risk
Male,Pune,61.8,6,80525.1,1,0,1,65222.69,0,0.4678,0,Medium Risk
Female,Delhi,65.3,8,20238.92,1,1,1,95844.79,0,0.203,0,Low Risk
Female,Chennai,60.7,3,112656.41,2,0,0,46150.77,0,0.6018,1,High Risk
Male,Delhi,28.8,2,85340.44,2,1,0,68399.26,0,0.4332,0,Medium Risk
Female,Mumbai,44.3,4,0.0,1,1,0,130736.33,0,0.2163,0,Low Risk
Female,Kolkata,60.9,7,94031.83,1,1,1,124483.52,0,0.3106,0,Medium Risk
Female,Pune,26.3,6,82251.0,2,1,0,79532.03,0,0.3188,0,Medium Risk
Male,Mumbai,18.0,1,71109.12,1,1,0,114327.78,0,0.3292,0,Medium Risk
Male,Mumbai,34.5,0,72920.81,2,0,1,173506.61,0,0.388,0,Medium Risk
Female,Hyderabad,62.7,5,106609.33,1,1,1,59481.24,0,0.3956,0,Medium Risk
Female,Delhi,41.8,7,78725.55,2,1,0,82477.11,0,0.5339,1,Medium Risk
Male,Delhi,32.6,10,88297.28,2,0,0,53390.24,0,0.3732,0,Medium Risk
Male,Hyderabad,26.2,9,79118.88,1,0,1,39932.47,0,0.143,0,Low Risk
Female,Hyderabad,52.6,5,58313.12,2,1,1,34129.28,0,0.2583,0,Low Risk
Female,Pune,27.0,1,64555.73,2,1,1,73252.41,0,0.2167,0,Low Risk
Male,Bangalore,72.4,10,61360.92,1,1,1,107574.5,0,0.3826,0,Medium Risk
Male,Hyderabad,52.3,1,53111.42,1,0,0,69485.02,0,0.4523,0,Medium Risk
Male,Pune,25.0,8,14082.93,3,1,1,110526.54,1,0.2246,0,Low Risk
Male,Pune,44.0,0,59159.29,1,0,1,32717.9,1,0.3845,0,Medium Risk
Female,Delhi,27.4,4,20668.55,1,1,0,70781.84,0,0.1635,0,Low Risk
Female,Delhi,58.5,8,35751.13,1,1,0,72354.78,0,0.2921,0,Low Risk
Male,Mumbai,39.8,1,3347.8,1,1,0,31034.8,0,0.2217,0,Low Risk
Female,Pune,37.6,0,48327.85,1,0,0,191364.6,0,0.3833,0,Medium Risk
Female,Delhi,40.2,9,57705.53,1,1,0,54394.45,0,0.269,0,Low Risk
Male,Mumbai,52.0,10,55544.97,2,1,1,96059.58,1,0.334,0,Medium Risk
Female,Delhi,45.5,10,50812.11,2,1,1,69215.93,0,0.2143,0,Low Risk
Male,Delhi,47.0,5,93705.55,1,1,1,29885.32,0,0.5603,1,Medium Risk
Male,Bangalore,53.5,1,60949.88,2,1,1,129543.83,0,0.4397,0,Medium Risk
Female,Pune,53.6,5,47286.65,2,0,1,68602.3,0,0.4135,0,Medium Risk
Male,Chennai,18.0,5,52117.92,2,1,0,91419.53,0,0.2444,0,Low Risk
Female,Mumbai,47.8,1,76300.11,1,0,1,105113.15,0,0.5176,1,Medium Risk
Female,Kolkata,24.5,8,55166.79,2,1,0,45970.78,0,0.2898,0,Low Risk
Male,Hyderabad,50.6,3,71558.31,4,1,0,55533.1,0,0.6512,1,High Risk
Male,Kolkata,21.7,5,105387.63,2,0,1,79127.39,0,0.3105,0,Medium Risk
Female,Pune,34.3,5,90370.46,2,0,0,85562.65,0,0.4604,0,Medium Risk
Male,Delhi,31.5,2,102479.5,1,1,0,118842.67,0,0.5793,1,Medium Risk
Male,Chennai,53.5,3,42304.11,2,1,0,85477.55,0,0.3551,0,Medium Risk
Male,Mumbai,53.9,5,70906.2,1,0,0,96408.64,0,0.6623,1,High Risk
Female,Delhi,64.1,4,93713.65,1,1,0,30068.36,0,0.5866,1,Medium Risk
Male,Chennai,22.9,10,53075.93,2,0,1,92715.36,0,0.1242,0,Low Risk
Male,Mumbai,41.2,3,50941.61,2,0,1,85056.71,0,0.3792,0,Medium Risk
Male,Mumbai,58.3,4,51425.18,1,0,1,50426.63,0,0.4737,0,Medium Risk
Male,Kolkata,42.1,1,61165.3,2,0,1,41539.27,0,0.3538,0,Medium Risk
Male,Bangalore,38.6,10,34715.94,2,0,1,62798.87,0,0.2125,0,Low Risk
Female,Chennai,21.1,5,84938.86,1,0,0,107769.76,0,0.3564,0,Medium Risk
Female,Delhi,34.5,4,60426.87,2,1,1,121143.18,0,0.3183,0,Medium Risk
Male,Chennai,67.0,0,72775.58,1,1,0,90598.44,0,0.6947,1,High Risk
Male,Hyderabad,39.2,1,94966.92,2,0,0,68910.49,0,0.477,0,Medium Risk
Female,Pune,45.1,1,59444.22,1,0,0,156246.51,0,0.465,0,Medium Risk
Male,Pune,21.8,0,104075.07,2,0,1,130068.88,0,0.2726,0,Low Risk
Female,Hyderabad,50.1,6,99434.44,1,1,1,75261.4,0,0.3428,0,Medium Risk
Male,Hyderabad,25.3,0,39077.84,2,0,1,93792.38,0,0.1285,0,Low Risk
Male,Kolkata,41.8,4,62729.56,2,0,0,41450.14,0,0.5578,1,Medium Risk
Female,Bangalore,25.1,3,97372.87,1,1,0,123178.33,0,0.3607,0,Medium Risk
Female,Delhi,41.5,7,75897.55,2,1,0,73236.67,0,0.535,1,Medium Risk
Female,Delhi,32.1,5,79940.0,1,1,0,108079.86,0,0.4753,0,Medium Risk
Male,Kolkata,47.7,3,113310.83,1,0,0,88652.36,1,0.6428,1,High Risk
Female,Mumbai,42.4,5,54198.98,2,1,1,83928.95,0,0.4003,0,Medium Risk
Female,Pune,40.9,1,48909.41,1,1,1,67706.1,0,0.441,0,Medium Risk
Male,Bangalore,40.3,9,110594.91,2,1,0,55227.49,0,0.4239,0,Medium Risk
Female,Bangalore,40.7,2,53361.02,1,1,0,49716.13,0,0.5335,1,Medium Risk
Female,Mumbai,59.7,0,38372.41,1,1,0,116801.33,1,0.3241,0,Medium Risk
Female,Pune,28.7,3,57236.65,1,1,1,69184.49,0,0.2598,0,Low Risk
Female,Chennai,29.2,6,69829.39,3,1,1,85990.23,0,0.4645,0,Medium Risk
Male,Kolkata,43.6,1,64956.13,4,0,1,15000.0,0,0.4152,0,Medium Risk
Male,Kolkata,40.3,2,74297.21,1,1,0,70702.84,0,0.6441,1,High Risk
Male,Delhi,49.8,4,52726.87,1,0,0,125805.04,0,0.5525,1,Medium Risk
Female,Hyderabad,40.1,0,51966.03,2,1,1,61844.01,1,0.2398,0,Low Risk
Male,Kolkata,36.0,5,48458.78,2,1,0,74075.25,0,0.3815,0,Medium Risk
Female,Hyderabad,22.9,7,99450.66,2,1,0,114006.92,0,0.2034,0,Low Risk
Female,Kolkata,37.6,3,48059.6,2,1,0,43520.42,0,0.3923,0,Medium Risk
Male,Chennai,59.9,0,90983.97,2,0,1,59921.72,0,0.4355,0,Medium Risk
Male,Chennai,46.7,3,94873.38,2,0,1,106552.04,1,0.3767,0,Medium Risk
Male,Delhi,56.8,2,60108.88,1,0,1,108079.99,1,0.4981,1,Medium Risk
Male,Hyderabad,48.5,2,81939.69,1,1,0,15000.0,1,0.5106,1,Medium Risk
Male,Hyderabad,43.2,7,78724.38,2,1,0,97652.05,0,0.4988,1,Medium Risk
Female,Chennai,18.0,8,67818.9,1,0,0,105755.67,0,0.2893,0,Low Risk
Female,Delhi,33.3,6,74994.76,1,1,1,15000.0,0,0.3359,0,Medium Risk
Female,Mumbai,38.1,1,58145.99,1,0,0,68494.08,0,0.5453,1,Medium Risk
Male,Delhi,30.2,9,69282.73,2,0,0,113393.24,0,0.2593,0,Low Risk
Male,Mumbai,39.3,3,68590.28,2,1,0,87193.64,0,0.6074,1,High Risk
Male,Hyderabad,34.9,0,39836.85,2,0,1,123542.28,0,0.1396,0,Low Risk
Male,Hyderabad,24.5,3,61126.46,2,0,0,141236.88,0,0.2192,0,Low Risk
Female,Pune,23.9,9,45546.78,1,0,0,127238.17,0,0.188,0,Low Risk
Male,Delhi,50.0,3,39858.73,2,1,0,91086.59,1,0.3073,0,Medium Risk
Male,Hyderabad,28.0,5,79763.11,1,1,1,84331.61,0,0.225,0,Low Risk
Male,Bangalore,38.2,0,69980.56,1,0,1,41033.97,0,0.4521,0,Medium Risk
Female,Delhi,51.2,10,38428.31,1,0,1,74561.91,0,0.1979,0,Low Risk
Male,Pune,32.7,1,117723.27,2,1,0,93647.9,0,0.498,1,Medium Risk
Female,Kolkata,26.6,9,74592.03,2,0,0,97438.96,0,0.3096,0,Medium Risk
Female,Mumbai,18.0,10,38120.15,1,0,1,118407.23,0,0.106,0,Low Risk
Male,Hyderabad,43.5,4,62499.52,4,1,1,51028.86,0,0.3792,0,Medium Risk
Male,Hyderabad,41.2,8,65975.04,1,0,0,89647.49,0,0.5285,1,Medium Risk
Female,Delhi,56.4,5,46556.57,1,1,1,47301.28,0,0.3542,0,Medium Risk
Female,Delhi,40.3,5,82314.03,1,1,0,96250.55,1,0.5374,1,Medium Risk
Male,Delhi,26.8,6,64986.92,2,1,0,99588.47,0,0.4006,0,Medium Risk
Male,Pune,29.7,8,23131.16,1,1,1,78724.66,1,0.0981,0,Low Risk
Female,Pune,39.7,0,62378.48,2,0,1,48747.56,0,0.3644,0,Medium Risk
Female,Pune,23.9,8,74175.32,1,1,0,148332.25,0,0.3092,0,Medium Risk
Male,Mumbai,49.4,2,47103.6,2,1,0,66768.48,0,0.3248,0,Medium Risk
Male,Hyderabad,47.9,1,63553.87,1,0,1,87073.68,0,0.29,0,Low Risk
Female,Delhi,65.3,5,12920.45,1,0,1,89782.1,0,0.2358,0,Low Risk
Male,Kolkata,51.8,3,52051.33,1,1,1,67909.52,0,0.4215,0,Medium Risk
Male,Kolkata,34.1,8,45142.19,1,1,0,49026.94,0,0.316,0,Medium Risk
Female,Mumbai,42.4,9,67862.79,1,1,1,68543.15,0,0.3173,0,Medium Risk
Female,Mumbai,25.7,2,83952.07,1,1,1,89188.54,0,0.298,0,Low Risk
Female,Pune,39.5,1,53460.61,1,0,1,85056.71,0,0.372,0,Medium Risk
Male,Hyderabad,31.7,6,35359.03,2,0,1,62121.27,0,0.1086,0,Low Risk
Male,Mumbai,27.1,1,100831.42,2,1,0,83031.09,0,0.4308,0,Medium Risk
Female,Chennai,24.3,5,31208.05,2,1,0,147178.73,0,0.1649,0,Low Risk
Male,Chennai,59.2,6,43996.59,1,1,1,76178.03,0,0.3166,0,Medium Risk
Male,Kolkata,30.5,3,86247.08,1,1,1,85543.75,0,0.382,0,Medium Risk
Male,Kolkata,22.1,4,78911.77,2,1,1,52281.44,0,0.2777,0,Low Risk
Female,Pune,40.1,1,81596.44,1,0,0,83974.05,0,0.4492,0,Medium Risk
Female,Pune,26.8,4,125335.6,2,1,1,96317.05,0,0.2657,0,Low Risk
Male,Mumbai,41.2,9,83378.85,1,0,0,92136.25,0,0.4005,0,Medium Risk
Female,Bangalore,32.4,9,79930.75,2,0,1,106041.26,0,0.2104,0,Low Risk
Male,Chennai,27.7,5,81454.66,1,1,1,98772.77,0,0.2755,0,Low Risk
Male,Mumbai,27.0,2,67935.39,2,1,1,54693.52,0,0.3329,0,Medium Risk
Female,Kolkata,35.0,0,52214.81,2,0,1,45255.5,0,0.3305,0,Medium Risk
Female,Chennai,34.1,4,59724.12,1,1,0,130047.04,0,0.5858,1,Medium Risk
Male,Delhi,37.1,1,103464.05,2,1,1,69525.43,1,0.4945,1,Medium Risk
Male,Pune,48.8,3,78548.44,1,0,0,142350.99,0,0.5069,1,Medium Risk
