CustomerID,Gender,Location,Age,Tenure,Balance,NumOfProducts,HasCreditCard,IsActiveMember,EstimatedSalary,Churn
10001,Male,Hyderabad,18.0,1,83328.23,2,1,1,86787.41,0
10002,Male,Chennai,42.4,2,67336.05,2,1,1,60480.07,0
10003,Female,Delhi,52.3,9,17406.97,1,1,1,71769.06,0
10004,Female,Kolkata,40.1,8,72710.2,2,0,0,85086.34,0
10005,Male,Bangalore,54.7,2,72961.77,2,1,1,143221.99,0
10006,Male,Mumbai,25.4,7,59329.45,2,1,1,97158.42,1
10007,Male,Pune,50.5,4,66167.36,1,1,1,70552.54,0
10008,Female,Mumbai,28.8,6,110037.44,2,1,0,60709.84,0
10009,Female,Bangalore,49.5,3,88718.97,1,1,0,15000.0,0
10010,Female,Chennai,31.2,7,42865.88,2,0,0,38967.59,0
10011,Male,Mumbai,44.2,3,113809.22,1,1,1,72184.35,1
10012,Male,Pune,58.4,4,45143.67,2,0,0,85075.97,0
10013,Female,Chennai,51.2,0,105401.11,1,1,1,54479.78,0
10014,Male,Mumbai,28.9,9,46897.67,1,1,1,124365.62,0
10015,Male,Delhi,26.3,7,61215.39,2,1,1,112357.7,0
10016,Male,Delhi,49.3,6,12187.85,2,1,0,100542.32,0
10017,Male,Delhi,55.8,10,78183.74,2,1,1,123932.35,0
10018,Female,Pune,45.2,4,15926.97,1,0,1,127410.6,0
10019,Male,Delhi,33.9,5,70183.18,1,0,1,67253.67,0
10020,Male,Pune,40.5,0,54134.82,2,1,0,68045.71,0
10021,Female,Kolkata,45.2,7,54414.96,2,1,0,81313.24,0
10022,Male,Kolkata,38.9,8,74849.79,2,1,0,70826.12,0
10023,Male,Delhi,28.9,10,85489.73,1,1,1,27844.4,0
10024,Male,Hyderabad,52.8,4,97719.49,1,0,1,100803.85,0
10025,Male,Delhi,62.5,9,35757.61,2,0,0,85793.63,0
10026,Female,Delhi,57.1,6,57220.79,1,1,1,124823.53,1
10027,Male,Hyderabad,18.0,9,63807.38,1,0,0,36070.63,1
10028,Female,Delhi,53.9,3,80073.91,2,1,0,115100.04,0
10029,Female,Mumbai,46.9,5,79563.09,2,0,1,158268.58,0
10030,Male,Hyderabad,32.1,1,43882.3,1,0,1,56253.13,0
10031,Female,Pune,18.0,3,95046.51,2,1,1,65541.42,0
10032,Male,Mumbai,38.6,4,75252.94,1,1,0,91779.58,0
10033,Male,Mumbai,44.4,8,109724.4,1,0,1,101143.13,0
10034,Male,Delhi,26.7,8,72927.08,1,1,0,15000.0,0
10035,Male,Mumbai,54.8,7,14935.28,3,1,1,115371.01,1
10036,Female,Bangalore,54.5,3,44415.19,2,1,0,21367.36,0
10037,Male,Kolkata,45.6,5,60974.69,1,0,1,113507.7,0
10038,Male,Mumbai,23.5,6,43894.44,2,1,0,18701.06,0
10039,Female,Chennai,36.9,0,42971.5,2,1,0,60316.96,0
10040,Male,Delhi,48.7,0,112609.72,1,0,1,118405.32,0
10041,Male,Pune,47.9,3,33767.01,1,0,1,61285.64,0
10042,Female,Mumbai,31.6,2,51766.88,4,1,0,122162.76,0
10043,Male,Mumbai,33.4,9,66654.7,2,1,1,85893.46,0
10044,Female,Bangalore,31.3,3,32116.22,1,0,1,88660.76,0
10045,Male,Delhi,36.6,8,60922.92,3,1,0,68417.16,0
10046,Female,Delhi,34.2,1,5903.44,1,0,0,51045.04,0
10047,Male,Bangalore,32.0,3,51223.1,2,1,1,147967.4,0
10048,Female,Hyderabad,38.3,6,37035.46,2,1,0,88504.55,0
10049,Female,Bangalore,40.5,1,57330.87,2,0,1,31605.8,0
10050,Male,Chennai,53.0,7,63605.68,2,1,1,105337.8,0
10051,Male,Mumbai,18.6,9,98717.47,1,1,1,32626.54,0
10052,Female,Chennai,54.6,3,49744.17,2,0,0,80573.48,0
10053,Female,Bangalore,31.0,8,118429.92,2,1,0,38883.93,0
10054,Female,Kolkata,62.3,0,70306.34,1,1,0,52693.08,1
10055,Female,Hyderabad,48.1,6,41429.38,2,1,0,90284.97,0
10056,Female,Kolkata,46.6,0,68378.8,1,0,0,92311.83,1
10057,Male,Chennai,38.8,10,95888.13,2,0,0,39650.63,0
10058,Male,Delhi,64.8,9,38306.58,2,1,0,89398.75,0
10059,Male,Chennai,39.6,10,113555.39,2,1,1,24359.73,0
10060,Male,Delhi,58.1,8,78304.06,2,1,1,124039.91,0
10061,Male,Pune,33.1,9,36399.25,1,0,1,85345.38,0
10062,Male,Delhi,48.6,9,51944.82,1,1,0,84155.24,0
10063,Female,Bangalore,62.8,0,54608.22,1,0,1,55591.62,0
10064,Male,Mumbai,29.8,2,92707.25,2,1,0,57972.21,0
10065,Male,Kolkata,45.9,6,35515.54,1,1,1,114239.67,0
10066,Female,Mumbai,31.5,0,103486.54,1,1,1,97894.67,0
10067,Male,Delhi,45.2,4,93540.1,1,1,0,117494.43,0
10068,Female,Hyderabad,62.7,5,106609.33,1,1,1,59481.24,0
10069,Male,Kolkata,28.8,2,66470.28,1,1,0,76964.08,0
10070,Female,Delhi,41.9,5,95872.14,3,1,1,95724.95,0
10071,Female,Delhi,30.0,3,58982.07,2,1,1,77029.34,0
10072,Male,Pune,38.4,5,90541.18,1,1,0,100340.7,0
10073,Male,Chennai,47.5,5,67188.47,1,1,0,63918.68,1
10074,Female,Chennai,36.4,3,110026.7,2,0,0,42290.95,0
10075,Female,Delhi,58.9,0,71708.32,3,1,1,98689.99,1
10076,Female,Bangalore,45.8,2,43883.78,1,1,0,33706.38,0
10077,Female,Hyderabad,24.1,10,102822.43,1,0,1,156400.11,0
10078,Male,Bangalore,43.8,9,70212.76,2,1,1,73552.81,0
10079,Male,Kolkata,57.5,6,51583.99,2,1,0,70901.79,0
10080,Male,Pune,46.5,1,50398.56,1,0,1,92561.75,0
10081,Female,Pune,43.1,3,42748.3,1,0,1,99339.18,1
10082,Female,Chennai,36.4,5,29189.16,1,1,1,67854.68,0
10083,Male,Pune,38.8,4,54444.38,1,1,0,91774.02,0
10084,Male,Bangalore,40.1,5,70121.05,1,1,1,66496.54,1
10085,Male,Hyderabad,18.0,4,55469.82,2,1,0,127796.67,0
10086,Male,Hyderabad,45.6,8,0.0,3,1,1,114513.12,1
10087,Female,Chennai,52.0,10,26573.18,1,1,0,66985.96,0
10088,Female,Delhi,31.0,1,88501.97,2,0,0,70475.92,0
10089,Female,Hyderabad,42.8,3,62138.81,1,1,1,64889.79,0
10090,Male,Bangalore,44.2,0,22351.14,2,0,0,82798.98,0
10091,Male,Mumbai,49.7,6,56110.99,2,1,1,101919.61,0
10092,Female,Delhi,40.1,0,68115.35,1,1,0,108439.23,0
10093,Female,Mumbai,46.5,5,88883.8,1,1,1,89343.19,0
10094,Female,Delhi,26.1,9,47840.68,1,0,0,92122.77,0
10095,Female,Pune,27.8,9,80856.89,1,1,0,82233.7,0
10096,Female,Pune,45.2,8,64445.13,2,1,0,117687.17,0
10097,Female,Mumbai,37.2,1,55732.98,2,1,1,73415.99,1
10098,Male,Delhi,21.0,0,86825.74,1,0,0,152755.44,0
10099,Male,Chennai,44.2,10,41377.08,2,1,1,132633.59,0
10100,Male,Bangalore,24.7,10,88683.57,2,1,1,75041.15,0
10101,Male,Mumbai,72.4,10,36464.86,2,1,1,81658.15,0
10102,Female,Delhi,18.0,9,50591.98,1,1,1,15000.0,0
10103,Male,Hyderabad,40.6,2,55390.13,2,1,1,41407.66,0
10104,Female,Chennai,40.1,5,62228.92,2,1,1,69341.78,0
10105,Female,Mumbai,51.0,6,1407.21,1,0,1,70345.43,0
10106,Male,Chennai,35.2,10,67638.51,1,1,0,103307.56,0
10107,Male,Mumbai,52.2,7,19321.4,2,1,0,111959.31,0
10108,Female,Mumbai,49.2,3,69190.85,4,1,1,27385.93,0
10109,Male,Mumbai,27.2,7,71858.19,2,1,1,44950.1,0
10110,Male,Mumbai,31.3,6,89416.09,2,1,1,37505.59,0
10111,Male,Chennai,35.9,10,31617.13,1,1,1,35603.24,1
10112,Male,Mumbai,39.2,7,70733.21,2,1,1,84093.76,0
10113,Female,Delhi,37.6,4,63807.59,2,1,0,118199.42,0
10114,Female,Chennai,48.7,9,50806.42,2,1,0,130155.87,0
10115,Female,Hyderabad,42.8,6,38128.7,2,1,0,126469.08,0
10116,Female,Delhi,32.6,3,67021.04,2,1,0,19397.09,0
10117,Female,Delhi,29.1,0,98423.0,1,1,1,68356.11,0
10118,Male,Hyderabad,30.2,2,58984.96,2,1,1,91333.99,0
10119,Female,Mumbai,44.0,9,96343.66,1,1,0,85056.71,0
10120,Female,Pune,37.7,8,93648.83,1,1,1,15000.0,0
10121,Female,Chennai,65.0,10,11519.07,2,1,1,57930.31,1
10122,Female,Pune,40.0,3,43519.25,2,1,0,136093.5,0
10123,Male,Chennai,42.3,4,51281.03,1,0,0,81750.88,0
10124,Male,Hyderabad,18.4,2,98095.31,1,1,1,133278.17,0
10125,Male,Mumbai,23.9,10,64501.53,1,0,1,108648.4,0
10126,Male,Bangalore,26.5,5,97266.45,1,1,0,63999.93,0
10127,Female,Bangalore,33.6,3,61589.93,1,1,0,103483.72,0
10128,Female,Delhi,22.2,4,97967.7,2,0,1,123113.55,0
10129,Male,Mumbai,26.1,10,76308.36,1,0,1,72289.72,0
10130,Female,Mumbai,48.0,6,62606.67,3,1,1,60429.11,0
10131,Male,Bangalore,29.7,6,94367.97,1,1,1,48345.39,0
10132,Male,Hyderabad,39.5,8,52384.96,1,0,0,115137.82,0
10133,Male,Mumbai,47.1,1,115518.25,2,1,0,116468.61,0
10134,Male,Delhi,51.4,3,28460.8,2,1,0,54556.16,0
10135,Male,Hyderabad,43.5,7,54236.75,1,1,1,41345.96,0
10136,Male,Mumbai,44.2,3,67519.7,2,1,0,64308.82,0
10137,Female,Delhi,51.7,2,46454.74,2,1,1,76287.3,0
10138,Female,Pune,45.0,9,74859.09,2,1,1,109676.06,0
10139,Male,Kolkata,52.4,5,61985.25,3,1,0,140512.61,1
10140,Female,Delhi,18.0,2,73247.17,1,1,1,61208.63,0
10141,Male,Delhi,39.0,1,42772.29,2,1,1,85056.71,0
10142,Male,Mumbai,40.7,8,39596.71,2,1,0,46768.55,0
10143,Female,Hyderabad,38.6,2,64284.89,2,1,1,107327.35,0
10144,Male,Pune,41.5,0,83227.24,2,0,1,128841.81,1
10145,Male,Delhi,35.1,8,111086.14,3,0,1,49615.67,1
10146,Male,Delhi,49.5,4,19318.07,2,1,1,46184.84,0
10147,Female,Delhi,33.6,6,60073.82,2,1,1,91777.71,0
10148,Female,Delhi,37.4,1,76071.75,1,0,0,123274.92,0
10149,Male,Pune,57.3,0,74131.45,1,0,0,78810.41,0
10150,Male,Mumbai,55.7,5,34477.99,1,1,0,115622.54,0
10151,Female,Hyderabad,41.9,4,46828.01,1,0,1,108512.33,0
10152,Male,Delhi,32.4,9,64654.62,3,0,0,33561.53,1
10153,Male,Delhi,20.4,5,132085.01,2,1,1,85121.25,1
10154,Female,Mumbai,38.4,1,88577.63,1,1,0,119889.4,0
10155,Female,Hyderabad,46.1,6,73760.73,1,0,1,53141.82,0
10156,Male,Chennai,31.3,0,0.0,2,1,0,85056.71,0
10157,Female,Mumbai,40.1,10,32064.01,2,1,1,125057.3,1
10158,Female,Chennai,35.8,7,34278.01,1,1,0,79256.6,0
10159,Male,Chennai,19.3,6,73950.36,1,1,1,100380.91,0
10160,Female,Mumbai,41.4,6,61594.79,2,1,0,23640.98,1
10161,Male,Delhi,45.2,5,49120.07,2,1,1,103900.48,0
10162,Female,Chennai,41.9,9,73361.16,2,1,0,59576.31,1
10163,Female,Delhi,59.3,4,27232.19,2,1,0,29824.3,0
10164,Female,Delhi,36.1,8,44629.63,2,1,0,76379.84,0
10165,Male,Hyderabad,35.2,2,63352.8,3,0,1,113752.45,1
10166,Female,Pune,66.0,8,111730.42,2,1,0,117146.32,0
10167,Male,Delhi,25.0,4,87391.12,1,0,0,82842.0,0
10168,Male,Hyderabad,32.6,7,75775.94,1,1,0,67743.86,1
10169,Male,Kolkata,44.3,10,54981.68,1,1,0,32286.95,0
10170,Female,Chennai,53.5,2,64545.86,1,1,0,105094.93,0
10171,Female,Delhi,51.2,6,95401.76,1,1,0,81495.13,0
10172,Male,Delhi,27.5,9,110643.56,2,0,0,77801.07,0
10173,Female,Mumbai,59.5,3,59001.0,2,1,1,71798.34,0
10174,Male,Chennai,45.6,4,76265.29,1,1,0,115165.62,0
10175,Female,Chennai,30.2,3,87852.48,2,1,1,109016.42,0
10176,Male,Kolkata,31.2,8,75219.91,2,1,1,119047.94,0
10177,Female,Delhi,40.9,6,32265.81,3,1,0,109915.72,0
10178,Male,Hyderabad,65.8,5,46375.53,2,1,0,71450.56,0
10179,Female,Kolkata,42.5,5,83515.79,1,1,1,66867.58,0
10180,Male,Pune,65.7,10,50912.79,2,1,1,79839.59,0
10181,Male,Chennai,50.5,9,109840.04,1,0,0,82004.68,0
10182,Male,Delhi,24.9,6,57310.08,2,1,1,111745.14,0
10183,Female,Delhi,56.9,4,31653.4,1,1,1,82894.0,0
10184,Female,Kolkata,28.7,9,90865.25,2,1,0,80634.0,0
10185,Male,Pune,32.6,2,56000.4,2,1,1,97963.35,0
10186,Female,Bangalore,43.3,10,57979.45,2,0,0,100921.96,0
10187,Female,Mumbai,39.7,10,86697.79,2,0,1,58674.46,0
10188,Female,Mumbai,50.7,2,40239.15,2,1,1,70828.95,0
10189,Female,Mumbai,46.0,6,67053.16,1,1,1,51977.8,0
10190,Male,Bangalore,38.6,10,34715.94,2,0,1,62798.87,0
10191,Male,Chennai,60.4,9,66898.33,1,1,0,125266.75,1
10192,Female,Hyderabad,34.3,0,24032.06,4,1,0,110417.54,0
10193,Female,Delhi,28.0,3,43979.0,2,1,1,106751.12,0
10194,Female,Bangalore,45.6,9,87457.53,1,0,0,111189.02,0
10195,Male,Pune,39.8,7,97431.15,2,1,1,15000.0,0
10196,Male,Delhi,42.9,3,42879.8,1,0,1,77246.65,0
10197,Female,Mumbai,48.9,0,42609.0,1,1,0,91110.02,0
10198,Female,Chennai,37.8,4,67559.13,1,1,1,53936.5,0
10199,Female,Mumbai,62.3,0,44790.46,1,0,1,29496.33,0
10200,Female,Delhi,43.2,8,88441.56,1,0,1,74802.68,0
10201,Female,Delhi,34.6,7,30245.94,1,1,0,107084.06,0
10202,Male,Pune,47.1,6,49323.59,2,1,0,116655.95,0
10203,Male,Mumbai,39.0,4,110307.68,2,1,0,37353.78,0
10204,Female,Delhi,41.4,3,74454.79,2,1,1,95843.91,0
10205,Female,Bangalore,26.7,6,79610.67,2,1,0,36961.68,0
10206,Male,Mumbai,28.1,2,60245.33,2,1,0,96367.77,0
10207,Male,Mumbai,52.7,7,28446.26,2,1,0,58266.97,0
10208,Female,Pune,25.2,4,103722.12,2,0,0,103955.27,0
10209,Male,Bangalore,38.5,4,69878.53,1,1,0,94974.75,1
10210,Male,Kolkata,43.9,0,88727.71,2,1,1,143620.47,0
10211,Female,Delhi,57.0,9,58153.92,1,1,0,83966.28,0
10212,Female,Hyderabad,34.2,10,64359.3,2,1,1,99887.75,0
10213,Female,Delhi,49.1,7,55000.75,2,1,1,106922.21,0
10214,Male,Pune,38.6,6,70145.88,1,0,0,68200.56,1
10215,Female,Delhi,18.0,0,53232.32,1,0,1,123368.84,0
10216,Male,Delhi,40.6,3,43443.12,1,0,1,168766.81,0
10217,Male,Bangalore,39.2,3,60045.93,2,1,1,76112.17,0
10218,Female,Hyderabad,45.1,8,78195.48,1,0,1,55586.71,0
10219,Female,Mumbai,32.3,9,94091.48,1,1,0,15000.0,0
10220,Female,Hyderabad,33.6,1,31313.32,1,1,1,162607.04,0
10221,Female,Pune,54.4,3,87167.3,1,1,1,122063.5,0
10222,Female,Delhi,36.0,9,47543.46,1,1,1,91784.97,0
10223,Male,Hyderabad,18.0,2,39807.16,2,1,0,114889.76,0
10224,Male,Chennai,45.9,9,41180.14,1,1,0,44502.21,0
10225,Male,Bangalore,50.4,4,130096.86,2,1,1,130438.17,0
10226,Male,Bangalore,50.2,6,83609.37,3,1,1,92243.53,1
10227,Female,Chennai,32.6,4,36212.59,2,1,1,74653.93,0
10228,Male,Mumbai,40.0,4,51189.14,1,1,1,88690.19,0
10229,Female,Mumbai,46.4,3,31068.41,2,0,1,54637.24,0
10230,Female,Delhi,51.6,8,31900.05,1,1,1,57474.2,0
10231,Female,Kolkata,46.0,5,30960.06,2,1,1,41087.36,0
10232,Female,Mumbai,49.3,9,38943.39,1,1,0,91613.22,0
10233,Female,Chennai,31.2,5,84146.3,1,1,1,89924.48,0
10234,Female,Delhi,18.0,10,91642.25,1,0,0,20336.43,0
10235,Male,Delhi,52.6,5,41958.53,3,1,1,31142.08,1
10236,Female,Chennai,28.6,5,54667.16,2,1,1,118524.35,0
10237,Male,Kolkata,37.9,0,85965.12,2,0,0,108505.36,0
10238,Male,Chennai,49.7,10,65915.01,2,1,1,70903.88,0
10239,Female,Kolkata,40.3,5,73707.01,3,1,0,115812.5,1
10240,Male,Kolkata,48.4,3,52046.3,1,1,1,25791.9,0
10241,Male,Kolkata,69.5,1,103272.95,2,0,1,117733.39,1
10242,Male,Bangalore,46.6,5,107934.01,2,1,1,15000.0,0
10243,Female,Hyderabad,31.3,0,83072.02,2,1,1,80378.67,0
10244,Male,Bangalore,22.6,0,49992.94,1,1,1,119281.32,0
10245,Male,Delhi,48.1,4,32075.28,3,1,1,97968.61,0
10246,Female,Bangalore,41.0,5,108632.35,1,1,0,126298.59,0
10247,Male,Bangalore,23.5,1,73170.11,2,0,1,77829.23,0
10248,Male,Delhi,54.1,9,67967.64,1,1,0,82940.3,0
10249,Male,Chennai,48.7,7,82799.64,1,1,1,128318.75,0
10250,Female,Bangalore,39.9,3,65682.55,2,1,0,121904.12,0
10251,Male,Kolkata,66.2,3,58373.01,1,0,0,70699.34,0
10252,Male,Chennai,52.3,9,120404.94,1,1,1,98744.15,0
10253,Female,Mumbai,28.1,4,94538.55,1,1,1,60596.84,0
10254,Male,Delhi,54.1,9,106530.55,1,1,1,128350.33,0
10255,Male,Hyderabad,43.1,3,104535.3,2,1,1,83675.0,0
10256,Female,Delhi,62.7,10,15437.05,3,0,0,98176.94,0
10257,Female,Kolkata,51.3,4,85801.77,1,0,0,76994.53,1
10258,Female,Chennai,45.8,9,77476.7,2,0,0,15000.0,0
10259,Female,Hyderabad,45.1,2,49616.82,3,0,1,51966.67,0
10260,Male,Mumbai,25.7,7,138526.2,2,1,1,32252.23,0
10261,Female,Pune,33.9,5,68833.24,1,0,0,95349.11,0
10262,Female,Delhi,42.5,7,52103.54,2,0,1,15000.0,0
10263,Male,Hyderabad,23.5,4,61568.63,2,1,1,95000.17,0
10264,Female,Delhi,45.6,6,80491.83,1,1,0,48224.66,0
10265,Female,Hyderabad,31.1,9,76174.99,1,1,0,97649.85,1
10266,Female,Pune,35.3,6,51840.99,2,0,1,86023.49,0
10267,Female,Kolkata,48.5,5,86008.77,2,1,1,81281.28,1
10268,Female,Chennai,33.3,9,65838.39,1,0,1,122131.44,0
10269,Male,Mumbai,45.6,3,58719.49,2,1,0,120806.3,0
10270,Male,Delhi,41.7,5,59797.86,2,1,0,130577.54,0
10271,Female,Hyderabad,27.3,8,35861.1,1,1,1,59497.03,0
10272,Female,Bangalore,50.6,10,40839.25,2,1,1,44517.07,0
10273,Female,Kolkata,51.2,3,38672.72,2,0,1,121281.62,0
10274,Female,Delhi,51.8,5,5419.71,2,1,1,60166.26,0
10275,Female,Delhi,62.9,5,73549.58,2,1,0,34781.75,0
10276,Female,Pune,35.1,2,39554.84,1,1,0,42347.24,1
10277,Female,Kolkata,18.0,3,54678.9,1,1,1,90753.08,0
10278,Female,Delhi,32.1,2,57453.57,1,0,1,77058.28,0
10279,Female,Mumbai,51.5,2,40339.04,1,1,1,122890.63,0
10280,Female,Mumbai,39.0,9,55871.06,2,1,0,37603.25,0
10281,Female,Delhi,23.1,3,66995.75,2,0,0,32579.35,0
10282,Male,Mumbai,19.8,3,47615.27,2,0,1,75582.9,0
10283,Male,Chennai,57.0,5,42092.06,1,0,1,16315.21,0
10284,Male,Chennai,47.3,3,49752.27,2,0,0,67635.28,0
10285,Female,Kolkata,34.0,5,88790.31,1,1,0,115217.13,1
10286,Male,Kolkata,62.6,1,50806.48,1,0,0,159058.82,1
10287,Male,Delhi,71.8,3,69196.37,1,1,0,70568.32,1
10288,Female,Bangalore,52.4,1,52483.24,3,1,0,67811.4,1
10289,Male,Pune,49.1,7,62337.37,2,1,0,88767.77,0
10290,Female,Bangalore,46.3,8,86189.35,1,1,0,108080.81,0
10291,Male,Delhi,50.3,6,42555.92,2,1,0,122478.69,0
10292,Male,Delhi,63.5,5,120702.14,1,1,1,62379.65,1
10293,Female,Mumbai,28.3,7,73928.98,1,1,0,121864.69,0
10294,Male,Mumbai,35.9,3,70098.46,2,1,0,66985.83,0
10295,Male,Hyderabad,39.4,9,38777.97,2,0,0,140988.17,0
10296,Female,Chennai,46.9,10,81256.92,2,1,1,117905.23,0
10297,Female,Bangalore,58.8,1,106592.82,1,0,0,56465.62,0
10298,Male,Pune,45.0,3,46112.77,1,1,1,89068.19,0
10299,Female,Mumbai,47.5,4,39901.24,2,1,1,69722.72,0
10300,Male,Mumbai,48.1,8,66175.16,1,1,1,105482.63,0
10301,Male,Chennai,40.3,4,39744.87,1,0,0,74650.49,0
10302,Female,Kolkata,35.0,8,53719.24,2,1,0,59414.11,1
10303,Female,Mumbai,40.9,8,85913.96,1,1,0,103626.11,0
10304,Female,Delhi,32.1,7,109218.52,1,1,0,97026.54,0
10305,Female,Delhi,40.1,4,87015.24,2,0,0,39885.19,1
10306,Female,Kolkata,44.4,1,43492.93,2,1,0,132847.45,0
10307,Female,Mumbai,34.3,4,58093.92,1,1,1,116648.14,0
10308,Male,Delhi,62.2,10,56270.75,2,1,0,112095.37,0
10309,Female,Kolkata,41.8,0,67501.57,2,0,1,78173.86,0
10310,Male,Delhi,56.3,7,87101.42,2,1,0,46386.84,1
10311,Male,Mumbai,25.1,1,44978.37,2,1,0,85056.71,0
10312,Male,Delhi,25.4,6,119700.34,2,1,0,60992.29,0
10313,Male,Hyderabad,38.7,10,38982.92,2,0,1,55201.17,0
10314,Male,Delhi,51.2,1,44234.75,2,0,1,91514.9,0
10315,Female,Pune,34.1,10,44991.79,1,1,0,21898.17,0
10316,Female,Hyderabad,38.8,4,126503.61,2,1,1,95174.46,0
10317,Male,Mumbai,52.0,9,105851.76,1,0,0,58193.61,0
10318,Male,Chennai,35.3,6,44621.55,1,0,1,79063.42,0
10319,Male,Hyderabad,30.9,5,53481.44,2,1,0,112990.86,0
10320,Male,Mumbai,48.5,4,62616.93,1,1,0,129167.28,0
10321,Female,Mumbai,24.4,5,52958.12,2,1,0,123629.35,0
10322,Female,Pune,35.5,1,87523.91,2,0,1,134485.88,0
10323,Female,Chennai,41.4,9,77256.22,2,1,1,83477.05,0
10324,Male,Bangalore,46.3,0,70063.48,2,1,0,15000.0,0
10325,Male,Kolkata,49.9,0,85498.05,2,1,1,78018.78,0
10326,Female,Mumbai,51.7,7,75973.28,2,1,0,107985.28,0
10327,Female,Bangalore,36.4,2,81822.37,2,1,1,63978.52,0
10328,Female,Kolkata,51.5,10,69328.5,1,0,0,71350.09,0
10329,Male,Kolkata,46.1,2,108044.25,1,1,1,42103.94,0
10330,Male,Mumbai,48.7,8,68290.96,2,0,0,109579.15,0
10331,Male,Chennai,32.4,5,61288.11,2,0,0,61415.34,0
10332,Female,Mumbai,48.0,3,84942.18,1,1,0,75215.4,1
10333,Male,Kolkata,38.2,3,79201.85,2,1,0,105174.61,0
10334,Male,Mumbai,40.6,6,64489.04,1,1,0,82140.53,0
10335,Male,Pune,42.0,5,24043.48,1,1,0,140247.66,0
10336,Male,Hyderabad,65.4,1,100244.68,1,1,0,71571.57,1
10337,Female,Mumbai,29.0,8,96060.2,1,1,0,21644.29,0
10338,Female,Chennai,54.3,1,43745.47,1,0,0,109330.27,0
10339,Male,Mumbai,57.2,7,75395.16,1,0,1,86014.52,0
10340,Male,Mumbai,49.9,3,51934.17,1,0,0,109607.23,0
10341,Female,Mumbai,33.6,9,78208.37,2,1,0,69775.65,0
10342,Male,Delhi,60.4,0,92889.03,1,1,0,95970.51,1
10343,Male,Kolkata,36.0,0,61741.16,1,1,1,75902.37,0
10344,Male,Pune,48.2,8,82789.31,1,0,0,32039.54,0
10345,Male,Hyderabad,41.5,3,29770.16,2,1,0,107960.33,0
10346,Female,Chennai,35.6,0,43490.24,3,1,1,104593.43,0
10347,Female,Pune,46.6,2,87524.81,2,1,0,120784.94,0
10348,Male,Hyderabad,62.6,2,49025.67,1,1,1,15000.0,0
10349,Male,Pune,43.1,6,44326.34,1,1,0,84639.13,1
10350,Female,Pune,63.7,5,46872.42,1,0,1,69034.09,0
10351,Female,Delhi,37.8,7,38041.71,2,1,0,117459.4,0
10352,Female,Kolkata,40.9,6,90116.9,1,0,1,89584.69,0
10353,Female,Bangalore,25.3,0,91962.59,1,1,1,71830.95,0
10354,Male,Hyderabad,33.3,2,45986.27,1,1,0,141054.12,0
10355,Male,Chennai,37.4,8,37322.7,4,0,1,153106.43,0
10356,Female,Mumbai,36.1,3,62654.28,3,1,0,138892.67,1
10357,Male,Pune,28.5,10,35747.99,1,0,0,97734.13,0
10358,Female,Pune,30.9,10,82645.37,1,1,0,69681.85,0
10359,Male,Hyderabad,36.6,2,65255.55,2,1,0,156555.73,0
10360,Female,Delhi,54.2,4,55926.09,2,1,0,133009.24,0
10361,Male,Bangalore,22.1,7,90536.96,3,0,1,85056.71,0
10362,Female,Pune,18.0,0,41415.29,2,0,1,72352.83,0
10363,Male,Delhi,18.9,1,54334.99,2,1,0,45620.79,0
10364,Female,Mumbai,29.8,6,35077.66,1,0,0,42615.41,0
10365,Male,Delhi,47.6,0,30521.8,2,0,1,85745.85,0
10366,Male,Bangalore,35.7,10,42336.87,2,1,1,104351.39,0
10367,Male,Delhi,35.6,4,44756.73,1,1,1,16273.51,0
10368,Female,Mumbai,35.3,9,42450.89,2,1,0,120202.33,0
10369,Male,Mumbai,18.0,7,62713.79,1,0,0,31985.55,0
10370,Male,Kolkata,50.3,5,62510.74,1,1,0,76721.08,0
10371,Male,Mumbai,55.7,2,26206.78,2,0,1,128801.69,0
10372,Male,Kolkata,36.0,6,84930.96,1,0,0,163010.43,0
10373,Male,Delhi,41.0,2,27097.87,2,0,1,89552.84,0
10374,Female,Delhi,41.4,4,21810.34,3,1,0,79921.95,0
10375,Male,Delhi,27.2,6,90901.47,1,1,1,81550.43,0
10376,Male,Delhi,34.7,1,37430.89,2,0,0,80974.16,1
10377,Female,Delhi,40.1,9,73927.15,1,1,1,113395.2,0
10378,Male,Kolkata,40.0,3,50404.55,1,0,1,64231.81,0
10379,Female,Mumbai,42.7,1,39872.98,1,1,0,63334.56,0
10380,Male,Hyderabad,31.7,6,35359.03,2,0,1,62121.27,0
10381,Male,Pune,34.8,2,74509.5,1,1,1,120958.73,0
10382,Female,Kolkata,47.8,8,41660.94,2,1,1,101578.68,0
10383,Female,Mumbai,29.9,10,92382.02,2,1,0,97291.45,0
10384,Female,Mumbai,59.4,5,26936.94,2,0,1,150382.41,1
10385,Female,Pune,20.6,0,100375.03,2,0,0,107535.41,0
10386,Female,Hyderabad,32.4,9,13012.87,2,1,0,156821.52,0
10387,Male,Mumbai,22.2,7,72127.39,2,0,0,133165.67,0
10388,Male,Mumbai,55.9,6,35613.68,1,1,1,48821.57,0
10389,Female,Chennai,39.6,0,25212.27,1,0,0,120662.18,0
10390,Female,Kolkata,36.6,2,62498.99,2,0,1,135439.4,0
10391,Female,Delhi,44.8,2,81897.03,1,1,0,39939.12,0
10392,Male,Delhi,56.8,2,60108.88,1,0,1,108079.99,1
10393,Male,Delhi,42.6,6,63900.48,2,1,0,33029.55,1
10394,Female,Bangalore,53.7,5,70092.37,2,1,1,85056.71,0
10395,Male,Mumbai,36.5,10,80425.58,1,0,1,124609.07,0
10396,Female,Delhi,28.5,1,106142.06,2,1,1,54800.34,0
10397,Female,Pune,42.8,4,46384.01,1,0,0,109907.39,0
10398,Male,Chennai,31.6,5,76960.06,2,1,1,32767.33,0
10399,Female,Hyderabad,48.3,1,50669.38,1,0,1,97186.81,0
10400,Female,Pune,35.1,0,60631.34,2,1,1,97923.75,0
10401,Male,Mumbai,39.0,3,82053.51,1,1,0,90014.11,0
10402,Female,Mumbai,18.0,3,69524.84,2,0,1,60680.04,1
10403,Female,Chennai,38.5,3,46351.31,2,1,0,111388.97,0
10404,Female,Mumbai,37.1,0,67616.44,3,0,1,112765.7,0
10405,Male,Delhi,54.0,2,73821.33,1,0,0,151085.12,0
10406,Female,Delhi,50.4,6,80768.54,2,1,1,177392.77,0
10407,Male,Delhi,40.3,3,93538.91,1,1,1,49195.78,0
10408,Male,Delhi,20.4,1,109811.68,1,1,0,61906.74,0
10409,Female,Chennai,34.7,7,65063.08,1,0,1,73475.64,0
10410,Male,Mumbai,54.0,10,37422.31,1,1,1,87339.25,0
10411,Male,Hyderabad,37.6,0,72916.49,1,1,1,81072.53,0
10412,Male,Chennai,27.2,8,31550.63,2,1,1,98492.25,0
10413,Male,Delhi,53.8,4,112554.38,2,1,0,57117.63,1
10414,Female,Mumbai,20.5,1,51063.57,1,1,1,68633.79,0
10415,Female,Mumbai,38.6,3,89628.3,2,0,0,15000.0,0
10416,Male,Bangalore,46.7,2,72888.04,1,1,0,85056.71,1
10417,Male,Kolkata,41.5,6,71109.66,3,1,1,58326.92,0
10418,Male,Pune,25.1,5,25472.12,1,1,0,70958.52,0
10419,Female,Pune,28.8,10,45293.0,1,1,1,119523.72,0
10420,Female,Delhi,31.6,10,55142.01,1,1,0,66166.75,0
10421,Female,Pune,49.4,8,55647.91,1,0,1,96866.8,0
10422,Female,Pune,42.0,3,67320.71,1,1,1,133038.34,0
10423,Male,Chennai,35.3,2,48465.6,1,1,1,106910.63,0
10424,Female,Hyderabad,44.9,6,77250.73,2,0,1,134212.93,0
10425,Male,Delhi,31.0,5,62593.1,2,1,1,144894.07,0
10426,Female,Bangalore,48.9,4,81436.6,2,0,1,85056.71,0
10427,Male,Hyderabad,45.4,9,27872.45,1,1,0,91716.68,0
10428,Female,Bangalore,37.3,6,84522.93,1,1,0,104740.37,0
10429,Male,Delhi,38.1,4,105732.33,1,1,0,39372.47,1
10430,Male,Mumbai,35.9,8,61013.06,1,0,1,108355.43,0
10431,Male,Mumbai,52.0,3,95176.89,1,1,1,116468.13,1
10432,Female,Pune,42.6,0,64306.11,2,1,1,28444.46,0
10433,Female,Mumbai,37.4,9,54538.9,2,1,0,59266.28,1
10434,Male,Chennai,28.4,4,70272.81,1,1,1,39536.16,0
10435,Male,Pune,47.1,0,104229.99,1,1,0,102857.29,1
10436,Female,Kolkata,46.5,0,102221.79,1,0,0,61216.29,0
10437,Male,Mumbai,33.7,0,26721.52,1,0,0,133938.23,1
10438,Female,Pune,35.0,0,39282.88,2,0,1,113648.57,0
10439,Female,Mumbai,38.6,7,62822.54,1,1,1,143021.83,0
10440,Male,Bangalore,26.2,1,47322.93,2,1,0,71375.14,0
10441,Male,Bangalore,40.9,8,74559.03,1,1,0,159139.92,0
10442,Female,Delhi,20.3,6,61537.11,1,1,0,15000.0,0
10443,Male,Chennai,24.6,10,53664.42,1,1,1,101875.99,0
10444,Male,Bangalore,33.9,2,114435.08,1,0,1,95586.64,1
10445,Female,Delhi,32.5,8,84567.65,2,1,1,120039.62,0
10446,Male,Mumbai,45.4,3,82871.96,3,1,1,70928.92,0
10447,Female,Bangalore,43.4,6,44819.7,1,0,0,118264.36,0
10448,Female,Pune,56.5,2,64070.33,2,1,0,52790.72,0
10449,Male,Mumbai,41.1,4,61574.31,1,1,0,68936.28,0
10450,Male,Kolkata,42.5,3,67345.73,4,1,1,87820.05,0
10451,Female,Bangalore,26.0,5,53993.23,3,1,1,108158.99,1
10452,Female,Kolkata,26.1,8,88063.53,1,1,0,38604.28,0
10453,Male,Kolkata,40.8,4,98278.03,3,1,1,99432.63,0
10454,Female,Kolkata,41.0,0,84136.03,2,1,1,38077.36,0
10455,Male,Hyderabad,43.5,4,62499.52,4,1,1,51028.86,0
10456,Female,Kolkata,55.2,4,54927.35,2,1,0,130796.72,0
10457,Male,Hyderabad,26.6,8,92061.38,1,0,1,120984.21,0
10458,Male,Mumbai,60.3,7,73095.07,2,1,1,133218.34,0
10459,Male,Kolkata,22.1,4,78911.77,2,1,1,52281.44,0
10460,Male,Delhi,44.5,4,72647.68,1,0,1,55925.77,0
10461,Male,Kolkata,25.0,1,46426.07,2,1,0,59296.36,0
10462,Female,Delhi,48.7,8,104084.74,2,0,1,85056.71,0
10463,Female,Chennai,22.2,10,126344.16,4,1,0,137299.38,0
10464,Female,Delhi,18.0,3,54198.07,2,0,0,87095.3,0
10465,Male,Bangalore,41.8,6,64016.75,1,1,1,20718.13,0
10466,Male,Mumbai,38.5,9,55484.53,3,1,1,88194.86,0
10467,Male,Mumbai,53.3,5,48427.98,2,1,0,83020.68,0
10468,Female,Delhi,40.9,4,79907.21,1,0,0,85056.71,0
10469,Male,Delhi,31.1,10,50522.97,1,1,1,97881.69,0
10470,Male,Delhi,33.5,10,41120.06,2,1,1,96529.19,0
10471,Male,Delhi,78.6,4,76155.68,1,1,1,88880.53,0
10472,Male,Delhi,29.5,6,43133.24,2,0,1,48790.59,0
10473,Male,Mumbai,46.3,1,49599.8,3,1,1,83238.17,0
10474,Female,Pune,44.8,8,48093.28,1,1,1,97825.75,0
10475,Female,Mumbai,46.6,1,76563.0,1,1,1,89149.12,1
10476,Female,Delhi,45.6,8,66854.05,2,0,1,20932.95,0
10477,Male,Bangalore,36.8,10,18278.89,1,1,0,117402.22,0
10478,Female,Mumbai,18.9,3,72143.68,2,1,0,94375.43,0
10479,Male,Delhi,41.9,9,44370.8,1,1,0,124985.23,0
10480,Female,Delhi,39.8,10,103441.48,2,0,1,78503.78,0
10481,Female,Hyderabad,41.5,9,13244.74,4,1,0,96735.42,0
10482,Female,Pune,46.8,5,74399.67,1,1,1,26997.02,0
10483,Male,Delhi,35.0,0,84455.69,2,0,1,74609.55,0
10484,Female,Delhi,32.6,4,34831.2,1,0,1,136049.31,0
10485,Female,Mumbai,50.8,5,58033.37,2,1,0,114654.04,0
10486,Female,Hyderabad,36.1,8,67383.35,1,0,0,63651.49,0
10487,Male,Chennai,34.1,8,61241.02,1,0,1,63452.65,0
10488,Male,Mumbai,33.0,8,77181.89,1,1,1,115413.08,0
10489,Male,Chennai,47.1,2,68943.21,1,1,1,34900.41,0
10490,Female,Chennai,37.5,3,84659.89,2,0,0,105715.76,0
10491,Male,Delhi,66.6,7,73244.75,1,1,1,139076.52,0
10492,Female,Chennai,40.7,7,67731.87,1,1,1,42604.27,0
10493,Male,Chennai,25.5,1,58091.72,1,0,0,96805.72,0
10494,Male,Delhi,34.8,7,71183.46,1,0,1,99398.39,0
10495,Male,Hyderabad,47.9,6,108707.68,1,0,0,102528.91,0
10496,Male,Chennai,32.8,8,62841.93,2,0,1,92574.22,0
10497,Female,Pune,39.8,4,33164.43,2,1,1,128577.27,0
10498,Male,Bangalore,51.7,1,92396.4,1,1,0,57934.43,0
10499,Female,Hyderabad,53.5,4,116891.68,1,1,1,63183.08,0
10500,Female,Pune,33.7,1,79438.44,1,0,1,28538.47,0
10501,Female,Bangalore,36.9,4,114123.48,1,0,0,79982.63,0
10502,Female,Chennai,41.2,8,68574.34,1,0,0,121409.1,1
10503,Male,Kolkata,56.1,6,138724.52,1,1,1,89455.16,0
10504,Female,Mumbai,26.8,6,28288.63,2,1,1,119978.74,0
10505,Female,Pune,44.3,0,61233.42,2,1,1,81494.75,0
10506,Male,Chennai,40.7,8,79978.23,1,1,1,24499.14,0
10507,Female,Hyderabad,29.2,5,45882.08,1,0,1,83363.46,0
10508,Female,Delhi,54.8,6,94569.86,1,1,1,54213.24,0
10509,Male,Chennai,51.9,1,78674.39,1,1,0,70001.14,0
10510,Female,Kolkata,58.5,0,59611.11,1,1,1,33445.47,0
10511,Female,Chennai,54.2,10,75744.14,2,1,1,113003.78,0
10512,Male,Chennai,40.1,3,69976.14,1,0,1,113755.78,0
10513,Female,Mumbai,47.4,8,81242.77,1,1,0,100884.85,0
10514,Female,Delhi,40.1,8,59175.81,2,1,1,52635.44,0
10515,Male,Pune,29.1,10,9733.69,2,1,0,85056.71,0
10516,Male,Delhi,24.3,2,86597.59,2,0,1,41638.65,0
10517,Male,Delhi,44.4,0,63371.37,1,1,0,26850.8,0
10518,Female,Hyderabad,41.2,1,45355.47,2,1,0,94425.23,0
10519,Female,Chennai,36.0,8,55630.9,2,1,0,113165.02,0
10520,Male,Hyderabad,38.9,8,60085.11,1,1,0,100071.3,1
10521,Female,Pune,61.2,0,27820.31,2,0,0,49696.52,0
10522,Male,Pune,18.0,8,42794.06,2,0,1,118382.22,0
10523,Male,Delhi,47.7,0,62126.45,2,1,0,141797.49,0
10524,Female,Delhi,50.1,9,60744.08,1,1,1,90083.69,0
10525,Female,Delhi,51.6,3,41660.77,1,1,0,125036.37,0
10526,Male,Hyderabad,23.5,4,32793.35,1,0,0,63240.4,0
10527,Male,Mumbai,36.5,7,43674.44,2,1,1,52176.68,0
10528,Male,Delhi,35.9,4,72418.13,2,1,1,15000.0,0
10529,Male,Mumbai,43.5,4,48839.68,3,1,1,100137.79,0
10530,Female,Mumbai,26.4,3,86801.02,1,1,1,96637.34,0
10531,Female,Pune,44.5,8,94052.98,1,1,1,70257.67,1
10532,Female,Delhi,29.4,7,108596.36,1,1,1,85161.21,0
10533,Female,Hyderabad,36.4,8,80613.46,2,1,1,31974.93,0
10534,Female,Bangalore,56.1,6,75560.24,2,0,1,76901.13,0
10535,Female,Hyderabad,50.1,6,99434.44,1,1,1,75261.4,0
10536,Male,Mumbai,41.5,4,34544.44,2,1,1,60568.23,0
10537,Female,Delhi,23.3,9,80658.25,2,1,0,92735.71,1
10538,Male,Pune,44.0,0,88730.89,2,1,1,83264.16,0
10539,Male,Pune,44.8,5,64741.18,1,1,1,102419.37,0
10540,Male,Mumbai,18.0,9,85565.48,2,0,0,83332.67,0
10541,Male,Mumbai,44.2,5,56652.33,2,0,0,53232.73,0
10542,Female,Kolkata,27.1,9,65986.64,1,0,1,114898.74,0
10543,Male,Kolkata,22.2,3,74162.8,1,1,0,57780.98,0
10544,Female,Mumbai,26.5,1,73420.69,2,1,0,141473.69,0
10545,Female,Delhi,18.0,0,30259.34,1,1,1,107257.59,0
10546,Male,Hyderabad,35.1,2,52157.72,1,1,1,176587.03,0
10547,Male,Delhi,27.9,10,66058.43,1,0,1,56540.16,0
10548,Female,Pune,53.7,8,74803.38,1,1,1,81190.3,0
10549,Female,Bangalore,35.7,0,81831.23,1,1,0,76007.55,0
10550,Female,Hyderabad,31.4,4,65610.49,1,1,0,79788.1,0
10551,Female,Delhi,20.9,9,92701.13,2,0,0,78984.13,0
10552,Female,Delhi,34.9,5,57687.3,3,1,1,99257.14,0
10553,Female,Mumbai,56.2,8,86421.14,2,1,0,109818.01,0
10554,Female,Hyderabad,58.6,0,61250.54,2,1,1,113088.59,0
10555,Female,Bangalore,35.6,4,42073.61,2,1,0,123689.42,0
10556,Male,Delhi,39.2,0,130462.5,2,1,0,16148.33,1
10557,Male,Delhi,48.4,1,77479.96,2,1,0,136763.58,0
10558,Male,Delhi,27.7,1,18977.18,2,1,1,70844.86,0
10559,Female,Mumbai,44.4,10,87588.26,2,1,0,120887.82,0
10560,Female,Bangalore,68.4,4,69113.6,2,1,1,88378.17,0
10561,Female,Bangalore,49.2,9,86675.79,1,1,1,142332.8,0
10562,Male,Pune,48.8,3,78548.44,1,0,0,142350.99,0
10563,Male,Mumbai,56.1,5,45909.95,1,0,0,122322.66,0
10564,Male,Pune,50.8,4,88002.58,1,1,0,142858.86,1
10565,Male,Bangalore,37.0,1,48431.09,2,1,0,51061.79,0
10566,Female,Chennai,25.8,8,44816.82,3,0,0,160662.76,0
10567,Male,Mumbai,38.4,9,56626.42,1,0,0,76706.09,0
10568,Male,Bangalore,28.4,7,39049.07,1,1,0,59095.08,0
10569,Female,Mumbai,36.6,8,77527.76,1,1,1,35309.67,0
10570,Male,Bangalore,29.5,10,117140.69,2,0,1,73935.39,0
10571,Female,Hyderabad,35.3,5,37401.22,2,1,1,15000.0,0
10572,Female,Hyderabad,22.2,4,99371.39,1,0,0,74756.02,0
10573,Male,Kolkata,31.7,4,50031.72,2,1,0,83386.74,0
10574,Female,Mumbai,44.9,1,50158.6,2,1,0,104793.8,0
10575,Female,Delhi,47.9,10,36462.49,1,0,0,66791.23,0
10576,Male,Delhi,45.3,3,73574.09,1,1,1,47585.37,0
10577,Male,Delhi,35.5,1,31907.46,1,1,1,88639.98,0
10578,Female,Bangalore,41.5,1,53149.76,1,1,1,112580.44,0
10579,Female,Chennai,63.3,7,92721.31,2,0,1,93163.92,0
10580,Male,Mumbai,31.4,3,104091.13,1,0,1,15000.0,0
10581,Male,Chennai,59.3,3,41245.45,2,1,0,110817.85,0
10582,Female,Kolkata,22.7,6,57394.41,1,0,1,135431.63,0
10583,Female,Bangalore,19.5,3,61452.33,1,1,1,118898.3,0
10584,Male,Delhi,38.2,8,28211.79,1,1,0,128784.81,0
10585,Female,Pune,39.6,8,50652.62,2,0,0,122607.84,0
10586,Male,Delhi,26.4,2,49137.68,2,0,1,84943.9,0
10587,Male,Hyderabad,36.1,5,77217.56,4,1,1,78596.39,0
10588,Male,Mumbai,44.8,6,71132.27,1,1,0,106172.31,0
10589,Male,Chennai,28.3,2,68096.54,2,1,1,94508.05,0
10590,Male,Bangalore,52.2,3,59722.99,1,1,1,109160.16,0
10591,Male,Pune,53.5,0,97784.95,1,1,1,63759.31,1
10592,Female,Mumbai,54.9,10,64456.26,1,1,1,81600.3,0
10593,Male,Mumbai,29.1,8,89837.59,1,0,0,101805.22,0
10594,Male,Hyderabad,30.7,6,79742.35,1,1,1,95349.26,0
10595,Female,Mumbai,37.9,9,68818.85,1,1,0,22537.25,0
10596,Male,Delhi,36.7,6,87233.57,1,1,1,137926.44,0
10597,Female,Kolkata,36.1,8,57297.72,3,1,1,147859.01,0
10598,Male,Mumbai,49.1,5,42635.46,2,1,0,70337.73,0
10599,Male,Hyderabad,47.3,7,64261.72,1,0,0,64881.97,0
10600,Male,Kolkata,29.5,4,102561.35,2,1,0,64464.39,0
10601,Male,Delhi,26.3,7,70350.61,1,1,1,77962.09,0
10602,Male,Hyderabad,25.1,9,52388.75,1,1,0,82710.36,0
10603,Male,Mumbai,29.5,0,44723.19,2,1,1,64086.11,0
10604,Male,Mumbai,50.2,2,26954.11,1,0,0,153261.16,0
10605,Male,Mumbai,41.7,3,44499.13,1,0,0,95206.43,0
10606,Male,Hyderabad,51.1,10,72510.2,2,1,1,112330.88,0
10607,Male,Mumbai,19.6,8,59063.06,1,1,1,120618.94,0
10608,Male,Mumbai,43.3,7,70555.29,2,1,0,127427.5,1
10609,Female,Kolkata,43.1,7,42198.46,1,1,0,109494.48,0
10610,Female,Delhi,54.4,1,90665.8,2,1,1,80353.53,0
10611,Male,Mumbai,35.1,6,83811.86,1,0,0,83723.92,0
10612,Female,Pune,34.2,2,50944.95,2,1,1,115241.66,0
10613,Female,Delhi,58.1,5,29708.33,1,0,1,85056.71,0
10614,Male,Pune,37.9,3,71255.6,1,1,1,32576.15,1
10615,Female,Pune,42.1,5,15841.8,1,1,0,132820.94,0
10616,Female,Chennai,45.7,3,32118.12,1,1,0,166576.43,0
10617,Male,Kolkata,20.0,2,54910.5,1,1,0,68970.95,0
10618,Male,Delhi,40.5,1,42961.62,1,1,1,85553.82,0
10619,Female,Bangalore,25.1,3,97372.87,1,1,0,123178.33,0
10620,Female,Bangalore,38.9,9,56763.8,2,1,1,43151.29,0
10621,Male,Kolkata,36.5,1,77187.05,2,0,1,102473.25,0
10622,Male,Kolkata,33.9,6,10564.25,1,0,0,98830.52,0
10623,Male,Pune,47.5,0,20388.04,2,1,1,26574.84,0
10624,Female,Kolkata,41.2,10,48102.1,1,1,1,36551.92,0
10625,Female,Pune,27.3,0,70335.53,2,0,0,157907.54,0
10626,Male,Delhi,26.9,4,33239.51,1,0,0,100749.21,0
10627,Male,Delhi,50.1,6,74069.4,1,1,0,94988.08,1
10628,Female,Chennai,39.5,0,98708.76,2,1,1,141822.6,0
10629,Male,Pune,40.1,3,45284.19,2,1,0,141574.33,0
10630,Male,Kolkata,35.0,4,64713.4,2,0,1,42444.26,0
10631,Female,Mumbai,38.1,1,58145.99,1,0,0,68494.08,0
10632,Female,Mumbai,25.2,6,54401.71,1,0,1,77991.49,0
10633,Female,Bangalore,32.4,3,72958.96,1,1,1,102742.33,0
10634,Female,Delhi,51.0,7,65218.81,2,0,1,58044.01,0
10635,Male,Mumbai,69.9,0,60438.13,1,1,1,161990.75,1
10636,Male,Hyderabad,43.6,9,68536.1,2,0,0,15000.0,0
10637,Female,Kolkata,23.7,0,86569.86,4,1,0,29123.76,0
10638,Male,Pune,37.4,0,80094.0,1,1,0,70163.83,1
10639,Male,Chennai,41.5,3,21125.17,2,1,1,92893.68,0
10640,Male,Mumbai,49.4,0,42853.21,1,1,0,167635.26,0
10641,Male,Chennai,49.7,4,79609.22,1,1,1,97134.63,0
10642,Male,Mumbai,56.4,5,129539.5,2,1,1,96771.98,0
10643,Male,Mumbai,40.0,6,48626.93,1,0,1,116339.31,0
10644,Male,Bangalore,40.2,7,27540.51,1,1,1,87860.5,0
10645,Male,Kolkata,18.0,7,121958.12,2,1,1,79038.5,0
10646,Female,Hyderabad,27.8,1,96668.41,2,1,0,67496.73,0
10647,Female,Mumbai,23.7,3,95026.41,1,1,0,85721.31,0
10648,Female,Pune,29.9,6,67754.42,1,1,1,133705.48,0
10649,Female,Bangalore,26.2,8,63729.79,1,1,1,75690.12,0
10650,Female,Hyderabad,27.0,8,61438.79,4,1,1,80737.66,0
10651,Male,Chennai,40.1,10,84019.73,2,0,1,69654.87,0
10652,Female,Bangalore,18.0,2,96306.41,2,1,0,81554.27,0
10653,Female,Hyderabad,37.6,6,69077.53,1,1,1,101823.92,0
10654,Female,Hyderabad,50.4,3,84376.0,1,0,1,48107.55,0
10655,Male,Chennai,40.1,8,99800.92,1,1,0,111465.37,0
10656,Male,Hyderabad,55.9,6,88458.63,1,1,0,91366.65,0
10657,Male,Delhi,32.8,5,79562.68,1,0,0,109012.55,0
10658,Male,Mumbai,61.0,8,46955.11,1,1,1,109561.7,0
10659,Female,Delhi,21.2,6,48735.29,2,1,1,57523.71,0
10660,Female,Chennai,55.9,10,21890.22,2,1,1,72178.54,0
10661,Male,Delhi,29.3,7,74642.93,1,1,0,42284.79,0
10662,Female,Bangalore,57.3,10,67829.4,2,1,1,65816.42,0
10663,Female,Pune,34.4,4,96819.76,2,0,1,74190.35,0
10664,Male,Pune,53.3,3,76416.5,2,0,0,145501.18,0
10665,Male,Mumbai,55.3,0,56902.67,1,1,1,109523.85,0
10666,Male,Mumbai,33.1,7,52881.1,2,1,1,43439.94,0
10667,Male,Chennai,52.3,5,73636.48,2,1,0,43792.31,0
10668,Male,Mumbai,39.7,3,71310.09,2,1,1,167722.02,0
10669,Male,Pune,22.4,2,110576.37,1,1,0,95757.12,0
10670,Male,Delhi,46.1,4,62283.23,2,1,0,28648.23,1
10671,Male,Pune,27.8,3,77164.33,1,0,0,58184.39,0
10672,Female,Delhi,32.2,10,105869.24,1,0,0,30888.96,0
10673,Male,Delhi,29.3,10,61340.16,1,1,1,80440.42,0
10674,Female,Chennai,44.5,6,56735.33,1,0,1,90792.26,0
10675,Male,Kolkata,28.2,5,31652.38,1,0,1,130703.22,0
10676,Female,Delhi,25.3,2,55990.94,2,0,1,40433.48,0
10677,Male,Delhi,27.5,9,74446.61,4,1,0,64539.07,0
10678,Male,Pune,31.5,10,99353.96,1,1,1,96943.2,0
10679,Male,Chennai,46.0,0,30643.01,2,1,1,109554.16,0
10680,Female,Mumbai,50.9,6,42561.59,1,0,0,125134.0,1
10681,Female,Hyderabad,50.7,4,17892.01,1,1,0,20580.32,0
10682,Male,Delhi,39.6,0,110066.76,1,1,0,91601.01,0
10683,Male,Mumbai,39.3,0,69028.28,2,0,1,102260.99,1
10684,Female,Delhi,37.8,5,54166.32,1,1,0,114526.04,0
10685,Female,Mumbai,45.3,3,20083.84,2,0,0,85056.71,0
10686,Female,Chennai,53.4,7,64951.2,1,1,1,102247.9,0
10687,Female,Kolkata,38.2,1,54900.45,2,1,1,135934.07,0
10688,Male,Mumbai,46.4,3,20169.04,1,1,1,79848.32,0
10689,Female,Kolkata,25.1,7,57805.21,2,1,0,90143.14,0
10690,Male,Pune,50.2,7,95629.99,1,1,1,82703.8,0
10691,Male,Bangalore,42.6,4,58491.93,2,1,0,72903.14,0
10692,Male,Hyderabad,27.6,2,94413.25,1,0,1,85056.71,0
10693,Female,Pune,52.8,3,103918.96,2,0,1,73154.16,1
10694,Male,Chennai,25.1,2,58289.98,2,1,1,109569.95,0
10695,Male,Bangalore,18.0,10,62765.7,1,1,1,107556.38,0
10696,Female,Kolkata,50.2,1,77536.59,2,1,1,82530.91,0
10697,Male,Bangalore,44.6,3,90566.21,2,1,0,85228.22,0
10698,Female,Mumbai,25.5,8,100560.9,1,1,1,22617.74,0
10699,Male,Mumbai,44.3,5,102963.64,4,1,0,123601.0,1
10700,Female,Pune,54.0,3,46661.19,2,1,1,15000.0,0
10701,Female,Pune,43.1,0,101366.62,1,1,0,85056.71,0
10702,Male,Chennai,69.3,6,77864.34,2,1,0,85150.74,0
10703,Male,Chennai,29.8,1,51953.22,1,0,1,105000.34,0
10704,Male,Delhi,18.0,5,36395.29,2,1,0,137263.44,0
10705,Male,Chennai,23.1,9,45038.98,1,0,0,119039.4,0
10706,Female,Delhi,18.0,0,74109.26,2,1,1,110365.58,0
10707,Male,Delhi,65.7,6,52715.51,1,1,0,99872.61,1
10708,Female,Mumbai,39.9,3,74061.8,2,1,0,15000.0,0
10709,Male,Mumbai,63.3,10,36823.79,1,0,1,101391.86,0
10710,Female,Delhi,35.7,2,46155.21,1,1,1,123106.21,0
10711,Female,Delhi,29.1,9,62752.48,1,1,0,32296.16,0
10712,Female,Pune,19.2,6,60697.74,2,0,1,91710.66,0
10713,Male,Hyderabad,35.2,2,33075.23,1,1,1,30094.61,0
10714,Male,Bangalore,50.1,7,49273.79,2,1,0,112029.95,0
10715,Male,Mumbai,37.3,10,21400.8,1,1,1,51710.15,0
10716,Female,Kolkata,20.8,3,66657.86,1,1,1,168175.57,1
10717,Female,Kolkata,47.8,2,103194.23,2,1,1,115365.71,0
10718,Male,Chennai,50.1,6,45847.21,2,1,1,91127.89,1
10719,Male,Mumbai,33.6,6,41165.24,2,0,1,86140.89,0
10720,Female,Delhi,32.1,8,89565.49,2,0,1,112711.73,0
10721,Female,Chennai,19.5,9,35731.88,1,1,0,109087.98,0
10722,Male,Chennai,47.5,6,90138.32,1,1,1,95847.4,0
10723,Male,Delhi,34.5,5,34951.39,1,1,0,45829.56,0
10724,Female,Mumbai,18.0,2,56112.87,4,0,0,112558.54,1
10725,Female,Bangalore,22.2,3,58971.69,2,1,1,66700.44,0
10726,Female,Chennai,46.7,7,82610.1,1,0,0,30513.63,0
10727,Male,Hyderabad,35.9,5,111807.87,2,0,1,81197.38,0
10728,Female,Delhi,26.4,8,56339.62,2,1,0,71373.68,0
10729,Male,Delhi,40.6,7,64536.21,1,0,1,93587.57,0
10730,Male,Chennai,29.9,7,22256.99,1,1,1,75643.33,0
10731,Male,Hyderabad,32.3,10,63979.4,1,1,0,64531.27,0
10732,Female,Mumbai,36.8,9,93869.63,3,1,1,102781.05,0
10733,Female,Pune,60.2,9,124071.63,1,1,1,104249.82,0
10734,Female,Pune,60.2,6,56016.18,2,0,0,25740.91,0
10735,Male,Pune,18.0,9,82920.23,2,1,0,75629.03,0
10736,Female,Delhi,39.2,10,93937.63,2,1,1,91081.27,0
10737,Male,Delhi,22.6,0,29041.51,1,1,1,54321.4,0
10738,Female,Kolkata,27.2,4,100464.76,1,1,1,100575.78,0
10739,Male,Kolkata,18.0,6,44825.32,2,1,0,85762.44,0
10740,Male,Delhi,29.6,9,71614.61,1,0,0,78993.96,0
10741,Male,Chennai,25.7,8,33427.79,2,0,1,61150.47,0
10742,Male,Mumbai,52.3,3,55837.6,2,1,1,71117.73,0
10743,Female,Mumbai,29.9,7,22796.36,2,1,1,122438.74,0
10744,Female,Pune,18.0,0,71663.03,1,1,1,133045.45,0
10745,Male,Mumbai,40.0,3,103370.54,1,1,0,56590.52,0
10746,Female,Chennai,37.9,3,65821.14,1,0,0,78880.48,0
10747,Male,Mumbai,36.8,1,28949.55,3,1,0,51560.32,0
10748,Female,Delhi,47.3,10,56539.87,2,1,1,82114.61,0
10749,Female,Mumbai,54.8,10,70340.45,1,1,0,94026.67,0
10750,Female,Delhi,36.7,2,61358.43,1,1,1,87266.69,0
10751,Male,Mumbai,43.2,2,81968.76,2,1,0,15000.0,0
10752,Female,Pune,37.0,8,115390.04,1,1,1,127727.51,0
10753,Female,Delhi,46.1,6,63528.75,2,1,0,68125.79,0
10754,Male,Pune,22.4,1,61743.79,2,1,0,42253.03,0
10755,Male,Mumbai,47.4,8,46970.71,1,1,1,55490.34,0
10756,Female,Bangalore,43.4,7,90753.11,2,0,0,121983.63,0
10757,Female,Mumbai,28.5,5,112766.87,1,1,1,109885.66,0
10758,Female,Delhi,66.5,5,60254.07,1,1,1,83296.06,1
10759,Female,Kolkata,23.7,1,71365.81,1,1,1,82617.27,0
10760,Female,Delhi,44.0,2,69065.88,2,1,1,40544.86,0
10761,Male,Hyderabad,28.5,5,45793.98,1,1,1,120021.12,0
10762,Male,Mumbai,46.9,2,83315.59,2,1,0,117045.41,0
10763,Male,Hyderabad,64.0,10,63987.21,2,0,1,130451.53,0
10764,Female,Kolkata,49.3,10,70676.23,1,0,1,92097.03,0
10765,Male,Chennai,38.6,6,89145.89,1,1,1,126775.72,0
10766,Female,Chennai,51.1,4,56832.13,2,1,1,53600.36,0
10767,Female,Delhi,32.9,3,67344.6,2,1,0,87332.55,0
10768,Female,Mumbai,45.9,7,46864.5,1,1,0,117468.18,0
10769,Male,Kolkata,41.1,10,37707.69,4,1,1,110579.32,0
10770,Female,Delhi,25.4,10,68033.29,2,0,0,141401.15,0
10771,Male,Mumbai,60.5,1,70192.75,3,1,0,63518.53,1
10772,Female,Hyderabad,40.1,2,88078.0,3,0,1,115007.94,0
10773,Male,Delhi,29.7,9,45917.53,2,0,0,42977.1,0
10774,Male,Pune,52.3,3,38753.62,2,1,1,21196.06,0
10775,Female,Mumbai,25.9,9,109439.38,1,0,1,97951.66,0
10776,Male,Pune,45.6,5,68279.68,2,1,1,147382.19,0
10777,Male,Hyderabad,40.6,4,30572.77,2,1,1,136660.3,0
10778,Female,Hyderabad,60.1,4,63614.44,2,1,0,54665.3,0
10779,Female,Mumbai,44.0,6,48578.4,1,1,1,84959.72,0
10780,Female,Delhi,21.5,7,73955.77,2,0,1,45953.05,0
10781,Female,Mumbai,52.2,5,54566.03,1,0,1,90059.86,0
10782,Female,Chennai,34.7,2,95922.91,2,1,1,107320.8,0
10783,Male,Hyderabad,34.1,3,32500.32,1,1,0,71670.34,0
10784,Male,Delhi,40.4,0,96957.82,2,1,1,93686.0,0
10785,Male,Hyderabad,33.1,10,83577.71,2,1,1,60889.68,0
10786,Female,Bangalore,61.5,4,73070.67,1,1,0,64229.15,1
10787,Female,Chennai,49.7,9,90861.53,1,1,0,52035.24,0
10788,Male,Hyderabad,26.3,7,95387.1,1,1,1,54278.13,0
10789,Male,Delhi,31.3,2,65033.56,2,1,1,146396.75,1
10790,Male,Hyderabad,24.3,9,105741.07,1,1,0,103963.25,0
10791,Male,Pune,51.6,3,80446.0,1,1,0,21042.42,0
10792,Female,Mumbai,39.2,3,51307.27,2,1,0,100416.69,1
10793,Female,Mumbai,28.3,5,31333.02,1,1,0,102166.14,0
10794,Female,Hyderabad,58.9,8,91850.17,2,1,0,149466.95,0
10795,Male,Delhi,46.1,9,64985.8,1,0,0,42843.05,0
10796,Female,Pune,42.2,2,20212.1,1,1,0,105249.24,0
10797,Female,Mumbai,41.7,3,73336.86,2,1,0,81661.99,0
10798,Female,Mumbai,23.7,5,58548.65,2,1,1,93906.86,0
10799,Female,Pune,46.7,5,48242.24,1,1,1,108678.97,0
10800,Female,Delhi,35.0,6,90228.06,1,1,1,15000.0,0
10801,Female,Delhi,50.4,0,45307.06,1,1,1,103744.19,0
10802,Male,Mumbai,47.7,8,53665.55,1,0,1,104944.51,0
10803,Female,Delhi,39.3,1,59606.03,1,1,0,94362.02,0
10804,Female,Delhi,38.4,3,90420.53,1,0,0,47611.7,0
10805,Male,Pune,59.9,2,35637.88,1,1,1,80119.28,0
10806,Female,Delhi,24.0,2,49182.03,1,1,1,134619.83,0
10807,Female,Delhi,33.1,10,75629.62,2,1,0,83576.57,0
10808,Female,Hyderabad,53.6,4,77400.84,2,1,0,112751.88,0
10809,Male,Kolkata,57.8,6,36846.94,1,0,0,103120.53,0
10810,Male,Kolkata,38.3,6,55150.8,2,1,0,125084.11,0
10811,Female,Delhi,31.6,6,62066.99,1,0,0,142134.77,0
10812,Female,Hyderabad,31.9,2,72199.34,1,1,1,15000.0,0
10813,Male,Mumbai,22.8,8,59756.57,1,1,0,62118.29,0
10814,Female,Chennai,64.0,5,103469.13,2,1,0,86504.72,0
10815,Female,Chennai,38.2,10,62536.37,2,1,0,159141.46,0
10816,Female,Delhi,45.6,10,102729.37,2,1,1,123440.28,0
10817,Female,Bangalore,45.7,9,53376.51,2,1,0,104167.67,0
10818,Male,Mumbai,57.8,10,24980.05,2,1,1,104766.45,0
10819,Male,Mumbai,35.0,7,127772.27,1,1,0,51342.17,0
10820,Male,Hyderabad,35.8,0,62828.89,1,1,0,104585.27,0
10821,Female,Kolkata,50.0,3,74240.64,1,1,1,30310.76,0
10822,Male,Bangalore,18.5,6,28746.14,1,1,0,90734.74,0
10823,Male,Hyderabad,57.9,8,71548.42,1,1,0,102410.2,1
10824,Male,Delhi,60.9,2,85539.22,2,0,0,117200.87,1
10825,Female,Bangalore,42.9,10,36359.47,2,0,0,33548.74,0
10826,Female,Mumbai,28.7,5,61435.01,2,1,1,72955.2,0
10827,Male,Delhi,50.2,7,63486.47,2,1,1,41484.54,0
10828,Male,Delhi,37.7,10,32973.37,2,1,1,131631.32,0
10829,Female,Hyderabad,41.7,2,105614.69,1,0,0,145793.64,0
10830,Male,Mumbai,42.6,5,0.0,2,1,1,117226.49,0
10831,Male,Pune,32.1,8,11535.07,1,0,1,41829.94,0
10832,Male,Delhi,44.2,8,67657.88,1,1,1,84156.02,0
10833,Male,Delhi,22.4,5,40127.66,1,0,1,104711.74,0
10834,Male,Mumbai,18.0,4,81927.64,3,1,0,94829.94,1
10835,Female,Delhi,44.4,0,56359.06,2,1,1,104021.76,0
10836,Male,Mumbai,52.5,2,74962.09,2,1,0,92637.7,0
10837,Female,Chennai,33.8,2,30823.91,3,1,1,94658.72,0
10838,Male,Chennai,33.2,3,55061.97,2,1,1,49969.81,0
10839,Female,Delhi,47.8,4,53936.95,2,1,0,115373.91,0
10840,Female,Mumbai,39.8,10,123600.92,1,1,0,23503.87,0
10841,Male,Chennai,33.2,7,53676.29,1,0,0,117375.32,1
10842,Female,Delhi,43.7,10,7765.12,1,1,0,15000.0,0
10843,Male,Delhi,40.1,8,92528.0,1,1,0,126852.36,0
10844,Male,Delhi,25.0,6,58895.54,2,0,1,85426.91,0
10845,Male,Mumbai,38.7,9,71736.58,1,0,1,71625.42,0
10846,Male,Mumbai,42.2,5,56366.58,2,1,0,126244.13,0
10847,Male,Chennai,33.6,2,33093.89,2,1,0,110863.1,0
10848,Female,Hyderabad,51.1,8,97673.89,2,1,1,68858.37,0
10849,Female,Mumbai,45.8,9,40551.22,1,1,0,139697.16,0
10850,Female,Kolkata,36.7,0,27941.36,1,1,1,85202.3,0
10851,Male,Delhi,41.6,8,76758.05,1,0,1,85056.71,0
10852,Female,Hyderabad,35.5,2,68892.81,1,1,1,96370.7,1
10853,Male,Delhi,37.3,8,91734.43,2,0,1,95699.72,0
10854,Female,Mumbai,37.7,9,72011.6,1,1,1,90407.49,0
10855,Male,Mumbai,18.8,0,63120.91,1,1,0,115647.72,0
10856,Male,Bangalore,40.3,7,87691.27,1,0,1,75062.36,0
10857,Male,Delhi,43.8,5,23804.05,2,1,0,116907.58,0
10858,Male,Chennai,69.5,8,60457.63,2,1,0,51905.11,1
10859,Female,Bangalore,45.3,3,41336.67,2,1,0,89438.7,0
10860,Male,Mumbai,32.2,4,71326.45,1,0,0,98645.26,0
10861,Female,Kolkata,20.3,5,85392.53,1,1,1,60949.78,0
10862,Male,Chennai,27.3,8,71972.06,2,1,0,77945.9,0
10863,Female,Mumbai,34.0,5,82719.42,2,1,1,107613.39,0
10864,Male,Delhi,34.2,8,95974.06,1,1,1,55474.61,0
10865,Male,Delhi,37.2,1,77585.65,2,1,1,111558.4,0
10866,Female,Delhi,35.2,3,83532.43,2,1,1,103947.48,0
10867,Male,Bangalore,37.2,2,111864.91,1,0,0,81509.98,0
10868,Male,Pune,34.9,3,130993.31,1,1,0,70128.08,0
10869,Female,Hyderabad,40.2,0,61078.04,2,1,0,55099.62,0
10870,Male,Mumbai,29.2,1,41499.0,2,0,0,146782.7,0
10871,Male,Kolkata,24.9,3,518.91,1,0,0,71296.16,0
10872,Male,Mumbai,37.1,9,113119.1,1,0,1,35358.43,0
10873,Female,Pune,45.2,3,50792.6,2,0,0,43452.48,0
10874,Male,Chennai,26.6,4,76566.37,2,1,0,85056.71,0
10875,Male,Mumbai,33.1,8,81501.16,2,1,0,64171.31,0
10876,Male,Mumbai,38.2,0,85136.22,2,1,1,34522.82,0
10877,Female,Kolkata,38.0,7,58728.32,1,1,1,52194.28,0
10878,Female,Bangalore,49.0,2,84865.1,2,0,0,122910.52,0
10879,Male,Kolkata,40.1,8,78553.14,2,0,0,116878.04,0
10880,Male,Kolkata,42.7,10,48049.62,3,0,1,33823.66,0
10881,Male,Mumbai,54.5,7,105660.42,2,1,0,15000.0,0
10882,Female,Delhi,35.6,7,81921.25,2,0,0,140212.25,0
10883,Male,Kolkata,50.1,8,32905.38,2,1,1,38099.45,0
10884,Male,Kolkata,32.6,3,55710.27,2,1,1,67004.68,0
10885,Female,Mumbai,43.6,4,55149.12,2,1,1,84966.95,0
10886,Male,Delhi,47.7,6,50747.92,1,0,0,28344.4,0
10887,Female,Mumbai,40.7,1,80281.86,2,1,1,95620.96,0
10888,Male,Bangalore,28.4,6,97278.6,2,1,0,37655.67,0
10889,Male,Hyderabad,19.9,2,37643.32,2,1,1,64495.44,0
10890,Male,Mumbai,46.7,5,56071.79,2,0,0,157815.24,1
10891,Female,Mumbai,36.7,5,93656.03,1,1,0,85056.71,0
10892,Female,Kolkata,37.6,5,43999.34,2,1,1,81803.77,0
10893,Female,Mumbai,58.0,9,47157.6,1,1,1,38219.84,0
10894,Male,Pune,28.6,1,8689.77,1,0,0,15000.0,0
10895,Female,Delhi,48.9,8,84218.74,1,1,0,121011.51,0
10896,Male,Mumbai,40.1,7,70056.23,1,1,0,116687.82,0
10897,Male,Pune,37.9,6,56646.98,4,1,0,97819.02,0
10898,Female,Kolkata,27.0,10,24860.81,2,1,1,82979.01,0
10899,Male,Kolkata,31.1,8,56430.92,1,1,1,91664.85,0
10900,Male,Bangalore,45.0,3,16930.7,2,0,0,139219.94,0
10901,Male,Pune,55.5,1,60616.18,1,0,1,112260.67,0
10902,Male,Chennai,45.1,3,113018.33,2,1,1,113161.63,0
10903,Male,Delhi,43.7,9,69905.09,2,1,1,89297.88,0
10904,Female,Bangalore,70.6,10,95810.89,2,1,1,40886.49,0
10905,Male,Mumbai,46.7,2,97634.49,1,1,1,61778.98,0
10906,Female,Mumbai,28.8,1,51795.19,2,0,0,15000.0,0
10907,Female,Pune,19.8,1,80461.73,2,1,0,71365.1,0
10908,Male,Mumbai,44.5,7,0.0,1,0,1,45674.3,0
10909,Male,Chennai,23.1,4,72030.67,1,1,1,154398.89,0
10910,Male,Kolkata,28.0,5,91891.34,2,1,0,92078.65,0
10911,Female,Pune,43.6,7,78060.83,4,1,1,150171.87,0
10912,Male,Mumbai,52.5,6,56032.3,1,1,0,50910.02,1
10913,Female,Kolkata,36.6,6,96392.42,1,1,1,126575.69,0
10914,Male,Delhi,25.5,6,93433.09,2,1,1,100614.72,0
10915,Female,Mumbai,38.2,10,63769.18,1,1,1,120360.44,0
10916,Male,Kolkata,36.7,10,102269.57,1,0,1,76923.0,0
10917,Male,Mumbai,41.4,6,77951.53,1,1,1,81137.1,0
10918,Male,Pune,25.6,7,24754.66,2,1,1,104921.82,0
10919,Female,Hyderabad,30.0,0,73005.38,1,1,1,90811.31,1
10920,Male,Kolkata,52.3,2,47078.89,1,1,0,67999.54,0
10921,Female,Mumbai,49.1,0,77423.98,1,0,1,37063.83,0
10922,Female,Pune,54.0,7,0.0,1,1,1,137708.54,0
10923,Female,Kolkata,18.0,1,104853.45,1,1,0,23700.31,0
10924,Female,Pune,29.4,6,92919.53,1,1,1,98486.85,0
10925,Male,Hyderabad,51.9,5,104751.6,1,0,0,88383.36,0
10926,Male,Hyderabad,47.1,10,64744.49,2,1,1,15000.0,0
10927,Male,Delhi,44.9,0,93904.32,2,1,0,92611.01,1
10928,Female,Bangalore,35.7,5,70289.19,2,1,1,85029.13,0
10929,Female,Pune,32.6,8,40407.87,2,1,1,87735.19,0
10930,Male,Bangalore,40.4,2,44716.68,2,1,0,103484.55,0
10931,Male,Delhi,34.6,6,56370.07,2,1,0,32582.57,0
10932,Female,Chennai,46.3,3,96252.24,4,0,1,110705.91,0
10933,Female,Kolkata,40.4,0,95409.12,2,1,0,57983.25,1
10934,Female,Mumbai,28.3,6,48829.51,2,0,0,70301.86,0
10935,Male,Bangalore,47.6,0,82940.48,1,0,0,82726.36,1
10936,Male,Bangalore,55.1,10,65406.0,2,0,1,130060.78,0
10937,Male,Pune,55.9,3,41388.21,1,1,1,80627.54,0
10938,Female,Kolkata,48.1,8,35459.42,2,1,0,53406.4,0
10939,Male,Pune,48.2,4,59222.92,1,0,0,129884.46,0
10940,Female,Hyderabad,26.1,6,88332.83,2,0,0,47329.15,0
10941,Male,Bangalore,31.9,6,52326.23,1,1,1,67069.54,0
10942,Female,Kolkata,38.0,2,84753.89,1,1,1,131468.31,0
10943,Female,Delhi,47.1,10,72753.54,1,0,1,105195.21,0
10944,Female,Chennai,32.8,7,24052.2,1,0,0,61457.32,0
10945,Male,Delhi,36.3,0,115198.47,2,1,0,49088.39,0
10946,Male,Chennai,46.7,3,94873.38,2,0,1,106552.04,1
10947,Male,Delhi,41.6,9,29787.53,1,1,1,37806.68,0
10948,Female,Bangalore,44.0,3,74981.7,2,1,0,131668.39,1
10949,Female,Chennai,30.7,1,101898.33,1,1,1,93434.04,0
10950,Female,Chennai,36.2,5,75262.55,2,1,0,57616.9,0
10951,Female,Mumbai,34.4,0,54633.87,1,1,1,105213.03,0
10952,Female,Pune,40.0,2,61928.37,1,0,0,158704.53,0
10953,Male,Mumbai,34.8,8,58721.72,1,1,0,108384.0,0
10954,Female,Chennai,33.2,9,61461.8,1,1,0,76461.15,0
10955,Male,Mumbai,41.5,5,93110.02,2,1,0,104982.03,0
10956,Male,Mumbai,65.2,1,76816.32,3,1,1,151234.06,0
10957,Female,Pune,47.0,8,43423.56,1,1,0,127817.57,0
10958,Male,Kolkata,18.6,1,58191.89,1,1,1,82632.75,0
10959,Male,Bangalore,44.2,6,55086.0,2,1,1,87329.37,0
10960,Female,Kolkata,33.8,0,72232.99,2,1,1,103768.94,0
10961,Male,Bangalore,28.7,4,37076.25,2,1,1,84561.33,0
10962,Female,Kolkata,48.4,6,27329.53,1,1,1,62442.23,0
10963,Male,Kolkata,40.9,2,41802.62,1,0,1,123113.37,0
10964,Male,Delhi,69.8,3,25993.89,2,0,0,102466.0,0
10965,Male,Mumbai,38.6,4,26814.38,1,0,1,123700.82,0
10966,Male,Hyderabad,37.3,2,95610.31,2,0,0,43450.99,0
10967,Female,Pune,54.4,5,61784.92,1,1,0,80319.03,0
10968,Male,Kolkata,40.3,2,74297.21,1,1,0,70702.84,0
10969,Female,Chennai,27.3,7,66519.96,2,1,0,66956.33,0
10970,Male,Delhi,29.4,6,67920.08,2,1,1,76246.27,0
10971,Female,Delhi,36.1,0,72463.11,1,1,0,52362.74,0
10972,Female,Delhi,47.9,1,79690.49,1,1,1,135107.64,0
10973,Female,Mumbai,55.3,3,74231.83,2,1,0,67588.89,1
10974,Male,Mumbai,49.6,4,134709.48,1,1,0,71080.45,1
10975,Male,Bangalore,46.8,10,39368.15,4,1,0,87101.39,0
10976,Male,Kolkata,53.2,9,38500.0,2,1,1,124004.96,0
10977,Female,Pune,47.5,10,51322.93,1,1,1,18875.25,0
10978,Male,Chennai,29.2,3,31925.03,2,1,1,104236.89,0
10979,Female,Hyderabad,37.4,3,57794.74,2,0,1,53531.89,0
10980,Female,Hyderabad,33.8,8,41086.49,1,0,1,45096.18,0
10981,Male,Delhi,55.1,3,67036.48,1,0,0,60840.35,0
10982,Female,Delhi,28.5,3,66835.48,1,1,0,57929.81,0
10983,Male,Delhi,28.8,3,32375.87,2,0,1,98968.2,0
10984,Male,Delhi,42.0,1,84160.79,1,1,1,15000.0,1
10985,Female,Mumbai,63.1,7,44945.98,2,1,0,52057.06,0
10986,Female,Kolkata,48.8,3,41552.39,1,1,0,122761.33,0
10987,Female,Delhi,52.5,4,75983.73,1,0,1,128141.02,0
10988,Male,Kolkata,26.7,7,65000.9,2,1,0,66035.58,0
10989,Male,Kolkata,48.0,3,65032.52,2,0,0,46477.02,0
10990,Female,Mumbai,26.7,4,40182.1,2,0,1,61690.82,0
10991,Female,Pune,48.8,4,37173.45,1,1,1,93977.53,0
10992,Female,Chennai,21.1,5,84938.86,1,0,0,107769.76,0
10993,Male,Bangalore,35.9,6,63156.32,2,1,0,86815.42,0
10994,Female,Pune,18.0,2,70728.58,2,0,1,99194.15,0
10995,Male,Delhi,29.4,9,68814.84,2,1,1,101201.05,0
10996,Male,Delhi,22.9,10,81941.7,2,0,1,86403.6,0
10997,Female,Mumbai,47.8,2,63563.56,2,1,0,96311.88,0
10998,Male,Mumbai,41.1,8,59201.49,2,1,1,169963.22,0
10999,Male,Delhi,34.4,0,82928.38,1,0,1,63628.81,0
11000,Male,Mumbai,41.4,9,120866.69,2,0,1,37300.38,0
11001,Male,Mumbai,30.0,7,33948.51,2,1,0,151077.59,0
11002,Female,Delhi,43.9,9,51284.0,1,0,0,148804.47,0
11003,Female,Bangalore,39.1,2,72324.25,3,1,1,151194.87,0
11004,Female,Delhi,67.4,4,10600.6,2,1,0,69436.67,0
11005,Female,Delhi,59.6,2,92759.28,3,1,1,111418.49,0
11006,Female,Delhi,51.3,9,84873.28,2,1,1,104351.24,0
11007,Female,Delhi,43.5,0,65751.31,1,1,1,20263.71,0
11008,Female,Mumbai,45.0,9,76659.27,1,0,1,68701.42,1
11009,Male,Hyderabad,54.9,4,102671.41,2,0,1,61375.62,1
11010,Female,Delhi,43.5,7,72229.82,1,1,1,68168.72,0
11011,Male,Kolkata,44.2,4,33371.46,1,1,1,114227.09,0
11012,Female,Kolkata,33.1,3,89010.8,1,1,1,57497.16,0
11013,Male,Bangalore,40.1,8,88161.63,2,1,0,75978.01,0
11014,Male,Bangalore,38.7,0,70206.06,1,1,1,109708.49,0
11015,Female,Bangalore,18.0,4,130376.46,4,1,1,50061.42,0
11016,Female,Pune,39.7,0,62378.48,2,0,1,48747.56,0
11017,Male,Chennai,37.1,5,20144.72,1,0,0,63733.04,0
11018,Female,Bangalore,50.5,9,71485.96,1,0,0,86605.87,0
11019,Female,Delhi,54.7,8,68669.56,2,1,0,112432.49,0
11020,Male,Bangalore,70.9,10,120668.28,1,0,0,89872.9,1
11021,Female,Chennai,47.0,1,73918.52,1,0,1,15000.0,0
11022,Male,Pune,41.8,3,58967.06,1,1,1,78457.21,0
11023,Female,Chennai,33.2,7,33617.92,1,1,0,87008.17,0
11024,Female,Delhi,27.4,2,110195.56,1,0,0,65626.07,0
11025,Male,Bangalore,51.0,6,7965.1,1,1,1,80884.93,0
11026,Male,Bangalore,39.7,6,76732.57,2,1,1,46055.06,0
11027,Female,Bangalore,45.1,1,14770.68,1,1,0,46690.65,0
11028,Female,Delhi,40.2,9,57705.53,1,1,0,54394.45,0
11029,Male,Chennai,40.5,3,56114.21,1,1,1,72508.97,0
11030,Female,Mumbai,42.6,0,47836.07,1,0,1,59135.34,0
11031,Male,Delhi,45.1,7,55747.97,2,1,0,115725.35,0
11032,Female,Delhi,51.3,9,68505.01,1,1,0,104311.27,0
11033,Male,Bangalore,25.2,9,53476.53,2,0,0,117776.57,0
11034,Male,Pune,47.0,8,62047.57,3,1,1,87170.53,0
11035,Male,Delhi,24.5,0,47631.91,2,0,1,62482.24,0
11036,Female,Mumbai,48.4,10,58946.53,1,0,1,77646.56,0
11037,Male,Mumbai,43.8,6,89321.36,1,1,1,80637.44,1
11038,Female,Mumbai,39.1,0,53464.03,2,1,0,107332.92,0
11039,Male,Delhi,39.5,0,104035.39,2,1,1,72429.03,0
11040,Male,Bangalore,41.6,8,89284.63,1,0,1,77370.51,0
11041,Female,Hyderabad,53.1,9,85533.18,2,1,0,68677.62,0
11042,Female,Mumbai,52.0,9,65184.74,2,1,1,106815.71,0
11043,Male,Bangalore,50.6,5,41224.47,4,0,0,162924.44,0
11044,Female,Delhi,23.8,0,67472.97,2,1,0,115104.64,0
11045,Female,Mumbai,46.9,6,108971.65,2,1,1,80238.13,0
11046,Female,Hyderabad,18.0,2,44371.91,1,0,0,105471.72,0
11047,Male,Chennai,18.0,9,72345.95,1,1,1,17687.2,0
11048,Male,Chennai,53.5,3,42304.11,2,1,0,85477.55,0
11049,Female,Chennai,22.6,3,54928.78,2,0,0,77374.01,0
11050,Male,Pune,37.9,7,72500.14,2,1,1,84480.46,0
11051,Female,Chennai,56.9,0,74108.82,2,1,1,113899.55,0
11052,Female,Kolkata,47.0,7,67929.32,2,0,0,51509.13,0
11053,Female,Mumbai,44.4,8,80162.12,1,1,1,130202.01,0
11054,Female,Hyderabad,39.3,10,76359.77,1,0,1,110414.66,0
11055,Female,Delhi,41.5,6,56802.71,1,1,1,112469.17,0
11056,Male,Kolkata,32.5,0,83083.43,2,1,0,85336.12,1
11057,Female,Kolkata,34.2,6,40829.33,2,1,1,76854.33,0
11058,Male,Hyderabad,41.0,5,58538.42,1,1,1,81834.78,0
11059,Male,Delhi,42.8,4,53390.48,1,1,1,76979.63,0
11060,Female,Mumbai,38.1,4,74308.12,2,0,1,85805.89,0
11061,Female,Delhi,18.0,0,5571.57,1,1,1,97724.28,0
11062,Female,Bangalore,58.8,5,55014.44,3,1,0,129713.61,0
11063,Female,Delhi,51.2,3,76415.27,2,1,0,64340.09,0
11064,Male,Hyderabad,37.6,0,126749.35,2,1,1,90589.4,0
11065,Male,Delhi,51.6,7,66243.29,2,1,0,41666.09,0
11066,Female,Delhi,35.7,7,37948.78,2,1,0,96616.35,0
11067,Male,Delhi,43.8,10,81859.63,1,1,0,26864.98,1
11068,Male,Chennai,18.0,3,47993.41,1,1,1,53694.36,0
11069,Male,Mumbai,43.1,6,31052.52,2,1,1,73411.34,0
11070,Male,Delhi,36.6,2,69566.97,2,1,1,29451.62,0
11071,Male,Bangalore,42.6,7,98064.82,1,1,0,58069.46,0
11072,Male,Hyderabad,60.5,6,44956.46,2,1,0,111441.45,0
11073,Male,Mumbai,39.8,4,59714.64,1,1,1,15000.0,0
11074,Male,Pune,34.5,4,82321.2,2,0,0,90698.06,0
11075,Female,Bangalore,34.6,8,90567.86,2,0,1,114147.44,0
11076,Male,Bangalore,23.0,5,100655.69,1,0,0,152014.94,0
11077,Male,Chennai,44.9,5,47568.72,1,0,0,51437.56,0
11078,Female,Chennai,46.4,1,61871.21,2,0,0,85590.54,0
11079,Male,Hyderabad,40.8,10,10761.49,1,1,0,131052.31,0
11080,Male,Bangalore,51.0,4,55132.79,2,0,1,54693.18,0
11081,Female,Delhi,51.2,3,38784.15,1,0,0,96013.64,0
11082,Male,Delhi,40.8,9,68512.75,1,1,0,124829.28,0
11083,Male,Hyderabad,47.0,2,87143.42,1,0,1,127200.84,1
11084,Female,Delhi,66.1,8,82256.05,1,0,0,82563.24,1
11085,Male,Kolkata,30.1,10,36008.5,3,1,1,79394.55,0
11086,Male,Pune,49.3,6,55041.81,1,0,1,70914.94,0
11087,Female,Chennai,41.0,3,76527.84,2,1,0,83544.62,0
11088,Male,Kolkata,52.5,8,68125.39,2,0,1,146514.56,0
11089,Female,Mumbai,30.5,8,47412.34,1,1,1,98328.25,0
11090,Male,Hyderabad,42.4,6,74365.78,2,1,1,17642.4,0
11091,Male,Delhi,31.8,4,84153.54,1,0,0,74850.84,1
11092,Female,Mumbai,18.8,8,60260.6,2,1,0,85056.71,0
11093,Female,Delhi,56.9,6,40240.13,2,0,0,96336.9,0
11094,Female,Bangalore,34.8,8,74432.64,2,0,1,69928.4,0
11095,Male,Delhi,29.9,10,43438.83,2,0,1,15000.0,0
11096,Male,Bangalore,33.1,2,98058.65,2,0,1,131512.68,0
11097,Male,Mumbai,61.9,10,0.0,2,0,0,176377.03,0
11098,Male,Chennai,55.7,8,56878.21,2,1,1,117914.14,0
11099,Female,Mumbai,37.4,0,42743.23,1,1,1,84916.65,0
11100,Male,Bangalore,50.3,4,82807.11,1,0,0,61104.93,1
11101,Male,Mumbai,27.1,1,100831.42,2,1,0,83031.09,0
11102,Male,Kolkata,46.3,0,48643.67,2,1,1,74950.95,0
11103,Female,Delhi,34.8,2,41554.09,1,0,1,114804.72,0
11104,Female,Chennai,45.2,6,81097.99,1,0,0,109526.29,0
11105,Female,Delhi,23.5,2,20259.59,2,0,1,95479.35,0
11106,Male,Delhi,32.9,9,71162.42,2,1,0,99481.63,0
11107,Male,Bangalore,42.2,9,64155.99,1,0,1,54988.25,0
11108,Female,Kolkata,42.1,10,59528.32,2,1,0,143553.05,0
11109,Female,Chennai,22.4,8,44028.27,1,1,1,52323.17,0
11110,Male,Delhi,28.3,2,12223.3,1,1,0,63842.55,0
11111,Female,Delhi,45.1,10,89345.97,2,1,0,113745.72,0
11112,Male,Pune,43.7,5,80735.01,2,0,1,72963.82,0
11113,Male,Hyderabad,47.9,1,63553.87,1,0,1,87073.68,0
11114,Female,Pune,42.3,7,70737.77,4,1,0,80933.49,0
11115,Female,Hyderabad,27.4,9,61232.56,1,1,1,106202.43,0
11116,Female,Mumbai,35.8,4,89555.07,2,1,0,48381.23,1
11117,Male,Pune,46.4,1,60031.66,1,1,1,107717.7,0
11118,Female,Bangalore,28.0,6,64209.13,1,0,0,40104.1,0
11119,Male,Mumbai,26.5,2,68682.56,2,0,1,159932.79,0
11120,Male,Delhi,36.4,4,55377.34,2,1,0,60392.47,0
11121,Female,Chennai,43.3,10,62681.12,1,1,1,79975.24,0
11122,Male,Delhi,18.0,8,61709.16,1,0,1,42500.55,0
11123,Female,Chennai,37.1,0,47870.14,1,1,1,58311.86,0
11124,Female,Chennai,46.2,1,41178.02,2,1,0,17716.69,0
11125,Female,Chennai,48.6,4,60059.52,2,1,1,58048.58,0
11126,Female,Pune,28.0,3,57429.62,2,1,1,69615.63,0
11127,Male,Mumbai,44.5,0,91462.22,2,1,0,127996.05,1
11128,Male,Kolkata,51.9,6,40945.42,2,1,1,127426.95,0
11129,Male,Delhi,47.3,8,51051.17,1,0,0,103246.94,0
11130,Male,Delhi,35.1,0,69613.1,1,1,0,29284.2,0
11131,Female,Chennai,18.0,7,74954.93,1,1,1,86551.79,0
11132,Female,Mumbai,42.5,8,61522.87,1,1,1,104296.53,0
11133,Male,Mumbai,40.1,1,85462.19,1,1,1,45225.37,0
11134,Male,Kolkata,49.9,0,62388.48,2,0,1,46354.89,0
11135,Female,Pune,49.1,5,43291.8,4,1,0,85056.71,1
11136,Male,Kolkata,42.0,6,64019.44,1,1,0,129856.65,0
11137,Female,Bangalore,50.8,1,83629.64,2,1,0,111547.54,0
11138,Female,Delhi,43.6,4,89309.89,2,1,1,36984.99,1
11139,Female,Mumbai,19.0,4,88612.55,2,1,1,99399.8,0
11140,Female,Chennai,50.7,6,69842.1,1,1,1,108091.22,0
11141,Female,Mumbai,29.7,10,71564.95,2,0,0,76287.78,0
11142,Male,Mumbai,40.8,0,79744.99,1,1,0,62239.91,1
11143,Female,Hyderabad,48.9,9,24290.89,2,0,1,73306.68,0
11144,Female,Delhi,31.0,7,47056.87,1,1,1,129732.9,0
11145,Male,Bangalore,28.2,4,72467.04,1,1,1,81902.57,0
11146,Female,Kolkata,45.7,2,40352.92,2,0,0,116123.95,0
11147,Female,Bangalore,26.6,8,93786.89,1,1,1,80676.05,0
11148,Female,Hyderabad,37.7,10,91687.37,1,1,0,108956.28,0
11149,Female,Pune,53.5,2,51451.37,2,1,1,168466.96,0
11150,Female,Bangalore,59.5,6,42340.15,2,1,1,20471.76,0
11151,Female,Mumbai,18.6,9,75750.53,1,1,0,69451.45,0
11152,Female,Mumbai,40.1,6,33072.57,2,1,0,108475.71,0
11153,Female,Bangalore,55.2,9,68494.97,2,1,0,36695.44,0
11154,Female,Hyderabad,35.2,7,135756.56,1,1,1,110614.15,0
11155,Female,Bangalore,49.5,9,39789.43,1,1,0,125666.6,0
11156,Female,Bangalore,50.4,7,45446.52,2,1,0,27335.95,0
11157,Male,Delhi,32.7,3,49563.46,2,0,0,128694.75,0
11158,Female,Mumbai,45.1,0,42550.08,2,0,1,53774.79,1
11159,Female,Chennai,45.9,3,43817.29,1,1,1,141941.27,0
11160,Male,Pune,50.9,5,107974.76,2,1,0,88669.23,1
11161,Female,Delhi,20.5,9,66568.2,1,0,1,106087.14,0
11162,Male,Mumbai,55.5,10,87733.77,1,1,1,43388.87,1
11163,Male,Hyderabad,48.2,5,94985.84,1,1,0,47654.1,0
11164,Female,Kolkata,26.4,5,19896.39,1,1,1,37534.82,0
11165,Male,Hyderabad,38.5,6,45767.22,1,1,0,75990.31,0
11166,Female,Chennai,50.1,10,42328.3,1,1,1,77398.73,0
11167,Female,Hyderabad,27.1,0,0.0,1,1,0,133782.55,0
11168,Female,Delhi,28.9,9,75648.81,2,1,1,65296.68,0
11169,Male,Hyderabad,40.2,0,72592.22,4,0,0,71591.72,0
11170,Male,Chennai,34.8,6,98058.62,1,0,1,96362.62,0
11171,Female,Chennai,43.0,3,76853.02,2,1,1,113472.88,1
11172,Female,Mumbai,49.9,5,0.0,1,1,1,74167.37,0
11173,Female,Bangalore,43.3,5,47449.46,3,1,1,85056.71,0
11174,Male,Kolkata,39.9,8,49259.65,1,1,1,68491.11,0
11175,Female,Kolkata,49.9,1,77784.06,2,1,1,58565.68,0
11176,Female,Delhi,38.7,3,0.0,4,1,1,106906.4,0
11177,Female,Chennai,40.1,3,78599.08,2,0,0,15000.0,0
11178,Male,Mumbai,53.9,6,84702.55,4,1,1,104066.53,0
11179,Female,Mumbai,18.0,0,58745.37,1,0,1,100328.69,0
11180,Female,Mumbai,40.8,4,45024.77,1,0,1,101722.71,0
11181,Male,Pune,35.6,10,94453.98,1,1,1,88914.19,0
11182,Male,Hyderabad,28.9,3,30410.83,3,1,0,133048.78,0
11183,Female,Bangalore,43.6,1,93642.73,1,0,1,106528.49,0
11184,Female,Mumbai,45.5,4,87714.65,1,1,0,113365.15,1
11185,Male,Hyderabad,30.1,8,79017.2,2,0,1,139086.27,0
11186,Female,Bangalore,23.2,7,110420.64,2,1,0,89909.93,0
11187,Female,Pune,24.3,8,65423.3,1,1,0,129939.88,0
11188,Male,Pune,61.8,6,80525.1,1,0,1,65222.69,0
11189,Male,Chennai,63.1,9,63798.26,2,0,1,119320.12,0
11190,Female,Pune,40.4,6,56969.83,1,1,1,96700.58,0
11191,Male,Chennai,23.5,1,78216.78,1,1,1,76377.57,0
11192,Female,Delhi,38.3,2,57416.64,2,1,1,115403.21,0
11193,Male,Mumbai,40.1,10,66564.13,2,1,1,49646.54,0
11194,Female,Delhi,43.8,9,66699.81,1,1,1,50895.32,0
11195,Male,Hyderabad,28.1,7,54879.16,2,0,0,72418.11,0
11196,Female,Mumbai,25.5,10,83365.95,2,0,0,80130.66,0
11197,Female,Mumbai,51.7,1,20718.21,2,0,1,83783.84,0
11198,Male,Kolkata,38.1,6,47621.83,1,1,1,121973.86,0
11199,Female,Mumbai,50.4,5,40658.94,1,1,0,72648.84,0
11200,Male,Pune,54.5,9,72679.38,1,0,0,127642.69,0
11201,Female,Delhi,38.9,3,59057.23,1,1,0,100718.34,0
11202,Male,Mumbai,39.9,10,29529.57,1,0,1,82050.17,0
11203,Male,Delhi,52.7,3,76751.92,2,1,1,51713.9,0
11204,Male,Mumbai,33.5,2,70687.08,1,1,1,23833.56,0
11205,Female,Kolkata,53.9,5,65911.75,2,1,1,89273.47,0
11206,Female,Delhi,18.0,2,84516.33,2,1,1,19870.52,0
11207,Female,Chennai,35.7,8,78050.13,2,0,0,140946.19,1
11208,Male,Mumbai,42.2,3,59173.68,1,1,0,122892.43,1
11209,Male,Hyderabad,25.5,3,75405.58,2,0,1,69571.56,0
11210,Female,Delhi,44.4,1,99238.75,3,0,0,50654.67,0
11211,Male,Kolkata,42.1,1,61165.3,2,0,1,41539.27,0
11212,Male,Delhi,31.2,6,96161.52,2,1,1,65729.96,0
11213,Male,Delhi,30.8,4,112380.23,2,1,1,75606.72,0
11214,Female,Mumbai,29.5,2,73250.59,1,1,1,22411.22,0
11215,Female,Hyderabad,21.2,5,39863.52,1,0,1,65702.35,0
11216,Male,Mumbai,59.3,5,57567.39,3,1,0,71198.32,1
11217,Male,Pune,37.5,0,69070.65,2,1,0,118403.09,0
11218,Female,Pune,23.8,2,65503.88,1,1,1,94426.22,0
11219,Female,Kolkata,38.5,4,68221.74,1,0,1,65245.8,0
11220,Male,Delhi,42.9,10,95374.64,1,0,1,65575.55,0
11221,Male,Delhi,30.2,10,43747.8,2,1,0,44791.78,0
11222,Male,Mumbai,35.6,6,74202.89,1,1,0,121501.13,0
11223,Male,Kolkata,55.6,3,88031.89,1,1,0,83928.02,0
11224,Male,Kolkata,26.0,7,58730.61,2,0,0,82511.71,0
11225,Male,Hyderabad,33.0,2,39350.83,1,1,0,62478.4,1
11226,Female,Pune,18.0,5,59866.24,2,1,0,47194.66,0
11227,Male,Delhi,61.9,5,38963.52,1,0,0,104441.26,0
11228,Male,Mumbai,47.9,8,47336.51,1,1,0,120275.48,0
11229,Female,Kolkata,39.4,3,79534.98,2,1,0,61925.0,0
11230,Male,Chennai,31.4,6,71609.15,1,1,0,29360.84,0
11231,Female,Bangalore,30.8,9,82800.57,1,0,0,94486.06,0
11232,Male,Delhi,36.8,0,77095.5,1,0,1,34391.79,0
11233,Male,Delhi,46.0,10,59849.65,2,1,1,117459.02,0
11234,Male,Chennai,27.2,0,39750.7,2,0,1,49756.75,0
11235,Female,Delhi,34.4,1,73091.91,2,0,0,115549.79,0
11236,Male,Chennai,50.3,3,51639.11,1,0,0,76768.67,1
11237,Female,Bangalore,59.3,5,61517.16,2,0,0,123425.17,0
11238,Male,Mumbai,46.5,3,47127.46,1,0,1,42655.79,0
11239,Male,Hyderabad,32.1,5,87597.96,2,1,1,27093.18,1
11240,Male,Bangalore,38.1,1,8974.98,1,1,0,88721.38,0
11241,Female,Delhi,44.9,8,77879.79,1,1,1,127406.59,0
11242,Female,Mumbai,36.5,10,68728.23,1,1,1,102322.22,1
11243,Female,Hyderabad,48.5,2,87171.5,1,1,0,85056.71,0
11244,Female,Pune,31.2,6,34435.84,1,1,0,98273.16,0
11245,Female,Chennai,59.4,0,63848.78,1,1,1,30215.38,1
11246,Female,Kolkata,38.9,7,54304.42,4,1,1,100483.01,0
11247,Male,Delhi,32.4,3,61045.41,2,1,0,85696.95,0
11248,Male,Bangalore,47.1,10,65440.58,2,1,0,66633.64,0
11249,Female,Delhi,28.3,4,53010.92,2,1,1,29753.59,0
11250,Female,Bangalore,41.8,6,62295.11,1,1,1,107286.29,0
11251,Female,Hyderabad,56.8,2,95975.37,2,1,1,58087.21,1
11252,Female,Delhi,25.4,8,101180.39,2,0,1,52114.69,0
11253,Male,Mumbai,54.3,8,70968.14,2,0,1,154718.71,0
11254,Male,Hyderabad,24.5,7,101662.71,1,1,0,94399.16,0
11255,Female,Mumbai,49.8,0,28904.49,1,1,0,51028.29,0
11256,Male,Bangalore,28.6,1,85119.33,1,1,0,118628.28,0
11257,Male,Bangalore,54.3,1,70310.3,1,0,0,83318.16,0
11258,Female,Delhi,33.1,2,55723.53,1,0,0,125666.82,0
11259,Male,Chennai,35.7,1,80326.82,2,0,1,31853.53,0
11260,Female,Delhi,28.7,0,68911.44,1,1,1,94415.96,0
11261,Male,Kolkata,18.0,10,50016.71,2,1,1,66306.48,0
11262,Female,Bangalore,26.3,4,82487.54,1,1,1,80129.11,0
11263,Male,Chennai,19.8,5,63872.11,2,1,1,138966.43,0
11264,Male,Chennai,18.0,6,47140.64,1,0,1,85056.71,0
11265,Male,Delhi,43.5,9,85262.9,1,1,1,16154.88,0
11266,Male,Pune,40.1,6,22392.53,1,0,0,102270.56,0
11267,Male,Hyderabad,61.6,1,106077.44,1,1,1,34738.3,0
11268,Male,Mumbai,26.0,6,87666.26,1,1,0,63459.32,0
11269,Female,Pune,38.7,1,17726.62,2,0,0,66282.01,0
11270,Male,Bangalore,54.0,1,95346.22,1,1,0,93109.25,0
11271,Female,Bangalore,24.3,5,67124.97,1,1,1,86986.36,0
11272,Female,Bangalore,54.4,5,13565.45,1,0,0,67497.8,0
11273,Female,Delhi,54.6,7,18461.21,1,1,1,77552.33,0
11274,Male,Mumbai,18.0,4,79311.9,2,0,0,143032.13,0
11275,Female,Mumbai,18.0,4,37686.99,3,0,1,84581.3,0
11276,Male,Chennai,35.2,9,43125.81,2,1,1,21353.62,0
11277,Male,Bangalore,51.3,0,67631.5,2,1,1,40676.65,0
11278,Female,Kolkata,21.8,3,77644.83,1,0,0,49823.78,0
11279,Male,Mumbai,18.0,0,70316.99,1,1,1,159632.63,0
11280,Female,Delhi,40.8,9,42338.64,2,0,1,50421.49,0
11281,Female,Mumbai,47.6,4,46251.69,2,1,0,52505.82,0
11282,Female,Kolkata,31.8,7,38484.27,2,1,0,91523.76,0
11283,Female,Delhi,32.8,0,70760.09,1,0,0,137419.4,0
11284,Male,Chennai,47.5,2,69496.49,1,1,0,72998.74,0
11285,Male,Kolkata,29.6,0,74958.3,1,1,1,61164.1,0
11286,Female,Bangalore,30.5,5,69600.07,2,1,0,132703.33,0
11287,Male,Kolkata,43.3,9,67821.82,3,1,0,87250.64,1
11288,Male,Bangalore,44.7,0,87335.6,2,1,1,92570.5,0
11289,Male,Kolkata,37.3,9,67437.84,1,1,0,115403.64,0
11290,Male,Kolkata,57.8,2,87095.81,1,1,0,89287.01,1
11291,Male,Pune,49.0,4,55187.35,1,1,0,110270.07,1
11292,Male,Mumbai,35.8,4,45336.43,2,0,1,69187.68,0
11293,Female,Mumbai,24.5,1,95019.59,1,1,0,63396.42,0
11294,Female,Pune,40.1,2,53256.64,1,1,1,96167.98,0
11295,Female,Mumbai,52.3,8,62265.28,1,1,1,118250.1,1
11296,Male,Pune,38.8,0,44314.58,2,1,1,75027.71,0
11297,Male,Delhi,43.3,0,114681.18,2,0,1,64072.85,0
11298,Male,Delhi,48.4,1,26732.91,2,1,0,144856.06,0
11299,Female,Bangalore,59.2,7,89565.65,1,1,0,106726.85,0
11300,Female,Pune,50.6,5,18477.29,1,1,1,90621.15,0
11301,Male,Pune,45.3,3,55546.42,1,1,0,36257.81,0
11302,Female,Chennai,51.2,6,83506.39,1,0,1,102472.63,0
11303,Male,Kolkata,53.8,5,106983.99,2,0,1,85056.71,1
11304,Female,Delhi,43.2,8,59030.46,2,1,1,115432.2,0
11305,Female,Delhi,51.0,5,51487.72,4,0,0,138557.66,0
11306,Female,Hyderabad,31.9,1,70091.41,1,1,0,85056.71,0
11307,Female,Pune,52.4,2,106280.88,1,1,1,131534.03,0
11308,Female,Hyderabad,32.0,8,69244.2,2,0,1,58228.38,0
11309,Male,Mumbai,27.9,6,77770.74,2,0,1,116945.7,0
11310,Female,Kolkata,38.5,5,49001.0,2,1,0,71831.12,0
11311,Male,Hyderabad,23.9,4,87728.7,2,1,1,124559.66,0
11312,Female,Mumbai,32.8,2,25842.05,2,1,0,93703.12,0
11313,Female,Delhi,44.5,3,96318.08,1,1,0,76427.55,0
11314,Female,Mumbai,43.3,0,98222.7,2,1,1,74629.64,0
11315,Male,Bangalore,47.7,4,115519.69,1,1,1,101181.85,1
11316,Female,Pune,47.9,6,98169.4,2,1,0,65966.12,0
11317,Female,Hyderabad,44.5,1,51511.55,2,1,0,29494.17,1
11318,Female,Mumbai,29.8,10,101636.42,1,1,1,123065.62,0
11319,Male,Kolkata,51.1,7,93255.0,2,1,0,73335.49,0
11320,Male,Chennai,38.7,9,46881.55,2,1,0,135667.33,0
11321,Male,Delhi,42.9,5,70211.61,2,0,1,121015.62,0
11322,Male,Bangalore,41.2,9,0.0,1,0,0,96737.76,0
11323,Female,Kolkata,58.9,2,30515.49,2,0,1,138775.26,0
11324,Male,Delhi,25.7,1,85524.04,1,1,1,69066.48,0
11325,Female,Chennai,35.9,7,105873.52,2,1,0,115229.05,0
11326,Male,Mumbai,46.4,3,85620.55,2,0,0,89867.22,0
11327,Male,Chennai,40.3,6,66383.77,1,1,1,20677.31,0
11328,Female,Hyderabad,34.2,6,39173.23,1,1,0,70772.26,0
11329,Female,Bangalore,18.0,9,81108.93,2,1,0,56414.92,0
11330,Female,Delhi,36.6,8,17092.62,2,1,0,63679.27,0
11331,Female,Pune,44.3,9,77874.0,2,0,0,53692.82,0
11332,Female,Pune,46.5,7,42459.05,2,0,1,16652.15,0
11333,Male,Mumbai,38.0,7,83882.77,2,1,0,99298.73,0
11334,Female,Kolkata,42.1,6,85093.93,2,1,1,62894.75,0
11335,Female,Bangalore,26.3,9,50863.73,1,1,1,80362.44,0
11336,Female,Mumbai,44.7,4,88345.55,1,0,0,108044.04,0
11337,Male,Delhi,40.1,8,21145.75,2,0,1,80182.31,0
11338,Female,Hyderabad,42.0,10,61410.96,1,0,1,111262.75,0
11339,Male,Hyderabad,37.4,6,84776.41,2,0,0,101912.99,0
11340,Male,Chennai,42.6,10,80542.64,2,1,0,71823.46,0
11341,Male,Pune,47.6,2,51107.63,1,1,0,94225.03,0
11342,Male,Mumbai,43.1,5,87052.62,2,1,1,111707.16,0
11343,Female,Bangalore,18.1,2,87980.06,1,0,1,77245.69,0
11344,Female,Mumbai,43.3,5,35665.82,2,0,0,106656.54,0
11345,Female,Chennai,35.3,7,62200.9,1,1,0,114695.03,1
11346,Male,Kolkata,31.5,8,69876.14,1,1,0,69831.73,0
11347,Male,Hyderabad,56.2,1,69518.72,2,1,1,108899.06,1
11348,Male,Pune,28.8,5,85286.0,2,1,1,70697.7,0
11349,Female,Delhi,30.2,2,54668.99,3,1,0,112321.56,1
11350,Male,Delhi,18.0,6,105895.43,1,0,0,48326.68,0
11351,Female,Delhi,57.3,10,55151.27,1,0,0,93697.46,0
11352,Female,Bangalore,50.7,3,36649.82,1,1,1,92522.89,0
11353,Male,Pune,36.0,4,59332.53,1,0,0,105479.04,0
11354,Female,Hyderabad,47.4,9,71353.36,2,1,0,86981.62,0
11355,Female,Mumbai,18.0,5,35532.34,2,1,1,78128.55,0
11356,Female,Chennai,45.7,10,57318.42,2,1,0,44701.04,0
11357,Female,Kolkata,29.7,7,33995.78,2,0,0,76420.25,0
11358,Male,Delhi,60.1,1,82578.83,1,1,0,63185.25,0
11359,Male,Mumbai,44.4,3,60563.12,1,0,1,118325.79,0
11360,Female,Pune,41.6,10,5351.24,1,0,1,105491.32,0
11361,Female,Chennai,30.2,3,90950.98,2,1,1,85056.71,0
11362,Male,Kolkata,30.2,5,35735.54,2,1,1,148823.21,0
11363,Female,Kolkata,47.1,3,131673.18,1,1,1,109100.06,1
11364,Female,Delhi,30.0,10,47914.15,2,1,0,75673.66,0
11365,Female,Delhi,29.6,4,50541.47,2,1,0,106383.1,0
11366,Male,Delhi,56.9,4,69010.32,2,1,0,49876.76,0
11367,Female,Chennai,43.5,7,4642.81,2,1,0,55053.57,0
11368,Female,Kolkata,26.8,3,76010.49,2,1,0,35054.15,0
11369,Male,Mumbai,46.6,5,82530.16,1,1,0,82582.86,0
11370,Male,Pune,36.7,6,87656.91,1,0,1,120053.95,1
11371,Female,Delhi,18.8,7,72018.24,1,0,1,102336.97,0
11372,Male,Kolkata,34.0,8,67276.96,1,1,1,89135.07,0
11373,Female,Pune,27.4,9,27063.55,1,0,0,90548.18,0
11374,Female,Delhi,43.1,7,77328.83,1,1,1,152297.25,0
11375,Male,Mumbai,32.1,3,63954.53,1,0,0,128522.07,0
11376,Female,Pune,41.1,3,54323.89,1,0,0,56362.58,0
11377,Male,Kolkata,48.0,9,39177.35,1,1,0,40237.64,0
11378,Female,Chennai,68.3,10,76997.16,2,1,1,85640.1,0
11379,Male,Delhi,40.1,4,56934.18,1,1,1,73741.54,0
11380,Female,Delhi,42.7,2,17947.59,2,0,1,119999.38,0
11381,Male,Hyderabad,39.4,1,59424.0,1,1,1,61143.09,0
11382,Male,Kolkata,32.9,1,45739.48,1,1,1,127220.75,0
11383,Male,Hyderabad,20.3,8,86899.53,2,1,1,97283.62,0
11384,Male,Mumbai,18.0,7,60855.12,1,0,1,57391.3,0
11385,Female,Mumbai,29.9,5,58431.87,3,0,0,43913.25,0
11386,Male,Kolkata,59.6,8,72718.28,1,1,0,90374.71,0
11387,Female,Delhi,59.2,4,106873.07,1,1,0,66526.17,0
11388,Male,Delhi,40.9,9,75151.44,1,1,0,115829.59,0
11389,Male,Bangalore,45.6,0,45259.13,1,0,1,79085.48,0
11390,Male,Mumbai,32.7,7,26076.38,2,1,0,15000.0,0
11391,Male,Delhi,39.6,2,98255.77,1,0,1,85466.35,0
11392,Male,Hyderabad,30.7,8,3702.43,1,1,0,27332.66,0
11393,Male,Pune,30.7,10,64458.59,1,1,0,55343.69,0
11394,Female,Delhi,47.4,0,123734.47,2,0,0,37716.6,0
11395,Male,Hyderabad,32.7,2,20558.78,1,0,1,78314.89,0
11396,Female,Delhi,45.9,0,37074.61,1,1,0,27587.35,0
11397,Male,Bangalore,38.2,0,69980.56,1,0,1,41033.97,0
11398,Male,Pune,57.0,5,44856.01,1,0,0,130227.07,0
11399,Female,Hyderabad,46.6,3,62107.88,2,1,1,88771.3,0
11400,Female,Mumbai,42.9,9,75628.0,2,1,1,71956.22,0
11401,Male,Mumbai,22.8,3,79231.27,4,1,1,60229.97,0
11402,Male,Hyderabad,34.1,4,92699.62,4,0,1,50873.53,1
11403,Male,Bangalore,39.4,2,25460.58,2,1,1,149646.13,0
11404,Female,Bangalore,40.7,1,96656.79,1,1,1,70740.91,0
11405,Female,Kolkata,48.0,9,98665.88,1,1,0,16375.33,1
11406,Male,Pune,42.5,7,86142.67,1,0,1,50922.76,0
11407,Female,Delhi,27.6,10,36709.78,2,1,1,122771.88,0
11408,Female,Bangalore,47.1,6,35427.32,1,0,1,132886.01,0
11409,Female,Pune,34.5,9,72415.06,2,1,1,20713.5,0
11410,Female,Bangalore,32.2,3,81096.28,2,1,1,54706.95,0
11411,Male,Kolkata,26.8,1,94386.47,1,1,0,37721.22,0
11412,Male,Mumbai,35.8,8,52977.91,1,1,0,25354.73,0
11413,Male,Bangalore,33.3,7,80665.09,1,1,0,104295.94,0
11414,Male,Pune,53.9,3,79305.26,1,0,0,91999.38,0
11415,Female,Kolkata,36.8,10,48639.31,1,1,0,85056.71,1
11416,Female,Kolkata,46.4,4,53983.02,1,1,0,70154.99,0
11417,Male,Pune,18.4,9,25084.06,1,0,1,102940.1,0
11418,Male,Pune,48.9,5,38401.06,1,1,0,100626.44,0
11419,Male,Mumbai,47.7,3,49250.02,1,0,1,92429.31,1
11420,Female,Mumbai,22.5,1,78047.88,2,1,1,95249.13,0
11421,Male,Kolkata,29.5,4,121565.74,2,1,1,166250.12,0
11422,Female,Mumbai,32.0,10,77119.59,2,1,0,36114.8,0
11423,Male,Delhi,37.6,0,33885.11,1,1,1,46323.03,0
11424,Male,Hyderabad,31.5,6,53065.63,2,0,1,113329.84,0
11425,Female,Hyderabad,37.1,8,91256.08,1,1,0,118344.24,0
11426,Male,Kolkata,47.8,2,44922.12,1,0,0,187106.15,0
11427,Male,Mumbai,33.3,5,102480.01,3,1,1,58691.77,1
11428,Male,Mumbai,43.6,8,82113.17,1,1,1,111405.27,0
11429,Female,Mumbai,42.1,10,58711.85,2,1,1,78213.03,0
11430,Female,Delhi,18.0,3,17172.31,2,1,0,110203.65,0
11431,Male,Kolkata,30.3,5,90187.51,2,1,1,15000.0,0
11432,Female,Bangalore,51.8,2,81092.06,1,1,1,82363.41,0
11433,Female,Delhi,29.3,8,76815.5,2,1,1,80038.21,0
11434,Female,Mumbai,27.2,6,131877.51,1,1,1,50163.75,1
11435,Male,Bangalore,52.4,6,41598.36,3,0,1,96046.23,0
11436,Male,Hyderabad,41.8,3,103039.69,2,1,0,50125.47,0
11437,Male,Chennai,57.5,5,60337.41,2,1,0,86797.05,1
11438,Female,Hyderabad,34.4,10,71378.75,2,1,0,70866.53,0
11439,Male,Kolkata,54.4,10,72803.44,1,1,0,66294.23,0
11440,Female,Pune,29.3,7,85864.93,2,0,0,93331.69,1
11441,Male,Hyderabad,18.0,5,47137.11,1,1,1,99481.32,0
11442,Male,Hyderabad,48.1,5,124844.98,1,1,0,66433.45,0
11443,Female,Hyderabad,46.9,3,37360.88,2,0,1,55405.9,0
11444,Male,Hyderabad,48.1,7,56081.13,1,1,0,79262.8,0
11445,Female,Hyderabad,37.5,9,111084.41,2,1,0,99533.08,0
11446,Male,Bangalore,57.6,7,94495.5,1,1,1,107228.43,0
11447,Female,Bangalore,50.4,8,56082.83,2,0,1,66529.52,0
11448,Female,Hyderabad,49.9,5,82007.74,2,1,0,47166.71,0
11449,Male,Delhi,41.5,1,38065.34,2,1,1,72192.61,0
11450,Female,Delhi,23.8,3,44735.49,2,1,0,86819.23,0
11451,Female,Bangalore,40.8,3,55896.74,4,1,1,15000.0,1
11452,Female,Chennai,44.3,7,100660.22,1,0,0,80238.66,0
11453,Female,Pune,64.4,4,12348.91,2,0,1,45386.7,0
11454,Female,Delhi,43.2,3,87013.25,3,1,0,85056.71,0
11455,Male,Hyderabad,27.4,7,55110.98,1,1,0,71357.32,0
11456,Female,Chennai,45.6,2,80529.12,1,1,0,61973.39,0
11457,Female,Delhi,55.1,1,79596.24,2,1,0,69262.84,1
11458,Female,Delhi,60.5,3,64329.1,1,0,1,125680.94,0
11459,Male,Chennai,38.7,10,46111.98,1,1,0,85056.71,0
11460,Female,Pune,37.6,0,48327.85,1,0,0,191364.6,0
11461,Male,Bangalore,23.1,0,57160.67,1,0,0,65026.99,0
11462,Female,Pune,32.8,4,24351.72,2,1,1,42726.03,0
11463,Male,Kolkata,45.2,10,67235.96,2,0,0,120462.29,0
11464,Female,Kolkata,21.7,0,47355.63,2,0,0,49557.75,0
11465,Female,Delhi,64.6,3,53425.06,1,0,0,67166.72,1
11466,Male,Delhi,35.7,7,59852.28,2,0,1,15000.0,0
11467,Female,Kolkata,41.4,7,83757.06,2,1,1,76818.87,0
11468,Male,Delhi,44.1,1,95955.28,2,0,1,159470.43,0
11469,Female,Hyderabad,53.5,2,99318.8,3,1,0,102302.76,1
11470,Female,Mumbai,43.2,2,75265.77,2,0,0,79227.45,1
11471,Female,Mumbai,27.2,0,55257.75,1,1,0,62861.57,0
11472,Female,Mumbai,45.1,10,32304.05,2,1,0,34886.41,0
11473,Female,Hyderabad,53.5,2,126022.14,1,1,1,156654.44,0
11474,Male,Mumbai,29.3,7,109523.82,2,1,1,15000.0,0
11475,Male,Pune,49.6,5,87298.98,1,1,0,114288.48,1
11476,Female,Mumbai,43.1,4,81451.58,2,1,1,82860.69,0
11477,Female,Delhi,41.1,9,56150.04,1,1,0,95298.01,0
11478,Female,Chennai,32.3,8,68261.46,1,0,1,143014.16,0
11479,Female,Chennai,37.3,6,88015.71,1,1,1,44114.48,0
11480,Male,Delhi,45.3,5,17727.8,3,1,1,102239.65,0
11481,Female,Delhi,34.9,4,49695.82,1,1,1,36992.81,0
11482,Male,Delhi,28.2,4,65264.58,1,1,0,163447.66,0
11483,Female,Bangalore,27.8,9,16921.89,2,1,1,79869.09,0
11484,Male,Chennai,43.4,8,27812.16,2,1,1,38078.74,0
11485,Male,Mumbai,45.9,9,48544.9,2,1,0,75760.31,0
11486,Male,Mumbai,39.2,5,67150.16,1,1,0,97980.81,0
11487,Male,Delhi,40.1,10,102757.76,1,1,0,146028.54,1
11488,Female,Kolkata,19.6,3,53820.35,1,0,1,73105.2,0
11489,Male,Hyderabad,44.6,3,112028.22,1,1,1,59686.01,0
11490,Male,Delhi,18.0,3,46818.23,2,1,1,121617.07,0
11491,Male,Kolkata,38.8,10,61855.9,3,1,1,85479.11,0
11492,Male,Delhi,43.0,5,27975.38,2,1,1,83159.64,0
11493,Male,Delhi,37.9,0,54102.33,1,1,0,93396.23,0
11494,Male,Mumbai,18.0,8,17422.72,1,1,0,15000.0,0
11495,Female,Delhi,38.9,1,149644.49,1,1,0,79414.38,1
11496,Female,Bangalore,40.0,1,38873.28,1,0,1,62666.24,0
11497,Female,Mumbai,50.8,4,73975.26,2,1,1,60480.2,1
11498,Male,Chennai,22.9,10,53075.93,2,0,1,92715.36,0
11499,Male,Kolkata,57.3,3,59119.55,1,0,1,15000.0,1
11500,Female,Mumbai,18.0,2,63089.04,1,1,0,46300.23,0
11501,Female,Delhi,24.4,4,88736.61,2,1,0,84649.62,0
11502,Male,Delhi,42.1,6,77704.63,1,1,1,101037.54,0
11503,Male,Mumbai,43.7,9,71044.77,2,1,0,79830.78,0
11504,Male,Delhi,58.1,1,79491.99,2,1,0,37437.36,0
11505,Male,Kolkata,42.3,5,74278.12,1,1,0,70123.68,0
11506,Male,Mumbai,38.8,3,33096.1,1,0,1,118337.15,0
11507,Female,Mumbai,45.3,1,58795.7,1,0,0,122560.83,0
11508,Female,Delhi,18.0,0,82095.14,1,0,0,65680.66,0
11509,Female,Delhi,27.9,7,50119.25,3,1,1,40488.43,0
11510,Female,Bangalore,25.9,4,73928.43,1,1,1,145198.41,0
11511,Female,Hyderabad,51.4,9,92559.98,2,0,1,173117.54,0
11512,Female,Bangalore,55.6,1,47651.94,2,1,0,102383.09,1
11513,Male,Mumbai,62.4,7,90456.16,1,1,1,82071.14,0
11514,Male,Pune,46.8,2,62352.07,2,1,1,41556.06,0
11515,Male,Bangalore,50.7,6,66831.08,1,1,0,91351.55,0
11516,Male,Mumbai,41.1,1,86161.41,1,1,0,85296.56,1
11517,Female,Chennai,34.0,6,79831.68,2,1,0,55543.25,0
11518,Female,Mumbai,27.0,3,0.0,2,1,0,85056.71,0
11519,Male,Mumbai,26.0,9,19128.1,1,1,0,59017.92,0
11520,Female,Delhi,23.5,0,78293.3,1,1,1,126102.92,0
11521,Male,Delhi,48.8,4,61471.25,2,1,0,99966.91,0
11522,Female,Delhi,35.1,3,24922.2,2,1,1,127255.41,0
11523,Male,Delhi,31.3,7,48518.67,4,1,1,85056.71,0
11524,Male,Delhi,18.0,0,22598.89,2,1,1,93527.04,0
11525,Female,Pune,29.0,1,62365.46,2,0,0,76655.7,0
11526,Male,Chennai,36.6,4,96456.28,4,0,0,38587.81,1
11527,Male,Bangalore,21.6,9,47126.24,2,1,0,85056.71,0
11528,Male,Mumbai,71.9,9,71143.15,2,1,1,59985.61,1
11529,Female,Bangalore,23.9,1,62389.33,1,1,0,97887.9,0
11530,Female,Mumbai,53.8,10,105029.04,1,1,1,27770.89,0
11531,Male,Kolkata,38.6,0,96705.42,2,1,0,112625.58,1
11532,Female,Pune,33.2,5,25276.62,2,1,0,102380.16,0
11533,Female,Kolkata,37.0,9,60215.16,1,1,1,52834.61,0
11534,Male,Mumbai,40.2,3,42855.78,2,0,1,89575.57,0
11535,Male,Mumbai,42.7,4,49977.16,1,1,0,85372.96,0
11536,Male,Chennai,28.2,2,84634.23,2,1,0,153135.52,0
11537,Male,Bangalore,46.7,9,69827.52,2,1,1,73255.37,0
11538,Female,Delhi,36.6,5,84287.8,1,1,0,90147.98,0
11539,Male,Hyderabad,24.0,3,7719.94,2,1,0,40631.26,0
11540,Female,Hyderabad,34.9,5,88261.11,1,0,1,94448.01,0
11541,Female,Delhi,57.0,4,75702.17,2,1,1,121626.11,0
11542,Male,Hyderabad,42.6,10,105173.91,1,1,0,121137.18,1
11543,Female,Delhi,40.1,1,49729.68,2,1,1,89398.04,0
11544,Male,Chennai,35.2,3,91902.73,2,1,0,91834.43,0
11545,Male,Pune,36.2,1,72301.35,1,0,1,95769.04,0
11546,Female,Bangalore,42.6,4,68326.2,2,1,1,95876.02,0
11547,Female,Bangalore,36.8,2,52802.91,2,1,1,91919.86,0
11548,Female,Pune,45.4,5,62635.14,1,1,0,19716.24,0
11549,Male,Mumbai,43.9,10,40517.39,2,1,1,111711.22,0
11550,Female,Mumbai,25.7,4,55056.31,2,1,1,88048.05,0
11551,Male,Kolkata,46.3,1,50230.84,2,0,1,75446.02,1
11552,Female,Mumbai,28.5,9,57845.73,2,1,1,35898.22,0
11553,Female,Delhi,28.1,10,60456.72,2,1,0,113861.97,0
11554,Female,Delhi,39.7,7,61083.56,1,0,1,153908.76,0
11555,Male,Pune,43.1,5,64804.25,1,1,1,127502.8,0
11556,Male,Kolkata,47.4,8,64561.54,1,1,1,64848.72,0
11557,Female,Chennai,18.0,2,67701.66,1,1,1,24128.34,0
11558,Male,Mumbai,49.5,10,64249.79,1,1,0,36600.5,0
11559,Female,Bangalore,45.0,3,58238.16,1,0,0,84836.56,0
11560,Female,Chennai,31.3,10,75756.44,1,1,1,102107.36,0
11561,Male,Delhi,37.2,7,95309.7,1,0,0,118567.06,0
11562,Male,Delhi,42.4,6,56609.96,2,1,1,92122.99,0
11563,Female,Delhi,18.0,7,51625.04,1,1,0,57688.11,0
11564,Male,Mumbai,25.0,8,74414.03,1,1,0,86527.74,0
11565,Female,Delhi,53.9,7,67694.33,1,1,1,62776.13,0
11566,Male,Pune,32.8,7,40828.78,4,1,0,99677.01,0
11567,Female,Bangalore,39.0,5,46218.71,2,0,0,118598.81,0
11568,Male,Kolkata,38.6,10,50135.43,2,1,0,69685.14,0
11569,Female,Mumbai,48.6,1,39080.29,1,1,0,94664.65,0
11570,Male,Delhi,35.1,6,75957.6,1,0,0,80054.53,0
11571,Female,Chennai,40.1,3,84118.54,2,1,1,74014.52,0
11572,Male,Mumbai,42.3,2,44713.22,2,1,1,63855.95,0
11573,Female,Chennai,50.2,3,30988.94,2,1,0,107337.7,0
11574,Female,Delhi,54.0,3,69316.82,1,1,1,122500.56,0
11575,Male,Bangalore,36.2,2,65770.52,1,0,1,102244.87,0
11576,Male,Kolkata,34.1,8,122546.4,1,1,1,97218.3,0
11577,Male,Pune,38.2,2,81687.87,2,0,1,89966.96,0
11578,Female,Hyderabad,56.0,1,36818.27,2,1,0,51440.27,0
11579,Female,Chennai,49.3,0,41209.04,2,1,1,135289.24,0
11580,Female,Hyderabad,34.2,10,72883.86,2,1,0,82536.55,1
11581,Male,Bangalore,20.6,0,63629.8,2,1,0,79668.44,0
11582,Male,Hyderabad,53.3,4,62239.94,1,0,0,112571.07,0
11583,Female,Chennai,54.6,4,66672.0,1,0,0,84285.74,0
11584,Female,Delhi,26.7,8,84383.81,2,1,1,82762.36,0
11585,Female,Mumbai,34.7,3,111351.84,2,1,0,47939.93,0
11586,Male,Hyderabad,50.5,4,98235.75,2,0,0,56071.89,0
11587,Female,Delhi,44.6,5,39637.42,1,1,1,78577.33,0
11588,Male,Delhi,18.0,9,51635.26,2,1,1,129311.02,0
11589,Male,Delhi,26.5,6,6159.0,2,1,0,46344.54,0
11590,Female,Mumbai,47.0,8,70273.54,2,0,0,45938.74,0
11591,Female,Pune,43.0,5,51872.9,2,1,0,54363.55,0
11592,Female,Chennai,48.0,0,64515.05,2,1,0,109090.93,0
11593,Male,Kolkata,49.4,7,44427.94,1,1,0,75294.17,0
11594,Male,Kolkata,42.9,1,44162.85,2,1,1,54464.39,0
11595,Female,Hyderabad,45.0,8,26490.84,2,0,1,108289.94,1
11596,Female,Mumbai,33.2,10,57019.79,2,0,0,51299.32,0
11597,Male,Hyderabad,41.4,6,79223.31,2,1,1,88321.88,0
11598,Male,Mumbai,43.8,6,48151.14,1,1,1,39432.37,0
11599,Male,Chennai,60.5,9,81290.94,1,1,0,134582.53,0
11600,Female,Chennai,30.1,9,47717.42,2,1,0,125210.63,0
11601,Male,Pune,48.7,4,65017.18,1,0,1,85610.82,0
11602,Male,Delhi,38.6,7,98889.11,1,0,1,140645.54,0
11603,Male,Mumbai,48.9,9,52803.78,4,1,0,85056.71,0
11604,Male,Mumbai,38.6,0,70626.98,1,0,1,45625.81,0
11605,Male,Mumbai,54.1,2,71492.84,1,1,1,137977.31,0
11606,Female,Delhi,31.1,8,71820.68,1,0,1,50995.63,0
11607,Male,Hyderabad,41.7,0,78254.35,1,1,1,81751.78,0
11608,Female,Mumbai,45.3,10,71157.22,1,1,1,167132.32,0
11609,Male,Bangalore,31.8,7,39325.58,2,1,0,60162.12,0
11610,Female,Kolkata,43.7,5,54663.29,1,1,1,83496.22,0
11611,Female,Bangalore,52.1,9,79390.58,2,1,0,119271.69,0
11612,Female,Kolkata,39.2,4,82615.36,1,1,1,106371.54,1
11613,Female,Mumbai,49.0,5,46428.86,1,1,0,41426.68,0
11614,Male,Chennai,31.9,10,89314.57,2,1,1,117093.27,0
11615,Male,Pune,26.8,4,53069.26,1,1,0,74491.62,0
11616,Female,Delhi,48.3,8,73314.38,2,1,1,112045.97,0
11617,Female,Hyderabad,33.3,1,69879.83,2,1,1,32745.11,0
11618,Female,Delhi,19.9,9,42173.36,1,0,0,156711.53,0
11619,Female,Mumbai,30.9,5,58143.35,2,1,1,73650.04,0
11620,Female,Chennai,56.2,3,13904.07,1,1,1,103105.98,0
11621,Male,Chennai,52.7,2,55159.2,1,1,0,52238.89,0
11622,Male,Kolkata,26.6,4,95840.57,2,1,1,24933.0,0
11623,Female,Chennai,22.5,1,17378.06,1,1,1,69806.61,0
11624,Male,Mumbai,35.1,2,43279.03,1,0,1,114648.71,0
11625,Male,Hyderabad,52.5,6,53465.26,1,1,0,117130.76,0
11626,Female,Delhi,37.7,0,11626.67,2,1,0,62062.06,0
11627,Male,Mumbai,37.8,1,14773.57,2,1,1,140451.56,1
11628,Female,Mumbai,32.6,2,116505.42,1,1,1,47231.31,1
11629,Male,Mumbai,36.7,9,79671.9,1,1,0,73902.99,0
11630,Male,Pune,50.2,6,89989.4,2,1,1,100187.25,0
11631,Female,Delhi,41.0,3,73757.11,1,0,0,46399.62,0
11632,Male,Chennai,37.6,7,79489.25,1,1,1,15000.0,0
11633,Female,Pune,47.8,7,57040.71,2,1,0,113051.17,0
11634,Female,Kolkata,40.9,0,91071.76,1,1,1,89576.99,0
11635,Female,Pune,51.4,4,100850.05,1,1,0,87968.73,0
11636,Male,Bangalore,31.8,0,48087.7,4,1,1,49094.21,0
11637,Male,Kolkata,43.3,6,58803.94,1,1,0,85537.75,0
11638,Male,Delhi,50.7,3,50493.12,2,1,1,64017.62,0
11639,Female,Hyderabad,58.6,7,62861.78,2,1,0,56128.67,0
11640,Female,Bangalore,26.9,7,83521.32,1,0,0,121705.99,0
11641,Female,Mumbai,37.9,8,60530.79,2,0,1,52879.35,0
11642,Female,Delhi,24.2,10,21328.28,3,0,1,82565.06,0
11643,Female,Delhi,28.4,5,89243.35,2,1,0,87083.65,0
11644,Female,Bangalore,40.2,6,45894.36,2,0,0,58412.66,0
11645,Male,Hyderabad,18.0,6,75148.09,1,0,0,70203.14,0
11646,Female,Mumbai,45.0,4,77587.54,2,0,1,103956.91,0
11647,Male,Delhi,46.7,6,54308.36,1,1,1,126764.21,1
11648,Female,Bangalore,39.1,8,42112.36,2,1,1,82564.17,0
11649,Female,Delhi,29.9,10,53044.3,2,0,0,101336.7,0
11650,Female,Hyderabad,37.1,3,104914.77,1,0,1,64522.3,0
11651,Male,Hyderabad,65.4,1,41281.81,1,1,1,66775.89,0
11652,Male,Mumbai,33.8,7,37473.49,1,1,1,54106.65,0
11653,Male,Kolkata,30.5,6,69768.27,2,0,0,97671.1,0
11654,Male,Chennai,18.0,5,59673.96,1,0,0,57751.92,0
11655,Male,Delhi,52.5,6,54752.4,2,1,1,67269.92,0
11656,Female,Chennai,25.1,2,42431.75,1,1,0,74140.15,0
11657,Female,Chennai,41.1,5,64479.05,1,1,1,35494.42,1
11658,Male,Delhi,65.3,9,60964.27,2,1,1,56783.6,0
11659,Male,Mumbai,44.4,6,98421.88,2,1,0,92937.94,1
11660,Male,Chennai,44.3,6,42851.24,1,1,0,63633.1,0
11661,Female,Hyderabad,36.1,4,52839.45,1,0,1,151567.6,0
11662,Female,Mumbai,43.8,2,97108.09,1,1,1,117869.42,1
11663,Female,Mumbai,40.9,1,52062.7,2,1,1,121143.04,1
11664,Female,Mumbai,46.5,6,46957.04,2,0,0,42105.3,0
11665,Female,Kolkata,18.0,3,76167.97,1,1,0,60815.67,0
11666,Female,Hyderabad,44.6,1,68961.54,4,1,0,70027.46,0
11667,Male,Hyderabad,45.2,7,57269.38,1,1,1,81026.7,0
11668,Female,Pune,70.6,1,66889.39,2,1,0,144501.99,0
11669,Male,Chennai,39.9,5,76861.05,1,1,1,26900.72,0
11670,Female,Bangalore,42.7,3,69019.49,1,1,1,80203.51,0
11671,Male,Mumbai,44.8,8,79424.56,1,1,1,64133.13,0
11672,Female,Chennai,45.1,4,60296.93,2,1,1,85226.5,0
11673,Female,Delhi,40.1,3,39255.99,1,1,0,86565.11,0
11674,Female,Mumbai,49.8,7,79161.64,1,1,1,65103.5,0
11675,Female,Hyderabad,29.0,2,58224.59,1,0,1,82192.03,0
11676,Male,Pune,44.9,8,57575.85,2,0,0,84135.91,0
11677,Male,Mumbai,29.7,7,83650.43,1,0,1,46923.48,0
11678,Male,Chennai,37.3,7,106505.49,3,1,1,158823.58,0
11679,Male,Kolkata,34.4,9,22994.18,1,1,0,79476.68,0
11680,Female,Delhi,37.0,4,57108.74,1,1,1,146246.26,0
11681,Male,Chennai,39.0,0,63079.8,1,1,1,109943.39,0
11682,Female,Bangalore,44.5,10,67731.7,2,1,1,84143.42,0
11683,Female,Delhi,38.8,9,60446.05,3,1,1,70028.53,0
11684,Female,Chennai,50.5,8,62785.92,1,1,0,93461.94,1
11685,Male,Chennai,33.6,1,74174.19,3,1,1,15964.0,0
11686,Female,Kolkata,45.2,0,60125.99,2,0,0,30899.71,0
11687,Female,Hyderabad,30.0,5,51682.87,2,0,0,56030.98,0
11688,Female,Mumbai,61.4,0,50946.97,1,1,1,34884.01,0
11689,Female,Delhi,45.2,9,98204.9,3,0,0,83027.05,0
11690,Female,Kolkata,31.6,9,114582.77,2,1,1,86528.72,0
11691,Male,Mumbai,60.8,9,56545.04,2,1,1,147491.59,0
11692,Female,Bangalore,46.2,6,57075.56,1,1,1,96599.27,0
11693,Male,Mumbai,31.7,6,74798.51,1,1,0,89743.69,0
11694,Male,Delhi,38.4,0,68337.19,2,1,1,88861.49,0
11695,Male,Pune,26.3,9,61315.74,1,1,0,93018.22,0
11696,Male,Kolkata,26.3,4,33749.5,1,1,1,71256.7,0
11697,Male,Mumbai,54.5,2,44614.22,1,1,1,77904.5,0
11698,Male,Mumbai,29.2,10,82296.78,1,0,1,55252.77,0
11699,Male,Chennai,23.9,1,58026.92,2,1,0,23503.84,0
11700,Female,Chennai,47.6,10,114157.67,2,1,0,69492.76,0
11701,Male,Pune,59.9,4,113085.51,1,1,0,93745.45,0
11702,Male,Pune,53.9,4,42060.79,2,1,0,121791.94,0
11703,Male,Pune,67.5,1,98042.63,2,1,1,72839.31,1
11704,Female,Mumbai,69.1,5,61664.32,2,1,0,50655.09,0
11705,Male,Mumbai,29.2,6,68626.55,2,0,0,84627.15,0
11706,Male,Hyderabad,36.3,0,82570.68,1,0,1,56016.61,0
11707,Female,Hyderabad,21.2,2,90064.02,2,0,1,37154.02,0
11708,Male,Hyderabad,26.0,3,46971.49,2,1,1,46017.91,0
11709,Female,Delhi,52.9,1,119734.9,1,0,1,92115.06,0
11710,Female,Delhi,43.3,9,71987.17,2,0,1,91983.1,0
11711,Male,Pune,57.5,10,15584.25,1,1,0,104518.95,0
11712,Male,Hyderabad,29.6,4,58454.77,2,1,1,93350.4,0
11713,Female,Bangalore,33.4,3,117887.15,1,1,0,126395.14,0
11714,Male,Chennai,47.1,10,50214.65,2,1,1,138812.42,0
11715,Male,Bangalore,52.7,1,122240.2,1,1,0,107198.02,0
11716,Female,Hyderabad,20.4,10,68097.01,1,0,1,62542.71,0
11717,Male,Hyderabad,37.1,0,64897.7,1,1,0,97037.27,0
11718,Female,Chennai,44.8,7,38774.06,1,1,1,73112.71,0
11719,Female,Hyderabad,49.4,1,80423.82,1,1,1,93156.26,1
11720,Male,Kolkata,51.8,3,56818.73,1,0,0,82944.19,0
11721,Male,Mumbai,39.1,9,64506.05,2,0,1,81582.41,0
11722,Male,Chennai,25.2,4,59707.26,1,1,0,94506.88,0
11723,Male,Hyderabad,18.0,1,86055.83,1,1,0,150431.85,0
11724,Male,Delhi,37.8,9,59881.83,1,0,1,106785.35,0
11725,Female,Delhi,36.5,8,2274.33,1,1,1,91296.12,0
11726,Male,Mumbai,30.4,1,43823.85,3,1,1,86853.64,0
11727,Female,Delhi,50.7,5,32026.16,1,1,0,132149.37,0
11728,Female,Delhi,26.2,6,102060.71,1,1,1,55592.28,0
11729,Female,Delhi,32.1,5,79940.0,1,1,0,108079.86,0
11730,Female,Delhi,54.0,10,66198.95,2,0,0,175737.01,0
11731,Male,Mumbai,30.7,10,60112.39,1,0,0,100462.08,0
11732,Female,Mumbai,43.9,3,29624.22,1,1,1,63561.8,0
11733,Female,Chennai,39.9,0,59356.6,4,1,1,50440.57,0
11734,Male,Pune,42.9,1,88819.44,2,0,1,75451.05,0
11735,Male,Delhi,50.6,9,85466.26,2,1,1,123010.8,0
11736,Female,Delhi,43.9,9,75711.97,3,1,0,114092.54,1
11737,Male,Bangalore,23.4,5,30214.27,2,0,1,77658.19,0
11738,Male,Pune,25.4,7,46688.64,1,1,1,116118.09,0
11739,Male,Chennai,43.5,2,74302.74,1,1,1,122132.69,0
11740,Male,Delhi,29.0,6,36299.42,2,0,0,87871.35,0
11741,Female,Hyderabad,51.5,8,83044.52,1,1,0,66466.08,0
11742,Female,Chennai,43.7,3,31712.41,1,0,1,162706.65,0
11743,Female,Delhi,19.4,10,37432.34,2,0,1,35532.81,0
11744,Male,Delhi,62.7,6,31884.4,2,1,1,91500.95,0
11745,Male,Hyderabad,35.6,6,52643.06,1,1,0,74001.43,0
11746,Female,Mumbai,37.5,9,26975.83,2,0,1,105343.08,0
11747,Male,Chennai,45.1,8,52844.45,2,0,0,99969.93,0
11748,Male,Hyderabad,39.0,2,42220.48,1,1,0,59150.09,0
11749,Female,Mumbai,51.5,10,47881.06,1,1,0,59231.14,0
11750,Male,Chennai,27.8,0,81727.6,2,1,0,83162.95,0
11751,Female,Delhi,53.8,7,64735.52,1,1,1,121980.79,0
11752,Male,Mumbai,48.2,3,81706.51,2,1,1,64860.87,0
11753,Male,Kolkata,30.7,1,120489.85,2,0,1,74212.4,0
11754,Male,Bangalore,43.0,4,22800.25,2,1,0,100495.01,0
11755,Female,Chennai,54.5,3,51375.49,1,1,1,136163.99,0
11756,Female,Pune,46.3,0,39269.36,1,0,0,93520.24,0
11757,Male,Mumbai,41.8,6,47615.05,1,1,0,15000.0,0
11758,Female,Hyderabad,47.5,3,74414.76,1,1,0,34706.75,0
11759,Male,Delhi,48.5,7,109248.14,1,0,1,49575.6,0
11760,Female,Hyderabad,33.9,8,81110.11,1,1,0,44400.5,0
11761,Male,Hyderabad,41.9,7,77130.32,1,0,0,133518.86,0
11762,Female,Mumbai,50.2,0,91011.89,1,1,0,90910.78,0
11763,Male,Chennai,41.6,7,102297.45,2,0,1,118244.88,0
11764,Female,Hyderabad,31.4,4,109921.18,1,1,0,75246.04,0
11765,Male,Mumbai,43.4,0,77176.41,1,1,0,78413.91,0
11766,Male,Kolkata,35.3,8,40943.08,2,0,0,65470.01,0
11767,Female,Delhi,47.0,8,56513.68,2,1,0,80895.77,0
11768,Male,Kolkata,57.1,6,13746.4,2,1,0,74576.77,1
11769,Male,Chennai,48.1,6,84158.02,2,1,0,101533.43,0
11770,Male,Delhi,30.1,10,43709.18,2,1,0,76161.94,0
11771,Male,Kolkata,43.6,0,47085.94,1,0,1,89769.95,0
11772,Female,Mumbai,18.0,8,73840.4,1,1,1,95879.36,0
11773,Female,Mumbai,38.8,0,16302.43,1,0,1,84744.38,0
11774,Male,Bangalore,51.3,6,90796.75,1,1,0,157595.51,0
11775,Female,Pune,44.8,8,78884.74,1,0,1,65894.52,0
11776,Male,Pune,41.3,8,54171.93,2,1,0,67755.71,0
11777,Female,Chennai,65.6,4,63771.82,2,1,1,47862.96,1
11778,Male,Bangalore,19.5,5,48227.68,2,0,0,91013.57,0
11779,Male,Mumbai,22.2,1,130110.25,1,1,0,114243.16,0
11780,Female,Hyderabad,45.8,1,42076.22,1,1,0,88448.6,0
11781,Male,Kolkata,50.8,9,73070.73,2,1,0,164139.15,0
11782,Female,Hyderabad,51.3,8,58425.03,2,0,1,69969.52,0
11783,Male,Mumbai,33.1,0,66348.27,1,1,0,38915.79,0
11784,Female,Delhi,29.9,9,77814.9,1,0,1,75821.64,0
11785,Female,Bangalore,28.1,4,78788.57,1,1,1,30077.68,0
11786,Female,Hyderabad,43.9,6,56076.31,1,0,1,101614.28,0
11787,Female,Bangalore,28.2,9,35946.67,2,1,1,35952.46,0
11788,Female,Bangalore,53.4,5,46697.69,1,1,0,74245.17,0
11789,Male,Mumbai,39.7,5,53484.46,1,0,0,57402.51,0
11790,Female,Delhi,31.6,5,50081.86,2,1,1,77330.81,0
11791,Male,Chennai,31.6,7,38955.49,2,1,0,50831.95,0
11792,Female,Pune,21.6,6,76202.1,2,1,1,55731.87,0
11793,Female,Bangalore,30.5,4,31106.76,1,1,0,89239.96,0
11794,Female,Hyderabad,33.4,9,63714.75,1,1,0,105505.57,0
11795,Male,Hyderabad,44.9,1,24196.66,2,1,0,37224.26,0
11796,Male,Kolkata,38.8,9,92276.22,2,1,1,127351.07,0
11797,Female,Bangalore,29.7,5,49630.26,2,0,1,74182.58,1
11798,Male,Delhi,25.3,9,46809.88,2,1,1,81915.87,0
11799,Male,Chennai,37.2,4,42610.09,1,0,0,91595.36,1
11800,Male,Chennai,18.0,3,107630.06,2,1,0,69212.67,0
11801,Male,Delhi,36.2,9,98186.41,2,0,1,132359.67,0
11802,Female,Delhi,53.4,10,66359.0,2,0,1,77200.01,0
11803,Male,Kolkata,37.6,4,52450.98,2,0,0,40799.41,0
11804,Male,Pune,41.9,8,116890.7,2,1,1,147538.52,0
11805,Male,Delhi,40.5,1,77442.08,2,0,0,153083.9,0
11806,Female,Mumbai,23.4,5,58618.92,1,1,0,85056.71,0
11807,Female,Kolkata,61.1,10,50973.73,2,1,0,110722.5,1
11808,Male,Chennai,35.1,8,85444.9,2,1,0,154050.05,0
11809,Male,Chennai,40.0,9,59485.78,1,0,0,94327.64,0
11810,Male,Delhi,32.1,4,31527.56,2,1,1,97828.33,0
11811,Female,Mumbai,53.7,10,69297.37,3,0,1,124875.52,1
11812,Female,Pune,22.5,5,70968.6,1,1,1,131454.22,0
11813,Male,Hyderabad,55.6,9,66108.61,2,0,1,108879.63,0
11814,Male,Kolkata,36.3,3,77629.53,1,0,1,37493.91,0
11815,Male,Delhi,33.6,4,56912.62,1,0,0,45186.37,0
11816,Male,Mumbai,32.5,7,65175.38,2,1,0,75839.24,0
11817,Male,Delhi,61.7,0,64750.61,1,1,1,133802.84,0
11818,Female,Chennai,20.7,0,31528.56,1,1,1,42892.57,0
11819,Female,Mumbai,33.6,9,82569.51,2,1,1,79056.27,0
11820,Male,Kolkata,24.5,3,78755.25,2,0,0,121050.18,0
11821,Male,Bangalore,18.2,9,89730.62,2,1,1,56699.43,0
11822,Male,Pune,55.7,2,39771.6,1,1,1,67465.84,0
11823,Female,Bangalore,39.7,4,54433.67,2,1,0,29737.41,0
11824,Female,Kolkata,26.1,10,92727.42,1,1,0,60122.83,0
11825,Female,Bangalore,49.9,9,50595.94,2,1,1,52722.73,0
11826,Female,Pune,35.2,7,109911.5,2,1,0,80730.96,1
11827,Male,Kolkata,32.2,0,26014.45,2,1,1,47669.02,0
11828,Male,Mumbai,46.9,4,50867.38,2,0,0,123530.43,0
11829,Female,Bangalore,34.9,4,53378.42,1,1,0,47757.13,0
11830,Male,Pune,28.4,1,84093.4,1,1,0,69058.44,0
11831,Female,Delhi,48.3,4,106634.66,1,1,1,59156.61,1
11832,Female,Hyderabad,38.3,7,72597.68,2,0,0,69120.98,0
11833,Female,Pune,49.0,9,0.0,1,1,0,181778.59,0
11834,Female,Delhi,35.2,6,62974.57,1,1,1,56396.83,0
11835,Female,Hyderabad,52.2,1,68078.32,1,0,0,104711.22,0
11836,Female,Delhi,40.2,5,74827.86,2,1,1,46457.05,0
11837,Male,Mumbai,52.7,9,63035.78,2,0,1,126953.99,0
11838,Male,Mumbai,52.3,10,97659.37,2,1,1,91457.43,0
11839,Female,Chennai,54.8,10,42793.06,1,1,0,94736.09,1
11840,Male,Delhi,40.8,0,39231.0,2,1,1,105348.79,0
11841,Male,Hyderabad,44.6,9,49690.82,1,1,1,85056.71,0
11842,Male,Hyderabad,37.2,9,130046.75,2,1,0,141900.91,0
11843,Male,Delhi,29.2,2,60503.63,2,1,0,133841.21,0
11844,Female,Mumbai,64.0,10,93720.16,1,1,0,49330.71,0
11845,Male,Chennai,31.0,10,93249.9,1,1,1,116369.52,0
11846,Male,Delhi,50.9,5,22028.1,2,0,0,80379.7,0
11847,Male,Delhi,48.7,8,63586.56,1,1,0,131853.31,0
11848,Male,Hyderabad,42.2,0,93005.46,1,1,0,15000.0,1
11849,Female,Delhi,38.1,5,136542.91,2,1,1,93046.74,0
11850,Female,Pune,38.3,1,91958.95,1,0,1,38463.19,0
11851,Male,Mumbai,32.1,8,56439.24,2,0,1,105767.24,0
11852,Female,Mumbai,41.1,1,101505.97,1,1,0,64027.91,0
11853,Female,Pune,25.8,2,54220.47,2,1,0,47238.94,0
11854,Female,Mumbai,49.0,1,36713.03,1,1,0,18782.59,0
11855,Female,Mumbai,37.3,10,82495.76,1,1,1,60706.09,0
11856,Male,Delhi,28.5,3,28696.66,2,1,1,93232.9,0
11857,Female,Pune,24.7,3,50113.49,1,0,0,100661.77,0
11858,Male,Delhi,38.4,9,102168.51,2,1,1,78305.97,0
11859,Female,Delhi,38.8,0,82808.37,2,1,0,71597.08,0
11860,Female,Delhi,33.8,7,43401.13,1,1,0,103056.8,0
11861,Female,Hyderabad,46.0,4,68508.86,2,1,0,177308.45,0
11862,Female,Hyderabad,44.2,7,62622.64,2,1,0,99219.85,0
11863,Male,Chennai,40.7,5,87683.45,1,1,1,49510.97,0
11864,Female,Mumbai,28.9,1,74499.85,1,0,1,38797.88,0
11865,Female,Delhi,31.1,6,68869.23,2,0,1,76376.69,0
11866,Female,Mumbai,23.2,9,64086.32,2,1,0,109336.3,0
11867,Male,Bangalore,37.7,8,37504.31,2,0,1,57205.99,0
11868,Male,Delhi,46.7,6,99503.83,2,0,0,54713.55,0
11869,Male,Chennai,25.5,10,75470.84,4,1,1,50370.35,0
11870,Female,Kolkata,33.3,4,56787.99,1,0,1,49784.57,0
11871,Female,Delhi,39.4,3,58604.09,2,0,0,108471.99,0
11872,Male,Mumbai,46.7,10,62446.59,1,1,1,68143.39,0
11873,Female,Kolkata,22.3,7,44442.9,2,1,1,107889.65,0
11874,Female,Mumbai,66.6,5,50805.17,2,1,1,70310.76,0
11875,Female,Kolkata,49.0,4,89579.42,2,1,0,31781.97,0
11876,Female,Mumbai,32.8,6,25880.62,2,0,0,163999.73,0
11877,Female,Pune,27.2,10,111461.1,3,0,1,68657.22,1
11878,Female,Bangalore,43.4,2,65095.17,1,1,1,114553.61,0
11879,Male,Chennai,45.7,8,45213.03,1,1,0,79903.35,0
11880,Female,Chennai,28.1,3,56351.84,2,0,1,140393.82,0
11881,Female,Mumbai,26.6,3,75524.74,1,1,1,123627.55,0
11882,Female,Bangalore,29.3,7,52972.42,2,1,0,150971.34,0
11883,Female,Bangalore,40.8,5,81486.98,1,1,1,89673.02,0
11884,Female,Mumbai,40.9,10,38443.1,2,1,0,61915.55,0
11885,Male,Mumbai,66.0,0,45062.14,2,1,0,66053.08,0
11886,Male,Mumbai,18.0,1,71109.12,1,1,0,114327.78,0
11887,Male,Mumbai,31.9,8,49498.92,1,1,0,39117.17,0
11888,Male,Mumbai,33.7,5,113979.63,1,0,0,69866.31,0
11889,Female,Delhi,45.8,6,85734.31,2,1,1,61735.01,0
11890,Female,Delhi,46.3,10,77803.86,1,1,1,49984.66,0
11891,Male,Pune,37.6,8,67785.61,1,1,0,80765.55,0
11892,Male,Hyderabad,58.1,2,56330.41,1,1,1,142384.73,0
11893,Female,Mumbai,26.6,4,58599.53,2,1,1,99296.03,0
11894,Male,Bangalore,31.6,4,44125.14,1,1,1,91274.72,0
11895,Female,Delhi,24.2,9,70300.13,2,1,1,57935.75,0
11896,Female,Delhi,38.2,6,33853.04,1,1,1,134152.86,0
11897,Female,Mumbai,36.0,1,101458.67,2,1,0,21940.02,0
11898,Male,Delhi,49.4,3,66525.54,2,1,1,88045.79,0
11899,Male,Delhi,62.2,10,99244.09,1,0,1,91743.37,0
11900,Female,Mumbai,57.9,3,87331.17,1,0,1,67361.2,0
11901,Female,Chennai,25.3,7,63267.44,1,0,0,116556.74,1
11902,Male,Kolkata,40.6,9,76148.91,1,1,1,99336.69,0
11903,Female,Mumbai,49.3,2,54346.08,2,1,0,77367.46,0
11904,Male,Pune,48.0,1,62593.63,1,1,0,85056.71,0
11905,Female,Mumbai,67.8,8,45597.51,2,0,0,73344.23,1
11906,Male,Mumbai,37.4,10,106640.77,1,0,1,133090.02,0
11907,Male,Hyderabad,40.9,3,69701.94,2,1,0,99312.07,0
11908,Male,Mumbai,66.9,8,86156.99,1,0,0,107901.86,1
11909,Male,Kolkata,45.0,5,54053.28,2,1,0,55013.02,0
11910,Male,Kolkata,32.8,0,104444.43,2,0,0,80069.59,1
11911,Male,Delhi,28.3,10,46884.72,2,1,0,46411.77,0
11912,Female,Chennai,42.5,2,62126.4,1,0,0,114235.17,0
11913,Female,Mumbai,52.8,6,53223.98,2,1,1,52145.72,0
11914,Male,Hyderabad,52.6,8,71873.02,2,1,1,103682.86,0
11915,Male,Hyderabad,29.5,7,47727.99,1,1,1,109760.36,0
11916,Female,Bangalore,41.2,4,79764.83,2,1,0,78961.18,1
11917,Female,Chennai,34.6,7,71578.86,2,1,1,53873.8,0
11918,Female,Hyderabad,38.2,1,61022.79,1,1,0,75645.74,0
11919,Male,Kolkata,50.9,2,38362.36,2,1,1,58807.41,0
11920,Male,Bangalore,39.4,7,62979.04,1,1,0,15000.0,0
11921,Female,Mumbai,47.8,8,62366.47,2,0,0,148370.31,0
11922,Male,Hyderabad,48.2,9,87410.26,2,1,0,72422.1,0
11923,Female,Pune,32.7,7,57764.54,1,0,0,81215.26,0
11924,Male,Hyderabad,54.7,3,40515.63,2,1,0,48044.2,0
11925,Female,Delhi,26.9,5,20728.54,1,1,1,72260.24,0
11926,Male,Chennai,24.8,10,93728.71,1,0,0,28514.43,0
11927,Female,Delhi,34.3,4,60537.72,1,1,0,66686.5,0
11928,Female,Delhi,28.3,3,73221.16,4,1,1,62365.51,0
11929,Female,Hyderabad,47.3,8,52112.11,1,0,1,21232.29,0
11930,Male,Mumbai,70.8,9,50027.97,1,0,0,101957.25,0
11931,Female,Delhi,53.5,2,62606.28,1,1,0,85056.71,1
11932,Female,Delhi,30.2,0,44113.06,1,0,0,47277.28,0
11933,Female,Chennai,28.0,6,55809.76,2,1,1,97966.73,0
11934,Female,Bangalore,51.7,9,82861.76,2,0,0,98574.65,0
11935,Female,Mumbai,25.8,7,82545.63,1,1,1,52064.4,0
11936,Female,Delhi,28.2,10,52432.39,2,0,1,116851.8,0
11937,Male,Mumbai,44.4,2,59267.42,1,1,1,52894.36,0
11938,Female,Mumbai,33.5,2,16871.67,2,1,1,178646.82,0
11939,Female,Mumbai,41.4,5,23243.35,2,1,0,146280.7,0
11940,Male,Hyderabad,36.0,1,52138.77,1,1,1,73721.23,0
11941,Male,Delhi,39.7,5,66093.94,1,1,1,101177.39,0
11942,Male,Delhi,50.5,4,33229.95,2,0,1,85220.76,0
11943,Female,Kolkata,47.5,6,82595.78,2,1,0,79068.51,0
11944,Female,Kolkata,51.0,8,86280.73,1,1,0,64910.89,0
11945,Female,Chennai,40.1,8,43923.02,2,1,1,81603.54,0
11946,Female,Bangalore,48.5,0,42822.15,2,1,0,85060.21,0
11947,Male,Chennai,40.0,6,75286.65,2,1,0,62864.81,0
11948,Male,Chennai,22.5,2,106727.37,2,1,0,73321.33,0
11949,Male,Delhi,38.7,3,54561.31,1,1,1,66681.83,0
11950,Male,Kolkata,43.8,1,88410.98,1,1,1,146755.23,1
11951,Male,Kolkata,40.9,0,64338.11,1,1,0,132921.0,0
11952,Male,Kolkata,45.0,9,66528.83,1,1,0,142387.14,0
11953,Female,Mumbai,64.7,2,60304.18,2,1,0,73662.97,0
11954,Female,Pune,34.0,9,88408.82,1,1,1,81528.88,0
11955,Female,Delhi,35.1,8,114542.83,1,1,1,80054.89,1
11956,Female,Hyderabad,54.5,0,86373.12,2,1,0,24041.4,1
11957,Female,Chennai,41.5,2,35510.46,2,1,1,22432.56,0
11958,Male,Kolkata,45.5,10,58644.44,2,0,0,48432.84,0
11959,Female,Kolkata,32.9,4,16322.22,1,0,0,73958.08,0
11960,Female,Kolkata,31.2,2,116382.43,1,1,1,65642.15,0
11961,Male,Delhi,25.5,3,73800.86,1,1,0,128957.85,0
11962,Male,Kolkata,42.1,3,44938.68,2,0,1,95799.2,0
11963,Female,Bangalore,28.3,0,71559.39,1,1,1,110277.51,1
11964,Male,Chennai,26.8,5,112134.63,1,0,1,122340.31,0
11965,Female,Delhi,47.9,10,44095.69,1,0,0,117737.06,0
11966,Female,Chennai,32.4,6,50743.6,1,1,0,107141.82,0
11967,Male,Mumbai,25.6,6,35662.16,1,0,1,113644.11,0
11968,Male,Delhi,24.4,5,79178.84,2,1,1,61318.64,0
11969,Male,Bangalore,50.9,6,61511.67,1,0,1,97446.18,0
11970,Male,Mumbai,38.7,2,11043.86,1,0,0,148461.09,0
11971,Male,Mumbai,35.2,4,73437.1,1,0,1,147751.53,0
11972,Female,Pune,42.1,6,88738.63,2,1,0,101360.25,0
11973,Male,Bangalore,40.9,9,51682.61,1,1,0,92161.04,0
11974,Female,Chennai,33.6,4,63864.78,2,1,0,69665.36,0
11975,Male,Mumbai,36.0,9,59953.16,1,1,0,43845.13,0
11976,Male,Delhi,48.8,1,82186.21,1,1,1,61450.36,0
11977,Male,Mumbai,49.9,5,23595.37,2,1,0,152047.68,0
11978,Male,Kolkata,29.9,6,48581.03,1,1,1,53298.33,0
11979,Female,Pune,55.4,10,57347.29,1,0,0,49511.19,0
11980,Female,Delhi,64.1,1,84267.27,1,1,1,15000.0,1
11981,Male,Hyderabad,36.5,9,65055.98,1,1,0,55971.55,0
11982,Female,Hyderabad,36.2,7,32271.07,2,1,0,144108.32,0
11983,Male,Mumbai,29.2,4,50604.97,1,0,1,107481.19,0
11984,Female,Chennai,32.0,10,96494.23,1,1,0,128182.49,0
11985,Male,Chennai,43.9,7,31921.82,1,1,0,122367.34,0
11986,Male,Kolkata,67.8,2,90689.66,2,1,1,138681.04,0
11987,Female,Mumbai,48.7,1,88395.44,1,1,1,97516.97,0
11988,Female,Mumbai,36.0,6,95472.49,1,1,1,59141.6,1
11989,Male,Hyderabad,34.9,4,92497.3,2,1,0,137689.01,0
11990,Female,Mumbai,32.0,4,99064.49,2,1,1,150436.13,0
11991,Female,Mumbai,52.7,7,20118.85,1,1,1,90402.06,0
11992,Male,Delhi,37.1,8,97723.28,4,1,0,86091.11,0
11993,Female,Pune,45.5,7,77377.2,1,1,1,52193.65,0
11994,Male,Pune,37.2,9,50698.73,2,1,1,79675.07,0
11995,Female,Delhi,65.4,1,35486.77,2,1,0,43271.47,0
11996,Female,Mumbai,33.6,9,65757.13,1,0,0,86534.58,0
11997,Male,Chennai,31.6,10,124527.79,2,1,0,63568.77,1
11998,Male,Hyderabad,34.2,6,78038.67,2,0,0,111223.01,0
11999,Male,Pune,45.1,10,52858.01,2,1,1,49384.73,0
12000,Male,Bangalore,57.2,4,124218.1,2,1,0,72722.91,0
12001,Male,Delhi,45.1,6,81136.76,1,1,1,66789.62,0
12002,Male,Hyderabad,48.5,2,81939.69,1,1,0,15000.0,1
12003,Female,Mumbai,46.8,3,72250.49,1,1,0,58287.86,0
12004,Male,Bangalore,20.0,6,77861.02,2,0,1,53746.19,0
12005,Male,Mumbai,39.8,1,3347.8,1,1,0,31034.8,0
12006,Female,Delhi,36.2,1,68830.81,3,0,0,109368.47,0
12007,Male,Mumbai,38.3,0,84899.1,1,1,0,15000.0,0
12008,Female,Kolkata,30.1,0,104509.79,1,1,0,15000.0,0
12009,Male,Delhi,50.4,0,122359.49,1,1,0,93581.22,1
12010,Female,Bangalore,40.6,5,92615.67,1,1,0,85056.71,0
12011,Male,Delhi,40.5,4,70311.08,1,1,0,85056.71,0
12012,Male,Kolkata,38.2,9,66760.31,1,0,0,103424.28,0
12013,Female,Chennai,32.4,7,47547.45,1,1,0,108401.61,0
12014,Male,Kolkata,18.6,4,78654.82,4,0,0,117651.38,0
12015,Female,Pune,43.3,0,114505.26,3,0,1,40570.43,1
12016,Male,Hyderabad,41.4,7,55770.28,1,1,1,92624.54,0
12017,Male,Mumbai,46.4,5,69645.33,2,1,1,72155.0,0
12018,Female,Mumbai,40.9,7,47295.92,1,1,1,106016.99,0
12019,Male,Chennai,27.0,1,90955.8,1,1,1,140298.98,0
12020,Female,Mumbai,30.5,9,96200.56,1,1,1,86962.27,0
12021,Male,Kolkata,56.1,7,47684.03,1,0,1,96017.45,0
12022,Female,Delhi,43.8,5,79607.77,2,0,0,93570.55,0
12023,Female,Mumbai,49.6,0,0.0,1,1,1,52844.49,0
12024,Male,Chennai,51.0,0,58204.44,2,1,1,69531.69,0
12025,Male,Mumbai,28.2,9,97122.58,2,1,0,93782.44,0
12026,Male,Mumbai,35.9,4,53291.41,1,1,1,116149.83,0
12027,Female,Mumbai,48.2,6,32489.73,1,1,0,134443.3,0
12028,Female,Chennai,30.2,3,82258.95,1,0,0,152879.31,0
12029,Male,Bangalore,35.1,9,62258.82,1,0,1,80671.41,0
12030,Female,Hyderabad,33.8,4,69914.84,1,1,0,86598.49,0
12031,Male,Bangalore,31.1,9,73452.75,1,0,1,65920.75,0
12032,Female,Mumbai,38.4,2,87743.41,2,0,1,89528.34,0
12033,Male,Delhi,34.2,1,92045.86,2,1,0,75981.73,0
12034,Female,Chennai,35.2,1,74680.53,1,1,0,102653.42,1
12035,Female,Mumbai,43.2,4,94447.48,2,1,1,61513.96,0
12036,Male,Mumbai,52.0,3,64525.86,1,1,0,15000.0,0
12037,Male,Delhi,49.2,1,72995.15,2,1,1,23929.04,0
12038,Male,Hyderabad,42.1,4,65828.61,1,0,0,48163.99,1
12039,Male,Delhi,40.1,9,35676.21,2,1,0,140355.38,0
12040,Male,Chennai,47.9,8,102238.19,3,0,0,119956.69,1
12041,Female,Pune,49.7,7,66502.58,2,1,1,87092.73,0
12042,Female,Bangalore,38.0,8,104983.19,2,1,0,87817.7,1
12043,Female,Delhi,35.4,8,76625.69,1,1,1,53928.01,0
12044,Male,Chennai,44.5,7,75669.12,1,1,0,62477.81,0
12045,Female,Bangalore,50.9,8,88762.82,2,0,1,78229.03,0
12046,Female,Chennai,42.1,3,72464.46,1,0,1,50957.25,0
12047,Male,Pune,32.4,7,49657.68,1,1,0,160440.92,0
12048,Female,Hyderabad,24.6,1,61652.56,2,0,0,139208.98,0
12049,Female,Hyderabad,21.0,8,94400.12,2,1,1,145594.07,0
12050,Male,Chennai,40.5,8,83082.22,1,1,1,57784.43,0
12051,Male,Delhi,49.8,10,43811.65,3,0,0,89722.4,1
12052,Female,Hyderabad,18.0,2,72686.9,2,1,0,150315.94,0
12053,Male,Delhi,32.7,5,40628.8,1,1,1,37194.03,0
12054,Male,Delhi,30.8,6,67487.84,1,0,0,93100.01,0
12055,Female,Mumbai,44.6,2,90500.44,2,0,0,57644.82,0
12056,Female,Kolkata,32.0,4,50036.1,1,0,0,88474.39,0
12057,Male,Chennai,25.2,0,62626.61,1,1,1,152084.46,0
12058,Male,Chennai,32.7,10,41669.93,2,1,0,118183.3,0
12059,Female,Chennai,30.8,2,80272.72,1,0,1,83292.64,0
12060,Female,Pune,40.2,7,68665.11,3,1,0,95963.91,1
12061,Male,Chennai,37.4,2,49000.66,2,1,1,15000.0,0
12062,Female,Hyderabad,45.3,7,75522.69,2,0,1,75455.11,0
12063,Female,Hyderabad,40.1,8,64409.81,2,1,1,70393.32,0
12064,Male,Kolkata,52.2,5,77554.13,1,1,0,76350.33,1
12065,Male,Kolkata,34.6,6,41907.44,2,1,0,63505.58,0
12066,Female,Delhi,47.4,5,56896.98,2,1,1,92062.56,0
12067,Male,Hyderabad,43.8,7,68425.37,1,1,0,77361.88,1
12068,Male,Hyderabad,36.5,6,82224.3,1,0,0,83907.57,0
12069,Male,Pune,48.3,9,40605.91,2,1,1,90365.13,0
12070,Male,Hyderabad,30.4,0,67866.13,2,1,0,96970.18,0
12071,Female,Hyderabad,54.9,2,89804.49,2,1,0,59353.64,0
12072,Female,Delhi,30.7,2,66544.8,2,1,1,53279.24,0
12073,Male,Delhi,23.9,2,57068.69,1,1,1,92575.57,0
12074,Female,Hyderabad,23.0,3,51548.37,2,1,0,15000.0,0
12075,Female,Hyderabad,40.1,0,51966.03,2,1,1,61844.01,1
12076,Female,Hyderabad,33.2,10,70610.92,2,1,1,92207.01,0
12077,Male,Kolkata,42.2,1,15364.01,2,1,0,64830.26,0
12078,Male,Mumbai,26.8,4,51318.28,2,1,0,92599.74,0
12079,Female,Delhi,45.8,10,75443.89,2,1,1,85056.71,0
12080,Female,Mumbai,42.2,5,83637.84,2,1,0,115429.74,0
12081,Male,Delhi,34.5,8,41604.35,2,0,0,91592.18,0
12082,Male,Delhi,47.5,1,49300.57,2,1,1,105072.18,0
12083,Male,Mumbai,46.9,8,66859.64,2,0,1,132294.23,0
12084,Female,Pune,41.1,6,80529.53,2,0,1,68477.88,0
12085,Female,Mumbai,50.6,8,55747.65,1,0,0,89917.06,0
12086,Female,Delhi,53.3,3,61847.26,2,1,0,60596.44,0
12087,Male,Bangalore,30.5,6,73471.36,1,1,1,108907.56,0
12088,Female,Chennai,53.6,0,36158.15,2,0,1,68095.98,0
12089,Female,Bangalore,29.2,7,105625.05,1,1,1,92072.73,0
12090,Male,Pune,49.3,6,67067.38,1,1,1,117326.05,0
12091,Female,Mumbai,51.4,6,56243.46,1,0,0,61416.61,1
12092,Male,Delhi,37.9,1,93514.58,1,1,1,34207.72,1
12093,Male,Chennai,39.4,9,68182.3,1,0,0,43571.41,1
12094,Female,Delhi,36.4,8,60643.8,2,1,0,151774.63,0
12095,Male,Delhi,30.1,10,74298.92,1,1,1,64063.67,0
12096,Female,Delhi,32.3,7,66041.54,2,1,0,129263.17,1
12097,Female,Pune,40.1,0,49611.12,1,1,1,36776.87,1
12098,Female,Delhi,50.3,10,91680.9,2,0,0,85849.3,0
12099,Female,Mumbai,39.8,0,27558.36,2,0,0,111510.54,0
12100,Male,Mumbai,27.9,4,54874.42,1,0,0,99357.34,0
12101,Female,Mumbai,26.2,1,111358.63,1,0,0,100561.25,0
12102,Female,Delhi,38.7,0,67639.62,2,1,0,80435.64,0
12103,Male,Mumbai,33.7,9,25362.4,2,1,1,29661.73,0
12104,Female,Delhi,54.2,10,93235.07,2,0,0,20874.45,1
12105,Female,Delhi,31.6,7,57896.79,3,1,1,94472.26,0
12106,Male,Chennai,47.2,3,38507.97,1,1,1,92177.83,0
12107,Female,Delhi,32.6,1,91338.47,1,0,0,119454.4,0
12108,Female,Hyderabad,36.6,4,92431.38,2,0,1,36101.74,0
12109,Male,Delhi,42.1,10,100678.62,4,0,0,39892.87,0
12110,Female,Kolkata,46.2,5,40777.89,2,1,0,92221.09,0
12111,Male,Chennai,45.1,7,61501.89,1,1,1,62712.99,0
12112,Male,Bangalore,33.3,6,57679.61,2,1,0,73916.71,0
12113,Male,Mumbai,41.2,6,41679.36,2,1,1,38234.24,0
12114,Female,Kolkata,35.5,0,79302.25,2,1,1,97473.11,0
12115,Female,Delhi,22.8,2,92332.23,2,1,0,77067.09,0
12116,Male,Mumbai,42.7,2,53599.57,1,0,0,95464.81,0
12117,Male,Hyderabad,55.2,6,68884.66,1,1,1,114827.55,0
12118,Female,Mumbai,58.5,1,68605.89,1,0,0,41211.0,0
12119,Male,Mumbai,43.8,9,92098.06,1,1,0,95104.61,0
12120,Female,Mumbai,43.0,6,65192.02,2,1,1,50917.24,0
12121,Female,Delhi,18.0,8,65819.09,2,0,1,117851.06,0
12122,Female,Mumbai,72.7,0,87887.21,1,0,1,33614.86,1
12123,Male,Chennai,57.2,1,68088.54,2,0,1,69172.79,1
12124,Male,Mumbai,49.1,10,50775.32,4,1,1,129639.78,0
12125,Female,Chennai,40.9,5,37657.18,1,0,1,42458.51,0
12126,Female,Chennai,18.0,1,49529.89,1,0,0,42530.04,0
12127,Female,Hyderabad,42.2,1,71064.97,1,1,0,85056.71,0
12128,Male,Mumbai,40.4,4,32507.86,1,1,0,63826.29,1
12129,Female,Hyderabad,23.1,6,71831.82,2,1,1,144554.74,0
12130,Male,Mumbai,45.4,3,27202.24,2,1,0,65637.11,0
12131,Male,Mumbai,54.8,5,40090.14,2,1,0,93097.89,0
12132,Male,Chennai,44.1,2,81304.01,1,1,0,144069.91,1
12133,Female,Chennai,44.0,3,53875.58,2,1,1,15000.0,0
12134,Female,Mumbai,44.8,3,70754.0,2,1,1,56932.62,0
12135,Female,Pune,36.1,3,63619.03,1,1,0,92023.86,0
12136,Female,Delhi,49.1,0,103942.86,1,1,0,160270.74,0
12137,Male,Kolkata,58.3,3,68398.4,2,1,1,95147.0,0
12138,Female,Delhi,40.5,3,39429.2,3,1,0,85056.71,0
12139,Male,Bangalore,30.9,5,80206.82,2,1,1,105045.31,0
12140,Female,Mumbai,23.4,8,38671.34,4,1,0,156098.06,0
12141,Female,Hyderabad,46.0,9,89801.95,1,0,0,57028.52,0
12142,Female,Mumbai,47.4,5,84836.58,2,1,1,113023.16,0
12143,Female,Mumbai,44.4,5,72406.24,2,0,1,112068.97,0
12144,Male,Kolkata,37.2,6,83875.14,2,1,1,111353.05,0
12145,Male,Bangalore,43.3,6,94335.06,1,1,1,143040.55,1
12146,Female,Chennai,33.6,0,64318.36,2,0,1,131963.59,0
12147,Male,Chennai,31.5,7,69267.42,1,1,0,70954.21,1
12148,Male,Hyderabad,28.0,0,71056.02,2,1,1,47797.14,0
12149,Female,Delhi,28.2,8,46679.1,2,0,1,58684.34,1
12150,Female,Kolkata,46.4,3,50595.59,2,1,0,90488.66,0
12151,Male,Hyderabad,36.8,8,66443.92,2,1,1,112554.88,0
12152,Male,Bangalore,31.8,7,64850.62,1,1,0,78573.54,1
12153,Female,Bangalore,23.7,8,71355.93,2,1,1,137701.29,0
12154,Female,Bangalore,48.1,5,52661.74,1,1,1,57921.43,0
12155,Male,Chennai,52.8,8,28191.73,1,1,0,120017.52,0
12156,Male,Pune,27.7,3,101749.0,1,1,0,144191.58,0
12157,Male,Kolkata,38.5,2,30163.56,2,1,0,98450.53,0
12158,Male,Delhi,28.8,2,85340.44,2,1,0,68399.26,0
12159,Male,Kolkata,38.3,7,57396.72,3,0,1,107420.07,0
12160,Female,Kolkata,40.1,1,69994.94,1,1,0,92109.62,0
12161,Female,Delhi,59.4,5,81561.56,1,0,0,145124.58,1
12162,Female,Kolkata,34.6,8,53591.15,1,1,1,15000.0,0
12163,Male,Hyderabad,48.4,8,30807.54,2,1,1,45474.03,0
12164,Female,Delhi,48.7,7,90000.16,1,1,0,100165.79,0
12165,Male,Pune,38.2,7,81716.48,2,0,1,69945.47,0
12166,Female,Hyderabad,53.9,0,66802.94,4,1,0,63207.67,0
12167,Female,Kolkata,36.1,10,85622.93,1,0,1,75910.65,0
12168,Male,Mumbai,45.2,6,73203.98,2,0,0,15000.0,0
12169,Female,Chennai,33.1,0,63629.08,2,1,0,135609.6,0
12170,Male,Mumbai,46.4,8,59985.9,1,0,1,78834.92,0
12171,Female,Delhi,45.2,2,11252.6,1,1,1,73167.61,0
12172,Male,Delhi,54.2,0,71689.59,2,1,0,85056.71,0
12173,Male,Hyderabad,62.0,7,39602.25,1,1,1,149733.31,0
12174,Female,Delhi,51.0,6,75993.22,1,0,1,27608.43,0
12175,Male,Delhi,48.0,1,57718.85,2,1,1,15000.0,0
12176,Female,Bangalore,35.3,6,21803.14,2,0,1,64219.14,0
12177,Male,Mumbai,18.0,4,63424.25,2,0,1,80540.17,0
12178,Female,Mumbai,55.6,6,53763.3,2,1,0,80077.62,0
12179,Female,Delhi,62.3,9,99457.2,1,1,1,53804.16,0
12180,Female,Delhi,43.8,6,14940.11,1,1,1,35984.25,0
12181,Male,Hyderabad,27.9,1,44252.99,1,1,0,101826.78,0
12182,Male,Kolkata,56.5,1,35549.15,3,0,0,30970.22,0
12183,Male,Chennai,53.3,6,84745.12,1,1,1,66470.69,0
12184,Male,Pune,18.0,2,70312.26,2,0,1,89003.4,0
12185,Female,Mumbai,41.7,3,83675.6,2,1,1,68872.48,0
12186,Female,Kolkata,42.9,6,37132.4,1,0,1,159419.31,0
12187,Female,Chennai,20.7,1,40913.41,2,1,0,118548.78,0
12188,Female,Chennai,27.1,1,66454.94,1,1,0,89011.84,0
12189,Female,Hyderabad,53.1,8,108372.42,1,1,0,85056.71,0
12190,Female,Mumbai,40.8,10,78591.43,1,1,0,41921.93,0
12191,Male,Delhi,28.6,0,43066.14,2,1,0,174872.63,0
12192,Female,Delhi,32.0,2,70447.84,4,1,0,70312.47,1
12193,Female,Kolkata,25.6,9,79896.64,1,1,1,57071.54,0
12194,Female,Pune,40.9,3,31012.84,2,1,0,98386.07,0
12195,Male,Delhi,49.0,4,58622.87,2,0,0,56847.92,0
12196,Male,Bangalore,54.1,2,60484.02,1,1,0,110126.44,0
12197,Male,Kolkata,32.0,8,109891.91,2,1,1,95858.63,0
12198,Female,Delhi,35.8,4,67405.08,1,1,1,37189.72,0
12199,Female,Bangalore,46.0,6,106593.23,1,0,0,118720.95,0
12200,Male,Chennai,51.4,10,46296.17,2,1,0,116781.86,0
12201,Female,Pune,44.4,6,78695.18,2,1,1,88511.61,0
12202,Male,Kolkata,55.2,10,30328.9,1,0,1,76555.16,0
12203,Male,Chennai,61.8,8,80390.22,1,0,1,15487.79,0
12204,Male,Delhi,20.4,1,55327.09,1,1,0,83640.36,0
12205,Female,Kolkata,40.1,2,56880.09,2,1,1,46878.71,0
12206,Female,Kolkata,55.6,3,82820.05,2,0,1,113979.27,1
12207,Male,Hyderabad,25.9,7,85336.48,1,0,0,127894.47,0
12208,Female,Mumbai,45.6,0,72624.34,1,1,0,140463.66,1
12209,Male,Chennai,47.6,8,110192.61,2,1,1,115432.6,0
12210,Female,Kolkata,26.9,4,66714.4,2,0,1,169354.92,0
12211,Female,Delhi,39.3,3,73178.14,1,1,1,55207.55,0
12212,Female,Delhi,41.9,7,71615.93,2,1,1,62333.54,0
12213,Male,Mumbai,27.0,8,82532.68,2,0,0,96809.45,0
12214,Male,Kolkata,35.9,2,65603.47,2,1,1,82069.53,0
12215,Female,Mumbai,56.8,3,39430.03,2,0,1,85056.71,0
12216,Male,Mumbai,60.2,0,74467.67,2,1,1,129916.3,0
12217,Female,Delhi,26.8,2,26608.61,2,1,1,44897.75,0
12218,Male,Delhi,18.0,9,86423.38,1,1,1,118600.94,0
12219,Female,Mumbai,54.8,4,94309.98,1,1,1,99176.73,0
12220,Male,Chennai,61.9,7,52861.23,2,0,0,36557.34,0
12221,Female,Bangalore,50.5,0,52016.26,2,0,1,95970.03,0
12222,Female,Mumbai,36.6,0,16194.15,1,0,0,27459.6,1
12223,Male,Delhi,27.0,2,63653.17,2,1,0,81465.75,1
12224,Male,Pune,47.4,8,74575.82,2,1,0,84138.87,0
12225,Male,Mumbai,52.7,8,73311.71,2,1,1,86976.48,1
12226,Male,Kolkata,32.1,0,71729.74,2,1,1,104982.88,0
12227,Male,Chennai,43.3,3,58393.06,2,0,0,53981.98,1
12228,Female,Kolkata,34.8,7,87772.89,2,1,1,31963.08,0
12229,Male,Mumbai,49.0,1,40844.51,2,0,0,77724.36,0
12230,Male,Hyderabad,18.0,3,41474.74,1,0,1,36834.71,0
12231,Female,Delhi,44.8,6,31265.03,2,1,1,62192.34,0
12232,Male,Chennai,35.6,6,48583.6,2,0,1,71691.86,0
12233,Female,Delhi,62.0,4,36382.84,4,0,0,78567.89,1
12234,Female,Pune,43.7,6,7782.99,1,1,1,73874.97,0
12235,Female,Kolkata,48.5,5,46951.25,1,1,1,80369.92,0
12236,Female,Hyderabad,28.7,1,85291.55,2,1,0,125227.46,0
12237,Female,Pune,37.3,8,72242.95,1,1,0,110214.05,0
12238,Male,Bangalore,44.7,4,80723.92,2,1,0,65658.93,0
12239,Male,Kolkata,35.7,1,78199.99,2,0,1,107257.83,0
12240,Male,Mumbai,37.1,5,56921.79,1,1,0,133314.28,1
12241,Female,Hyderabad,43.2,9,59287.05,1,1,1,118950.94,0
12242,Male,Chennai,19.4,4,47053.49,1,1,1,57354.61,0
12243,Female,Hyderabad,33.7,1,71193.58,1,1,1,71406.53,0
12244,Female,Kolkata,49.5,9,136465.86,1,0,0,103487.2,0
12245,Female,Delhi,35.3,9,32407.02,2,0,1,72217.58,0
12246,Female,Pune,68.0,6,89944.54,1,1,0,164933.66,0
12247,Male,Hyderabad,41.1,9,51674.74,1,0,0,147735.84,1
12248,Female,Delhi,18.0,1,101337.02,1,1,1,61086.48,0
12249,Female,Pune,45.3,6,74199.95,1,1,0,84909.52,0
12250,Male,Delhi,27.3,5,50660.46,1,0,0,65282.01,0
12251,Male,Hyderabad,44.1,3,59103.57,2,1,0,140400.62,0
12252,Female,Delhi,33.2,3,82916.17,1,0,1,71754.95,0
12253,Female,Pune,34.0,5,107244.39,2,0,0,115415.83,0
12254,Female,Mumbai,52.4,8,85164.19,2,1,1,79467.93,0
12255,Female,Pune,21.0,9,53893.99,2,1,0,107994.16,0
12256,Female,Chennai,40.1,5,77191.47,1,0,1,116380.12,1
12257,Female,Hyderabad,32.8,5,104928.79,1,1,1,135022.74,1
12258,Male,Bangalore,56.0,10,76624.7,1,1,1,95606.46,0
12259,Male,Kolkata,35.8,0,61767.71,1,1,1,101029.68,1
12260,Male,Mumbai,28.7,4,29659.77,1,1,1,88570.5,0
12261,Female,Bangalore,42.8,0,95738.31,2,1,0,91477.71,0
12262,Female,Delhi,29.3,10,61771.87,1,1,1,118008.89,0
12263,Female,Mumbai,31.0,8,47295.12,2,0,1,38371.96,0
12264,Male,Mumbai,48.3,9,83314.66,2,0,1,73451.88,0
12265,Female,Delhi,18.0,3,84300.43,1,0,1,57818.73,0
12266,Female,Chennai,28.4,1,41923.97,1,1,1,60326.78,0
12267,Female,Kolkata,31.9,8,46139.38,1,1,0,125979.59,0
12268,Female,Bangalore,58.5,5,79074.24,1,0,1,48493.24,0
12269,Male,Mumbai,45.3,10,95224.2,1,1,1,90913.07,0
12270,Female,Pune,39.6,9,56759.54,1,1,0,48867.84,0
12271,Male,Delhi,38.8,2,59823.72,4,1,1,92478.48,0
12272,Male,Mumbai,41.5,1,47736.36,2,1,0,81670.71,0
12273,Female,Mumbai,42.9,5,95791.55,2,0,0,59301.1,0
12274,Female,Mumbai,41.5,9,81417.77,2,1,1,122070.81,0
12275,Male,Hyderabad,63.4,5,37126.33,2,0,1,56931.81,0
12276,Female,Delhi,34.7,8,106521.93,1,1,0,61349.98,0
12277,Female,Pune,42.1,4,150000.0,1,1,0,28354.12,0
12278,Female,Delhi,40.5,10,20009.56,1,0,1,74508.08,0
12279,Female,Delhi,51.3,8,73722.54,2,1,1,41266.02,0
12280,Male,Kolkata,31.7,4,26339.11,2,1,0,113621.91,0
12281,Male,Pune,35.6,1,57586.52,1,1,0,150726.62,0
12282,Male,Bangalore,21.9,0,28325.23,3,1,1,154700.64,0
12283,Male,Delhi,51.8,8,101757.34,1,0,1,133347.21,0
12284,Male,Pune,21.7,9,55799.21,2,1,1,53731.73,0
12285,Male,Bangalore,46.5,6,90271.31,2,0,1,82171.42,0
12286,Male,Delhi,60.2,2,69306.48,1,0,0,69081.86,0
12287,Female,Mumbai,63.1,5,107603.9,2,0,0,49089.2,1
12288,Male,Delhi,36.3,9,34743.95,2,1,0,78702.01,0
12289,Female,Mumbai,35.8,3,10164.22,2,0,0,85831.84,0
12290,Male,Kolkata,39.1,8,50534.88,1,0,1,73196.43,0
12291,Female,Pune,50.8,1,55656.68,2,1,1,98268.06,0
12292,Male,Bangalore,38.4,10,25179.27,2,1,1,78696.9,0
12293,Male,Hyderabad,36.7,3,75731.61,1,0,0,67007.81,0
12294,Female,Delhi,52.9,0,74544.64,2,1,1,93985.05,0
12295,Male,Hyderabad,40.5,6,98332.84,2,1,1,114481.98,0
12296,Male,Delhi,38.2,3,90870.59,1,0,0,97212.27,0
12297,Male,Kolkata,29.5,4,52523.3,1,1,0,82033.19,0
12298,Male,Hyderabad,52.3,0,36069.64,1,1,0,92236.77,1
12299,Male,Bangalore,43.0,1,22141.06,2,0,0,154104.12,0
12300,Male,Chennai,39.9,3,60065.35,1,1,0,55495.44,1
12301,Female,Mumbai,18.0,1,59629.95,1,1,1,94372.17,0
12302,Female,Bangalore,51.5,0,74630.03,1,1,1,106799.45,0
12303,Female,Mumbai,26.4,9,24225.89,2,0,0,58007.26,0
12304,Male,Kolkata,45.4,0,68509.65,1,1,1,77374.73,0
12305,Female,Delhi,30.7,5,78189.93,2,1,0,90368.03,0
12306,Male,Delhi,27.1,1,48794.32,2,1,0,45067.47,0
12307,Male,Bangalore,51.1,2,79094.93,1,1,1,74492.07,0
12308,Female,Hyderabad,41.2,4,58985.31,2,1,1,30470.99,0
12309,Male,Chennai,40.5,2,94624.65,1,1,1,136177.43,0
12310,Male,Mumbai,63.4,5,100844.97,1,0,0,17753.45,0
12311,Female,Hyderabad,63.2,6,65687.04,2,1,1,68318.25,0
12312,Female,Mumbai,37.0,9,86490.28,2,1,1,15000.0,0
12313,Female,Chennai,24.3,5,31208.05,2,1,0,147178.73,0
12314,Female,Pune,57.0,1,53126.15,1,1,1,139175.7,0
12315,Female,Pune,23.9,8,74175.32,1,1,0,148332.25,0
12316,Male,Pune,45.7,1,53821.65,2,1,0,75498.05,0
12317,Male,Kolkata,36.8,5,58062.14,1,1,1,130498.34,0
12318,Male,Bangalore,40.9,8,40643.96,2,1,1,85056.71,0
12319,Male,Delhi,54.7,8,108308.82,1,0,0,99902.69,0
12320,Male,Bangalore,30.6,1,41098.93,2,0,0,96205.88,0
12321,Female,Mumbai,32.7,8,84280.73,3,0,0,90005.32,0
12322,Female,Bangalore,49.1,7,52374.23,1,1,0,52538.57,0
12323,Female,Bangalore,61.5,6,80532.64,2,1,0,106119.97,0
12324,Male,Mumbai,69.7,10,49286.48,2,1,1,93741.57,0
12325,Female,Delhi,22.6,7,56152.17,2,1,1,71884.72,0
12326,Male,Bangalore,35.0,9,75086.1,3,1,0,124453.14,0
12327,Female,Delhi,27.6,7,80167.23,1,1,0,45496.61,0
12328,Male,Delhi,50.2,0,86956.48,1,1,0,48556.58,0
12329,Female,Pune,40.7,8,65715.43,1,1,0,56052.18,0
12330,Male,Hyderabad,50.5,5,91869.28,1,1,0,47096.34,0
12331,Male,Mumbai,35.3,0,70811.19,2,1,1,65627.21,0
12332,Male,Pune,48.4,0,61246.45,1,1,1,96797.66,0
12333,Female,Delhi,37.9,6,86133.14,2,0,1,56659.3,0
12334,Female,Pune,41.7,9,67683.93,2,0,1,106758.98,0
12335,Male,Bangalore,33.1,1,70949.83,2,1,1,131128.55,1
12336,Male,Hyderabad,56.3,5,40311.84,1,0,1,144604.16,0
12337,Male,Bangalore,24.8,4,48938.42,2,1,1,26557.43,0
12338,Male,Mumbai,38.6,4,75190.2,2,1,1,113590.61,0
12339,Male,Bangalore,61.4,9,42931.07,1,1,1,98635.81,0
12340,Male,Hyderabad,55.3,5,65712.39,2,1,1,68650.42,1
12341,Female,Chennai,29.9,10,17566.31,1,1,0,78140.68,0
12342,Male,Delhi,30.5,7,112631.82,1,1,0,80787.7,0
12343,Male,Delhi,46.2,4,81857.86,1,1,0,119430.34,0
12344,Male,Delhi,47.8,7,53765.49,2,1,1,115167.37,0
12345,Male,Mumbai,54.3,4,102691.96,2,1,0,126216.76,1
12346,Female,Delhi,23.1,9,42701.67,2,1,0,59770.38,0
12347,Female,Pune,55.8,5,50972.38,1,1,1,82062.53,1
12348,Male,Mumbai,29.2,7,77688.06,2,1,0,128504.75,0
12349,Female,Hyderabad,56.0,1,88284.04,1,1,1,85553.7,0
12350,Male,Mumbai,20.6,6,50689.2,2,1,0,130613.44,1
12351,Female,Hyderabad,26.6,2,76468.66,1,1,1,76097.72,0
12352,Female,Delhi,60.7,8,73413.69,2,0,0,131768.86,0
12353,Female,Delhi,61.3,9,64373.07,1,0,1,65847.11,0
12354,Female,Delhi,41.2,6,51434.46,1,1,0,21769.17,0
12355,Female,Bangalore,36.0,2,86059.09,2,1,0,100402.88,0
12356,Male,Bangalore,39.8,7,14624.42,1,1,1,84174.51,0
12357,Female,Mumbai,45.0,9,68477.97,1,1,1,15000.0,0
12358,Male,Kolkata,46.1,1,47911.93,2,1,0,69718.32,1
12359,Female,Kolkata,36.5,9,61956.18,1,1,1,114284.39,0
12360,Male,Kolkata,18.0,7,47650.35,1,0,1,74429.46,0
12361,Male,Mumbai,33.5,6,34830.26,2,0,1,130261.59,0
12362,Male,Pune,21.3,4,48864.16,3,1,1,66732.98,0
12363,Male,Pune,49.2,3,51131.85,2,0,1,69597.08,0
12364,Female,Bangalore,44.4,10,59213.6,1,0,1,30646.81,0
12365,Female,Kolkata,38.7,9,64703.42,2,1,0,143737.47,0
12366,Male,Hyderabad,37.0,9,80673.87,1,1,1,152332.29,0
12367,Male,Bangalore,63.6,0,102047.92,2,1,0,139697.17,0
12368,Female,Delhi,53.8,3,66693.84,1,0,1,103031.42,0
12369,Male,Kolkata,42.5,5,38901.98,1,1,1,37752.66,0
12370,Female,Bangalore,33.5,5,84392.43,2,1,1,86508.62,0
12371,Female,Kolkata,55.5,1,71625.32,2,0,1,25757.29,0
12372,Female,Mumbai,41.3,8,40062.59,1,1,1,108778.32,0
12373,Female,Mumbai,32.2,0,66887.79,1,0,1,59527.47,0
12374,Male,Chennai,32.9,3,81900.01,2,1,1,71319.58,0
12375,Female,Kolkata,47.9,3,43866.67,1,0,1,51002.17,0
12376,Male,Delhi,51.4,1,50891.71,1,0,0,131592.6,0
12377,Male,Delhi,47.6,7,66893.83,1,0,0,81956.28,0
12378,Female,Mumbai,47.9,10,57730.92,1,0,0,144742.14,0
12379,Male,Delhi,36.3,1,26312.88,1,1,1,97030.07,0
12380,Female,Delhi,40.1,1,123624.96,4,1,1,145008.41,1
12381,Female,Bangalore,41.8,1,49938.01,1,1,0,115750.4,0
12382,Female,Delhi,39.0,0,47486.82,1,1,0,111214.71,0
12383,Female,Chennai,28.0,4,55559.2,1,1,0,57302.99,0
12384,Male,Mumbai,39.6,10,62204.42,1,1,1,32762.73,0
12385,Male,Bangalore,48.3,3,72764.83,1,1,1,36523.76,0
12386,Female,Kolkata,35.3,1,38001.18,2,1,0,85696.01,0
12387,Male,Mumbai,59.0,0,96160.85,1,1,1,61967.71,1
12388,Female,Chennai,25.0,0,29153.41,3,1,0,106144.1,0
12389,Female,Pune,30.1,1,53581.14,2,1,1,112053.71,0
12390,Female,Chennai,40.1,0,83837.97,2,0,0,82029.75,0
12391,Male,Hyderabad,49.9,8,82293.88,1,1,1,31672.03,0
12392,Male,Hyderabad,42.5,1,0.0,1,1,0,137231.89,0
12393,Male,Pune,29.4,2,63201.45,1,0,0,43811.1,0
12394,Male,Mumbai,18.0,8,66083.89,2,0,1,123965.04,0
12395,Female,Delhi,25.8,4,70605.72,1,1,0,143007.51,0
12396,Male,Delhi,19.0,7,49649.23,2,0,0,84246.14,0
12397,Male,Delhi,50.5,6,58413.52,2,0,1,47220.91,1
12398,Male,Chennai,27.3,5,77686.67,2,1,1,71194.59,0
12399,Female,Pune,48.2,1,83431.51,1,1,0,187571.22,0
12400,Female,Pune,46.5,3,28877.59,1,1,0,105131.05,0
12401,Male,Kolkata,54.3,8,76415.21,2,0,0,91756.85,0
12402,Male,Mumbai,31.4,6,73547.84,1,1,1,76015.76,0
12403,Male,Bangalore,44.9,2,85931.98,1,1,1,86708.55,0
12404,Male,Hyderabad,41.5,5,43188.32,1,0,1,81260.94,0
12405,Female,Delhi,41.5,7,75897.55,2,1,0,73236.67,0
12406,Female,Delhi,39.8,7,18117.04,1,1,1,114326.16,0
12407,Male,Bangalore,50.1,7,55629.77,1,0,1,127488.34,0
12408,Male,Chennai,48.8,7,56816.95,2,1,0,47436.96,0
12409,Female,Kolkata,40.0,9,66963.56,2,1,1,146149.86,0
12410,Male,Bangalore,34.5,5,83109.27,2,1,1,139811.23,0
12411,Female,Kolkata,33.1,10,37618.86,2,0,0,90674.35,0
12412,Male,Delhi,40.4,9,95015.66,1,0,0,168518.68,0
12413,Female,Delhi,42.7,10,6284.87,1,1,1,53241.8,0
12414,Male,Delhi,38.9,2,22784.91,1,1,0,87422.4,0
12415,Female,Pune,24.5,8,88516.2,2,1,0,137181.91,0
12416,Male,Chennai,36.3,2,67597.69,1,1,0,81409.48,0
12417,Male,Mumbai,33.7,3,107666.99,1,1,1,54896.41,0
12418,Male,Delhi,40.2,9,84149.21,1,1,0,91192.14,0
12419,Male,Delhi,70.4,0,65309.08,1,1,0,116063.11,0
12420,Male,Mumbai,45.2,1,52696.68,1,0,0,89248.01,1
12421,Male,Pune,55.1,5,49314.71,1,1,0,130131.6,0
12422,Male,Mumbai,31.8,0,74178.66,1,1,1,104709.17,1
12423,Female,Delhi,40.3,8,50459.55,2,1,0,17770.97,0
12424,Male,Bangalore,54.7,7,71237.07,2,1,0,71582.03,0
12425,Male,Mumbai,21.0,1,48105.39,1,1,1,100271.53,0
12426,Female,Kolkata,37.2,1,70062.71,2,1,1,71885.3,0
12427,Male,Delhi,47.4,7,103487.8,1,1,0,54518.16,0
12428,Male,Kolkata,39.1,10,78862.44,1,1,0,104542.93,0
12429,Male,Kolkata,33.2,7,53285.99,1,1,1,147266.86,0
12430,Female,Mumbai,33.9,0,73768.89,1,1,1,100360.6,0
12431,Female,Bangalore,43.8,4,71912.94,2,0,0,106353.04,0
12432,Female,Kolkata,21.2,10,70167.88,2,1,0,88232.05,0
12433,Female,Mumbai,41.5,1,74599.59,2,1,1,105504.25,0
12434,Male,Mumbai,48.7,0,87684.06,1,0,0,54847.68,0
12435,Male,Delhi,35.7,2,91869.2,2,0,1,110202.92,1
12436,Male,Mumbai,21.3,2,65054.92,1,1,1,92009.98,0
12437,Male,Mumbai,33.9,9,30550.53,2,1,0,98098.78,0
12438,Male,Pune,38.5,8,67120.1,1,1,0,116990.53,0
12439,Female,Mumbai,27.1,9,61059.61,2,1,1,42617.94,0
12440,Male,Delhi,40.4,0,78771.17,1,1,0,76919.82,1
12441,Female,Kolkata,42.1,10,34729.88,1,1,0,102661.88,0
12442,Female,Hyderabad,54.4,1,77511.24,2,1,0,101487.06,1
12443,Female,Hyderabad,38.0,8,68191.64,1,0,1,41269.04,0
12444,Female,Hyderabad,41.3,4,40645.47,1,0,0,62971.48,0
12445,Male,Pune,33.4,8,13152.07,2,1,1,83088.97,0
12446,Male,Delhi,34.3,5,86730.88,1,1,0,111522.33,0
12447,Male,Mumbai,48.5,9,40271.98,1,1,0,110488.3,0
12448,Male,Delhi,37.2,9,28001.97,2,1,0,134478.25,0
12449,Male,Hyderabad,49.9,2,50885.23,2,1,1,114264.7,0
12450,Male,Delhi,39.4,7,94282.72,1,1,0,159399.42,0
12451,Male,Pune,26.3,8,69882.62,2,0,1,77351.47,0
12452,Male,Delhi,31.7,1,76117.08,1,1,1,85056.71,0
12453,Female,Pune,69.0,8,63803.11,2,1,0,34684.71,1
12454,Male,Delhi,38.8,3,72538.7,1,1,0,103395.77,0
12455,Female,Mumbai,20.6,7,59895.69,2,0,1,88397.53,0
12456,Male,Hyderabad,26.3,4,53229.14,1,1,0,79183.6,0
12457,Male,Bangalore,31.4,5,48988.27,2,1,0,82107.62,0
12458,Female,Chennai,29.3,3,57338.42,1,1,0,82675.31,1
12459,Female,Pune,26.8,4,125335.6,2,1,1,96317.05,0
12460,Male,Kolkata,57.5,0,79260.02,2,1,0,79389.78,1
12461,Female,Chennai,48.0,2,43556.28,2,1,0,115981.85,0
12462,Female,Mumbai,40.1,3,31737.35,2,1,0,40519.09,0
12463,Female,Pune,33.0,0,62744.53,2,1,0,97541.59,0
12464,Female,Pune,38.1,2,22267.51,2,1,0,97719.77,0
12465,Female,Delhi,61.4,3,87653.34,1,0,1,79378.63,0
12466,Male,Pune,29.6,8,1178.44,2,1,1,103130.96,0
12467,Male,Hyderabad,21.1,2,57198.87,2,1,0,28902.97,0
12468,Male,Delhi,48.0,10,19999.43,2,0,0,82430.58,0
12469,Male,Delhi,52.1,2,76197.47,1,0,0,71012.58,0
12470,Female,Mumbai,57.4,3,46050.13,1,1,1,112726.47,0
12471,Male,Bangalore,35.8,8,82615.51,2,1,0,103956.42,1
12472,Male,Hyderabad,35.9,8,10903.66,2,1,1,101667.76,0
12473,Female,Hyderabad,64.1,0,93240.07,1,0,0,109251.86,0
12474,Female,Mumbai,47.1,7,73777.77,1,0,1,20947.27,0
12475,Female,Delhi,39.0,9,64130.93,2,1,1,98975.57,0
12476,Female,Chennai,46.0,0,43940.66,1,1,1,85056.71,1
12477,Male,Kolkata,34.8,1,57256.68,2,1,0,91084.36,1
12478,Female,Pune,43.6,9,82928.21,2,1,0,81618.18,0
12479,Male,Bangalore,43.4,10,44111.56,2,1,0,85263.67,0
12480,Female,Kolkata,50.0,4,62207.3,2,1,0,79737.29,0
12481,Male,Kolkata,28.2,10,57483.71,2,1,1,89453.6,0
12482,Female,Mumbai,44.3,10,69540.32,1,1,1,71901.58,0
12483,Male,Bangalore,26.0,5,30147.82,1,0,1,154192.76,0
12484,Male,Bangalore,62.5,1,101299.75,3,1,0,82479.55,0
12485,Male,Mumbai,35.0,9,88413.97,1,1,1,113425.25,0
12486,Female,Hyderabad,20.1,4,20682.28,1,0,0,79573.5,0
12487,Female,Mumbai,73.3,2,15893.18,2,1,0,81760.44,1
12488,Female,Hyderabad,33.7,6,100146.75,1,1,1,111968.64,0
12489,Female,Chennai,41.1,0,66660.15,2,1,1,94804.12,0
12490,Male,Mumbai,19.7,4,19952.72,1,1,1,87091.7,0
12491,Male,Hyderabad,39.4,2,52638.6,1,1,1,76495.36,0
12492,Male,Kolkata,60.1,10,57754.81,2,1,0,92482.84,0
12493,Female,Hyderabad,48.5,1,80976.6,1,0,0,89189.49,0
12494,Male,Mumbai,19.6,2,88624.35,2,1,0,59092.53,0
12495,Female,Pune,30.8,9,68135.3,2,0,0,101518.33,0
12496,Female,Mumbai,51.0,3,60687.8,1,1,1,107005.93,0
12497,Female,Pune,47.6,10,53137.62,3,1,1,122844.85,0
12498,Female,Mumbai,34.2,1,100196.92,3,0,1,99301.26,1
12499,Female,Chennai,44.8,1,54442.24,1,1,1,81993.02,0
12500,Male,Delhi,25.6,2,77921.87,1,1,0,46874.95,0
12501,Female,Kolkata,24.3,1,38161.5,4,1,0,67066.91,0
12502,Female,Kolkata,18.0,5,33329.63,1,0,0,100256.65,0
12503,Female,Delhi,51.1,1,69770.55,1,0,1,60296.11,0
12504,Male,Delhi,38.7,0,55512.62,1,1,1,15000.0,0
12505,Male,Mumbai,40.1,7,30628.68,2,1,1,116740.38,0
12506,Male,Kolkata,18.0,9,56952.38,1,1,1,85594.2,0
12507,Female,Kolkata,39.4,3,127193.64,1,1,0,79255.02,0
12508,Male,Delhi,46.6,1,64064.68,1,0,1,66562.73,0
12509,Female,Mumbai,18.0,3,57503.19,1,0,0,91984.95,0
12510,Female,Hyderabad,40.5,10,57545.2,1,1,0,83467.91,0
12511,Male,Hyderabad,39.2,1,94966.92,2,0,0,68910.49,0
12512,Female,Mumbai,34.4,10,61370.3,2,1,1,123627.89,0
12513,Male,Delhi,55.7,4,71208.02,1,1,1,40333.87,0
12514,Female,Bangalore,52.8,6,82918.74,1,1,1,21396.11,0
12515,Female,Chennai,79.8,5,97604.09,2,0,1,119423.42,0
12516,Female,Mumbai,25.4,1,46812.35,2,0,1,93261.31,0
12517,Male,Hyderabad,45.1,10,40941.02,2,1,1,58840.13,0
12518,Male,Bangalore,58.0,3,47150.98,2,0,1,57191.23,0
12519,Female,Bangalore,31.7,7,81326.47,2,1,1,84786.54,0
12520,Female,Bangalore,60.3,6,84191.98,1,1,1,94660.21,0
12521,Female,Delhi,44.4,6,69899.61,4,1,1,119530.79,0
12522,Male,Mumbai,19.0,3,89477.91,2,1,1,105658.84,0
12523,Male,Delhi,24.6,0,84216.77,1,1,0,72262.96,1
12524,Male,Mumbai,33.0,6,49454.87,1,1,0,84718.19,0
12525,Female,Mumbai,38.9,5,27510.81,2,0,1,102715.02,0
12526,Male,Pune,54.9,7,54018.14,1,0,1,138213.35,0
12527,Male,Mumbai,38.9,10,78433.84,2,0,0,93163.66,1
12528,Male,Pune,54.4,4,77344.66,2,0,1,95256.64,0
12529,Male,Delhi,41.3,7,19921.24,1,0,0,67827.15,0
12530,Female,Mumbai,40.1,9,5972.52,1,0,0,81056.1,0
12531,Female,Delhi,36.5,10,82263.01,1,1,1,97669.15,0
12532,Female,Bangalore,51.8,7,82874.13,1,0,0,86310.44,0
12533,Male,Mumbai,40.1,8,73986.7,1,0,1,85997.34,0
12534,Male,Delhi,31.2,0,87635.49,1,0,1,39664.29,0
12535,Female,Mumbai,44.0,2,70257.7,1,1,0,90105.76,0
12536,Female,Delhi,34.5,10,31779.44,1,1,1,129928.86,0
12537,Female,Mumbai,33.8,5,57237.48,1,0,1,133383.01,0
12538,Male,Mumbai,54.2,3,63069.63,1,1,0,131007.14,0
12539,Female,Mumbai,38.1,7,50746.74,1,1,1,41373.64,0
12540,Female,Mumbai,65.6,9,50307.39,1,1,0,119996.4,0
12541,Female,Bangalore,48.8,0,62685.2,1,0,0,113583.4,0
12542,Female,Chennai,30.8,4,44288.8,2,1,1,156226.82,0
12543,Female,Kolkata,30.0,3,11722.78,1,1,1,99941.81,0
12544,Female,Pune,25.1,0,67675.74,1,1,0,96890.95,0
12545,Male,Mumbai,47.3,9,96128.29,1,1,0,94637.81,0
12546,Female,Chennai,29.7,5,9878.03,2,1,0,163685.9,0
12547,Male,Pune,18.0,9,69147.89,1,1,1,79056.82,0
12548,Male,Mumbai,20.2,2,39724.49,2,1,1,124515.07,0
12549,Male,Delhi,26.8,10,81999.59,1,0,0,72150.78,0
12550,Male,Delhi,44.0,10,74522.41,1,1,0,84392.13,0
12551,Male,Chennai,40.1,4,91317.05,1,0,1,80721.28,0
12552,Male,Hyderabad,51.3,5,43893.31,2,0,0,58985.65,0
12553,Female,Chennai,29.1,3,66643.19,1,1,1,121869.39,0
12554,Male,Mumbai,36.1,9,127240.34,2,1,1,85056.71,0
12555,Male,Mumbai,61.0,9,70072.55,2,1,1,128887.91,0
12556,Male,Chennai,35.9,5,82734.14,2,1,1,94022.52,0
12557,Female,Delhi,42.7,6,100079.52,3,1,1,134040.26,0
12558,Male,Pune,32.1,1,42935.68,1,1,1,42476.0,0
12559,Male,Mumbai,37.3,6,14529.81,1,1,0,132606.83,0
12560,Female,Hyderabad,45.7,6,22593.56,2,1,0,128223.14,0
12561,Female,Mumbai,40.1,1,36004.76,2,1,1,121412.01,0
12562,Female,Bangalore,41.4,2,54521.57,2,1,1,105943.36,0
12563,Male,Delhi,36.9,2,77415.39,1,1,0,118280.43,0
12564,Male,Mumbai,41.6,0,88829.5,1,0,1,94580.84,0
12565,Male,Bangalore,31.2,0,38114.06,1,1,0,99351.08,0
12566,Male,Mumbai,37.4,9,118618.4,1,1,1,82807.1,0
12567,Male,Mumbai,44.0,10,97500.35,1,1,0,80737.67,0
12568,Male,Hyderabad,51.8,5,52352.35,1,0,1,56253.25,0
12569,Female,Kolkata,29.1,8,124529.03,1,1,1,37150.32,0
12570,Female,Mumbai,37.9,8,79839.18,2,1,0,158196.99,0
12571,Male,Pune,27.9,10,63329.96,1,1,0,61897.38,0
12572,Female,Pune,34.7,0,41574.53,1,1,1,60009.16,0
12573,Male,Chennai,52.0,6,37125.36,1,0,0,128782.23,0
12574,Male,Hyderabad,33.6,5,88431.84,1,0,1,174509.72,0
12575,Male,Hyderabad,38.8,3,67407.38,2,1,0,130453.91,0
12576,Female,Mumbai,25.2,10,75612.06,1,1,1,104775.77,0
12577,Female,Mumbai,33.3,2,36582.04,2,1,0,58076.35,0
12578,Female,Kolkata,21.4,8,78606.6,2,0,0,138768.04,0
12579,Male,Bangalore,40.1,9,66857.32,2,1,1,89615.38,0
12580,Female,Hyderabad,44.4,4,37871.96,2,0,1,26487.14,0
12581,Male,Chennai,44.0,7,29440.28,2,1,0,74737.65,0
12582,Female,Chennai,44.8,3,65964.47,1,1,1,121458.88,0
12583,Female,Mumbai,44.1,3,82117.65,2,1,1,59268.72,0
12584,Male,Mumbai,21.7,5,91528.93,1,1,1,115237.68,0
12585,Female,Delhi,30.5,5,70822.58,1,1,0,52736.66,0
12586,Female,Delhi,18.0,2,44840.54,1,1,1,57791.29,0
12587,Male,Mumbai,40.1,1,65516.79,1,1,1,113788.2,0
12588,Female,Delhi,29.6,10,73881.56,2,1,1,62860.95,0
12589,Male,Pune,39.5,8,45891.75,2,1,1,113909.07,0
12590,Female,Pune,69.5,1,53214.68,1,0,1,26558.37,0
12591,Female,Mumbai,49.4,8,65722.79,1,1,1,70209.25,0
12592,Female,Kolkata,58.4,10,70545.78,1,1,0,114247.04,0
12593,Female,Chennai,49.9,7,33550.12,1,1,0,156066.17,0
12594,Female,Pune,38.8,10,51206.05,1,0,0,127525.67,0
12595,Male,Delhi,39.9,9,68504.46,1,1,0,82292.58,0
12596,Female,Mumbai,50.4,6,77420.07,2,1,0,122971.53,0
12597,Male,Hyderabad,43.0,4,68489.91,1,1,0,86530.81,0
12598,Female,Delhi,36.5,2,72299.44,1,1,1,123807.85,0
12599,Male,Mumbai,57.1,1,71411.66,2,1,0,119397.77,0
12600,Male,Delhi,45.3,10,44454.61,1,1,0,167554.52,0
12601,Female,Hyderabad,22.9,7,99450.66,2,1,0,114006.92,0
12602,Male,Bangalore,40.1,1,55385.83,1,1,1,68153.93,0
12603,Female,Delhi,40.1,7,46126.56,2,0,1,95894.32,0
12604,Male,Bangalore,35.1,4,28545.0,1,1,1,59306.44,0
12605,Male,Chennai,35.4,8,52081.52,2,1,0,53380.52,0
12606,Female,Chennai,35.0,3,47639.9,2,1,1,80605.04,0
12607,Male,Pune,18.6,7,55586.04,2,1,1,90702.22,0
12608,Male,Hyderabad,18.0,10,72960.41,1,0,1,72370.56,0
12609,Female,Chennai,32.2,6,94739.96,2,1,1,27979.01,0
12610,Male,Pune,35.2,7,85326.95,2,1,1,35476.32,0
12611,Female,Mumbai,23.9,4,14663.04,1,0,0,101526.75,0
12612,Male,Pune,40.1,1,90205.66,2,1,1,38566.95,0
12613,Male,Bangalore,37.0,6,78029.45,1,1,1,110338.48,0
12614,Female,Mumbai,52.4,2,110034.39,1,1,0,139047.47,1
12615,Male,Kolkata,51.6,9,49055.83,2,1,0,70161.6,0
12616,Male,Bangalore,52.0,9,39809.08,2,0,0,75706.2,0
12617,Male,Delhi,27.9,9,86622.79,2,1,0,112638.34,0
12618,Male,Mumbai,37.3,10,83843.63,3,1,1,75367.63,0
12619,Female,Delhi,54.8,9,48079.07,3,1,0,56018.51,0
12620,Male,Bangalore,18.8,1,58648.65,2,1,0,73322.16,0
12621,Female,Bangalore,34.5,2,76968.64,1,0,1,73753.29,0
12622,Female,Delhi,42.7,3,73718.34,1,1,0,109992.54,0
12623,Male,Kolkata,19.5,9,64094.14,1,0,1,58668.09,0
12624,Female,Delhi,45.1,10,67308.79,2,1,1,116562.79,0
12625,Male,Pune,58.6,6,44542.1,1,0,0,114949.31,1
12626,Male,Delhi,54.7,9,59955.09,4,1,0,52504.5,0
12627,Male,Chennai,37.9,0,30369.3,2,1,1,121488.2,0
12628,Female,Mumbai,49.8,5,64863.59,1,1,0,15000.0,0
12629,Female,Chennai,19.4,5,30754.42,2,0,0,55325.25,0
12630,Male,Kolkata,43.3,7,37412.62,1,0,1,37309.08,0
12631,Female,Kolkata,36.3,1,144674.64,1,1,1,130292.41,0
12632,Female,Delhi,38.2,1,17508.77,2,1,0,101490.44,0
12633,Male,Pune,41.2,0,89372.99,1,0,0,74868.45,1
12634,Male,Hyderabad,44.7,2,71805.96,2,1,1,113131.46,0
12635,Female,Pune,22.6,6,72507.07,1,1,0,83734.28,0
12636,Female,Kolkata,28.2,7,38325.76,2,1,1,166137.26,0
12637,Male,Kolkata,36.9,6,83246.54,2,0,1,126399.44,0
12638,Female,Bangalore,18.7,8,19559.56,2,1,0,138102.03,0
12639,Male,Hyderabad,41.6,7,52657.21,2,1,0,47604.65,0
12640,Female,Kolkata,50.0,7,65465.57,1,1,1,155557.38,0
12641,Male,Hyderabad,56.7,10,106581.04,2,1,0,62455.12,0
12642,Male,Delhi,41.2,1,81389.76,1,1,0,25898.47,1
12643,Female,Mumbai,62.6,0,54207.65,2,1,1,68910.01,0
12644,Female,Delhi,39.6,5,58027.11,2,1,1,119513.98,0
12645,Male,Kolkata,24.9,6,79334.27,2,0,0,78953.25,1
12646,Male,Delhi,40.1,5,34699.58,1,0,0,91548.51,0
12647,Male,Pune,37.5,6,92748.55,1,1,1,51249.43,0
12648,Female,Delhi,46.2,7,62629.5,1,1,1,89639.69,0
12649,Male,Hyderabad,43.2,1,43119.92,1,1,1,101044.34,0
12650,Male,Delhi,42.4,0,30126.77,2,1,0,83037.95,0
12651,Male,Chennai,51.6,9,2573.52,1,0,1,81228.4,1
12652,Male,Bangalore,34.8,7,108795.21,1,0,1,85988.08,0
12653,Male,Hyderabad,46.5,7,17834.07,2,0,0,85079.11,0
12654,Male,Delhi,43.4,7,76988.11,2,1,0,131348.62,0
12655,Female,Kolkata,41.4,9,75844.89,2,0,1,125154.55,0
12656,Male,Hyderabad,39.2,6,53082.0,1,1,0,133466.02,0
12657,Female,Mumbai,24.7,1,62166.03,1,0,1,71695.41,0
12658,Female,Chennai,37.0,3,54979.44,1,0,0,41112.6,0
12659,Male,Delhi,37.7,8,70571.74,2,1,1,64606.21,0
12660,Female,Pune,31.3,7,55272.48,2,0,0,66910.34,0
12661,Male,Mumbai,23.7,3,57769.57,2,1,1,36161.42,0
12662,Female,Hyderabad,33.3,7,62930.85,2,0,0,94399.28,0
12663,Male,Bangalore,34.3,9,80625.02,2,1,0,102975.8,0
12664,Female,Mumbai,23.9,5,79984.07,1,1,0,42588.1,0
12665,Female,Delhi,23.9,10,61879.6,1,0,1,39496.59,0
12666,Male,Hyderabad,18.0,8,58675.4,1,0,1,70026.25,0
12667,Male,Delhi,43.5,0,79079.53,2,1,0,129404.93,0
12668,Female,Hyderabad,51.7,5,43506.08,3,1,1,19928.22,1
12669,Female,Bangalore,40.2,10,35860.4,2,1,1,115242.77,0
12670,Male,Mumbai,35.1,3,31460.0,1,0,0,92502.93,0
12671,Female,Delhi,23.3,2,70979.43,1,1,0,15000.0,1
12672,Male,Kolkata,18.0,4,92357.24,1,0,0,66807.74,0
12673,Female,Hyderabad,39.6,9,66771.62,3,0,1,61082.28,0
12674,Male,Bangalore,47.4,10,71603.43,1,0,1,105799.71,1
12675,Female,Mumbai,30.0,7,52013.88,3,0,0,65125.21,0
12676,Male,Mumbai,52.7,10,71507.78,1,1,0,69073.05,0
12677,Male,Delhi,31.7,9,68422.51,2,1,0,54217.68,0
12678,Male,Delhi,53.0,5,77071.88,2,0,1,111236.05,1
12679,Male,Mumbai,30.6,0,5227.86,2,0,0,30263.7,0
12680,Female,Kolkata,18.0,5,75712.98,2,0,0,66702.65,0
12681,Male,Mumbai,47.5,6,80766.39,1,1,1,63102.77,0
12682,Female,Mumbai,28.9,5,80174.73,2,1,0,72774.98,0
12683,Male,Delhi,21.5,2,61969.1,2,1,0,39831.48,0
12684,Male,Hyderabad,45.8,10,108877.15,2,1,1,76317.28,0
12685,Male,Mumbai,29.3,8,88436.03,1,1,1,66781.88,0
12686,Male,Bangalore,23.0,9,101290.54,1,1,1,55418.5,0
12687,Male,Pune,55.7,9,76335.08,2,1,0,81811.62,0
12688,Male,Mumbai,37.5,3,65029.24,1,0,0,99845.73,0
12689,Female,Delhi,22.8,4,79790.97,2,1,1,62561.99,0
12690,Male,Hyderabad,34.4,4,49349.15,1,1,0,47118.42,0
12691,Female,Chennai,65.6,2,85706.84,1,1,0,57586.89,0
12692,Female,Delhi,41.3,1,53649.99,2,0,0,83575.31,0
12693,Male,Bangalore,32.3,7,50270.03,2,0,0,57070.35,0
12694,Male,Pune,46.0,6,32093.64,2,1,0,69735.23,0
12695,Male,Mumbai,34.5,4,90150.23,4,1,1,53083.31,1
12696,Female,Delhi,33.9,0,115354.83,1,1,1,61314.01,1
12697,Female,Mumbai,32.1,9,99201.83,1,1,0,74172.17,0
12698,Male,Chennai,50.2,0,87525.85,1,1,1,89901.97,0
12699,Female,Chennai,42.3,7,88232.33,1,0,1,54870.44,0
12700,Female,Mumbai,40.1,3,87372.93,1,1,1,55052.36,0
12701,Female,Delhi,43.7,3,61838.23,1,0,0,95046.93,0
12702,Female,Delhi,58.3,8,55464.48,1,0,0,119479.76,0
12703,Male,Delhi,47.8,1,40658.91,2,1,0,23192.37,0
12704,Male,Mumbai,36.9,4,111548.67,2,1,1,74921.96,1
12705,Female,Mumbai,38.4,5,59987.1,1,1,1,87298.41,0
12706,Female,Mumbai,61.9,5,68561.58,1,0,0,42676.34,0
12707,Male,Delhi,55.6,9,36919.49,1,0,0,96869.39,1
12708,Male,Kolkata,40.1,2,45650.08,1,1,1,23992.02,0
12709,Male,Kolkata,27.9,9,40386.92,1,0,0,89994.49,0
12710,Male,Bangalore,18.0,5,56018.71,1,1,1,102352.14,0
12711,Female,Kolkata,29.9,9,80942.03,1,1,0,99881.84,0
12712,Female,Chennai,42.0,9,76657.84,4,1,1,63656.9,0
12713,Male,Mumbai,32.3,4,80045.74,1,1,1,74072.55,0
12714,Male,Mumbai,40.3,7,64602.95,1,1,1,115965.54,0
12715,Male,Chennai,34.6,3,83719.95,1,1,0,59222.21,0
12716,Male,Bangalore,18.8,9,61314.23,1,1,1,85813.55,0
12717,Female,Pune,45.1,9,76402.27,1,1,0,63630.42,0
12718,Female,Mumbai,40.4,2,55182.79,1,1,1,87251.63,0
12719,Female,Kolkata,56.0,5,92606.38,1,1,1,38809.37,0
12720,Male,Hyderabad,41.9,9,42624.92,1,0,1,54185.81,0
12721,Female,Delhi,49.4,8,93163.73,1,1,0,96914.43,1
12722,Female,Mumbai,30.2,7,74048.2,1,0,0,74299.1,0
12723,Female,Pune,44.2,9,102928.84,2,1,1,142007.18,0
12724,Male,Delhi,49.7,7,48483.46,1,1,0,118117.17,0
12725,Male,Delhi,46.7,2,59231.28,2,0,1,143654.94,0
12726,Male,Delhi,37.3,0,58541.47,1,1,1,83180.53,0
12727,Male,Mumbai,44.2,2,43418.0,1,1,1,52735.54,0
12728,Male,Mumbai,47.5,2,114317.67,1,1,1,15000.0,0
12729,Male,Mumbai,54.4,5,47190.39,1,0,1,76376.88,0
12730,Female,Chennai,33.3,2,41889.75,3,0,1,65069.19,0
12731,Female,Chennai,26.6,1,101305.97,1,1,0,83418.69,0
12732,Male,Delhi,30.0,8,84157.13,1,0,0,51028.16,0
12733,Male,Mumbai,41.7,5,60238.97,2,1,0,22631.26,1
12734,Male,Bangalore,40.1,4,18687.11,1,1,1,65361.04,0
12735,Male,Mumbai,47.5,2,107850.61,1,1,1,73578.01,0
12736,Female,Mumbai,50.0,6,113649.21,2,0,1,15000.0,0
12737,Female,Mumbai,18.0,6,80259.78,1,1,1,58687.47,0
12738,Female,Hyderabad,34.2,3,78018.94,2,1,1,85056.71,0
12739,Male,Delhi,40.1,9,70110.94,1,1,0,128268.85,0
12740,Male,Mumbai,53.4,1,54258.67,2,0,1,84020.49,0
12741,Male,Kolkata,39.4,1,95253.89,3,1,0,78109.0,0
12742,Male,Delhi,56.4,7,55414.29,2,1,0,55716.96,0
12743,Male,Mumbai,46.6,3,78947.21,2,1,1,102690.76,0
12744,Male,Bangalore,44.6,6,70453.76,2,1,0,45031.64,0
12745,Female,Hyderabad,38.7,2,64705.12,1,1,0,149563.68,0
12746,Female,Mumbai,39.7,8,43691.33,2,1,0,144086.08,0
12747,Female,Delhi,44.0,9,35126.3,1,1,1,145087.63,0
12748,Male,Delhi,37.7,8,77361.92,2,1,1,93426.42,0
12749,Female,Chennai,53.4,6,54207.03,2,1,1,72765.59,0
12750,Female,Bangalore,50.6,6,68612.63,2,1,1,71529.52,0
12751,Male,Bangalore,54.4,0,70011.0,1,1,1,60163.75,0
12752,Female,Kolkata,27.5,9,72739.69,1,1,1,99089.95,0
12753,Male,Bangalore,27.1,7,62001.88,2,1,0,58403.8,0
12754,Male,Hyderabad,45.9,1,81209.16,3,1,0,102988.98,1
12755,Female,Kolkata,39.0,7,62956.56,2,1,0,60091.63,0
12756,Male,Chennai,43.1,10,58993.5,2,1,0,110686.77,0
12757,Male,Bangalore,26.6,1,83468.15,2,0,1,106325.25,0
12758,Female,Chennai,22.5,0,65667.4,1,1,1,75866.88,0
12759,Female,Delhi,42.8,10,70806.62,2,1,0,51827.56,0
12760,Male,Mumbai,30.9,7,88644.94,1,1,0,32827.24,0
12761,Male,Bangalore,48.6,3,75553.76,1,1,1,92552.28,0
12762,Male,Delhi,32.6,10,88297.28,2,0,0,53390.24,0
12763,Female,Mumbai,29.4,9,25474.94,2,0,0,54125.27,0
12764,Male,Mumbai,18.0,5,131078.16,1,1,0,76602.13,0
12765,Male,Delhi,55.0,9,83013.57,1,1,1,44327.12,0
12766,Male,Mumbai,48.4,10,79970.4,2,1,1,90184.98,0
12767,Female,Kolkata,22.1,9,61550.35,3,1,1,68959.21,0
12768,Male,Mumbai,18.0,0,27501.14,1,0,0,91076.39,0
12769,Female,Delhi,32.8,8,82966.91,2,1,0,85056.71,1
12770,Female,Pune,51.4,10,92726.63,2,1,0,80755.48,0
12771,Male,Mumbai,33.7,6,22370.41,1,1,1,69394.2,0
12772,Male,Kolkata,37.5,4,87146.74,2,1,1,112067.33,0
12773,Female,Mumbai,51.9,5,103600.23,2,1,0,109806.85,0
12774,Male,Hyderabad,28.1,2,102593.17,2,1,0,48593.9,0
12775,Female,Delhi,31.8,8,78280.72,2,1,1,126425.51,0
12776,Male,Delhi,42.6,1,63050.54,2,0,1,57119.57,0
12777,Male,Hyderabad,36.6,9,88697.05,2,1,0,52242.36,0
12778,Male,Delhi,29.5,0,75346.61,2,0,0,123929.3,0
12779,Male,Kolkata,48.5,0,74115.41,2,0,1,123043.03,0
12780,Male,Chennai,46.2,9,51828.4,1,0,0,72329.2,0
12781,Male,Kolkata,50.0,1,24671.39,2,0,1,100479.49,0
12782,Female,Mumbai,38.2,5,86428.08,1,0,1,55337.84,0
12783,Female,Chennai,18.9,5,56890.11,1,1,1,98567.35,0
12784,Female,Delhi,40.1,8,40496.51,2,1,0,31924.03,0
12785,Female,Delhi,40.1,9,37194.93,1,1,1,119669.79,0
12786,Male,Delhi,18.0,3,60462.58,2,1,0,74976.82,0
12787,Male,Pune,36.7,7,34426.05,2,0,1,45006.82,0
12788,Male,Kolkata,41.2,3,91965.84,2,1,1,83607.94,0
12789,Male,Delhi,59.2,2,78539.03,1,1,1,34647.26,1
12790,Female,Chennai,25.5,3,92930.65,2,0,0,95616.32,0
12791,Female,Hyderabad,48.1,0,39229.07,2,1,0,88366.91,0
12792,Female,Mumbai,20.8,8,30112.76,1,1,0,96450.05,0
12793,Female,Mumbai,55.2,10,108925.32,1,1,1,68421.2,0
12794,Male,Mumbai,31.6,4,44987.8,1,1,1,33408.58,1
12795,Male,Kolkata,36.0,6,67386.89,1,1,1,64578.37,0
12796,Female,Hyderabad,36.1,2,45910.54,2,1,0,29112.86,0
12797,Male,Delhi,49.1,4,44450.17,2,1,1,119527.32,0
12798,Female,Delhi,22.6,9,79872.06,1,0,0,49565.27,0
12799,Female,Chennai,37.9,3,61781.62,1,0,0,24894.54,1
12800,Male,Delhi,32.3,6,97841.65,1,1,0,88288.17,0
12801,Female,Chennai,66.4,4,20408.1,2,0,1,149502.8,0
12802,Female,Pune,27.0,1,64555.73,2,1,1,73252.41,0
12803,Male,Pune,18.0,2,52219.4,2,1,1,92867.6,0
12804,Male,Delhi,60.3,7,58857.46,2,0,1,42689.72,0
12805,Female,Chennai,45.9,2,60598.08,2,0,0,84358.56,0
12806,Female,Chennai,30.6,6,81079.29,1,0,1,21069.3,1
12807,Female,Mumbai,39.6,4,60364.11,1,1,1,24458.21,0
12808,Male,Delhi,30.4,6,60621.74,3,1,0,125635.25,1
12809,Male,Bangalore,18.0,9,108548.24,1,1,0,73290.72,0
12810,Female,Kolkata,38.0,8,34500.3,2,1,0,100301.54,0
12811,Male,Delhi,37.9,6,37853.64,2,1,1,152884.89,0
12812,Female,Pune,44.1,5,111431.79,2,1,1,49305.73,0
12813,Female,Bangalore,28.3,0,107723.2,1,1,1,103212.86,0
12814,Male,Pune,30.7,3,20164.93,2,0,0,44213.11,0
12815,Female,Hyderabad,35.5,7,118575.91,2,1,0,58127.4,1
12816,Female,Pune,28.2,0,79473.47,2,1,0,106380.17,0
12817,Female,Pune,53.6,5,47286.65,2,0,1,68602.3,0
12818,Male,Mumbai,50.2,1,65136.98,4,0,1,72532.39,0
12819,Male,Bangalore,33.8,8,54263.11,1,0,1,48385.54,0
12820,Male,Hyderabad,46.4,7,65016.38,1,1,1,65277.96,0
12821,Female,Chennai,25.1,8,54625.12,2,1,0,68593.38,0
12822,Male,Chennai,34.5,8,35564.23,2,0,0,85056.71,0
12823,Female,Hyderabad,57.6,1,31954.38,1,1,1,84762.56,0
12824,Male,Mumbai,47.8,1,70379.48,2,1,0,84234.99,0
12825,Male,Delhi,43.5,8,44986.24,2,1,0,106756.49,0
12826,Female,Mumbai,35.7,1,29408.14,2,1,1,125943.73,0
12827,Female,Bangalore,39.5,3,78287.73,1,1,1,15000.0,0
12828,Male,Pune,22.4,1,78021.78,1,0,0,146885.18,0
12829,Male,Chennai,36.1,0,78035.76,4,0,0,80984.63,0
12830,Male,Mumbai,44.5,10,66945.9,2,1,0,161772.13,0
12831,Female,Mumbai,39.7,9,43085.57,2,1,0,101572.59,0
12832,Female,Pune,39.7,6,95088.13,2,0,1,97430.7,0
12833,Male,Delhi,32.1,10,87035.96,1,1,0,85056.71,0
12834,Male,Delhi,29.1,4,120733.61,1,1,1,62774.36,1
12835,Male,Hyderabad,28.0,2,96508.28,2,1,1,124064.25,0
12836,Female,Pune,37.0,7,72962.07,1,1,0,86458.67,0
12837,Female,Delhi,48.8,4,109165.0,2,1,0,120931.26,0
12838,Male,Delhi,29.7,0,66847.0,2,1,1,58764.0,0
12839,Female,Chennai,40.5,8,67052.26,1,1,1,68638.13,0
12840,Male,Chennai,40.2,4,63815.36,1,0,0,85056.71,0
12841,Male,Bangalore,51.2,2,52399.01,1,0,1,85056.71,0
12842,Female,Delhi,40.2,5,120637.09,4,0,1,93178.81,1
12843,Female,Hyderabad,22.1,7,44224.61,3,1,1,31321.44,0
12844,Male,Delhi,65.5,1,23558.37,1,1,1,111387.51,0
12845,Female,Bangalore,51.7,10,53341.72,2,0,1,74781.66,0
12846,Male,Mumbai,45.8,2,74131.65,2,1,1,68828.49,0
12847,Female,Kolkata,33.1,6,51476.71,1,0,1,68110.95,0
12848,Male,Delhi,36.2,1,56111.47,1,1,1,107753.42,0
12849,Female,Bangalore,22.9,10,16974.05,1,1,0,127836.93,0
12850,Male,Delhi,36.0,10,33766.0,1,1,0,15000.0,0
12851,Female,Chennai,42.1,4,32044.54,2,1,0,96892.1,0
12852,Male,Delhi,39.7,8,85933.1,1,0,0,103844.17,1
12853,Male,Delhi,61.0,6,29978.14,4,1,0,88968.22,0
12854,Female,Pune,48.1,2,48753.92,1,1,1,86952.35,0
12855,Male,Delhi,51.7,1,60272.91,2,0,0,95122.16,0
12856,Female,Hyderabad,46.5,9,38033.84,1,1,1,128445.53,0
12857,Male,Chennai,42.0,8,71899.37,1,1,1,87026.44,0
12858,Male,Delhi,45.5,8,76248.06,2,0,0,29715.6,0
12859,Male,Mumbai,18.0,8,101547.05,1,0,0,84036.07,0
12860,Male,Chennai,36.9,9,65067.85,2,1,1,51477.92,0
12861,Female,Mumbai,23.2,2,12106.46,2,1,0,46682.4,0
12862,Male,Kolkata,25.8,0,50571.5,2,1,1,74791.26,0
12863,Male,Hyderabad,54.3,8,57891.54,1,0,0,82790.38,0
12864,Female,Kolkata,27.1,6,97219.89,3,1,0,60986.63,0
12865,Male,Delhi,24.1,1,59290.09,1,0,0,135526.66,0
12866,Female,Pune,44.7,5,75181.43,2,1,1,79073.59,0
12867,Female,Hyderabad,39.2,10,57436.1,2,0,0,129559.02,0
12868,Female,Pune,45.4,8,78535.91,1,1,1,62389.23,0
12869,Male,Bangalore,61.1,7,49221.07,2,1,1,144324.38,0
12870,Male,Delhi,46.9,10,23189.02,2,1,0,52221.49,1
12871,Female,Bangalore,21.4,5,0.0,2,0,1,111228.53,0
12872,Male,Kolkata,51.2,5,77707.67,2,1,1,139576.78,0
12873,Female,Mumbai,37.4,7,73202.05,1,0,0,85056.71,1
12874,Male,Kolkata,42.0,8,75049.65,1,1,1,66732.73,0
12875,Female,Hyderabad,20.2,7,67970.49,1,1,1,92192.9,0
12876,Male,Hyderabad,46.0,0,15971.84,1,0,1,87469.99,0
12877,Female,Kolkata,24.4,1,48837.21,1,1,1,61540.66,0
12878,Male,Delhi,46.4,5,62488.91,2,0,0,70443.66,0
12879,Female,Kolkata,31.3,7,46752.43,1,0,0,127192.56,0
12880,Male,Hyderabad,48.7,3,79224.33,2,1,0,44231.45,0
12881,Male,Hyderabad,24.5,3,61126.46,2,0,0,141236.88,0
12882,Female,Chennai,21.3,1,81451.18,2,0,0,46301.03,1
12883,Male,Mumbai,33.5,9,93878.8,2,1,0,115154.81,0
12884,Male,Pune,43.2,0,76092.28,4,1,0,138437.2,0
12885,Male,Bangalore,26.3,9,69227.83,1,1,0,60376.12,0
12886,Male,Kolkata,42.4,8,32142.17,1,1,1,110730.36,0
12887,Female,Chennai,50.5,6,66476.07,1,0,0,80064.62,0
12888,Male,Delhi,24.1,8,24921.88,2,1,1,29039.57,0
12889,Female,Hyderabad,42.5,1,34837.23,2,1,1,91367.84,0
12890,Female,Kolkata,46.5,9,72241.79,1,1,1,68077.11,0
12891,Male,Hyderabad,37.7,4,33358.93,2,0,0,109113.96,0
12892,Female,Mumbai,39.0,1,121710.44,2,1,0,92000.89,0
12893,Female,Chennai,23.1,9,87842.57,2,0,1,143971.84,0
12894,Female,Kolkata,45.2,6,66240.91,2,0,0,87981.09,0
12895,Male,Mumbai,40.7,8,0.0,2,1,1,91743.05,0
12896,Female,Chennai,41.8,2,17553.64,2,1,1,104868.92,0
12897,Female,Kolkata,64.8,0,121973.5,2,1,0,173784.85,0
12898,Male,Kolkata,37.5,3,51300.39,1,1,0,113735.87,0
12899,Male,Delhi,43.9,3,94591.55,1,0,0,71909.23,0
12900,Male,Chennai,55.5,10,51991.08,1,1,0,79983.62,0
12901,Male,Chennai,39.4,5,40023.06,2,1,1,33696.23,0
12902,Female,Hyderabad,31.4,4,38341.42,1,1,0,64203.25,0
12903,Male,Kolkata,44.8,4,26626.58,2,0,1,15340.48,0
12904,Male,Pune,31.8,8,79183.67,2,1,0,103938.13,0
12905,Female,Pune,54.4,10,74513.03,2,1,1,36481.59,0
12906,Male,Pune,46.2,0,51486.99,1,0,0,77096.54,0
12907,Female,Kolkata,29.7,7,13111.27,1,1,1,61755.88,0
12908,Male,Kolkata,25.0,7,58756.95,1,0,0,78639.51,0
12909,Male,Mumbai,41.9,10,79014.41,2,1,1,118889.78,0
12910,Male,Delhi,43.1,7,120232.4,1,1,0,96390.67,0
12911,Male,Chennai,25.1,2,90617.9,1,0,0,56177.84,0
12912,Male,Hyderabad,49.4,9,69805.42,2,1,1,15000.0,0
12913,Female,Delhi,48.0,7,43858.0,2,1,0,79004.59,0
12914,Male,Mumbai,44.1,1,96165.7,2,1,0,85056.71,0
12915,Male,Kolkata,49.1,7,67864.56,2,1,1,59592.97,0
12916,Female,Bangalore,28.1,7,68956.79,2,1,1,109194.44,0
12917,Female,Chennai,28.8,2,94521.73,1,1,0,85452.4,0
12918,Female,Pune,36.9,3,58912.47,1,1,0,126165.62,1
12919,Male,Kolkata,32.4,8,87425.65,1,1,0,111712.32,0
12920,Male,Mumbai,46.0,8,34984.87,1,1,0,85479.32,0
12921,Male,Bangalore,49.7,9,47147.51,1,0,1,80647.66,0
12922,Female,Delhi,31.6,8,76789.19,3,1,1,18703.25,0
12923,Female,Pune,29.6,9,63503.64,3,1,0,25403.45,0
12924,Male,Hyderabad,50.3,5,58496.41,1,1,1,43952.21,0
12925,Male,Kolkata,28.2,0,35282.86,2,1,0,96106.42,0
12926,Female,Mumbai,36.6,7,89019.08,1,1,1,104393.08,0
12927,Female,Bangalore,27.9,8,23735.34,1,1,0,67108.33,0
12928,Female,Bangalore,32.9,7,86916.81,2,1,0,119050.44,0
12929,Female,Chennai,21.9,0,66273.68,2,1,1,142428.17,0
12930,Male,Pune,55.4,5,66663.16,2,0,1,110653.39,1
12931,Female,Kolkata,52.1,8,63763.4,4,1,1,99741.27,0
12932,Female,Mumbai,30.3,8,43385.8,1,1,1,63734.35,0
12933,Male,Pune,45.6,6,64124.43,2,1,0,85056.71,0
12934,Female,Mumbai,22.8,6,74140.67,1,0,1,53181.24,0
12935,Female,Mumbai,47.5,3,75302.98,1,0,1,137322.09,0
12936,Male,Delhi,29.4,6,62501.85,1,1,1,79737.17,0
12937,Female,Delhi,54.6,9,62170.84,2,1,0,124331.86,0
12938,Female,Bangalore,46.1,4,61986.22,2,1,0,15000.0,0
12939,Male,Mumbai,35.6,10,58594.52,2,1,1,58152.97,0
12940,Male,Delhi,35.1,9,20882.31,1,0,0,46445.48,0
12941,Male,Bangalore,41.7,4,51987.77,1,1,1,76027.55,0
12942,Female,Kolkata,28.9,0,39030.03,1,1,1,116183.2,0
12943,Male,Bangalore,53.5,1,60949.88,2,1,1,129543.83,0
12944,Female,Kolkata,43.7,8,42065.17,1,1,0,70437.1,0
12945,Female,Mumbai,51.6,1,73622.7,1,1,0,119194.71,0
12946,Male,Chennai,18.0,9,94706.94,1,0,0,86362.69,0
12947,Female,Pune,40.2,10,57007.1,1,1,1,70813.62,1
12948,Female,Bangalore,43.0,1,71805.27,1,0,1,85056.71,0
12949,Male,Bangalore,40.0,8,53171.23,1,0,1,66125.63,0
12950,Female,Kolkata,40.3,2,62417.82,2,0,0,90312.27,0
12951,Female,Delhi,36.1,1,99019.23,2,1,1,49824.25,0
12952,Female,Delhi,67.1,6,26368.55,2,1,0,33468.54,1
12953,Female,Bangalore,42.9,8,48143.31,2,1,0,79955.15,0
12954,Male,Delhi,41.5,10,67640.36,1,1,1,54342.33,0
12955,Female,Delhi,51.2,5,60825.86,1,0,1,131284.92,0
12956,Female,Bangalore,33.3,6,55622.26,1,1,0,130888.38,0
12957,Female,Delhi,24.5,2,35498.51,1,1,0,48055.39,0
12958,Female,Delhi,50.9,10,75812.66,2,1,1,82052.12,1
12959,Male,Mumbai,36.0,2,62475.55,2,1,1,140565.84,0
12960,Female,Hyderabad,56.3,7,81073.12,1,1,1,98246.04,0
12961,Male,Pune,55.6,6,90977.1,1,1,0,82858.38,0
12962,Male,Hyderabad,18.0,4,63951.31,2,0,1,67905.49,0
12963,Male,Delhi,40.9,5,98141.95,1,0,1,94933.0,0
12964,Female,Mumbai,52.9,8,91135.64,2,1,0,104275.9,0
12965,Female,Delhi,18.9,2,54088.84,2,1,0,79033.0,0
12966,Female,Bangalore,44.4,2,101613.63,2,1,0,139970.54,0
12967,Female,Bangalore,47.9,10,81401.66,2,1,1,113813.42,0
12968,Female,Pune,39.3,5,96950.4,1,1,1,126007.37,0
12969,Male,Chennai,39.4,10,19282.77,1,1,0,101661.41,0
12970,Female,Chennai,54.4,7,81759.7,2,1,1,87792.01,0
12971,Male,Chennai,22.1,4,72790.97,3,0,0,110944.74,0
12972,Male,Mumbai,50.0,0,44575.94,3,1,1,113934.21,1
12973,Female,Delhi,45.5,2,27534.15,1,0,1,65439.77,0
12974,Female,Bangalore,55.6,7,61238.34,2,0,1,75644.73,0
12975,Male,Mumbai,28.6,3,66248.49,1,1,1,69261.9,0
12976,Male,Mumbai,57.7,8,50293.42,2,1,1,139065.77,0
12977,Female,Mumbai,23.3,5,46245.78,2,1,1,132610.94,0
12978,Male,Chennai,36.0,9,51270.72,2,1,1,105130.5,0
12979,Female,Pune,26.0,3,48164.7,2,0,0,160004.96,1
12980,Female,Chennai,48.7,3,88275.16,2,1,0,64058.61,0
12981,Male,Bangalore,30.9,9,44918.31,2,1,0,107015.92,0
12982,Male,Delhi,53.6,4,23872.52,2,0,0,50070.78,0
12983,Female,Delhi,19.7,6,84644.11,2,0,1,47161.91,0
12984,Female,Pune,34.7,6,87854.48,2,1,0,42379.84,0
12985,Female,Mumbai,61.4,9,61991.21,2,1,1,22704.24,0
12986,Male,Mumbai,30.9,6,36807.61,2,1,0,79363.54,0
12987,Male,Delhi,52.7,4,16518.77,1,0,1,81028.09,0
12988,Female,Pune,48.4,8,65870.48,1,0,0,129836.83,0
12989,Female,Mumbai,24.3,1,77816.22,2,1,0,84700.4,0
12990,Female,Chennai,40.1,7,44679.28,1,0,1,85056.71,0
12991,Male,Kolkata,58.3,9,85050.59,2,1,1,145377.04,0
12992,Female,Hyderabad,35.1,7,29210.29,1,1,0,120246.27,0
12993,Female,Delhi,31.7,2,66787.45,2,1,1,84783.59,0
12994,Male,Mumbai,43.9,4,14151.01,1,1,1,52616.83,0
12995,Male,Pune,37.4,7,41278.61,3,0,0,41113.32,0
12996,Female,Mumbai,22.0,9,21195.97,1,1,0,75569.26,0
12997,Male,Chennai,37.3,8,79102.89,2,0,0,147774.58,1
12998,Male,Delhi,34.2,6,73526.83,1,0,0,46301.24,0
12999,Male,Bangalore,38.4,3,126222.49,2,0,1,15378.98,1
13000,Female,Chennai,18.0,3,69856.51,2,1,0,32586.6,0
13001,Female,Chennai,44.4,2,54255.89,1,0,1,78572.14,0
13002,Female,Pune,20.4,10,39216.37,1,1,1,97032.82,0
13003,Male,Mumbai,49.0,7,89645.17,1,1,0,129074.98,0
13004,Female,Pune,52.9,5,131071.96,1,0,1,126614.03,0
13005,Female,Mumbai,18.0,9,90225.03,1,1,1,59093.38,0
13006,Female,Kolkata,55.5,5,70292.97,1,1,1,76054.76,0
13007,Female,Mumbai,38.6,9,66744.41,3,0,0,111855.77,0
13008,Male,Kolkata,52.9,9,24209.84,1,0,0,74113.16,0
13009,Female,Pune,51.2,8,86994.36,2,0,1,85056.71,0
13010,Male,Bangalore,22.7,10,47045.82,1,0,0,62198.4,0
13011,Female,Delhi,29.8,2,34960.33,2,1,1,137835.57,0
13012,Male,Chennai,59.4,3,60320.19,2,1,0,59728.47,0
13013,Male,Chennai,25.1,2,45524.81,1,0,0,48655.04,0
13014,Male,Kolkata,44.3,2,41903.61,2,1,0,97487.26,0
13015,Female,Mumbai,30.9,0,52777.54,2,1,1,93063.95,0
13016,Male,Delhi,29.2,9,17734.89,1,1,1,23858.67,0
13017,Female,Hyderabad,39.8,5,58487.69,2,0,0,110506.01,1
13018,Male,Kolkata,66.3,8,71025.45,2,0,1,75374.29,0
13019,Male,Mumbai,49.2,4,40259.62,1,1,1,144009.36,0
13020,Female,Mumbai,27.4,9,98680.4,2,1,0,65633.65,0
13021,Male,Delhi,42.3,1,50694.38,2,0,0,93191.68,0
13022,Male,Chennai,18.0,9,38052.2,3,1,1,112399.81,0
13023,Female,Delhi,18.0,3,85423.28,2,0,1,109358.63,0
13024,Male,Mumbai,42.0,5,66612.68,1,1,0,62970.65,0
13025,Male,Kolkata,48.6,6,98546.8,2,1,1,48556.71,0
13026,Male,Delhi,58.7,6,105184.51,1,0,0,101986.24,1
13027,Male,Delhi,40.1,3,30463.72,1,1,1,81411.89,0
13028,Female,Delhi,40.1,9,120658.07,2,1,0,127609.37,0
13029,Female,Delhi,35.9,9,6210.95,1,1,1,98707.3,0
13030,Female,Mumbai,46.3,4,33293.05,2,0,1,103822.81,0
13031,Male,Hyderabad,25.4,3,31581.32,2,1,1,51324.86,0
13032,Male,Delhi,31.9,9,98715.16,1,0,1,117550.39,0
13033,Female,Kolkata,25.8,5,77976.79,2,1,1,124578.33,1
13034,Male,Mumbai,33.7,10,71908.92,1,0,0,91510.51,0
13035,Male,Chennai,31.3,6,4758.75,1,0,1,76335.14,0
13036,Male,Delhi,30.5,1,64432.61,1,0,1,94316.69,0
13037,Male,Bangalore,32.3,9,125954.95,2,1,0,52276.35,0
13038,Female,Bangalore,42.5,2,77889.29,1,0,0,85056.71,0
13039,Male,Mumbai,55.2,10,56796.37,2,1,0,15000.0,0
13040,Female,Chennai,43.5,7,92031.91,1,1,1,40377.39,0
13041,Male,Delhi,33.1,6,68642.41,1,0,0,72740.7,0
13042,Female,Bangalore,45.3,0,52502.31,1,1,0,135235.74,0
13043,Male,Bangalore,41.3,3,48017.5,1,1,1,87004.31,0
13044,Male,Hyderabad,42.0,4,78557.53,1,0,0,106852.3,0
13045,Female,Delhi,39.7,2,57968.38,2,1,1,81972.87,0
13046,Female,Pune,60.7,3,69177.06,2,0,0,61459.74,0
13047,Male,Chennai,41.2,9,6907.09,2,0,1,71885.57,0
13048,Male,Pune,33.3,9,62263.19,2,0,0,59555.15,0
13049,Male,Mumbai,30.7,9,38496.4,1,1,0,46946.55,0
13050,Male,Delhi,50.8,6,90929.5,2,1,0,109522.85,0
13051,Male,Mumbai,25.8,7,38522.57,2,1,0,75888.13,0
13052,Female,Kolkata,56.3,8,45869.21,1,0,0,54029.67,0
13053,Male,Delhi,18.0,1,31191.82,2,1,0,91229.89,0
13054,Male,Pune,54.7,3,85723.31,1,1,0,116921.13,0
13055,Female,Mumbai,49.6,0,77925.11,3,1,1,54907.75,1
13056,Male,Kolkata,34.7,2,37586.97,1,0,1,119393.55,0
13057,Female,Chennai,31.0,7,41851.66,1,1,0,90121.6,0
13058,Male,Delhi,54.8,6,84818.45,2,1,0,118115.75,0
13059,Male,Bangalore,61.6,7,116073.11,2,0,1,132055.93,0
13060,Male,Pune,32.6,10,76196.75,2,1,0,40671.1,0
13061,Male,Delhi,47.0,5,93705.55,1,1,1,29885.32,0
13062,Male,Delhi,51.8,4,58400.1,2,1,0,61977.64,0
13063,Female,Kolkata,47.2,9,38440.5,2,1,1,71724.77,0
13064,Female,Kolkata,40.7,8,60813.22,3,0,1,94028.4,0
13065,Female,Bangalore,35.3,4,92147.01,2,1,0,96258.9,0
13066,Male,Hyderabad,40.1,8,50844.08,2,1,1,157664.37,1
13067,Male,Pune,18.0,3,56339.45,3,1,1,15000.0,0
13068,Male,Mumbai,56.1,4,120620.84,1,1,1,91446.2,0
13069,Male,Chennai,19.5,0,109096.81,1,1,0,117871.62,0
13070,Female,Pune,29.9,5,68581.93,1,0,1,46136.54,0
13071,Female,Pune,36.0,2,94484.85,1,1,0,69552.04,0
13072,Female,Bangalore,28.0,10,35278.63,2,0,0,127216.03,0
13073,Male,Pune,26.5,9,81623.61,4,0,0,31450.17,1
13074,Male,Pune,56.9,1,67670.74,2,1,0,102084.19,0
13075,Female,Mumbai,61.6,5,75537.86,1,1,0,133155.6,1
13076,Female,Mumbai,58.6,0,31388.11,2,1,0,15000.0,0
13077,Male,Delhi,50.0,8,26250.32,2,1,0,65389.76,0
13078,Male,Chennai,69.6,4,50989.93,2,1,1,142343.61,0
13079,Male,Mumbai,36.8,6,30826.12,2,0,0,103038.23,0
13080,Male,Chennai,35.7,10,41264.21,2,0,1,93834.12,0
13081,Female,Delhi,40.1,9,129649.41,4,0,1,118443.92,0
13082,Female,Bangalore,57.1,8,95789.55,1,1,1,47189.6,0
13083,Male,Bangalore,47.0,8,73660.76,1,0,1,70391.67,0
13084,Female,Mumbai,60.7,6,76254.13,2,1,1,78371.89,0
13085,Female,Delhi,40.8,3,75425.21,1,0,0,93382.46,0
13086,Female,Mumbai,22.0,3,60226.76,1,1,0,67716.33,0
13087,Male,Delhi,31.9,6,73089.15,1,1,0,18388.72,0
13088,Male,Bangalore,52.3,7,88673.86,2,1,1,100487.01,0
13089,Female,Delhi,34.1,6,59231.19,1,1,0,57310.54,0
13090,Male,Bangalore,41.1,10,101095.52,2,0,1,92109.83,0
13091,Male,Delhi,43.0,9,58915.18,2,1,1,86903.12,0
13092,Male,Pune,61.7,3,40190.58,1,1,1,62050.77,0
13093,Male,Hyderabad,50.6,3,71558.31,4,1,0,55533.1,0
13094,Female,Pune,48.2,7,60187.0,2,1,1,85056.71,0
13095,Male,Mumbai,41.9,8,58616.16,2,1,0,140879.15,0
13096,Female,Bangalore,30.0,6,87002.95,2,1,0,84382.7,0
13097,Female,Mumbai,42.9,2,55916.99,2,1,1,119346.72,0
13098,Male,Mumbai,66.1,9,41669.36,1,1,1,106146.02,0
13099,Male,Mumbai,46.2,0,55241.35,1,0,0,111771.42,0
13100,Male,Kolkata,33.4,4,46510.99,2,1,0,89881.07,0
13101,Male,Chennai,35.0,5,46228.89,2,1,0,114810.85,0
13102,Female,Mumbai,57.0,10,89466.67,1,1,1,121447.6,0
13103,Female,Mumbai,33.6,8,39442.15,2,1,1,116846.77,0
13104,Male,Bangalore,37.6,4,67964.12,1,1,1,17753.4,0
13105,Male,Kolkata,26.3,0,56694.48,1,0,0,86859.51,0
13106,Male,Bangalore,36.7,10,62250.97,1,1,1,152673.22,0
13107,Female,Delhi,45.7,10,14083.29,2,1,0,110566.33,0
13108,Male,Mumbai,36.4,3,81095.42,2,1,0,46505.9,0
13109,Female,Delhi,40.3,1,57984.91,1,1,1,26915.52,0
13110,Female,Delhi,26.2,3,89287.62,1,0,1,88537.14,0
13111,Female,Delhi,33.3,6,74994.76,1,1,1,15000.0,0
13112,Male,Bangalore,65.6,8,66211.49,1,0,0,98023.24,1
13113,Female,Hyderabad,38.4,2,65185.17,2,0,1,83324.1,1
13114,Male,Hyderabad,44.4,2,120986.67,1,1,0,58746.87,0
13115,Male,Delhi,30.4,10,44922.84,2,1,1,129895.47,0
13116,Female,Mumbai,40.6,3,72302.25,1,1,0,76761.04,1
13117,Female,Bangalore,36.8,6,70971.11,1,0,0,56580.75,0
13118,Male,Delhi,53.2,5,24661.65,2,1,0,124839.45,0
13119,Male,Bangalore,52.6,4,63528.14,2,1,0,94730.89,0
13120,Male,Delhi,53.9,3,26061.97,1,1,1,70059.13,0
13121,Male,Delhi,41.0,7,63302.18,2,1,1,34295.09,0
13122,Male,Kolkata,64.5,3,24434.03,2,1,1,79975.4,0
13123,Male,Bangalore,49.6,2,74532.81,1,1,0,52512.23,0
13124,Male,Kolkata,22.8,6,33502.84,1,1,0,110327.43,0
13125,Female,Delhi,58.5,1,64702.96,1,0,0,33609.86,0
13126,Female,Hyderabad,39.9,3,24388.1,1,0,1,125072.96,0
13127,Female,Pune,53.7,7,76889.65,2,1,0,126629.09,0
13128,Male,Mumbai,27.4,3,63035.96,2,0,0,79042.33,0
13129,Male,Mumbai,39.1,9,60400.64,1,1,1,112392.37,0
13130,Female,Mumbai,49.0,6,68500.98,2,0,1,122146.82,0
13131,Female,Delhi,42.9,1,78094.07,2,1,0,59315.11,0
13132,Female,Delhi,38.2,10,43517.88,2,1,0,103307.39,0
13133,Female,Hyderabad,18.0,4,64574.49,2,1,1,112576.95,0
13134,Female,Pune,31.1,3,53343.21,2,1,1,59909.45,0
13135,Male,Chennai,28.3,8,97550.64,2,0,0,121212.78,0
13136,Female,Mumbai,18.0,6,54793.63,2,1,0,104512.06,0
13137,Female,Mumbai,31.5,8,44890.6,1,1,0,121347.44,0
13138,Female,Mumbai,62.3,10,27387.05,1,1,1,108648.64,0
13139,Female,Chennai,53.9,9,58313.78,2,0,1,129048.25,0
13140,Male,Bangalore,30.0,6,47728.33,1,1,0,96500.37,0
13141,Male,Hyderabad,32.9,1,74034.49,1,0,0,67981.91,0
13142,Female,Kolkata,33.0,1,70551.6,1,1,1,78051.45,0
13143,Female,Kolkata,49.1,1,78278.21,2,1,1,69420.69,1
13144,Female,Chennai,44.9,4,33521.05,2,1,0,71637.9,0
13145,Male,Mumbai,31.5,0,0.0,1,1,1,116978.88,0
13146,Male,Kolkata,32.8,6,64975.47,1,0,0,82814.3,0
13147,Female,Chennai,53.0,1,85579.6,2,0,1,91185.7,0
13148,Female,Delhi,58.3,3,55159.35,1,1,1,16392.07,0
13149,Female,Delhi,29.2,8,109626.67,1,1,0,93725.0,0
13150,Male,Delhi,38.6,7,61913.49,1,0,1,92407.79,0
13151,Female,Mumbai,41.5,9,46602.85,3,1,0,91572.85,0
13152,Male,Chennai,37.7,1,75411.09,2,1,0,22445.74,0
13153,Female,Bangalore,53.6,3,99525.65,1,0,0,67058.05,1
13154,Male,Kolkata,38.2,3,63922.21,1,1,1,30717.4,0
13155,Male,Kolkata,62.9,1,83842.02,2,1,1,85056.71,1
13156,Female,Kolkata,54.4,1,54432.39,2,1,1,79496.02,0
13157,Female,Chennai,31.8,4,54997.42,2,0,0,87734.54,0
13158,Male,Delhi,40.8,10,92965.01,2,1,1,74038.63,0
13159,Female,Bangalore,28.3,3,20714.01,2,1,1,74930.43,0
13160,Male,Chennai,35.3,7,38773.71,3,1,1,75601.86,0
13161,Male,Mumbai,50.4,3,79514.54,2,0,0,41296.19,0
13162,Male,Hyderabad,42.9,7,56409.99,2,0,1,61919.23,0
13163,Male,Mumbai,65.4,4,72462.83,1,1,1,85056.71,0
13164,Female,Delhi,25.3,0,78323.62,2,1,1,129520.43,0
13165,Male,Hyderabad,39.6,8,32046.41,2,1,0,81557.93,0
13166,Female,Mumbai,33.9,7,31840.95,1,1,0,101243.65,0
13167,Female,Bangalore,36.2,0,93823.51,2,1,1,72216.61,0
13168,Male,Pune,40.5,2,55346.71,1,1,0,64139.0,0
13169,Female,Pune,31.9,2,48104.37,2,0,1,62430.45,0
13170,Male,Pune,51.5,4,74255.01,1,1,0,161631.8,1
13171,Female,Delhi,61.0,6,89484.21,3,1,1,51199.01,1
13172,Male,Delhi,18.0,0,84465.28,3,1,1,106180.55,0
13173,Male,Pune,56.7,0,76545.54,2,1,1,42559.73,0
13174,Male,Kolkata,70.2,9,93941.22,1,1,1,163939.24,0
13175,Male,Hyderabad,42.3,5,77739.83,1,0,1,118693.27,0
13176,Male,Hyderabad,32.7,4,51147.07,1,1,0,92696.76,0
13177,Female,Kolkata,33.1,2,71553.92,1,0,1,143854.06,0
13178,Female,Delhi,36.3,2,84583.49,1,1,1,93172.48,0
13179,Female,Pune,45.2,3,44768.32,2,1,0,113307.68,0
13180,Female,Kolkata,34.9,10,50810.4,1,0,1,127633.13,0
13181,Male,Chennai,39.0,9,69928.5,2,0,1,79482.78,1
13182,Male,Hyderabad,28.5,1,82181.23,2,1,1,84815.68,0
13183,Male,Chennai,34.5,8,64418.59,1,1,0,89119.85,0
13184,Male,Kolkata,35.1,3,71448.03,1,1,1,48789.29,1
13185,Female,Kolkata,39.6,9,2826.67,2,1,0,73157.07,0
13186,Female,Mumbai,22.5,2,104982.4,1,1,0,68408.01,0
13187,Male,Mumbai,36.0,9,84390.27,2,1,1,116959.72,0
13188,Male,Bangalore,37.4,10,83194.31,1,1,1,45011.76,0
13189,Female,Bangalore,42.2,6,81055.97,2,1,0,112449.16,1
13190,Female,Delhi,56.8,8,83267.96,1,1,1,97939.46,0
13191,Male,Delhi,38.8,1,99776.41,2,1,1,33674.26,0
13192,Female,Pune,25.4,5,92974.04,1,1,0,109254.69,0
13193,Male,Mumbai,41.6,4,75702.86,2,1,0,107847.45,0
13194,Male,Pune,31.5,0,85141.95,1,0,0,66939.35,0
13195,Male,Kolkata,31.2,10,71942.77,1,0,0,83452.58,0
13196,Female,Pune,36.4,6,45978.2,1,0,0,52467.53,0
13197,Male,Kolkata,33.8,0,52294.75,1,0,1,144879.85,0
13198,Female,Hyderabad,27.2,9,54491.79,3,0,0,80697.48,1
13199,Male,Mumbai,34.2,8,60747.93,1,1,0,84950.14,0
13200,Male,Bangalore,45.5,3,59063.72,1,1,1,91649.41,0
13201,Female,Pune,40.5,7,36128.38,1,1,1,103524.96,0
13202,Female,Mumbai,28.1,0,70265.97,1,1,1,99513.81,0
13203,Male,Hyderabad,29.7,4,83447.2,1,1,0,88384.04,0
13204,Female,Chennai,41.5,2,53361.45,2,1,1,73385.53,0
13205,Female,Bangalore,28.2,3,56887.91,1,1,1,97104.77,0
13206,Female,Mumbai,29.2,3,83859.27,1,0,1,106106.23,0
13207,Female,Mumbai,33.1,7,69735.12,2,1,1,107821.98,0
13208,Female,Delhi,28.3,9,87035.8,1,0,1,85056.71,0
13209,Male,Mumbai,41.2,9,83378.85,1,0,0,92136.25,0
13210,Female,Kolkata,36.3,2,45223.49,3,1,1,113617.12,0
13211,Male,Delhi,56.9,0,70659.9,2,0,0,41123.97,1
13212,Female,Pune,26.1,4,80002.98,2,0,0,34364.65,0
13213,Male,Hyderabad,53.8,1,47589.27,2,0,0,20944.24,0
13214,Female,Delhi,42.8,10,35827.35,2,0,1,95837.79,0
13215,Male,Pune,57.9,5,64541.19,1,0,0,154850.47,1
13216,Male,Pune,56.3,3,12538.0,1,1,0,124130.14,0
13217,Male,Pune,34.9,8,0.0,2,1,1,76491.44,0
13218,Male,Kolkata,23.1,6,80019.78,2,1,1,89477.21,0
13219,Female,Delhi,38.2,1,46004.1,1,1,1,57059.31,0
13220,Female,Delhi,18.0,6,57454.38,1,1,1,128241.37,0
13221,Female,Hyderabad,47.9,9,71029.13,2,1,0,87477.18,0
13222,Male,Chennai,41.8,7,63986.19,2,1,1,74235.41,0
13223,Male,Mumbai,32.8,2,45825.25,2,1,0,67939.7,0
13224,Male,Kolkata,34.6,2,113993.39,2,0,1,95870.4,0
13225,Male,Bangalore,27.7,10,63037.03,1,1,0,38451.56,0
13226,Female,Chennai,39.6,1,133918.2,1,1,0,60548.44,0
13227,Male,Hyderabad,28.1,0,41505.55,1,1,0,117960.62,0
13228,Male,Kolkata,39.6,2,55581.17,4,1,0,15000.0,0
13229,Male,Chennai,44.2,9,65615.03,2,1,1,35166.77,0
13230,Male,Mumbai,47.8,10,66862.33,2,0,0,120035.62,0
13231,Female,Pune,45.3,6,89751.19,1,1,0,126903.85,1
13232,Female,Pune,36.4,10,6768.29,2,1,0,124614.49,0
13233,Male,Hyderabad,45.3,8,103177.68,2,0,1,84691.71,1
13234,Male,Mumbai,41.6,8,18130.15,2,1,1,93037.52,0
13235,Male,Chennai,41.5,5,45567.3,2,1,1,115372.25,0
13236,Male,Mumbai,27.7,5,66296.12,1,1,0,70465.1,0
13237,Male,Pune,25.0,10,75255.31,2,1,0,78021.46,0
13238,Male,Delhi,43.1,4,60014.84,1,0,0,41429.03,0
13239,Female,Chennai,45.8,1,53035.83,1,0,0,50306.39,0
13240,Female,Pune,32.5,6,65181.54,3,1,1,97279.68,0
13241,Male,Chennai,54.1,0,55056.71,1,1,1,80284.71,0
13242,Male,Hyderabad,66.6,5,92089.78,2,0,1,85056.71,0
13243,Female,Bangalore,61.0,3,82292.28,1,1,0,129426.79,0
13244,Female,Pune,36.8,2,76168.4,2,1,1,57778.81,0
13245,Female,Chennai,34.8,10,90570.13,1,1,0,70344.13,0
13246,Male,Bangalore,49.4,0,73703.71,2,1,0,86017.63,0
13247,Female,Bangalore,48.1,5,59035.92,2,1,0,80243.8,0
13248,Male,Delhi,26.6,6,24783.03,1,1,0,76747.78,0
13249,Female,Bangalore,37.1,10,111584.31,2,1,0,85056.71,1
13250,Female,Mumbai,47.9,0,93073.95,1,1,1,100543.04,0
13251,Female,Bangalore,29.2,10,34767.41,2,1,1,82690.22,0
13252,Male,Mumbai,31.1,0,83308.25,2,1,1,98801.95,1
13253,Female,Chennai,32.9,6,76523.71,1,1,0,88620.65,1
13254,Male,Bangalore,35.2,10,41418.03,2,1,1,151021.36,0
13255,Male,Delhi,21.2,5,99632.63,2,1,1,123806.02,0
13256,Male,Mumbai,48.3,6,69133.42,1,0,1,47227.67,0
13257,Female,Kolkata,31.2,7,36300.84,3,1,1,163146.28,0
13258,Male,Mumbai,42.4,7,34557.83,1,1,0,70831.97,0
13259,Male,Hyderabad,41.1,8,75399.29,2,0,0,65339.09,0
13260,Female,Kolkata,27.9,8,41128.47,1,0,1,66796.84,0
13261,Male,Delhi,18.8,6,46624.81,1,1,1,68391.43,0
13262,Female,Mumbai,41.1,8,75615.9,2,0,0,62525.56,0
13263,Male,Hyderabad,34.8,5,48484.93,2,1,1,100419.13,0
13264,Male,Mumbai,45.5,8,53254.27,1,0,1,106853.74,0
13265,Female,Bangalore,49.7,10,45253.32,2,1,0,78989.02,0
13266,Male,Pune,18.0,1,81812.51,2,1,1,63196.83,0
13267,Male,Pune,37.2,10,95962.12,1,0,1,90509.66,0
13268,Female,Hyderabad,52.5,1,22339.99,2,0,1,82254.3,0
13269,Female,Mumbai,57.2,5,40396.64,2,1,1,26502.26,0
13270,Female,Hyderabad,18.0,2,8836.43,2,0,0,110341.89,0
13271,Male,Delhi,53.8,1,68162.64,2,1,1,76840.28,0
13272,Male,Pune,27.9,7,70121.68,1,0,0,121229.23,0
13273,Female,Delhi,48.5,6,41257.09,2,1,0,44841.86,0
13274,Female,Kolkata,33.4,7,54082.15,2,1,1,88662.47,0
13275,Female,Bangalore,49.0,5,76449.8,1,1,1,114240.08,0
13276,Female,Delhi,35.7,8,103803.41,1,0,1,117559.45,0
13277,Female,Delhi,22.7,8,46507.53,2,1,1,75762.5,0
13278,Female,Chennai,33.0,1,67736.43,1,0,0,36692.64,0
13279,Male,Delhi,46.5,9,78648.04,1,1,1,91471.52,0
13280,Female,Kolkata,34.9,4,109930.26,3,1,1,56133.63,1
13281,Male,Kolkata,27.1,8,75051.11,1,1,0,61292.91,0
13282,Male,Bangalore,24.7,2,112727.07,2,1,0,51010.25,0
13283,Female,Hyderabad,30.3,4,28965.38,1,1,0,128601.59,0
13284,Female,Mumbai,40.1,7,75298.28,2,1,1,67189.56,0
13285,Male,Mumbai,46.9,1,58269.13,1,1,0,88017.02,1
13286,Male,Mumbai,35.3,5,64387.45,1,1,1,46557.68,0
13287,Male,Mumbai,36.4,10,34623.03,2,1,0,119309.72,0
13288,Female,Kolkata,37.8,3,95564.67,3,0,1,89526.71,0
13289,Female,Mumbai,46.5,5,79549.16,2,0,0,129338.94,0
13290,Male,Chennai,47.6,2,70333.15,4,0,0,57964.49,1
13291,Male,Mumbai,33.7,5,22163.69,2,1,0,84831.43,0
13292,Female,Delhi,36.8,6,87834.9,1,0,0,63412.93,0
13293,Male,Delhi,47.7,9,48381.47,2,1,1,65724.92,0
13294,Female,Chennai,31.7,2,45399.68,2,1,1,111827.66,0
13295,Male,Delhi,33.4,4,27310.18,1,1,0,88731.56,0
13296,Male,Delhi,47.7,7,56670.55,2,1,1,55945.2,0
13297,Female,Mumbai,33.1,1,51173.56,2,1,0,27551.08,0
13298,Male,Mumbai,43.0,6,98541.5,1,0,0,85030.45,0
13299,Male,Delhi,21.0,0,39905.8,1,0,0,74616.22,0
13300,Female,Mumbai,47.0,6,47028.61,1,0,1,124857.34,0
13301,Male,Mumbai,37.6,0,50241.08,3,1,0,128209.45,1
13302,Female,Delhi,44.9,3,44526.61,2,1,0,102918.96,0
13303,Female,Delhi,53.4,3,31804.47,2,1,1,104024.29,0
13304,Male,Bangalore,36.0,4,81231.15,3,0,0,64830.25,0
13305,Male,Mumbai,21.6,1,60674.04,1,0,0,96748.05,0
13306,Male,Mumbai,35.7,10,51516.56,2,1,1,111917.31,0
13307,Male,Delhi,54.6,5,48713.18,2,1,1,76840.64,0
13308,Male,Hyderabad,42.0,5,68142.39,2,1,1,115043.01,0
13309,Male,Pune,27.2,7,48896.37,2,0,0,76011.91,0
13310,Male,Delhi,37.7,9,63295.99,2,1,1,83166.42,0
13311,Female,Chennai,45.9,0,76938.58,1,1,0,110311.54,0
13312,Female,Delhi,38.5,3,73609.4,1,0,1,35293.66,0
13313,Female,Mumbai,38.2,1,100944.19,1,1,1,69606.7,0
13314,Male,Bangalore,31.4,10,89459.09,2,1,0,169895.04,0
13315,Male,Chennai,32.4,7,73262.79,1,0,1,31104.48,0
13316,Female,Kolkata,42.7,3,74542.33,2,1,1,120675.82,0
13317,Female,Kolkata,45.9,7,114012.91,1,0,0,62163.09,1
13318,Male,Hyderabad,37.9,1,45046.3,2,1,0,52314.57,1
13319,Female,Delhi,34.1,3,77432.82,2,1,1,69798.56,0
13320,Female,Mumbai,49.1,8,43436.47,2,0,1,30853.5,0
13321,Female,Hyderabad,34.9,4,85841.88,1,0,0,58042.2,0
13322,Male,Kolkata,40.1,5,80962.61,1,0,0,124826.02,0
13323,Female,Mumbai,46.4,9,58862.56,1,1,0,132812.76,0
13324,Female,Delhi,24.8,8,97442.79,1,1,1,50078.08,0
13325,Female,Mumbai,41.7,8,66505.42,2,1,0,77507.28,0
13326,Female,Delhi,18.0,6,73391.38,1,1,0,97918.54,0
13327,Female,Pune,38.8,10,24604.56,1,1,0,110851.36,0
13328,Female,Chennai,47.0,1,121317.52,2,1,0,134198.53,1
13329,Male,Mumbai,44.0,6,39187.56,1,0,1,71376.51,0
13330,Female,Mumbai,49.6,8,33914.02,1,0,0,85602.01,0
13331,Female,Mumbai,44.2,1,80532.2,2,0,0,41325.91,0
13332,Female,Bangalore,33.5,6,69283.84,2,0,1,67321.64,0
13333,Male,Bangalore,21.5,6,26677.89,2,0,0,69965.8,0
13334,Male,Pune,41.4,2,43565.54,1,1,0,60903.58,0
13335,Female,Pune,45.7,5,54893.17,1,0,0,103318.63,0
13336,Female,Pune,18.9,7,46418.22,2,1,0,157905.43,0
13337,Female,Kolkata,44.8,9,69907.84,1,0,0,45580.14,0
13338,Female,Kolkata,41.1,7,88273.39,1,1,1,77996.94,0
13339,Female,Delhi,35.6,2,119956.25,2,1,1,81380.37,0
13340,Female,Hyderabad,45.3,5,26734.11,2,0,1,85056.71,0
13341,Female,Chennai,36.7,1,63345.96,2,1,1,73507.01,0
13342,Female,Bangalore,35.9,1,67114.49,2,0,0,88602.92,1
13343,Female,Delhi,24.7,7,66779.15,1,1,1,86577.12,0
13344,Male,Chennai,44.9,10,69985.0,1,1,1,119366.54,0
13345,Male,Chennai,24.3,9,67076.0,2,1,1,121454.2,0
13346,Female,Delhi,31.8,4,94035.79,1,0,1,68211.6,0
13347,Male,Mumbai,45.5,4,74681.3,3,0,0,65337.48,1
13348,Male,Mumbai,38.0,10,27190.09,1,0,1,106895.31,0
13349,Male,Hyderabad,60.5,3,32062.0,1,1,0,131494.28,0
13350,Male,Delhi,47.1,10,87689.37,2,1,0,28227.51,1
13351,Male,Pune,49.0,9,77325.0,2,1,1,71517.89,0
13352,Male,Delhi,50.2,3,58099.25,1,1,1,84738.74,0
13353,Female,Kolkata,37.1,7,76806.14,1,1,0,16549.73,1
13354,Female,Pune,33.6,2,80297.09,1,1,0,66298.22,0
13355,Male,Delhi,25.4,10,90272.96,2,1,0,87814.27,0
13356,Male,Pune,22.6,2,59218.98,2,0,1,51501.23,0
13357,Female,Mumbai,53.8,7,84920.44,2,1,0,35924.95,1
13358,Male,Mumbai,32.5,2,61807.7,1,1,0,95119.55,1
13359,Female,Mumbai,50.7,1,28156.88,1,1,0,96976.17,0
13360,Female,Pune,22.3,10,74699.09,1,0,1,59889.91,0
13361,Female,Mumbai,37.8,4,96655.03,2,0,1,102098.65,0
13362,Male,Bangalore,55.2,10,84487.89,2,1,0,15000.0,0
13363,Female,Kolkata,43.2,2,94983.65,2,1,0,102587.48,0
13364,Male,Delhi,43.5,5,69405.49,2,1,1,132560.34,0
13365,Female,Delhi,33.0,10,43879.3,2,1,0,128633.83,0
13366,Female,Chennai,29.2,6,69829.39,3,1,1,85990.23,0
13367,Male,Pune,39.5,2,55638.25,2,0,0,123626.64,0
13368,Male,Pune,26.5,8,73194.36,2,1,0,78871.39,0
13369,Male,Kolkata,38.7,9,66468.24,2,1,1,118366.81,0
13370,Female,Mumbai,51.8,0,90725.68,2,1,1,49055.91,0
13371,Male,Hyderabad,24.8,6,30417.82,3,1,1,84974.06,0
13372,Female,Delhi,47.7,3,6567.48,2,1,0,139283.23,0
13373,Male,Mumbai,52.0,6,66964.15,1,1,0,99130.45,0
13374,Female,Hyderabad,36.9,8,56107.16,2,1,0,113190.9,0
13375,Female,Chennai,40.4,8,52021.05,2,1,0,101566.29,1
13376,Female,Pune,34.2,0,47333.52,2,0,1,77847.85,0
13377,Female,Mumbai,36.3,9,64099.3,1,0,1,128669.88,0
13378,Male,Kolkata,49.8,3,75311.59,3,1,1,54735.3,0
13379,Male,Delhi,48.7,6,78748.35,2,1,0,58289.67,1
13380,Female,Kolkata,44.7,9,0.0,3,1,0,98983.87,0
13381,Male,Delhi,47.3,5,62407.88,2,0,1,148093.95,0
13382,Male,Chennai,42.4,8,20430.81,2,1,1,23842.6,0
13383,Male,Delhi,25.3,6,87258.75,1,1,0,43530.58,0
13384,Male,Hyderabad,52.8,2,80549.57,1,1,0,90528.28,1
13385,Male,Hyderabad,40.1,6,38355.69,2,1,0,101213.6,0
13386,Female,Bangalore,38.8,9,67215.02,1,0,1,98143.01,0
13387,Male,Hyderabad,50.2,4,14919.66,4,0,1,94704.33,0
13388,Female,Mumbai,40.1,1,75920.92,1,0,1,65584.09,0
13389,Male,Mumbai,47.5,9,76283.49,1,1,0,77176.25,0
13390,Female,Mumbai,25.7,2,83952.07,1,1,1,89188.54,0
13391,Male,Pune,47.1,5,80538.18,2,1,1,144371.0,1
13392,Female,Kolkata,54.4,5,51539.15,1,1,1,131970.55,0
13393,Female,Pune,31.1,6,39275.28,1,1,1,153669.9,0
13394,Male,Pune,29.6,5,47592.12,1,0,1,89341.19,0
13395,Female,Mumbai,40.9,8,61863.54,2,0,0,56069.07,0
13396,Female,Kolkata,29.2,4,33403.38,1,1,0,54328.52,0
13397,Female,Mumbai,18.0,4,56351.6,1,1,0,92855.27,0
13398,Female,Chennai,39.7,7,56356.79,2,1,1,103585.98,0
13399,Male,Bangalore,44.0,7,92942.37,1,1,0,142425.59,0
13400,Female,Mumbai,36.1,0,76766.94,2,0,0,50538.17,0
13401,Male,Delhi,41.4,2,47015.07,2,1,1,55593.57,0
13402,Male,Bangalore,52.6,5,72293.17,2,1,0,121905.56,0
13403,Female,Chennai,35.7,5,75520.55,1,1,1,49401.76,0
13404,Male,Hyderabad,37.3,0,21620.91,2,1,1,86818.17,0
13405,Female,Pune,39.8,1,116893.52,1,0,1,141857.98,0
13406,Female,Delhi,36.2,9,60445.83,1,1,0,115621.68,0
13407,Female,Mumbai,36.2,6,42479.75,2,1,1,90842.84,0
13408,Female,Pune,60.5,0,65504.67,2,1,1,102397.35,0
13409,Male,Hyderabad,41.5,9,42031.9,1,1,0,16283.93,0
13410,Male,Chennai,36.4,4,21014.14,2,1,1,141533.59,0
13411,Male,Delhi,56.6,0,79080.68,1,1,1,22662.72,0
13412,Male,Mumbai,53.0,5,66059.28,1,1,1,66822.88,1
13413,Male,Mumbai,47.5,6,71529.9,2,1,1,61017.24,0
13414,Male,Chennai,32.7,7,22713.64,3,0,1,87394.41,0
13415,Female,Bangalore,72.8,2,76393.12,1,1,0,64391.97,1
13416,Female,Pune,21.2,2,59324.59,1,1,0,56240.47,1
13417,Male,Bangalore,18.6,10,33665.87,2,0,1,56826.66,0
13418,Female,Mumbai,44.6,0,42251.4,2,1,0,192633.27,0
13419,Male,Chennai,35.7,2,104303.52,2,1,1,77417.4,0
13420,Male,Mumbai,40.1,4,54073.11,1,0,1,91406.58,0
13421,Female,Delhi,38.3,5,103183.66,2,1,1,112888.46,0
13422,Female,Bangalore,40.9,2,41032.85,1,0,0,88512.7,1
13423,Female,Delhi,38.0,3,50642.39,1,0,0,42490.05,0
13424,Male,Chennai,43.6,4,54604.71,2,1,0,115724.23,0
13425,Female,Chennai,34.4,4,84369.69,2,1,1,80642.9,0
13426,Female,Mumbai,38.3,8,71207.43,2,1,1,61458.63,0
13427,Female,Hyderabad,55.7,7,69208.78,2,1,0,46476.32,1
13428,Female,Delhi,51.5,0,90934.88,1,0,1,81533.81,0
13429,Female,Bangalore,37.5,1,80161.09,1,1,1,155729.94,0
13430,Female,Chennai,46.6,4,30994.85,1,1,0,77076.97,0
13431,Female,Chennai,50.5,2,88866.48,1,1,1,31000.69,0
13432,Female,Delhi,28.7,6,38234.01,1,1,1,80165.89,0
13433,Female,Pune,44.0,10,89626.44,1,0,1,137143.16,0
13434,Male,Bangalore,41.9,5,76009.21,2,1,1,109649.21,0
13435,Female,Mumbai,47.9,1,79206.0,1,1,1,58726.85,0
13436,Male,Delhi,28.7,7,53982.68,3,1,1,34810.03,0
13437,Male,Mumbai,39.6,4,37932.5,2,1,0,153516.08,0
13438,Female,Kolkata,30.9,5,61212.94,1,1,1,55293.55,0
13439,Female,Bangalore,44.0,7,72323.64,1,1,0,36479.79,0
13440,Female,Chennai,30.1,5,79339.93,1,1,1,86934.43,0
13441,Male,Kolkata,33.5,9,52106.69,3,1,1,75152.67,0
13442,Female,Mumbai,41.5,2,48128.26,1,0,0,113505.4,0
13443,Male,Mumbai,28.7,6,57053.03,1,1,0,128235.99,0
13444,Female,Bangalore,20.6,3,84972.94,1,1,0,68072.66,1
13445,Female,Hyderabad,52.5,5,19897.34,1,1,1,30679.34,0
13446,Female,Pune,32.3,5,57991.98,2,0,1,92170.84,0
13447,Female,Chennai,23.2,10,47649.41,1,1,1,95646.37,0
13448,Female,Kolkata,26.7,4,77426.83,1,0,0,172977.5,1
13449,Female,Delhi,38.8,0,91789.32,3,1,1,45997.96,1
13450,Male,Hyderabad,58.9,7,24253.23,2,0,1,134155.75,0
13451,Male,Chennai,38.3,9,72942.25,1,1,1,142719.74,0
13452,Female,Delhi,47.0,1,87109.61,2,1,0,35739.39,0
13453,Female,Pune,35.4,3,40459.66,1,1,1,62115.87,0
13454,Male,Delhi,42.2,2,89207.82,3,0,0,91481.04,1
13455,Male,Delhi,37.5,5,40139.12,1,1,0,69542.27,0
13456,Male,Hyderabad,46.8,10,79813.1,1,0,1,93175.61,0
13457,Female,Mumbai,26.4,0,94308.56,2,0,0,98049.27,1
13458,Female,Hyderabad,40.9,8,46044.82,1,1,1,92627.95,0
13459,Female,Kolkata,41.8,4,58391.82,2,0,0,87467.24,0
13460,Female,Mumbai,44.8,4,92838.62,2,0,0,96327.19,0
13461,Male,Pune,23.9,3,5848.94,1,1,1,51328.64,1
13462,Male,Hyderabad,34.3,3,77174.86,1,1,0,112079.75,0
13463,Female,Mumbai,47.2,0,109952.89,1,0,1,107157.59,1
13464,Female,Mumbai,42.7,8,0.0,2,1,1,119825.75,0
13465,Male,Hyderabad,60.8,8,91934.47,1,0,1,82565.56,1
13466,Female,Mumbai,33.6,3,85624.57,1,0,0,25459.65,0
13467,Male,Bangalore,18.0,9,63655.11,2,1,0,116144.73,0
13468,Female,Kolkata,34.4,9,75246.34,1,1,0,127714.71,0
13469,Female,Chennai,18.0,3,71141.55,2,0,1,47906.25,0
13470,Male,Delhi,48.4,6,51394.13,2,0,1,33916.55,0
13471,Male,Mumbai,40.0,3,95928.92,1,1,1,66273.6,0
13472,Female,Chennai,44.8,0,64843.5,1,0,1,15000.0,0
13473,Female,Hyderabad,46.7,10,74840.45,2,1,1,85271.5,0
13474,Female,Chennai,52.5,8,40998.45,2,1,0,107544.3,0
13475,Female,Mumbai,18.0,1,6626.91,2,1,1,69047.05,0
13476,Female,Delhi,18.0,4,35529.08,2,0,1,70036.91,0
13477,Male,Delhi,30.9,3,110729.34,1,1,1,107093.61,1
13478,Female,Kolkata,36.4,7,81105.07,1,1,0,76836.77,0
13479,Female,Mumbai,42.4,5,54198.98,2,1,1,83928.95,0
13480,Male,Mumbai,41.5,6,79309.33,2,0,0,136012.2,0
13481,Male,Delhi,42.1,1,75571.34,2,1,0,85326.49,0
13482,Female,Pune,21.2,3,19977.42,1,1,1,105794.75,0
13483,Male,Kolkata,30.5,3,86247.08,1,1,1,85543.75,0
13484,Female,Delhi,36.1,1,17297.38,2,1,0,91501.23,0
13485,Female,Bangalore,38.2,9,49281.24,2,0,1,29315.36,0
13486,Female,Pune,34.0,3,40496.74,4,0,0,15000.0,1
13487,Male,Pune,43.1,8,70026.76,1,1,1,69968.53,0
13488,Male,Bangalore,26.3,7,70274.56,1,1,1,121668.38,0
13489,Male,Hyderabad,34.2,10,0.0,1,0,0,98853.92,0
13490,Male,Chennai,46.0,0,95752.3,1,1,1,78146.48,0
13491,Male,Kolkata,42.5,7,66561.22,1,1,1,101522.92,1
13492,Female,Mumbai,35.5,10,89071.3,2,0,0,69346.06,0
13493,Female,Pune,35.8,8,65828.72,1,1,0,103523.69,0
13494,Female,Chennai,34.3,7,69400.88,1,1,1,56814.77,0
13495,Female,Delhi,36.0,9,29141.27,2,0,0,65872.45,0
13496,Male,Mumbai,34.0,0,45551.79,1,1,1,45472.9,0
13497,Female,Kolkata,35.6,7,59623.48,2,1,1,46317.34,0
13498,Female,Delhi,43.5,4,82400.48,1,1,1,67977.24,0
13499,Male,Pune,43.3,8,53732.79,1,1,0,136539.68,0
13500,Female,Delhi,24.2,8,47019.61,2,0,1,84446.2,0
13501,Male,Kolkata,61.5,5,42414.78,2,1,0,79530.11,0
13502,Female,Mumbai,33.5,2,73961.92,2,1,1,133987.6,0
13503,Female,Delhi,45.6,6,62710.35,2,1,1,46899.3,0
13504,Male,Mumbai,27.1,2,42930.29,2,1,1,57495.29,0
13505,Female,Mumbai,57.6,6,60160.11,2,1,0,68873.69,1
13506,Female,Delhi,46.5,7,46178.37,1,1,1,93379.67,0
13507,Female,Delhi,44.6,4,40541.96,1,1,1,153437.3,0
13508,Male,Chennai,37.9,4,25047.18,3,1,1,159778.77,0
13509,Female,Delhi,18.0,3,31028.22,1,0,1,82391.2,0
13510,Male,Delhi,60.0,2,63681.63,2,1,1,49898.3,0
13511,Male,Bangalore,50.2,7,14337.39,2,1,0,61133.27,0
13512,Male,Delhi,36.1,10,43936.24,2,1,0,67089.41,0
13513,Female,Chennai,45.7,5,81175.96,2,1,0,131273.95,0
13514,Female,Hyderabad,24.3,5,89549.73,2,1,0,114237.64,0
13515,Female,Bangalore,18.0,1,74253.81,2,1,1,98920.49,0
13516,Female,Bangalore,40.2,3,85397.83,1,0,1,33768.12,0
13517,Male,Delhi,30.4,4,65491.52,1,1,0,109678.23,0
13518,Male,Pune,34.2,10,38683.42,3,1,0,15000.0,1
13519,Male,Pune,39.4,9,82145.79,3,1,1,52484.4,0
13520,Male,Mumbai,25.8,4,77167.38,1,1,1,68407.55,0
13521,Male,Hyderabad,39.0,2,51501.17,1,1,0,116803.33,1
13522,Male,Chennai,26.8,9,49439.61,1,1,1,117339.35,0
13523,Male,Bangalore,52.1,4,63858.62,1,0,1,79098.37,0
13524,Male,Delhi,38.8,4,93326.98,2,1,0,60581.71,0
13525,Male,Delhi,46.3,1,55601.72,1,1,1,94390.87,0
13526,Male,Mumbai,18.7,4,0.0,2,1,0,67203.62,0
13527,Female,Delhi,47.1,2,75836.13,2,1,1,83474.1,0
13528,Female,Delhi,58.0,2,37266.48,3,0,1,73141.61,0
13529,Male,Bangalore,41.4,4,76126.52,2,0,1,100360.13,0
13530,Male,Chennai,46.3,8,75166.33,1,1,0,52617.53,1
13531,Male,Delhi,37.1,1,103464.05,2,1,1,69525.43,1
13532,Female,Delhi,44.5,8,62519.79,1,0,0,37574.36,0
13533,Male,Chennai,59.2,2,77400.02,3,1,0,61846.46,1
13534,Male,Pune,67.0,6,68343.47,1,1,0,102530.52,1
13535,Male,Kolkata,43.8,0,86969.35,2,1,1,81776.74,0
13536,Male,Mumbai,27.8,0,0.0,1,0,1,15000.0,0
13537,Male,Mumbai,47.5,7,48070.6,1,1,0,80734.43,0
13538,Male,Pune,25.1,8,58828.35,1,0,1,82183.73,0
13539,Female,Bangalore,32.5,2,66168.73,1,1,1,127202.3,0
13540,Male,Bangalore,33.9,5,34651.06,4,1,0,93748.44,0
13541,Male,Hyderabad,64.5,2,72409.31,2,1,1,152475.57,0
13542,Female,Mumbai,57.1,5,87056.26,2,1,0,122053.96,0
13543,Male,Mumbai,54.7,6,47682.43,3,1,0,46660.45,0
13544,Male,Bangalore,49.8,4,40696.38,2,1,1,164898.61,0
13545,Female,Delhi,29.1,2,74886.07,1,0,0,72221.64,0
13546,Male,Mumbai,42.8,7,68981.25,2,0,0,69857.25,0
13547,Male,Chennai,62.1,4,70837.4,2,1,0,42656.65,1
13548,Female,Mumbai,45.4,0,28693.83,1,0,0,49576.3,0
13549,Male,Chennai,52.4,8,133402.23,1,0,1,15000.0,0
13550,Female,Delhi,20.7,2,3295.26,2,1,0,109756.69,0
13551,Female,Hyderabad,48.7,1,86641.0,1,1,1,121142.59,0
13552,Male,Bangalore,27.3,2,47061.86,1,1,0,99536.8,0
13553,Female,Hyderabad,40.1,6,140544.62,1,1,1,85056.71,0
13554,Female,Hyderabad,57.1,10,75981.74,1,0,0,62949.08,0
13555,Male,Bangalore,44.2,9,91670.93,2,1,1,87385.24,1
13556,Female,Delhi,49.8,7,77448.01,2,1,1,83346.64,0
13557,Male,Mumbai,37.8,1,3892.62,1,1,0,120239.81,0
13558,Female,Mumbai,18.0,6,67809.14,3,1,0,89077.24,0
13559,Male,Hyderabad,28.8,10,74014.61,1,1,1,55468.31,0
13560,Male,Chennai,48.2,4,76836.51,2,1,1,98791.03,0
13561,Male,Delhi,44.0,8,94576.63,2,1,1,68905.82,0
13562,Female,Delhi,59.9,6,70679.53,1,1,0,115572.62,0
13563,Male,Delhi,41.5,0,85117.74,1,1,1,87061.55,0
13564,Male,Hyderabad,29.3,0,45980.47,1,1,0,144305.64,0
13565,Male,Hyderabad,39.7,5,20881.05,1,1,0,92294.78,0
13566,Female,Kolkata,52.0,8,41907.44,2,1,1,145931.77,0
13567,Female,Delhi,18.9,0,46435.49,1,1,1,85652.47,1
13568,Female,Delhi,44.1,2,41938.32,1,1,1,112579.78,0
13569,Female,Delhi,24.9,4,34409.22,2,1,1,82340.02,0
13570,Female,Kolkata,42.0,3,41061.28,2,1,1,60538.5,0
13571,Male,Mumbai,48.7,0,53986.47,2,0,1,49495.36,0
13572,Female,Pune,46.6,9,39492.62,2,1,0,98393.94,0
13573,Female,Chennai,56.1,3,129183.26,2,1,1,105344.4,0
13574,Female,Pune,43.0,3,30006.26,2,1,0,56009.99,0
13575,Female,Hyderabad,46.2,10,75998.2,2,0,1,58007.4,0
13576,Male,Bangalore,46.6,9,51479.25,1,1,1,85056.71,0
13577,Male,Delhi,28.4,3,78420.61,2,1,1,132992.84,0
13578,Female,Hyderabad,38.5,2,58948.08,3,0,1,85056.71,0
13579,Female,Mumbai,18.0,6,86268.35,2,1,0,106495.62,0
13580,Female,Pune,44.5,0,55010.06,1,1,0,122073.94,0
13581,Female,Hyderabad,18.0,1,67182.88,2,1,1,135783.5,0
13582,Female,Chennai,50.2,0,9811.39,2,0,0,106855.92,0
13583,Male,Delhi,59.8,3,30631.51,1,1,1,125291.34,0
13584,Female,Mumbai,46.0,4,26144.42,2,1,0,58698.14,0
13585,Male,Hyderabad,47.8,10,102910.12,3,1,0,59384.62,1
13586,Male,Mumbai,54.5,9,88301.19,1,1,0,116768.1,0
13587,Male,Delhi,34.8,4,69871.67,1,0,0,51307.04,0
13588,Female,Bangalore,24.7,1,91137.0,2,1,0,127380.37,0
13589,Male,Chennai,39.0,10,39654.69,1,1,1,55738.06,0
13590,Male,Kolkata,30.8,2,102188.63,2,1,0,106206.82,0
13591,Male,Mumbai,40.9,3,67423.67,1,1,1,90497.46,0
13592,Male,Pune,43.1,9,59042.08,1,1,0,58687.6,0
13593,Female,Pune,34.3,5,90370.46,2,0,0,85562.65,0
13594,Female,Delhi,31.4,5,88881.42,2,1,1,84562.41,0
13595,Female,Pune,18.0,1,29514.84,1,0,1,97091.6,0
13596,Female,Delhi,38.0,1,86544.89,2,0,0,46404.65,0
13597,Male,Pune,34.8,8,60677.97,1,1,0,98827.39,0
13598,Female,Chennai,35.6,1,71934.01,4,0,0,107537.92,0
13599,Male,Chennai,48.8,1,54702.79,1,1,1,130795.66,0
13600,Female,Mumbai,63.6,2,37570.61,1,0,0,37400.47,0
13601,Male,Pune,35.7,8,31171.84,1,0,1,106284.93,0
13602,Female,Delhi,44.6,5,49500.78,2,1,0,67619.09,1
13603,Male,Delhi,43.0,10,75897.17,1,1,0,85056.71,0
13604,Male,Hyderabad,53.6,5,71372.66,2,0,1,71123.17,0
13605,Male,Bangalore,29.1,9,70077.76,2,1,1,82581.41,0
13606,Male,Mumbai,28.7,4,84922.89,3,1,1,122128.4,0
13607,Female,Kolkata,30.1,6,63610.42,2,0,1,64855.15,0
13608,Male,Delhi,18.0,10,112375.9,1,1,0,38776.17,0
13609,Female,Delhi,39.4,3,74430.19,1,0,0,15000.0,0
13610,Male,Hyderabad,27.4,9,40326.53,1,1,0,83543.66,0
13611,Female,Bangalore,43.0,9,31541.33,4,1,0,15000.0,0
13612,Male,Delhi,18.0,2,73314.3,2,1,1,30432.38,0
13613,Male,Mumbai,39.3,6,59630.41,2,0,0,73644.7,0
13614,Female,Delhi,36.9,9,36105.8,2,1,0,104834.04,0
13615,Male,Pune,33.5,0,61060.73,1,0,0,72653.18,0
13616,Male,Kolkata,52.0,5,51226.58,1,1,0,38668.92,0
13617,Female,Bangalore,30.3,10,53904.1,2,1,1,69357.95,0
13618,Female,Bangalore,43.6,10,98933.37,1,0,0,15000.0,0
13619,Female,Hyderabad,32.4,10,82947.65,1,1,1,91409.87,1
13620,Male,Kolkata,59.9,1,91191.68,2,0,1,153054.18,0
13621,Female,Pune,38.4,1,107924.54,1,0,1,130654.92,0
13622,Male,Pune,48.1,10,68125.42,2,1,0,44666.71,0
13623,Male,Mumbai,47.3,7,71310.71,1,1,1,43080.78,0
13624,Female,Mumbai,40.1,2,73165.14,1,0,1,37826.86,0
13625,Male,Delhi,41.8,8,92741.13,1,0,1,39616.92,0
13626,Male,Kolkata,24.2,3,91353.91,2,1,1,48699.84,0
13627,Male,Pune,45.3,5,50329.18,1,0,0,54073.98,0
13628,Female,Pune,43.3,0,36412.06,1,0,1,104078.64,0
13629,Female,Mumbai,18.0,10,38120.15,1,0,1,118407.23,0
13630,Female,Bangalore,19.9,9,66293.34,4,0,1,48377.61,0
13631,Female,Pune,48.5,9,34179.65,2,1,1,29601.77,0
13632,Male,Mumbai,57.0,2,74088.7,2,1,1,113733.61,0
13633,Male,Pune,39.0,3,11821.38,2,0,1,120030.32,0
13634,Male,Pune,49.7,4,111759.92,1,1,1,132732.03,0
13635,Male,Mumbai,41.3,0,30711.59,2,1,1,60159.93,0
13636,Female,Mumbai,40.4,3,48694.92,2,0,0,45421.82,0
13637,Female,Chennai,38.3,4,50559.5,1,0,0,114577.58,0
13638,Male,Delhi,41.0,3,101598.61,2,1,0,140489.14,0
13639,Male,Mumbai,44.7,9,64819.03,2,1,1,87523.56,0
13640,Male,Bangalore,35.2,9,38346.82,1,0,1,133827.33,0
13641,Male,Bangalore,55.0,6,63196.66,1,0,0,70708.85,1
13642,Female,Kolkata,28.0,7,66119.98,2,1,1,72218.11,0
13643,Male,Mumbai,60.4,7,74670.64,2,1,1,85056.71,0
13644,Male,Hyderabad,37.4,2,37632.28,1,1,0,88619.99,0
13645,Female,Mumbai,39.4,4,87112.79,2,0,0,110216.85,0
13646,Male,Chennai,32.5,9,68250.41,3,1,1,50746.78,0
13647,Female,Pune,44.9,7,101669.74,2,1,0,70280.88,0
13648,Male,Mumbai,35.5,6,60662.69,3,1,1,30178.82,0
13649,Female,Hyderabad,34.3,8,63113.52,2,1,1,85186.82,0
13650,Female,Hyderabad,47.4,9,60857.41,2,1,0,59720.4,0
13651,Female,Bangalore,53.9,6,96291.7,2,1,0,95857.29,0
13652,Male,Chennai,27.5,1,82121.0,2,1,0,74570.71,0
13653,Female,Pune,49.9,3,46721.51,2,1,0,149870.23,0
13654,Male,Hyderabad,55.0,7,131885.15,2,0,0,95742.72,0
13655,Male,Chennai,18.8,8,48963.82,2,1,0,88122.24,0
13656,Male,Mumbai,29.8,6,51871.64,1,0,0,85056.71,0
13657,Male,Mumbai,54.7,4,89095.31,2,1,1,86550.74,0
13658,Female,Mumbai,44.5,0,60986.22,2,1,1,110531.84,0
13659,Female,Pune,60.5,8,38046.07,2,1,1,31727.07,0
13660,Female,Delhi,37.9,5,95808.28,2,0,1,122385.52,0
13661,Female,Delhi,33.7,1,115061.78,2,1,0,115853.6,0
13662,Female,Chennai,56.3,10,39372.32,1,1,1,94156.56,0
13663,Male,Mumbai,30.0,9,95611.47,1,1,1,124441.88,0
13664,Male,Bangalore,37.1,9,52644.38,2,1,1,60271.75,1
13665,Female,Pune,46.7,1,12950.72,2,0,1,29502.4,0
13666,Male,Delhi,47.9,9,81294.86,2,1,0,101157.89,0
13667,Female,Mumbai,30.4,0,18213.58,2,1,1,28614.78,0
13668,Male,Kolkata,43.1,3,46745.39,1,0,1,41888.52,0
13669,Male,Delhi,36.5,9,58124.37,3,1,1,49957.56,0
13670,Male,Delhi,19.8,10,64177.29,1,0,0,82143.37,0
13671,Male,Mumbai,34.5,1,92328.93,1,1,1,72351.78,0
13672,Male,Delhi,20.4,9,49666.14,1,0,1,48674.41,0
13673,Female,Bangalore,32.1,10,99894.67,2,1,0,156269.83,0
13674,Male,Mumbai,25.6,8,62712.33,2,1,1,122432.59,0
13675,Female,Chennai,49.3,1,37845.03,2,1,0,89967.55,0
13676,Male,Delhi,43.6,10,79856.69,1,1,1,114580.42,0
13677,Male,Bangalore,58.5,8,110003.6,1,1,0,80115.88,0
13678,Male,Delhi,28.9,0,53486.05,1,0,1,146401.56,0
13679,Female,Hyderabad,41.5,6,38898.4,1,1,1,172893.01,0
13680,Male,Chennai,26.8,5,50584.62,2,1,1,107835.14,0
13681,Female,Pune,32.4,5,21587.2,1,1,0,16947.02,0
13682,Male,Kolkata,35.2,1,72645.06,2,1,0,92904.98,1
13683,Female,Delhi,63.7,0,26194.23,2,1,0,87164.18,0
13684,Male,Delhi,44.4,9,81038.42,2,1,1,93700.04,0
13685,Female,Mumbai,38.5,7,58340.71,1,1,0,124242.49,0
13686,Female,Delhi,52.9,7,82345.07,1,1,1,64780.36,0
13687,Female,Delhi,48.1,1,58428.78,2,1,1,79537.15,0
13688,Male,Delhi,39.3,3,77141.61,2,1,1,88919.47,0
13689,Male,Mumbai,48.1,3,40309.26,2,0,0,68780.13,0
13690,Male,Mumbai,36.3,1,71974.55,1,1,0,108397.5,0
13691,Female,Chennai,75.8,10,48587.46,1,0,1,48231.36,0
13692,Female,Delhi,40.1,8,80240.36,1,1,1,100133.77,0
13693,Female,Mumbai,35.1,3,61400.08,1,1,1,119572.5,0
13694,Male,Mumbai,49.1,3,92556.9,1,1,1,113309.26,0
13695,Male,Bangalore,46.6,3,58702.04,1,0,1,83560.89,0
13696,Male,Mumbai,43.4,4,46287.22,1,0,1,126480.54,0
13697,Male,Delhi,46.2,9,68387.44,2,1,0,34216.31,0
13698,Female,Delhi,30.3,7,123613.59,1,1,0,94526.13,0
13699,Female,Kolkata,34.8,3,91935.04,2,0,1,187109.99,0
13700,Male,Hyderabad,59.9,2,44965.49,1,0,0,135365.26,0
13701,Female,Pune,42.4,10,64912.31,2,1,0,106227.36,0
13702,Female,Mumbai,31.6,0,48358.02,1,0,1,116075.61,0
13703,Male,Pune,38.3,1,43232.26,1,0,1,92091.92,0
13704,Female,Hyderabad,33.6,3,65361.21,1,0,0,85667.21,0
13705,Male,Chennai,50.8,8,58540.02,3,1,1,108475.85,0
13706,Female,Delhi,33.3,0,38974.54,2,1,1,102684.13,0
13707,Female,Delhi,40.5,5,48535.44,2,1,0,129775.22,0
13708,Male,Hyderabad,32.0,5,66345.84,3,1,0,84133.91,1
13709,Male,Delhi,66.5,9,50545.12,2,1,1,89433.52,0
13710,Male,Pune,47.6,2,64616.7,1,1,0,131820.0,0
13711,Male,Pune,47.1,9,47536.63,1,1,1,63295.63,1
13712,Female,Hyderabad,48.4,8,76701.82,2,1,1,88313.75,0
13713,Female,Pune,35.3,9,47828.62,2,1,1,121839.65,0
13714,Female,Delhi,58.3,2,80853.84,1,0,0,54983.47,0
13715,Female,Delhi,39.2,0,57687.8,2,1,0,86864.5,0
13716,Male,Chennai,61.3,1,11355.47,2,0,0,17850.79,0
13717,Male,Mumbai,36.1,3,58400.98,2,1,1,68300.28,0
13718,Male,Delhi,48.6,3,77626.53,2,1,0,57292.75,0
13719,Male,Bangalore,42.0,1,51182.35,1,0,1,65702.28,0
13720,Male,Bangalore,43.2,9,60096.07,2,1,1,140323.05,0
13721,Male,Delhi,20.0,5,80612.38,2,1,0,15946.44,0
13722,Female,Delhi,28.2,5,102997.2,1,1,0,115498.22,0
13723,Female,Mumbai,58.1,2,93841.58,1,1,1,70193.75,0
13724,Male,Chennai,24.5,0,67720.83,2,0,1,98408.67,0
13725,Male,Pune,50.7,9,78992.9,1,0,1,56646.84,0
13726,Female,Bangalore,71.2,8,67252.74,1,0,0,117562.27,1
13727,Male,Bangalore,46.6,3,27446.11,2,1,0,68621.27,1
13728,Male,Bangalore,65.5,8,96655.11,1,1,1,38414.78,1
13729,Male,Delhi,48.3,4,97900.54,1,1,0,81442.91,0
13730,Female,Delhi,43.2,6,23094.25,1,1,0,76603.1,0
13731,Male,Mumbai,44.5,2,55436.96,1,0,1,59222.65,1
13732,Male,Delhi,37.9,2,103363.24,1,0,1,84762.38,0
13733,Male,Bangalore,37.5,7,70479.86,1,0,1,52652.78,0
13734,Female,Hyderabad,33.7,0,40016.32,2,0,0,69879.52,0
13735,Male,Delhi,40.1,7,95455.31,2,1,1,111004.51,0
13736,Male,Chennai,66.4,7,67901.77,2,1,1,110231.48,0
13737,Female,Pune,57.1,2,97387.77,1,0,1,86241.54,0
13738,Female,Kolkata,42.5,0,67133.39,2,0,0,79112.82,0
13739,Female,Mumbai,47.4,8,11129.94,1,1,0,135213.85,0
13740,Female,Chennai,39.0,3,110173.21,1,0,0,129200.4,0
13741,Female,Kolkata,57.1,6,37314.91,1,1,0,85267.1,1
13742,Female,Chennai,20.4,8,54070.62,1,1,1,15000.0,0
13743,Female,Delhi,63.2,2,95025.58,2,0,0,112431.37,1
13744,Male,Delhi,33.5,4,122018.29,2,0,0,78018.01,0
13745,Male,Bangalore,35.4,9,63353.61,2,0,1,69361.71,0
13746,Male,Mumbai,25.3,10,73942.14,4,1,0,71708.54,0
13747,Female,Pune,41.9,2,35359.63,2,1,0,134172.84,1
13748,Male,Delhi,40.1,4,58079.79,1,1,1,101771.94,0
13749,Male,Delhi,54.0,10,92443.54,2,1,0,94437.45,0
13750,Female,Bangalore,48.1,1,72697.83,1,1,1,71319.03,0
13751,Female,Delhi,31.7,3,108373.06,2,1,0,130043.71,0
13752,Female,Bangalore,29.5,1,30087.81,2,1,0,80161.39,0
13753,Male,Hyderabad,32.3,2,29047.46,1,1,0,147007.75,0
13754,Female,Mumbai,28.7,4,47883.06,1,0,1,89262.53,0
13755,Male,Delhi,36.6,8,49089.72,1,1,1,128544.79,0
13756,Male,Mumbai,29.9,2,88918.67,1,0,1,54826.63,0
13757,Male,Hyderabad,54.0,9,54728.91,2,1,1,75929.47,0
13758,Male,Hyderabad,34.0,5,35554.02,1,0,1,156784.49,0
13759,Male,Delhi,46.9,3,74934.13,2,0,0,140644.25,0
13760,Female,Kolkata,47.0,3,45781.78,2,1,1,135650.87,0
13761,Male,Mumbai,18.0,10,37660.56,1,1,0,91521.49,0
13762,Female,Mumbai,48.6,9,91503.5,1,0,1,124692.47,0
13763,Female,Delhi,19.5,9,97348.78,2,1,1,155014.97,0
13764,Male,Pune,30.0,4,89471.61,1,1,1,136277.14,0
13765,Female,Pune,48.0,10,44139.68,1,1,0,83241.92,0
13766,Male,Mumbai,41.5,6,50265.93,2,1,0,139385.89,0
13767,Female,Pune,35.9,10,78597.71,1,1,0,71188.85,0
13768,Male,Chennai,18.6,3,83553.62,2,1,1,36641.98,0
13769,Male,Chennai,51.6,7,59255.96,2,1,1,65180.77,0
13770,Male,Delhi,45.2,8,95126.89,1,1,0,79408.17,0
13771,Female,Chennai,29.7,8,13860.9,1,1,0,101864.29,0
13772,Female,Kolkata,28.5,8,50681.7,1,1,0,85056.71,0
13773,Male,Kolkata,52.3,1,120385.78,1,0,1,54016.98,0
13774,Female,Kolkata,43.6,2,64645.72,1,0,0,44027.06,0
13775,Female,Chennai,23.7,4,53057.64,1,0,1,91792.96,0
13776,Female,Mumbai,31.2,0,76856.25,1,1,1,15000.0,1
13777,Female,Delhi,63.5,3,41092.1,2,0,1,120132.42,0
13778,Female,Bangalore,52.0,10,6717.5,1,1,1,82191.01,0
13779,Female,Delhi,40.0,4,140064.48,1,1,1,38598.46,0
13780,Female,Mumbai,40.3,8,43529.42,2,1,1,84074.92,0
13781,Male,Hyderabad,18.0,7,70559.61,2,1,0,105082.02,0
13782,Male,Mumbai,55.7,0,69343.28,2,0,0,98498.73,1
13783,Male,Delhi,34.6,2,77380.23,2,1,1,133292.69,0
13784,Female,Mumbai,30.3,2,45159.53,1,1,1,104982.79,0
13785,Female,Mumbai,49.0,10,466.75,2,1,0,94876.64,0
13786,Male,Mumbai,32.4,5,48614.99,4,1,1,78193.42,0
13787,Female,Chennai,18.1,3,65764.08,2,1,0,59616.4,0
13788,Male,Bangalore,44.9,3,67564.37,2,0,0,76578.6,0
13789,Male,Pune,21.8,0,104075.07,2,0,1,130068.88,0
13790,Female,Bangalore,39.3,9,57898.32,2,0,0,64098.16,0
13791,Male,Mumbai,43.8,10,70206.08,1,1,1,175814.35,0
13792,Male,Bangalore,36.7,3,45189.21,2,1,1,57999.69,0
13793,Female,Delhi,36.7,0,50048.01,2,0,1,128615.65,0
13794,Female,Delhi,58.6,4,115087.75,1,1,1,142948.12,0
13795,Male,Pune,58.8,2,47144.6,2,0,1,31862.21,0
13796,Female,Delhi,29.0,9,55536.28,1,0,1,127784.18,0
13797,Female,Hyderabad,32.9,4,92143.46,1,0,1,74220.06,0
13798,Male,Bangalore,33.5,2,112650.2,1,1,0,30172.84,1
13799,Male,Delhi,39.6,4,85258.41,1,1,0,30666.87,0
13800,Female,Mumbai,39.0,3,85337.39,2,1,1,118493.15,0
13801,Male,Mumbai,60.6,8,33697.42,1,0,0,132597.85,0
13802,Female,Delhi,37.8,5,77868.89,2,0,0,84949.4,0
13803,Female,Mumbai,27.6,9,57314.59,1,1,1,146881.51,0
13804,Female,Pune,32.9,1,76820.3,2,1,0,85056.71,0
13805,Male,Kolkata,44.5,0,58018.83,1,1,0,91813.3,1
13806,Male,Delhi,36.9,0,50720.64,2,0,0,108499.97,0
13807,Male,Mumbai,43.8,0,28541.85,2,1,0,108075.83,0
13808,Male,Pune,37.1,8,62912.27,1,1,1,22423.71,1
13809,Male,Delhi,48.7,4,69297.32,2,0,0,107124.29,0
13810,Male,Mumbai,38.9,3,12801.34,4,1,0,83339.51,0
13811,Female,Mumbai,25.4,9,49665.31,1,1,0,85056.71,0
13812,Male,Delhi,35.8,4,58388.65,1,0,1,43539.96,0
13813,Male,Delhi,66.5,8,79331.39,2,0,0,135649.09,0
13814,Female,Bangalore,54.8,2,50250.68,2,0,0,103347.14,0
13815,Male,Bangalore,26.1,2,80714.95,2,0,1,96945.16,0
13816,Female,Delhi,61.3,1,72013.92,2,1,0,118565.34,1
13817,Male,Mumbai,41.6,7,86732.22,2,0,0,117657.95,0
13818,Female,Chennai,34.1,6,51750.9,2,0,1,115859.17,0
13819,Female,Delhi,36.6,1,57940.51,1,1,0,97880.6,1
13820,Male,Delhi,40.7,3,79257.4,2,1,0,91821.98,1
13821,Male,Kolkata,53.0,6,39484.95,2,0,1,71954.89,0
13822,Male,Chennai,42.3,0,63334.07,2,1,0,62303.4,0
13823,Female,Mumbai,44.0,0,89752.98,1,1,0,81563.62,0
13824,Male,Mumbai,54.5,7,48332.02,2,0,1,116827.06,0
13825,Male,Chennai,35.2,5,73201.02,1,1,1,118907.22,1
13826,Male,Kolkata,43.6,1,64956.13,4,0,1,15000.0,0
13827,Male,Hyderabad,45.3,9,101710.68,1,0,1,114633.39,0
13828,Female,Delhi,41.6,9,67044.35,2,1,0,27553.86,0
13829,Female,Delhi,46.0,0,78343.05,1,0,0,75917.78,1
13830,Male,Delhi,31.7,2,60824.43,2,1,1,118046.26,0
13831,Male,Kolkata,51.8,3,52051.33,1,1,1,67909.52,0
13832,Female,Delhi,33.4,4,70664.94,2,0,1,70475.18,0
13833,Female,Delhi,45.5,10,50812.11,2,1,1,69215.93,0
13834,Male,Chennai,42.5,9,90849.51,2,1,1,92318.63,0
13835,Male,Chennai,31.8,2,94397.56,2,1,0,48592.53,1
13836,Male,Delhi,59.5,4,66799.78,1,1,0,104569.22,1
13837,Female,Pune,60.6,6,53967.77,1,1,1,123821.88,0
13838,Male,Delhi,28.9,10,70691.18,1,1,1,150267.86,0
13839,Female,Hyderabad,49.6,8,33140.2,1,1,1,71352.41,0
13840,Female,Chennai,38.5,4,46074.3,1,1,1,134925.86,0
13841,Female,Delhi,31.9,3,37719.47,1,1,1,83596.4,0
13842,Male,Mumbai,44.4,9,46448.32,2,1,0,73666.72,0
13843,Male,Delhi,50.0,10,49667.29,3,1,1,91015.94,0
13844,Male,Mumbai,41.9,8,32855.36,2,1,0,87516.11,0
13845,Male,Delhi,35.6,7,58346.12,1,0,0,95844.54,0
13846,Female,Mumbai,56.0,4,60168.23,2,1,0,29473.06,0
13847,Female,Mumbai,56.4,8,79319.66,1,0,0,89526.45,0
13848,Female,Hyderabad,31.8,10,67638.99,2,0,0,63940.12,0
13849,Female,Delhi,41.1,8,100306.64,2,0,1,149703.1,0
13850,Male,Pune,21.1,0,79721.12,1,1,1,85056.71,0
13851,Male,Kolkata,50.0,5,123547.87,2,1,0,63126.53,0
13852,Male,Mumbai,55.9,10,36250.87,2,1,1,65459.04,0
13853,Female,Delhi,44.7,4,89935.26,2,0,1,76472.18,0
13854,Female,Delhi,27.6,5,25791.27,1,1,0,107634.36,1
13855,Female,Pune,59.4,9,91497.84,1,1,1,58599.49,0
13856,Male,Mumbai,64.4,2,74587.07,2,1,0,107414.08,0
13857,Male,Chennai,34.8,2,59346.6,3,1,1,50507.3,0
13858,Female,Kolkata,45.3,9,70258.62,2,1,1,116319.32,0
13859,Male,Delhi,49.8,4,52726.87,1,0,0,125805.04,0
13860,Female,Delhi,49.4,6,50362.67,2,1,1,36381.75,0
13861,Female,Hyderabad,40.6,3,75938.8,1,1,1,69917.69,0
13862,Female,Hyderabad,61.6,5,24501.98,1,1,0,113581.28,0
13863,Male,Pune,21.2,4,73237.11,2,1,0,57856.98,0
13864,Male,Mumbai,21.4,1,61862.92,2,1,1,102848.82,0
13865,Male,Bangalore,39.8,10,56828.21,2,1,0,59272.57,0
13866,Male,Mumbai,60.9,0,52696.35,1,1,1,108660.34,0
13867,Male,Mumbai,53.9,5,70906.2,1,0,0,96408.64,0
13868,Female,Delhi,22.1,4,90795.41,1,1,1,118622.9,0
13869,Female,Delhi,74.1,8,120706.63,2,0,0,95410.04,0
13870,Male,Hyderabad,46.7,6,93004.36,1,1,1,115985.34,0
13871,Male,Mumbai,26.2,0,85786.59,1,1,1,95766.21,0
13872,Male,Chennai,38.9,9,45303.58,1,1,1,93923.91,0
13873,Male,Chennai,51.6,5,50082.97,2,1,1,155368.16,0
13874,Female,Hyderabad,55.0,10,64886.9,2,0,0,72385.1,0
13875,Male,Mumbai,39.2,6,76098.82,1,1,1,84874.37,0
13876,Male,Mumbai,46.3,2,53683.24,1,0,1,68642.18,0
13877,Male,Delhi,38.5,8,94640.3,1,0,0,73922.69,0
13878,Female,Mumbai,39.2,10,48203.44,2,1,1,76738.86,0
13879,Female,Hyderabad,48.7,10,33513.98,1,0,0,92956.97,0
13880,Male,Pune,57.3,1,90909.52,1,1,1,79252.2,0
13881,Female,Bangalore,26.4,0,70904.08,2,0,0,108136.02,0
13882,Female,Mumbai,37.2,9,57826.04,2,0,1,79233.05,0
13883,Male,Kolkata,32.8,9,30727.42,2,1,1,109933.35,0
13884,Male,Chennai,27.9,8,89618.03,1,1,1,114913.89,0
13885,Female,Kolkata,27.3,6,124468.54,2,1,1,82809.84,0
13886,Female,Mumbai,40.3,9,77368.99,2,1,0,27159.73,1
13887,Female,Mumbai,27.1,10,49112.47,1,1,1,102332.39,0
13888,Female,Kolkata,26.7,0,70940.5,3,0,0,99397.21,0
13889,Female,Pune,37.8,3,79069.71,2,1,1,63410.1,0
13890,Male,Kolkata,28.2,9,77453.84,1,1,0,50438.44,0
13891,Female,Delhi,46.1,2,44674.77,2,0,0,76296.54,0
13892,Female,Mumbai,34.3,10,52373.72,1,0,1,76577.7,0
13893,Female,Kolkata,25.7,6,46326.4,2,1,1,86377.46,0
13894,Male,Kolkata,67.9,4,74245.41,1,1,0,84035.43,1
13895,Female,Mumbai,18.0,8,63402.58,2,1,1,83618.75,0
13896,Female,Bangalore,50.3,10,93783.6,2,0,0,15000.0,0
13897,Male,Kolkata,44.2,2,71177.44,1,1,0,85056.71,0
13898,Female,Kolkata,34.2,10,82806.72,2,1,0,48304.41,0
13899,Female,Delhi,29.1,5,58284.98,1,0,1,67649.43,0
13900,Female,Chennai,60.7,9,19849.6,1,0,0,42506.56,0
13901,Male,Delhi,65.5,1,98663.21,1,1,1,164962.55,0
13902,Male,Kolkata,36.5,2,68134.67,2,0,1,95733.19,0
13903,Female,Delhi,34.7,3,75328.26,1,0,0,76457.58,0
13904,Male,Mumbai,53.5,5,85421.27,1,1,1,42696.19,0
13905,Female,Pune,37.0,10,71442.41,1,0,0,101364.92,0
13906,Female,Delhi,47.0,0,18590.17,2,1,1,78563.34,0
13907,Female,Mumbai,46.7,5,56205.28,2,1,0,87232.49,0
13908,Male,Delhi,40.4,3,52963.35,2,1,0,120889.64,1
13909,Female,Kolkata,42.0,7,53791.9,2,1,1,30611.82,0
13910,Male,Kolkata,44.4,8,59833.49,1,1,1,111821.54,0
13911,Male,Pune,26.9,7,66387.72,2,1,0,44758.08,1
13912,Male,Mumbai,31.8,7,113245.19,2,0,1,111002.45,0
13913,Male,Delhi,42.7,1,78085.32,2,1,1,100738.86,0
13914,Female,Delhi,34.5,9,83010.98,1,0,0,15000.0,1
13915,Male,Pune,73.3,1,53309.57,2,1,0,87242.83,0
13916,Male,Mumbai,41.6,5,102186.89,1,1,1,52165.54,0
13917,Female,Bangalore,19.1,4,68353.82,2,1,0,123338.59,0
13918,Male,Delhi,18.0,5,64623.12,2,1,0,93376.18,0
13919,Female,Kolkata,49.9,8,20288.9,1,1,0,44643.75,0
13920,Female,Mumbai,41.7,9,82701.53,1,1,1,67181.33,0
13921,Male,Pune,57.3,6,88287.98,1,0,0,130429.61,0
13922,Male,Delhi,32.3,4,87565.51,1,1,0,73501.59,0
13923,Female,Delhi,38.6,9,29915.06,1,0,1,55530.05,0
13924,Male,Hyderabad,43.4,6,88488.09,3,0,1,137845.54,0
13925,Female,Kolkata,38.1,7,57219.71,1,1,0,94111.4,0
13926,Male,Delhi,37.1,10,33579.21,2,1,1,81889.79,0
13927,Female,Kolkata,48.7,0,118940.7,2,0,0,53966.64,0
13928,Female,Hyderabad,30.0,9,102820.88,2,1,1,46725.87,0
13929,Female,Hyderabad,46.4,10,81293.72,1,0,1,125930.65,0
13930,Male,Delhi,61.9,10,78102.81,2,1,0,62911.25,0
13931,Female,Hyderabad,59.9,6,104149.9,1,0,1,70745.88,0
13932,Male,Pune,18.3,3,52813.01,2,0,1,102642.27,0
13933,Female,Hyderabad,34.1,4,127066.77,1,1,1,121064.12,0
13934,Male,Delhi,43.5,1,66054.88,1,0,1,75858.2,0
13935,Male,Chennai,55.3,9,89890.63,1,1,0,55092.51,0
13936,Female,Mumbai,42.5,4,78479.17,3,1,0,27021.03,1
13937,Male,Delhi,55.4,8,39848.15,1,1,1,156559.4,0
13938,Male,Delhi,32.0,0,65501.16,2,0,0,112149.08,0
13939,Male,Bangalore,44.0,2,102102.6,2,1,1,108461.48,0
13940,Male,Bangalore,44.3,3,45674.1,1,1,0,24270.96,0
13941,Female,Kolkata,55.8,8,98989.17,1,1,1,69037.52,0
13942,Female,Bangalore,50.9,1,81599.45,1,0,0,93739.22,0
13943,Male,Kolkata,48.3,6,32252.74,1,1,0,69453.0,0
13944,Male,Delhi,50.2,8,64995.35,2,1,1,52890.54,0
13945,Male,Mumbai,25.5,9,63758.23,1,1,1,41824.39,0
13946,Male,Delhi,37.9,3,39499.86,1,0,1,85249.64,0
13947,Female,Delhi,27.9,4,72518.6,1,1,0,73142.62,0
13948,Female,Chennai,32.2,9,31085.52,2,1,0,70110.57,0
13949,Male,Mumbai,37.9,3,86940.25,2,1,0,66909.81,0
13950,Male,Delhi,18.0,6,42794.79,1,1,0,97663.54,0
13951,Male,Mumbai,38.3,7,57183.55,2,0,1,34692.19,0
13952,Female,Hyderabad,30.6,7,64929.93,1,1,1,115891.75,0
13953,Female,Delhi,27.3,2,102906.93,2,1,1,44788.82,0
13954,Male,Mumbai,41.2,1,33364.25,3,1,0,105043.66,1
13955,Male,Kolkata,35.3,5,52427.72,2,1,1,15000.0,0
13956,Female,Mumbai,44.1,0,68852.67,2,1,0,89744.81,0
13957,Female,Chennai,32.2,8,63381.97,2,1,1,72602.79,0
13958,Male,Delhi,37.9,6,67742.97,1,1,0,119066.11,0
13959,Male,Pune,69.5,7,59881.73,1,1,1,67199.55,0
13960,Male,Delhi,47.5,6,71992.45,2,1,1,102824.62,0
13961,Female,Bangalore,29.8,4,15990.76,2,1,1,86754.14,1
13962,Male,Delhi,54.9,4,100405.68,1,1,0,56995.56,0
13963,Male,Bangalore,58.6,6,63230.67,1,1,0,61464.87,0
13964,Female,Delhi,47.2,6,132347.21,1,0,1,79116.15,0
13965,Male,Pune,30.6,1,56562.7,2,0,0,124441.54,0
13966,Female,Bangalore,52.4,1,90870.99,2,1,1,101102.14,0
13967,Male,Mumbai,33.1,6,46351.55,1,1,0,61594.16,0
13968,Male,Bangalore,56.2,4,66065.31,2,1,0,86433.4,0
13969,Female,Pune,37.1,1,39911.78,2,1,1,36832.74,0
13970,Male,Bangalore,36.6,0,57024.71,2,0,1,61308.93,0
13971,Female,Mumbai,46.3,8,46700.57,2,1,0,84909.96,0
13972,Female,Hyderabad,56.9,10,77411.7,1,1,1,43438.02,0
13973,Male,Kolkata,68.4,7,106319.61,2,1,0,71747.35,1
13974,Female,Delhi,40.3,1,76270.39,2,1,0,135603.74,0
13975,Male,Mumbai,35.1,1,136746.56,2,0,0,56059.14,0
13976,Female,Kolkata,30.2,2,82668.89,1,1,0,125834.27,0
13977,Male,Hyderabad,22.2,3,41670.69,2,1,0,53263.82,0
13978,Female,Mumbai,27.9,8,125649.75,1,0,0,18727.46,0
13979,Male,Chennai,42.8,5,87775.69,2,1,0,104149.52,0
13980,Male,Mumbai,52.7,2,30192.57,3,0,1,21591.9,0
13981,Female,Mumbai,29.2,7,64471.66,1,0,1,88592.46,0
13982,Female,Pune,49.4,5,85090.2,1,1,1,58253.47,0
13983,Male,Delhi,29.7,7,79093.75,3,1,1,133666.69,0
13984,Male,Delhi,31.1,9,85012.88,1,0,0,117022.02,0
13985,Female,Kolkata,27.2,1,90442.07,2,1,0,104545.31,0
13986,Female,Bangalore,56.0,7,49977.61,1,1,0,89126.14,0
13987,Male,Delhi,59.3,10,77648.16,2,0,0,100694.09,0
13988,Male,Delhi,31.3,4,70347.46,1,1,1,127220.32,0
13989,Male,Hyderabad,30.3,9,58675.22,1,1,1,41898.48,0
13990,Female,Mumbai,47.5,3,85891.58,2,0,0,43922.5,0
13991,Male,Delhi,60.7,2,69934.09,1,1,1,88964.9,0
13992,Male,Chennai,59.4,8,92939.59,1,1,0,87342.99,1
13993,Female,Delhi,35.4,9,72753.39,1,1,1,142416.31,0
13994,Male,Delhi,37.8,6,56932.88,2,0,0,111135.5,0
13995,Female,Delhi,25.2,6,69008.54,1,1,1,52783.37,0
13996,Male,Pune,35.2,5,82043.3,2,1,0,77830.85,0
13997,Male,Hyderabad,41.2,8,65975.04,1,0,0,89647.49,0
13998,Male,Pune,23.8,2,53939.55,2,1,1,20784.67,0
13999,Female,Delhi,33.5,0,68989.29,2,0,1,72940.42,0
14000,Male,Chennai,42.7,6,100677.12,1,0,0,60174.97,0
14001,Female,Bangalore,21.8,8,81715.81,2,0,1,57766.59,0
14002,Female,Chennai,45.6,5,74126.57,1,1,1,39684.67,0
14003,Female,Kolkata,52.2,9,60279.84,2,1,1,76262.08,0
14004,Male,Hyderabad,46.8,1,70434.97,2,1,0,153602.27,0
14005,Male,Mumbai,34.0,7,41217.23,1,1,1,34959.49,0
14006,Male,Delhi,54.1,8,60542.97,2,1,0,57489.56,0
14007,Male,Delhi,56.6,9,78269.12,2,0,1,123775.37,0
14008,Male,Bangalore,43.8,7,67774.99,2,1,1,126937.59,1
14009,Female,Mumbai,41.8,8,55739.37,1,0,1,24640.81,0
14010,Male,Chennai,32.6,0,34427.11,2,0,0,70397.31,0
14011,Male,Bangalore,35.1,2,61921.81,2,1,1,98438.25,0
14012,Male,Pune,52.9,2,46559.96,2,1,1,96789.29,0
14013,Female,Mumbai,62.2,8,64326.17,1,1,1,73239.66,0
14014,Male,Hyderabad,35.0,2,72030.98,1,1,0,122928.69,0
14015,Female,Chennai,37.9,9,101115.25,2,0,0,108093.62,0
14016,Male,Bangalore,32.2,0,88253.26,1,1,1,68593.63,0
14017,Female,Chennai,34.8,2,70972.67,1,0,1,35262.79,0
14018,Female,Bangalore,24.9,1,117307.12,2,1,1,124839.94,0
14019,Male,Bangalore,45.1,8,75147.97,4,1,0,180073.64,1
14020,Male,Mumbai,24.8,0,47120.39,1,0,0,66350.03,0
14021,Male,Chennai,33.4,10,59613.34,2,1,1,140256.62,0
14022,Male,Mumbai,39.3,1,129473.75,2,0,1,93166.84,0
14023,Female,Kolkata,24.2,0,47061.69,1,1,1,93798.29,0
14024,Female,Hyderabad,30.7,8,57486.82,1,0,0,154258.08,0
14025,Female,Kolkata,26.5,6,90000.48,1,1,0,142709.11,0
14026,Female,Mumbai,53.2,0,42947.2,1,1,0,48223.46,0
14027,Male,Delhi,57.1,9,90737.53,1,0,1,94020.21,0
14028,Male,Kolkata,30.5,5,94114.59,1,1,0,116489.66,0
14029,Female,Pune,73.2,4,72219.23,2,1,1,65291.04,0
14030,Male,Hyderabad,28.8,9,106568.53,3,1,0,115860.29,1
14031,Female,Delhi,34.9,10,60873.2,3,1,0,40940.46,0
14032,Male,Mumbai,45.9,4,88505.24,2,1,0,76566.87,0
14033,Male,Pune,47.0,3,5950.75,2,1,0,140739.36,0
14034,Female,Delhi,36.2,2,81822.45,2,0,0,101891.0,0
14035,Male,Delhi,53.1,7,98782.83,2,1,0,113780.69,1
14036,Female,Bangalore,54.4,6,85166.54,2,0,1,90540.6,0
14037,Female,Mumbai,39.9,4,55660.31,2,1,0,76993.08,0
14038,Female,Mumbai,38.2,8,27693.64,1,1,0,123052.25,0
14039,Female,Chennai,32.7,6,93963.01,2,1,1,151363.6,1
14040,Female,Kolkata,27.5,9,44297.29,1,1,1,117614.13,0
14041,Female,Hyderabad,30.4,1,47613.72,2,1,1,75163.65,0
14042,Male,Mumbai,46.5,6,58460.71,2,0,1,147258.25,0
14043,Male,Bangalore,40.0,6,81797.98,1,1,1,112464.75,0
14044,Female,Bangalore,37.1,3,95393.14,2,1,0,50135.48,0
14045,Male,Delhi,33.1,7,115972.96,1,0,0,89557.59,0
14046,Male,Delhi,33.4,3,69175.93,1,0,1,90135.23,0
14047,Male,Kolkata,39.5,6,73307.75,1,0,1,99903.22,0
14048,Female,Mumbai,38.5,3,77284.6,1,0,1,41211.79,0
14049,Female,Delhi,40.0,7,54067.85,3,1,0,70551.66,0
14050,Male,Mumbai,34.7,2,83628.88,1,1,1,90264.9,0
14051,Female,Pune,32.0,1,51463.21,1,0,0,85056.71,0
14052,Female,Mumbai,40.1,9,94056.11,1,0,1,74291.77,0
14053,Female,Hyderabad,47.8,5,41841.6,1,1,1,85056.71,0
14054,Female,Kolkata,33.9,6,88388.25,1,0,0,64507.43,0
14055,Female,Bangalore,18.0,6,88796.32,2,0,1,106217.51,0
14056,Male,Delhi,23.6,5,27645.95,1,1,1,109604.87,0
14057,Female,Chennai,40.1,10,74901.03,2,1,0,60324.41,0
14058,Male,Mumbai,51.9,7,105608.33,2,1,1,68962.63,0
14059,Female,Kolkata,47.8,5,72365.8,1,1,0,98102.21,0
14060,Female,Pune,46.2,5,68446.52,3,1,1,105124.91,0
14061,Male,Kolkata,52.2,2,54336.94,2,1,0,56297.43,0
14062,Male,Hyderabad,35.9,1,79569.76,1,1,0,116974.4,0
14063,Female,Hyderabad,41.7,6,58112.02,3,0,0,116729.11,0
14064,Male,Mumbai,30.7,5,78820.81,2,1,0,90752.95,0
14065,Female,Delhi,37.9,0,85764.01,2,1,1,66874.02,1
14066,Male,Hyderabad,62.8,1,73898.61,2,1,0,111039.0,0
14067,Male,Delhi,30.1,1,94876.65,2,1,1,80238.39,0
14068,Female,Chennai,26.0,0,77045.08,4,1,0,102698.42,1
14069,Female,Pune,37.7,2,57829.68,1,0,0,141811.25,0
14070,Female,Bangalore,35.2,4,21705.37,1,0,0,102851.73,0
14071,Male,Hyderabad,43.2,3,55368.72,1,1,0,63455.0,0
14072,Female,Bangalore,49.5,1,62884.43,1,1,1,34620.03,0
14073,Female,Hyderabad,35.5,7,81055.85,1,1,1,93683.06,0
14074,Female,Delhi,65.3,8,20238.92,1,1,1,95844.79,0
14075,Female,Bangalore,54.8,7,22294.3,1,0,1,45879.8,0
14076,Female,Delhi,30.8,6,19424.73,1,1,1,32221.73,0
14077,Male,Pune,39.1,9,64849.78,2,1,0,83189.64,1
14078,Male,Chennai,46.3,1,33909.31,2,0,0,59990.72,0
14079,Female,Delhi,30.1,5,78077.34,1,1,0,137670.85,0
14080,Male,Delhi,18.0,10,57195.84,1,1,0,62916.88,0
14081,Female,Chennai,63.2,3,27820.09,1,1,0,56069.07,0
14082,Male,Delhi,26.7,4,92733.81,1,1,1,84548.0,0
14083,Female,Delhi,40.1,8,66445.06,1,0,0,67023.34,1
14084,Female,Delhi,48.4,8,93766.24,2,0,0,53939.01,0
14085,Male,Mumbai,30.2,3,67907.3,2,1,0,108221.24,0
14086,Male,Chennai,63.5,7,105615.6,1,1,1,109372.88,1
14087,Male,Delhi,40.8,10,82899.51,1,1,1,110183.01,0
14088,Female,Mumbai,41.7,4,32755.53,2,1,1,109704.24,0
14089,Female,Mumbai,21.5,8,53821.18,2,1,1,148498.48,0
14090,Male,Hyderabad,18.0,1,50714.16,1,0,0,38763.14,0
14091,Female,Pune,37.1,3,10586.63,1,1,0,71009.15,0
14092,Male,Bangalore,55.6,2,89396.14,2,0,0,66969.78,0
14093,Male,Hyderabad,18.0,6,78080.28,1,1,1,90373.7,0
14094,Female,Mumbai,41.7,1,103377.64,1,0,1,15000.0,1
14095,Male,Mumbai,41.0,2,26578.08,1,1,1,92577.29,0
14096,Male,Chennai,54.9,8,38686.55,2,0,0,78602.53,0
14097,Male,Pune,52.2,7,42656.82,1,0,0,108921.07,0
14098,Male,Pune,41.7,1,104483.67,2,1,1,163415.96,0
14099,Male,Bangalore,38.9,5,102725.9,1,1,1,86398.5,0
14100,Male,Chennai,31.4,2,34535.88,1,0,0,74149.05,0
14101,Female,Bangalore,26.3,5,76551.34,1,0,1,83363.22,0
14102,Male,Pune,32.5,4,83039.74,2,1,1,87464.98,0
14103,Female,Mumbai,26.7,9,63841.43,2,1,1,85641.97,0
14104,Male,Delhi,38.7,3,116898.2,2,1,0,84567.61,0
14105,Male,Delhi,39.6,6,5290.23,1,1,0,102613.82,0
14106,Female,Mumbai,36.7,10,18153.63,3,1,1,117458.51,0
14107,Male,Pune,41.3,9,69752.96,2,0,1,85056.71,0
14108,Male,Mumbai,34.5,6,36679.19,1,1,1,86679.79,0
14109,Female,Bangalore,50.1,3,89496.46,1,0,1,112656.78,1
14110,Female,Mumbai,42.7,2,26764.75,1,1,0,114548.18,0
14111,Female,Kolkata,34.2,3,82621.9,1,1,1,118953.11,1
14112,Female,Bangalore,26.0,1,66375.36,2,1,1,152040.36,0
14113,Male,Delhi,39.0,3,112401.21,1,1,1,170818.22,0
14114,Male,Bangalore,53.7,3,46238.18,1,1,1,176964.99,1
14115,Female,Mumbai,47.1,4,107007.57,2,1,1,83340.02,0
14116,Male,Delhi,49.1,0,86141.65,1,0,0,104774.54,1
14117,Female,Bangalore,48.7,1,42300.61,1,0,0,81020.3,0
14118,Male,Delhi,54.6,7,43210.07,1,1,1,74240.09,0
14119,Male,Kolkata,50.3,7,93946.41,1,1,1,117632.67,0
14120,Female,Mumbai,41.8,7,69948.88,2,1,1,73839.31,0
14121,Male,Chennai,35.1,4,62726.13,1,0,0,113658.77,0
14122,Female,Delhi,50.5,7,110210.89,1,1,0,73083.53,1
14123,Female,Mumbai,18.0,8,86125.25,1,0,1,41831.68,0
14124,Female,Kolkata,55.2,3,45051.1,1,1,1,77553.51,0
14125,Female,Chennai,48.3,3,52221.96,1,0,1,111805.54,0
14126,Female,Pune,59.7,6,76667.77,2,0,1,68498.96,1
14127,Female,Hyderabad,26.6,4,71723.42,1,1,1,97944.02,0
14128,Male,Mumbai,53.9,10,83969.63,2,1,1,46782.27,0
14129,Male,Mumbai,48.0,9,86586.14,2,0,1,52300.47,0
14130,Male,Chennai,32.7,0,104594.17,2,1,1,124258.75,0
14131,Male,Pune,38.4,7,55396.85,2,0,0,63662.67,0
14132,Male,Hyderabad,37.5,3,125265.94,2,0,1,119644.31,0
14133,Female,Hyderabad,35.6,7,88781.76,1,0,0,73249.83,0
14134,Female,Delhi,23.8,1,72292.31,1,0,0,78696.57,0
14135,Female,Delhi,54.1,3,61549.73,1,0,0,117389.15,0
14136,Male,Delhi,28.6,1,75029.63,2,1,1,170295.3,0
14137,Female,Delhi,27.4,4,20668.55,1,1,0,70781.84,0
14138,Male,Delhi,54.4,9,62631.19,1,0,0,157198.47,0
14139,Female,Pune,23.2,9,98255.28,1,0,0,78690.2,1
14140,Female,Mumbai,36.4,7,55062.97,1,0,0,80314.87,0
14141,Male,Bangalore,28.1,10,17527.97,2,1,1,197766.22,0
14142,Male,Pune,59.6,6,32137.95,1,1,1,82708.71,0
14143,Male,Kolkata,53.7,10,57388.91,2,1,0,84668.07,1
14144,Female,Delhi,30.1,4,73413.7,2,1,0,111700.5,0
14145,Female,Chennai,28.0,10,44134.0,1,1,1,91536.67,0
14146,Female,Chennai,49.2,6,31001.87,1,0,0,105899.72,0
14147,Male,Kolkata,45.2,4,46842.85,1,0,0,75038.77,0
14148,Male,Pune,35.8,6,113326.99,2,1,1,81735.09,0
14149,Female,Chennai,34.6,3,130915.13,2,1,1,91636.66,1
14150,Female,Delhi,37.2,3,78221.96,1,1,1,65895.16,1
14151,Male,Delhi,50.8,9,71792.9,1,1,1,146554.54,0
14152,Male,Bangalore,58.8,3,93179.09,2,1,1,83764.45,0
14153,Female,Delhi,61.9,10,30906.68,1,1,0,109352.37,0
14154,Male,Mumbai,31.2,7,51188.55,3,0,0,123034.16,0
14155,Male,Delhi,40.7,0,12647.05,2,1,1,103137.42,0
14156,Male,Kolkata,56.1,9,76685.41,2,1,1,44054.14,0
14157,Female,Mumbai,29.6,4,63903.71,1,0,0,121448.2,0
14158,Female,Mumbai,31.8,9,45302.36,1,1,1,97265.81,0
14159,Male,Delhi,49.6,1,113620.89,1,0,1,93583.73,0
14160,Female,Chennai,34.4,9,96049.45,3,0,1,52952.65,1
14161,Female,Delhi,22.3,3,64210.63,1,0,0,106405.3,0
14162,Male,Hyderabad,30.1,4,45081.54,1,1,0,46508.37,0
14163,Female,Hyderabad,51.9,7,72773.47,2,1,0,36783.39,0
14164,Male,Mumbai,43.0,1,67628.67,2,1,0,87844.64,0
14165,Female,Pune,21.3,1,52200.5,1,1,1,98067.29,0
14166,Male,Chennai,32.7,1,40565.04,2,1,1,60201.62,0
14167,Male,Delhi,61.9,7,71061.71,1,1,1,68770.47,0
14168,Male,Hyderabad,39.2,2,70637.36,2,0,1,124705.73,0
14169,Male,Mumbai,37.1,4,38040.37,1,1,0,127010.44,0
14170,Male,Kolkata,40.1,1,15925.92,1,1,1,85056.71,0
14171,Male,Delhi,42.5,5,56463.57,1,0,0,118448.53,0
14172,Female,Kolkata,35.3,9,29206.8,2,1,1,117597.15,0
14173,Male,Hyderabad,56.1,5,45094.18,1,0,0,46688.13,0
14174,Female,Hyderabad,34.3,1,51213.89,1,1,1,91093.2,0
14175,Female,Mumbai,51.9,3,76337.92,2,1,1,80438.46,0
14176,Female,Bangalore,61.9,10,50952.1,2,1,0,95558.91,0
14177,Female,Mumbai,44.5,1,71838.1,2,1,1,16691.64,0
14178,Female,Delhi,27.4,9,42426.03,1,1,1,90897.17,0
14179,Male,Pune,42.3,3,73229.97,1,1,0,110259.42,0
14180,Male,Mumbai,33.2,10,56899.66,2,1,1,62398.6,0
14181,Male,Bangalore,50.8,6,72289.43,3,1,1,94244.46,0
14182,Female,Delhi,42.5,4,97486.62,1,1,1,131432.73,0
14183,Female,Mumbai,38.6,9,60291.67,2,0,1,33391.04,0
14184,Male,Delhi,27.9,3,61177.14,1,1,1,73304.75,0
14185,Male,Bangalore,18.0,9,76128.71,2,0,1,84469.59,0
14186,Female,Hyderabad,30.3,9,78095.36,1,0,1,28389.27,0
14187,Male,Delhi,47.8,2,5459.8,1,1,0,99760.4,0
14188,Female,Kolkata,54.2,5,36353.97,2,0,1,55142.34,0
14189,Female,Delhi,36.3,1,70948.45,2,1,1,24109.21,0
14190,Female,Hyderabad,28.7,3,106046.45,2,1,1,87645.69,0
14191,Female,Delhi,42.3,7,27957.82,1,1,0,179215.49,0
14192,Female,Delhi,48.3,1,50702.47,3,1,1,48196.02,1
14193,Female,Delhi,49.3,8,71097.22,2,0,0,110543.1,0
14194,Female,Mumbai,42.3,1,40722.87,2,0,1,72283.68,0
14195,Female,Mumbai,64.8,7,78540.92,2,0,1,131385.99,1
14196,Male,Mumbai,55.2,7,82933.81,1,1,1,84445.15,0
14197,Male,Delhi,25.3,6,75983.57,1,1,0,28010.21,0
14198,Male,Pune,22.4,9,70028.02,4,1,1,143341.5,0
14199,Male,Mumbai,26.4,5,39584.38,1,1,1,91432.23,0
14200,Female,Kolkata,54.0,0,57610.11,2,0,0,63676.65,1
14201,Female,Kolkata,19.5,1,96744.12,2,1,1,119708.95,0
14202,Male,Chennai,45.5,6,74086.72,1,1,1,94840.99,0
14203,Male,Kolkata,38.0,10,6505.46,2,1,0,90821.82,0
14204,Male,Mumbai,25.1,3,85492.04,1,1,1,15811.11,1
14205,Male,Pune,43.0,8,75203.16,2,1,1,36224.64,1
14206,Male,Hyderabad,37.9,2,56419.4,1,0,0,96273.49,0
14207,Female,Delhi,49.7,3,59792.52,1,0,1,66621.46,1
14208,Female,Delhi,20.5,2,49664.83,2,1,1,128189.57,0
14209,Male,Hyderabad,29.3,6,66833.54,2,1,1,32029.75,0
14210,Male,Pune,29.5,1,65115.78,1,0,1,67108.91,0
14211,Male,Mumbai,47.9,9,58829.28,2,1,1,86388.53,0
14212,Female,Delhi,37.1,1,71578.87,1,1,0,87607.58,0
14213,Female,Chennai,54.2,1,61855.48,2,1,0,115458.63,0
14214,Male,Mumbai,35.2,3,90069.01,2,1,0,124943.54,0
14215,Female,Mumbai,42.6,7,85860.39,1,0,1,81279.51,0
14216,Female,Pune,57.8,7,31287.35,2,0,0,70009.96,0
14217,Male,Delhi,18.7,7,74313.85,2,1,1,63700.61,0
14218,Female,Chennai,40.3,7,58049.78,1,1,1,123854.28,0
14219,Female,Delhi,39.6,6,40756.96,1,1,0,112930.13,0
14220,Male,Delhi,30.5,5,73271.38,2,0,0,50467.41,0
14221,Male,Mumbai,38.0,6,75131.04,1,0,0,81729.54,1
14222,Female,Kolkata,43.7,4,134013.96,2,0,0,86054.48,0
14223,Female,Pune,31.0,7,9497.19,1,1,1,83937.14,0
14224,Female,Chennai,40.7,1,53266.55,2,0,0,116906.86,0
14225,Female,Chennai,27.8,4,127757.1,1,1,0,85056.71,0
14226,Female,Kolkata,37.5,6,46179.41,2,1,1,121107.58,0
14227,Male,Kolkata,51.1,8,74101.65,2,1,0,53231.68,0
14228,Female,Mumbai,51.7,9,70087.32,2,1,1,74522.76,0
14229,Male,Delhi,54.1,0,67147.87,2,1,0,71177.24,0
14230,Male,Mumbai,38.8,10,50887.72,1,1,1,78194.51,1
14231,Female,Bangalore,36.1,8,52871.56,2,1,0,120389.16,0
14232,Female,Bangalore,48.9,2,72949.24,1,0,1,119627.44,0
14233,Male,Mumbai,54.0,0,60266.46,2,1,0,124783.0,0
14234,Female,Pune,41.0,6,72638.28,3,1,0,48315.31,0
14235,Male,Chennai,58.1,2,76960.09,1,1,0,56508.72,1
14236,Male,Delhi,48.5,7,89608.12,1,1,0,46468.83,1
14237,Male,Delhi,33.1,10,91596.93,2,0,0,106524.9,0
14238,Female,Delhi,34.6,1,69289.21,2,1,1,112632.92,0
14239,Female,Hyderabad,39.5,3,37052.1,2,1,1,71881.02,0
14240,Male,Kolkata,21.2,1,96841.57,2,1,1,94279.3,0
14241,Female,Mumbai,33.4,10,73729.45,2,1,1,70890.81,0
14242,Male,Hyderabad,53.7,3,86191.79,2,0,1,58659.58,0
14243,Female,Hyderabad,56.1,0,77081.64,2,0,1,86800.52,0
14244,Male,Pune,40.1,9,60063.26,2,1,1,51451.74,0
14245,Male,Chennai,45.5,4,57258.05,1,1,0,15000.0,0
14246,Female,Delhi,36.3,2,105644.65,1,1,1,100060.18,1
14247,Male,Delhi,32.3,8,68142.47,2,0,0,54425.81,0
14248,Male,Delhi,46.8,3,64711.63,2,0,1,78487.66,0
14249,Female,Delhi,34.7,5,45768.75,1,1,1,44585.66,0
14250,Male,Bangalore,60.3,8,59016.71,2,0,1,115742.81,0
14251,Male,Pune,44.9,1,90208.98,2,1,1,109685.2,0
14252,Male,Mumbai,45.3,6,67525.88,1,1,1,110252.18,0
14253,Male,Delhi,27.3,2,98773.23,1,0,1,37059.78,0
14254,Female,Delhi,18.0,0,74739.43,4,0,1,156642.03,0
14255,Male,Mumbai,45.3,8,68875.21,1,1,0,94412.12,0
14256,Female,Bangalore,34.0,8,55051.65,2,1,0,99786.29,0
14257,Female,Hyderabad,51.8,10,67684.08,1,0,0,33663.59,0
14258,Male,Mumbai,29.0,3,44958.41,1,1,1,88923.66,0
14259,Male,Hyderabad,33.6,8,81967.69,2,1,1,84515.58,0
14260,Male,Kolkata,53.4,6,64914.99,2,1,0,34340.86,0
14261,Male,Mumbai,45.2,3,60184.71,2,1,1,61865.37,0
14262,Female,Delhi,28.0,1,59697.01,1,1,1,139519.53,0
14263,Male,Mumbai,40.4,4,83356.48,2,1,0,60118.38,0
14264,Male,Mumbai,62.8,7,50488.57,1,1,0,79395.49,0
14265,Female,Delhi,41.7,9,91687.79,2,1,0,64392.76,0
14266,Male,Pune,38.2,9,55357.43,3,1,1,102497.7,0
14267,Female,Kolkata,50.7,5,81834.28,2,1,1,115358.48,0
14268,Male,Delhi,44.2,10,54351.2,1,1,1,114940.42,0
14269,Female,Delhi,57.3,4,51526.52,1,1,1,87333.61,0
14270,Male,Kolkata,49.1,3,102987.36,1,1,0,124660.15,0
14271,Female,Hyderabad,50.9,10,82619.01,2,1,0,55537.16,0
14272,Male,Mumbai,57.9,5,68146.68,1,0,1,77881.1,0
14273,Male,Chennai,36.4,10,28990.62,1,1,0,74743.5,0
14274,Male,Delhi,32.8,2,75952.84,2,1,0,126407.03,0
14275,Female,Bangalore,23.9,1,90884.44,2,1,1,15000.0,0
14276,Female,Mumbai,37.5,0,70078.24,2,1,0,32761.74,1
14277,Male,Delhi,24.3,8,65881.63,2,0,1,31589.32,0
14278,Male,Mumbai,44.4,0,70111.04,2,1,0,80704.35,1
14279,Male,Delhi,32.6,10,76205.2,2,0,1,74385.79,0
14280,Male,Chennai,51.5,3,50801.18,2,0,0,24177.45,0
14281,Male,Bangalore,49.3,5,64816.64,2,0,1,111305.88,0
14282,Female,Mumbai,35.3,8,68455.99,1,0,1,114153.74,0
14283,Male,Delhi,51.7,3,89049.01,2,0,0,89685.15,0
14284,Male,Bangalore,41.8,6,11741.38,2,1,0,37990.0,0
14285,Female,Bangalore,18.7,6,89731.72,1,1,0,177209.32,0
14286,Female,Pune,28.1,5,26878.6,2,1,1,114043.3,0
14287,Female,Delhi,31.3,8,48826.27,2,0,1,124835.64,0
14288,Female,Pune,40.1,10,65064.45,1,1,1,51157.24,0
14289,Male,Delhi,34.9,9,83211.26,1,0,1,52078.96,0
14290,Female,Delhi,33.7,6,92757.27,1,1,0,42747.72,0
14291,Female,Hyderabad,47.0,2,48430.24,2,1,0,69757.8,0
14292,Male,Mumbai,49.4,5,80236.78,2,1,0,71155.98,0
14293,Female,Mumbai,32.6,6,43862.73,1,0,0,75932.08,0
14294,Female,Hyderabad,29.8,6,36788.02,1,1,1,117612.02,0
14295,Male,Mumbai,55.2,5,104272.71,2,0,1,113114.16,1
14296,Male,Kolkata,72.7,2,103128.08,4,1,1,112784.87,0
14297,Male,Mumbai,28.7,5,57372.03,3,1,0,128527.86,1
14298,Male,Kolkata,50.7,1,29870.69,2,1,1,94460.98,0
14299,Male,Mumbai,38.3,9,37135.77,2,1,0,153077.87,0
14300,Female,Mumbai,48.1,0,92811.42,2,1,1,88870.01,0
14301,Male,Chennai,28.6,7,75481.7,2,1,1,101028.74,0
14302,Female,Mumbai,25.0,2,38366.19,1,1,0,52849.17,0
14303,Female,Delhi,26.5,7,69555.1,2,1,1,57325.43,0
14304,Female,Hyderabad,33.2,2,45664.27,1,1,0,95587.9,0
14305,Female,Delhi,37.2,1,26268.48,2,0,1,82632.14,0
14306,Male,Chennai,51.3,7,38685.47,2,1,1,137067.26,0
14307,Male,Pune,30.0,2,91969.06,2,0,0,49528.78,0
14308,Female,Delhi,32.3,7,23115.02,1,0,0,40501.4,0
14309,Female,Delhi,65.0,1,61617.5,2,0,0,95446.32,0
14310,Female,Delhi,40.6,3,37477.83,2,1,0,66590.37,0
14311,Male,Bangalore,43.4,8,94631.27,1,0,0,83618.01,0
14312,Male,Kolkata,48.9,0,60261.36,2,1,1,99046.0,0
14313,Male,Mumbai,33.7,1,90613.14,2,1,0,98540.46,0
14314,Female,Pune,39.8,1,46879.19,1,0,0,67094.82,0
14315,Female,Mumbai,36.1,8,70295.27,1,1,0,67889.19,0
14316,Male,Kolkata,39.0,9,48458.05,1,1,1,119814.76,0
14317,Female,Pune,50.1,4,31026.82,2,1,1,86389.2,0
14318,Male,Delhi,48.1,10,43789.41,2,1,0,102842.15,0
14319,Male,Bangalore,18.0,3,54338.5,2,1,1,82377.29,0
14320,Female,Delhi,52.0,9,32496.24,1,0,0,77099.83,0
14321,Female,Bangalore,35.9,9,84817.11,2,1,0,60463.59,0
14322,Female,Mumbai,44.7,3,43734.08,1,1,1,106662.67,0
14323,Female,Pune,35.1,6,91065.55,1,1,0,95539.61,0
14324,Female,Chennai,39.4,2,45997.03,1,1,1,50898.26,0
14325,Female,Bangalore,55.8,8,56020.5,1,0,1,115261.17,0
14326,Male,Delhi,44.0,4,44461.87,1,1,1,31435.58,0
14327,Male,Chennai,55.2,10,64615.97,2,0,0,122564.77,0
14328,Female,Mumbai,39.4,8,44858.18,3,1,1,59441.36,0
14329,Male,Chennai,38.1,0,42596.55,1,1,0,93513.58,1
14330,Female,Kolkata,40.1,9,102190.32,1,0,0,83627.16,0
14331,Male,Delhi,24.8,7,94607.35,2,0,0,49611.31,0
14332,Male,Delhi,18.0,1,114162.29,2,1,0,72459.99,1
14333,Male,Bangalore,30.6,7,61974.1,2,1,0,132933.58,0
14334,Female,Pune,52.3,3,17991.97,1,1,1,113328.62,0
14335,Male,Hyderabad,57.0,1,63241.35,1,1,0,128542.47,0
14336,Male,Chennai,18.0,1,46092.33,2,1,1,57470.42,0
14337,Female,Mumbai,55.4,5,53295.29,2,1,1,60275.4,0
14338,Female,Hyderabad,32.9,2,63961.6,2,0,0,75271.0,0
14339,Male,Mumbai,22.9,10,107994.36,2,1,0,83330.95,0
14340,Male,Mumbai,52.7,9,67509.41,1,1,1,55313.68,0
14341,Male,Mumbai,33.9,2,116625.01,1,0,0,85813.5,1
14342,Male,Mumbai,71.4,8,48119.51,1,1,0,97328.59,1
14343,Female,Hyderabad,31.9,4,102013.12,1,1,0,124239.23,0
14344,Female,Mumbai,36.7,6,69207.89,2,1,1,88479.77,0
14345,Female,Bangalore,28.3,4,13117.58,2,1,0,98790.1,0
14346,Male,Delhi,41.8,1,69453.77,1,1,1,57191.64,0
14347,Female,Mumbai,49.6,10,82580.56,1,0,0,29312.3,0
14348,Female,Bangalore,19.2,10,24539.82,1,1,1,125338.13,0
14349,Female,Bangalore,47.9,7,58049.07,1,0,1,88586.93,0
14350,Female,Mumbai,35.1,8,52097.35,2,1,1,118275.9,0
14351,Female,Delhi,29.7,10,89199.53,2,0,0,71338.22,0
14352,Female,Hyderabad,23.2,1,54051.33,2,1,0,44607.74,0
14353,Male,Bangalore,51.7,1,55376.87,1,0,1,35965.06,0
14354,Male,Hyderabad,43.4,3,43174.89,2,1,1,54550.81,0
14355,Female,Kolkata,33.0,7,41187.37,2,1,0,51669.13,1
14356,Female,Delhi,49.4,4,40460.9,1,0,1,102879.7,0
14357,Male,Kolkata,46.4,4,35154.79,1,1,0,81262.35,0
14358,Female,Bangalore,50.4,6,33797.85,2,1,1,118353.66,0
14359,Female,Mumbai,59.7,3,102343.16,2,1,0,75375.43,0
14360,Male,Hyderabad,42.6,8,99841.25,1,0,0,133011.76,0
14361,Male,Kolkata,63.2,3,93687.43,1,1,0,107125.9,0
14362,Female,Hyderabad,57.1,7,66831.62,1,1,1,83151.99,0
14363,Female,Mumbai,49.4,2,54360.61,2,1,1,61588.19,0
14364,Female,Kolkata,19.7,5,78005.52,1,0,1,138660.35,0
14365,Male,Hyderabad,41.3,0,101800.83,1,0,0,70333.93,1
14366,Female,Mumbai,43.0,6,70658.08,2,1,1,108299.58,0
14367,Male,Mumbai,42.6,10,55170.71,2,1,0,113861.98,0
14368,Male,Chennai,38.7,6,79730.01,1,1,0,130653.05,0
14369,Male,Mumbai,47.8,1,148835.66,2,1,1,53424.63,1
14370,Male,Delhi,49.3,4,45236.85,1,1,1,170438.04,0
14371,Male,Bangalore,19.9,3,38966.74,1,0,1,149041.85,0
14372,Male,Delhi,56.3,9,95618.67,1,0,0,104147.26,0
14373,Male,Chennai,22.3,8,90916.01,1,1,0,36428.15,1
14374,Male,Bangalore,35.1,1,38964.15,1,1,1,113995.12,0
14375,Female,Kolkata,29.3,2,72735.68,1,0,1,114805.32,0
14376,Female,Delhi,31.3,0,56462.48,2,0,1,39367.91,0
14377,Male,Delhi,53.0,9,33870.62,1,1,0,79385.95,0
14378,Female,Hyderabad,41.5,4,35198.14,1,1,0,126435.41,0
14379,Male,Delhi,48.2,2,50664.03,2,1,0,15000.0,0
14380,Female,Kolkata,47.6,3,68979.16,1,1,1,98063.01,0
14381,Male,Pune,18.0,3,82606.08,1,0,1,95236.27,0
14382,Male,Delhi,33.3,5,55077.32,2,1,1,46103.76,0
14383,Female,Mumbai,49.0,9,58260.54,1,0,0,104729.47,0
14384,Female,Pune,47.9,6,79476.46,2,0,1,86548.32,0
14385,Female,Pune,18.9,6,57373.8,2,0,1,84614.79,0
14386,Female,Kolkata,52.4,10,58467.59,1,0,1,98199.81,0
14387,Male,Chennai,47.4,7,94198.83,1,0,1,81351.4,0
14388,Male,Mumbai,28.4,2,55555.21,2,1,1,78769.09,0
14389,Male,Delhi,44.9,4,49633.77,2,1,1,71006.14,0
14390,Male,Pune,37.3,9,49947.41,2,1,0,91625.87,0
14391,Male,Bangalore,45.9,5,60768.83,1,1,1,58737.18,0
14392,Female,Bangalore,18.4,5,96794.06,1,1,1,157979.54,0
14393,Female,Pune,35.8,7,75837.81,1,0,0,51860.03,0
14394,Male,Hyderabad,54.2,4,61876.28,2,1,0,103720.1,0
14395,Male,Delhi,46.5,4,62283.21,1,1,0,49153.14,0
14396,Female,Kolkata,49.5,0,84294.42,2,1,1,200000.0,0
14397,Male,Pune,37.2,0,62168.23,1,0,1,59447.17,0
14398,Male,Mumbai,46.8,5,61800.94,1,0,1,149601.03,0
14399,Male,Pune,38.0,9,73326.71,2,1,1,64738.99,0
14400,Male,Mumbai,28.9,9,47105.28,1,1,0,113884.89,0
14401,Male,Chennai,37.0,4,113906.72,2,1,1,85596.5,0
14402,Female,Mumbai,57.4,10,112216.72,2,1,0,96972.43,0
14403,Male,Mumbai,53.6,9,67168.42,3,0,0,99460.32,1
14404,Male,Chennai,28.1,5,62030.48,1,1,1,110641.19,0
14405,Female,Delhi,35.0,8,42888.3,1,1,0,106054.18,0
14406,Female,Mumbai,28.9,7,66923.03,2,1,1,80263.75,0
14407,Male,Bangalore,42.2,6,40214.12,2,0,0,88779.04,0
14408,Male,Hyderabad,52.0,6,61206.82,1,1,1,89426.54,0
14409,Male,Delhi,64.4,5,83596.96,2,1,1,85715.08,1
14410,Female,Mumbai,22.9,5,90920.41,2,1,1,80409.79,0
14411,Male,Delhi,50.3,0,101440.72,1,1,0,102070.11,1
14412,Male,Kolkata,39.9,6,76556.48,2,1,0,73516.48,0
14413,Female,Delhi,35.6,4,43026.38,1,1,0,119557.14,0
14414,Female,Delhi,28.8,6,101815.82,1,1,0,131833.83,0
14415,Male,Bangalore,61.4,5,89039.96,2,0,1,75104.83,0
14416,Female,Delhi,20.5,7,54865.15,1,0,0,104589.8,1
14417,Male,Mumbai,34.1,2,40130.58,2,1,0,73654.56,0
14418,Male,Bangalore,44.4,7,69900.85,2,1,0,62141.78,0
14419,Male,Delhi,45.4,6,97668.13,1,1,1,64831.27,0
14420,Male,Delhi,55.0,0,54371.42,1,1,1,59193.82,0
14421,Male,Bangalore,29.4,2,68881.2,2,0,1,32048.87,0
14422,Male,Mumbai,47.5,9,79923.95,2,1,0,163623.15,0
14423,Female,Pune,39.2,3,28858.51,2,1,0,83164.83,0
14424,Female,Hyderabad,40.5,8,49584.67,1,0,0,95827.36,0
14425,Male,Chennai,34.5,5,105611.12,2,1,0,65562.91,0
14426,Male,Mumbai,41.9,6,16767.12,1,1,0,73915.25,1
14427,Male,Bangalore,38.3,4,95114.45,1,0,0,41837.24,0
14428,Male,Mumbai,35.7,2,94816.55,2,1,1,113137.83,0
14429,Male,Kolkata,33.7,4,75666.73,1,0,0,67774.93,1
14430,Female,Pune,44.5,6,68627.31,2,1,1,152024.44,0
14431,Female,Chennai,24.0,8,23974.35,2,1,1,68740.23,1
14432,Female,Mumbai,37.7,8,77212.21,1,1,1,99745.83,0
14433,Male,Kolkata,30.8,7,54243.71,1,1,1,49069.51,0
14434,Female,Kolkata,38.5,4,95299.38,2,1,1,86001.81,0
14435,Male,Kolkata,38.7,6,73427.88,1,0,1,23386.4,0
14436,Male,Pune,50.4,3,26281.67,1,1,1,46269.17,0
14437,Male,Delhi,47.9,9,45820.95,1,1,0,131455.61,0
14438,Female,Mumbai,43.5,4,26035.04,1,0,0,137018.85,1
14439,Female,Delhi,42.1,3,31686.52,4,1,1,89787.17,0
14440,Male,Pune,37.7,2,86570.83,1,0,1,87451.65,0
14441,Female,Kolkata,37.5,10,58902.44,1,0,1,117084.11,0
14442,Female,Kolkata,19.0,0,46908.87,2,1,0,94958.48,1
14443,Male,Pune,48.8,4,64299.5,2,1,0,59185.8,0
14444,Male,Hyderabad,43.2,1,55446.23,2,1,1,112592.98,0
14445,Male,Mumbai,54.4,5,68920.1,1,0,0,106865.25,1
14446,Female,Hyderabad,33.3,4,118166.67,1,1,1,134928.91,0
14447,Male,Delhi,55.1,10,64543.83,4,1,0,125565.86,1
14448,Female,Pune,37.7,1,93005.43,1,0,0,21883.21,0
14449,Male,Mumbai,33.1,7,17273.58,2,1,0,52870.47,0
14450,Female,Hyderabad,58.5,4,55566.21,2,1,0,181845.92,0
14451,Male,Delhi,44.4,1,33758.41,1,1,1,72377.26,0
14452,Female,Bangalore,60.1,0,70973.89,2,1,0,84446.5,0
14453,Female,Delhi,42.0,1,84272.39,1,1,1,82868.36,0
14454,Female,Mumbai,49.7,0,86913.08,2,1,1,73942.01,1
14455,Female,Chennai,52.3,9,61672.77,2,0,1,156223.16,0
14456,Male,Mumbai,36.6,9,95340.44,1,1,1,85056.71,0
14457,Female,Delhi,44.2,2,72963.53,2,0,0,51249.09,0
14458,Male,Kolkata,41.9,2,79290.94,2,0,1,75216.01,0
14459,Male,Delhi,50.0,9,53161.76,2,1,0,120805.03,0
14460,Female,Mumbai,27.2,0,51716.67,2,1,0,58266.05,0
14461,Male,Kolkata,47.2,6,57393.0,2,1,1,109577.53,0
14462,Female,Delhi,51.0,9,97172.33,2,1,1,65171.21,0
14463,Female,Hyderabad,31.8,6,53174.64,1,0,0,80116.43,0
14464,Male,Delhi,29.4,8,26665.22,2,1,1,133544.7,0
14465,Female,Delhi,20.1,4,59903.62,2,1,1,114278.39,0
14466,Male,Hyderabad,64.9,3,50121.15,1,1,1,107364.01,0
14467,Male,Chennai,31.2,4,91147.55,1,1,0,52454.0,0
14468,Male,Mumbai,57.0,7,68983.85,2,1,1,124333.43,0
14469,Male,Bangalore,37.5,7,76514.6,1,1,1,52795.37,0
14470,Female,Mumbai,53.2,3,92114.82,1,1,0,80219.92,0
14471,Female,Kolkata,47.0,7,72799.16,1,1,1,93887.91,0
14472,Female,Delhi,65.2,3,40658.55,1,1,1,134309.69,0
14473,Male,Mumbai,57.3,3,74716.72,1,0,0,98828.64,0
14474,Male,Mumbai,42.6,10,95250.04,1,1,0,97578.36,0
14475,Female,Bangalore,43.7,7,65028.14,2,1,0,61743.88,0
14476,Female,Kolkata,48.1,1,67005.76,1,1,1,127464.91,0
14477,Male,Mumbai,72.2,3,52177.1,3,0,1,91023.75,0
14478,Male,Kolkata,40.8,0,70167.38,1,1,0,26143.4,1
14479,Female,Mumbai,24.5,0,76573.96,2,0,1,173314.51,0
14480,Female,Delhi,42.9,10,94209.16,2,0,1,57816.06,0
14481,Male,Hyderabad,32.3,7,108761.64,2,0,1,36970.0,0
14482,Male,Mumbai,42.5,3,77835.12,1,1,0,71382.14,1
14483,Female,Chennai,53.8,5,102902.43,2,1,0,129775.9,0
14484,Female,Mumbai,46.0,4,73607.45,1,0,1,168648.21,0
14485,Male,Delhi,32.9,9,80494.38,1,0,1,93530.95,0
14486,Female,Chennai,37.6,5,129527.43,1,1,1,110766.38,0
14487,Male,Mumbai,27.2,3,62851.58,1,1,1,71055.9,0
14488,Male,Chennai,55.3,3,37163.5,1,1,0,136589.73,0
14489,Female,Bangalore,49.8,6,120428.54,2,0,1,65863.17,0
14490,Female,Pune,26.9,0,82012.34,3,1,0,117419.38,1
14491,Male,Kolkata,70.3,8,36095.3,1,1,1,168164.55,0
14492,Female,Kolkata,37.4,9,61391.96,1,1,0,124516.21,0
14493,Female,Delhi,43.5,2,76633.85,1,1,1,98060.1,0
14494,Female,Bangalore,35.9,3,46593.43,2,1,1,65995.59,0
14495,Female,Pune,45.0,8,34328.13,2,0,0,75395.74,1
14496,Female,Delhi,41.1,4,85589.91,1,1,1,25688.3,0
14497,Female,Chennai,23.2,3,18978.41,2,1,1,99845.49,0
14498,Male,Delhi,54.1,5,52092.37,1,1,0,96871.89,0
14499,Male,Mumbai,30.1,0,51476.51,1,1,1,44209.85,0
14500,Male,Bangalore,51.0,9,40185.38,1,1,0,97648.08,1
14501,Female,Pune,37.2,0,56283.36,1,1,0,80132.42,0
14502,Female,Mumbai,40.8,4,60046.24,1,0,1,42651.62,1
14503,Male,Bangalore,45.8,4,0.0,1,1,0,65714.8,0
14504,Male,Delhi,41.6,10,71922.33,2,1,1,46465.84,0
14505,Female,Kolkata,48.9,8,85589.32,1,0,1,77868.45,0
14506,Male,Delhi,31.5,0,101728.44,1,1,0,90323.96,0
14507,Female,Delhi,52.4,2,63729.35,1,1,0,85056.71,0
14508,Male,Hyderabad,27.6,2,11151.84,2,1,1,29171.91,0
14509,Female,Mumbai,29.0,3,85927.19,1,1,1,111094.97,0
14510,Male,Hyderabad,46.9,6,66808.46,1,1,1,50875.32,0
14511,Male,Bangalore,52.6,6,83830.64,1,1,1,108208.39,0
14512,Male,Hyderabad,43.4,9,67731.72,1,1,1,83378.75,1
14513,Male,Delhi,57.9,4,78835.41,2,1,1,85056.71,0
14514,Female,Mumbai,30.0,8,42335.71,1,1,1,77398.3,0
14515,Female,Bangalore,26.0,6,36210.92,1,1,0,132009.55,0
14516,Male,Kolkata,50.1,1,61796.36,2,0,1,167842.15,1
14517,Female,Pune,41.5,2,64088.61,3,1,1,102230.34,0
14518,Female,Bangalore,49.7,10,44896.87,2,1,0,17860.22,0
14519,Male,Chennai,27.7,6,45290.1,3,1,0,118982.26,0
14520,Male,Kolkata,34.7,4,44378.68,2,1,1,63705.24,0
14521,Female,Bangalore,60.9,6,94134.74,4,1,1,15000.0,0
14522,Female,Chennai,37.6,8,41012.85,1,1,0,76251.54,1
14523,Female,Kolkata,57.1,8,77824.52,2,0,1,129863.6,0
14524,Female,Delhi,49.3,2,45198.7,3,0,1,120151.16,1
14525,Female,Mumbai,36.6,7,76397.97,2,1,1,72415.54,0
14526,Male,Delhi,56.9,5,99105.8,3,0,0,149253.63,1
14527,Female,Pune,43.9,3,92768.18,1,1,0,56769.93,0
14528,Female,Bangalore,40.2,3,57642.88,1,0,1,154004.27,0
14529,Female,Delhi,39.0,3,71802.4,1,1,0,66930.01,0
14530,Male,Hyderabad,45.3,6,53938.33,1,1,1,71696.98,0
14531,Male,Delhi,26.5,5,88526.56,2,1,1,18894.92,0
14532,Male,Mumbai,50.8,1,63105.87,2,0,1,72251.47,0
14533,Male,Pune,45.3,4,99045.53,2,0,0,100768.51,0
14534,Male,Hyderabad,33.1,4,41088.7,1,1,1,78166.05,0
14535,Female,Mumbai,24.8,5,45035.17,1,1,0,29242.39,0
14536,Female,Bangalore,37.0,6,80913.07,2,1,0,93281.9,0
14537,Male,Delhi,43.0,10,75901.21,2,1,0,85855.57,0
14538,Female,Kolkata,41.9,7,110638.03,1,0,1,87692.53,0
14539,Male,Mumbai,41.8,9,58582.23,1,1,0,85056.71,0
14540,Male,Pune,48.1,7,51161.63,2,0,0,85432.14,0
14541,Male,Mumbai,26.2,10,50640.45,2,1,0,91052.84,0
14542,Female,Mumbai,39.2,4,57842.39,1,1,0,137478.14,0
14543,Male,Hyderabad,43.6,1,74053.06,1,1,0,62488.85,0
14544,Male,Hyderabad,45.5,9,23818.58,2,1,0,116361.97,0
14545,Male,Delhi,50.8,7,34172.35,1,0,1,89859.07,0
14546,Female,Delhi,37.6,5,70655.26,3,0,1,64982.63,0
14547,Male,Pune,40.6,2,74281.71,1,0,0,134399.83,0
14548,Female,Kolkata,31.1,3,56920.7,2,1,0,61595.28,0
14549,Female,Kolkata,44.7,0,76383.56,1,1,0,106696.17,1
14550,Female,Bangalore,29.6,2,26991.56,2,1,1,47808.89,0
14551,Female,Bangalore,46.9,3,46389.22,1,1,1,42759.05,0
14552,Male,Pune,54.2,1,45840.03,3,1,0,85056.71,1
14553,Male,Hyderabad,45.6,5,43057.28,1,0,1,15000.0,0
14554,Female,Mumbai,55.4,7,85792.22,2,0,1,37427.12,0
14555,Male,Bangalore,34.6,5,88768.12,2,0,0,135170.84,0
14556,Female,Mumbai,25.6,9,8798.73,1,1,1,164273.04,0
14557,Female,Bangalore,38.1,2,15579.8,2,0,0,129270.0,0
14558,Female,Kolkata,32.6,8,68183.39,3,0,0,44674.66,0
14559,Female,Mumbai,34.1,3,50080.88,1,1,1,103329.27,0
14560,Female,Bangalore,18.0,5,61634.0,1,1,1,34052.41,0
14561,Female,Mumbai,42.1,3,73044.57,2,1,1,76625.32,0
14562,Male,Mumbai,40.3,3,109389.07,2,0,1,62132.25,0
14563,Female,Pune,50.1,10,63146.34,1,0,0,133861.23,0
14564,Male,Mumbai,46.6,1,86427.82,2,1,1,81726.27,0
14565,Male,Kolkata,37.9,9,54156.06,1,1,1,15000.0,0
14566,Female,Delhi,51.0,1,76426.02,2,1,0,102960.09,0
14567,Male,Kolkata,50.6,1,82698.77,1,1,1,72202.31,0
14568,Male,Mumbai,34.2,1,52105.06,1,1,0,69835.5,0
14569,Male,Mumbai,42.4,7,48066.6,2,0,1,134095.18,0
14570,Female,Mumbai,58.1,9,53060.25,2,0,0,87920.86,0
14571,Female,Pune,43.9,3,86739.61,1,0,0,36605.09,0
14572,Female,Mumbai,30.1,3,83157.4,2,1,0,67055.63,0
14573,Male,Bangalore,40.1,9,2687.64,2,1,1,65720.3,0
14574,Female,Chennai,22.3,9,54465.8,2,1,1,79753.37,0
14575,Female,Pune,18.0,10,75762.25,2,1,0,57231.64,0
14576,Male,Chennai,34.2,2,103926.85,1,0,1,87010.08,0
14577,Male,Mumbai,37.9,4,62501.4,2,0,0,100325.29,0
14578,Male,Hyderabad,28.3,3,74363.11,1,1,1,105371.6,0
14579,Female,Kolkata,31.8,6,67553.14,3,0,0,94355.08,0
14580,Female,Delhi,28.6,9,51931.23,2,1,1,89273.86,0
14581,Female,Mumbai,21.0,6,31386.52,1,1,1,100000.71,0
14582,Male,Kolkata,38.0,5,33693.12,1,1,0,134107.4,0
14583,Female,Delhi,48.0,6,84680.64,1,1,0,24697.7,0
14584,Female,Mumbai,33.9,6,68010.51,1,1,1,66729.13,0
14585,Female,Mumbai,53.6,7,46566.21,2,1,1,93401.64,0
14586,Male,Hyderabad,41.8,10,29322.22,3,1,1,78323.27,0
14587,Male,Pune,50.7,0,84334.96,2,1,0,57543.66,1
14588,Male,Kolkata,40.4,2,40128.7,2,0,1,15000.0,0
14589,Female,Kolkata,48.1,2,81901.8,2,1,0,117647.86,0
14590,Female,Mumbai,23.1,4,61726.67,2,0,1,109330.18,0
14591,Female,Mumbai,50.1,9,63935.97,1,0,1,43396.26,0
14592,Male,Delhi,40.1,6,108762.59,2,0,0,149828.04,0
14593,Female,Delhi,53.2,9,12541.42,1,1,1,90639.96,0
14594,Male,Hyderabad,37.0,5,43037.11,4,1,0,62988.33,0
14595,Male,Pune,60.9,3,104974.78,1,0,1,40617.01,0
14596,Female,Delhi,46.4,5,88370.58,2,1,0,59181.3,1
14597,Female,Bangalore,29.1,6,58968.91,1,0,1,75504.55,0
14598,Male,Chennai,53.5,3,111676.1,1,0,0,85782.61,1
14599,Male,Hyderabad,27.3,10,90093.7,2,1,1,93336.95,0
14600,Male,Delhi,26.6,7,51927.4,2,1,1,95935.1,0
14601,Male,Delhi,55.5,4,38172.29,1,0,0,107582.04,0
14602,Female,Delhi,44.0,2,99981.41,1,1,1,69656.25,0
14603,Female,Mumbai,40.9,1,44666.01,4,1,0,100557.61,0
14604,Male,Hyderabad,34.0,0,71244.54,2,1,1,56910.55,0
14605,Female,Mumbai,50.0,3,102420.45,1,1,0,91523.36,1
14606,Female,Pune,36.7,1,69512.66,1,1,0,71959.45,0
14607,Female,Delhi,42.4,2,65257.34,1,1,1,101336.77,0
14608,Male,Kolkata,26.5,0,23246.34,1,0,1,60792.01,0
14609,Male,Delhi,39.3,5,89931.41,2,1,0,47154.08,0
14610,Male,Kolkata,42.1,3,19579.43,2,0,1,78757.2,0
14611,Male,Delhi,46.4,4,98816.87,1,1,0,71237.68,0
14612,Male,Delhi,44.1,7,22914.38,1,0,1,87065.84,0
14613,Female,Mumbai,36.0,10,44285.01,1,0,0,57527.62,0
14614,Male,Chennai,43.4,3,94208.92,1,1,0,50246.97,0
14615,Male,Chennai,51.8,5,101183.38,1,1,1,49150.83,0
14616,Male,Mumbai,22.2,2,67363.52,2,0,1,35105.36,0
14617,Female,Bangalore,38.0,7,55968.03,1,0,0,134667.19,0
14618,Female,Chennai,42.5,2,68830.58,2,1,0,74394.73,0
14619,Male,Bangalore,28.9,6,15901.91,1,1,1,100658.41,0
14620,Female,Delhi,51.2,6,92298.68,2,0,1,152906.63,0
14621,Female,Chennai,40.1,2,49491.02,2,1,0,28254.8,0
14622,Female,Delhi,52.0,2,58646.37,2,1,0,72766.5,0
14623,Male,Mumbai,65.9,9,67126.17,2,1,1,137517.9,0
14624,Female,Delhi,44.0,9,71936.98,1,1,1,76163.75,0
14625,Male,Delhi,36.6,10,76162.06,2,1,0,127783.83,0
14626,Female,Bangalore,51.3,7,95636.77,2,1,0,15000.0,1
14627,Male,Pune,32.9,10,96760.5,2,1,0,78351.49,0
14628,Female,Chennai,45.6,2,64243.03,1,1,0,15000.0,0
14629,Female,Mumbai,52.4,1,83374.79,1,1,0,90534.47,0
14630,Female,Mumbai,50.0,4,86753.11,1,1,1,88408.07,1
14631,Male,Kolkata,56.9,10,21549.11,1,1,1,43524.03,0
14632,Male,Delhi,36.7,6,54053.64,1,1,0,84511.29,0
14633,Female,Mumbai,48.5,7,42341.33,1,1,1,110516.78,0
14634,Female,Delhi,41.1,0,65656.24,2,1,0,112041.16,0
14635,Male,Hyderabad,43.0,1,96390.76,2,1,0,114105.65,0
14636,Male,Delhi,43.0,6,84473.06,1,1,1,146464.69,0
14637,Male,Bangalore,46.5,8,85498.08,1,1,0,124708.7,0
14638,Female,Delhi,39.6,2,55131.84,2,0,0,56272.01,1
14639,Female,Mumbai,23.0,7,55212.71,2,0,0,84225.95,0
14640,Female,Mumbai,41.9,9,49916.54,2,1,0,97177.42,0
14641,Male,Delhi,44.3,2,42600.77,3,0,1,68508.43,0
14642,Male,Delhi,39.5,3,79408.22,2,0,1,64781.19,0
14643,Female,Chennai,45.2,1,51278.39,2,1,0,111192.3,0
14644,Male,Bangalore,38.5,8,32487.16,1,1,1,38264.95,0
14645,Female,Chennai,36.7,4,72187.95,2,1,1,60929.28,0
14646,Female,Pune,56.7,4,66684.7,2,1,0,127647.61,1
14647,Female,Hyderabad,67.1,3,72428.04,1,1,1,70540.96,1
14648,Male,Kolkata,50.6,4,101169.0,2,1,0,93132.12,1
14649,Female,Delhi,33.1,0,65600.14,1,0,0,107099.67,0
14650,Male,Bangalore,42.7,9,48941.08,2,1,0,116778.88,0
14651,Male,Bangalore,41.8,9,48761.8,2,0,1,66476.93,0
14652,Female,Kolkata,48.0,5,40966.08,1,1,1,91130.72,0
14653,Male,Kolkata,42.3,10,45859.58,2,1,1,47995.62,0
14654,Female,Chennai,47.4,3,33740.92,3,1,1,86894.37,0
14655,Male,Delhi,61.5,3,67967.07,1,1,0,41565.98,1
14656,Male,Pune,18.0,4,48096.77,1,0,1,77034.61,0
14657,Female,Pune,33.9,0,68209.38,2,1,1,93463.51,0
14658,Female,Mumbai,51.5,3,55921.55,2,1,0,44550.02,0
14659,Male,Pune,39.5,9,62353.53,2,1,0,118129.22,0
14660,Female,Bangalore,47.1,2,108829.94,1,0,1,58547.72,0
14661,Female,Pune,37.7,4,93609.01,2,1,0,57031.75,0
14662,Female,Pune,58.7,9,26516.65,2,1,1,42887.93,0
14663,Male,Delhi,53.9,4,49759.8,1,0,1,103787.51,0
14664,Female,Mumbai,43.6,7,17549.85,4,0,1,126101.59,0
14665,Female,Bangalore,60.1,0,54945.19,2,1,0,75354.53,0
14666,Female,Kolkata,43.7,2,73307.86,2,0,0,32602.55,0
14667,Male,Chennai,40.8,4,91826.86,1,0,0,44010.99,0
14668,Female,Hyderabad,57.6,10,90578.98,2,1,1,73241.96,0
14669,Female,Chennai,23.2,2,72948.02,2,0,0,64039.67,0
14670,Female,Delhi,42.0,5,41681.7,2,1,1,30922.17,0
14671,Male,Hyderabad,44.2,9,86113.89,2,1,1,93766.07,0
14672,Female,Mumbai,37.3,2,66221.27,1,0,0,71397.34,1
14673,Female,Mumbai,31.1,5,69743.63,1,1,0,109964.89,0
14674,Male,Kolkata,39.1,7,113813.27,2,1,1,91427.41,0
14675,Male,Chennai,21.9,3,41396.23,2,1,1,87657.1,0
14676,Female,Pune,58.6,7,116855.56,2,0,1,76721.79,1
14677,Male,Mumbai,59.2,6,109958.53,1,1,1,86916.46,0
14678,Male,Pune,40.9,10,66699.97,2,0,0,137380.16,0
14679,Female,Mumbai,36.3,10,69835.31,2,1,1,16468.86,0
14680,Female,Mumbai,22.3,3,47322.67,1,1,0,93906.78,0
14681,Male,Delhi,32.2,2,69754.71,1,0,1,77359.77,0
14682,Male,Delhi,57.8,4,67336.19,1,1,0,56174.42,1
14683,Male,Pune,40.1,4,47783.68,1,1,1,105375.71,0
14684,Male,Pune,33.8,6,47129.44,1,0,0,67748.93,0
14685,Female,Pune,40.6,10,59026.09,1,1,1,36966.7,0
14686,Male,Delhi,33.5,0,64769.74,2,0,1,50269.63,0
14687,Male,Chennai,21.1,8,22185.64,1,0,0,102271.31,0
14688,Male,Bangalore,36.3,1,93179.7,2,1,0,92063.18,1
14689,Female,Pune,27.5,8,52561.73,1,1,1,85056.71,0
14690,Female,Chennai,45.1,8,57486.7,1,1,0,22287.7,1
14691,Male,Delhi,51.1,2,69439.2,3,1,1,70869.48,1
14692,Male,Pune,31.5,6,58319.06,2,1,0,15000.0,0
14693,Male,Kolkata,42.3,2,93484.07,1,1,0,137081.81,1
14694,Female,Mumbai,39.8,7,57892.96,1,1,0,78405.51,0
14695,Male,Pune,31.2,7,50418.01,1,1,1,112040.42,0
14696,Female,Bangalore,18.0,2,80499.19,2,0,1,113560.9,0
14697,Female,Kolkata,27.7,4,84002.56,1,0,0,50171.5,0
14698,Female,Delhi,30.7,6,127580.41,1,1,0,91801.4,0
14699,Male,Mumbai,41.7,0,17613.73,2,1,1,90433.97,0
14700,Female,Delhi,42.9,2,66909.89,1,1,1,79790.24,0
14701,Male,Bangalore,54.9,0,82022.09,2,1,0,43126.45,0
14702,Male,Mumbai,27.6,1,42251.62,1,1,0,111865.44,0
14703,Female,Bangalore,30.2,6,100151.13,1,1,1,64362.75,0
14704,Female,Delhi,32.3,6,47886.49,2,1,0,53881.32,0
14705,Male,Mumbai,37.7,2,67960.33,2,0,1,117724.47,0
14706,Male,Hyderabad,42.6,5,92188.21,1,1,1,65202.8,0
14707,Female,Chennai,45.2,5,37681.25,1,1,0,75520.36,1
14708,Male,Mumbai,18.0,1,61674.27,1,0,0,100161.27,1
14709,Female,Bangalore,54.3,8,84194.66,2,0,1,93131.44,0
14710,Female,Bangalore,45.6,7,68771.45,2,0,0,37716.79,0
14711,Male,Delhi,40.1,1,81714.33,2,1,0,33468.0,0
14712,Male,Bangalore,18.0,3,84986.93,1,0,1,97736.22,1
14713,Male,Mumbai,50.0,8,51777.33,2,0,1,89534.31,0
14714,Female,Chennai,28.1,3,105468.34,1,0,0,77683.24,0
14715,Female,Delhi,34.6,6,43988.14,2,0,1,35685.64,0
14716,Male,Kolkata,57.2,4,98924.59,2,1,1,85243.71,0
14717,Female,Delhi,47.9,9,73788.64,2,1,1,93476.79,0
14718,Female,Bangalore,31.9,5,49593.34,2,0,0,15000.0,0
14719,Male,Mumbai,49.6,0,43437.42,1,0,1,69121.59,0
14720,Female,Delhi,44.3,3,72023.13,2,0,0,87926.3,0
14721,Male,Mumbai,35.1,4,59502.62,1,0,1,87970.82,0
14722,Male,Delhi,45.7,5,77209.03,1,1,0,152532.43,1
14723,Male,Bangalore,35.5,5,59336.15,1,1,0,119576.78,0
14724,Male,Mumbai,44.6,4,66872.51,2,1,0,98817.73,0
14725,Male,Mumbai,44.5,2,77795.25,2,0,0,117453.41,0
14726,Male,Kolkata,46.0,10,63430.57,1,1,1,90377.68,0
14727,Female,Delhi,63.1,1,58582.0,1,0,0,103891.98,1
14728,Female,Kolkata,51.3,6,73902.16,1,0,1,127692.98,0
14729,Female,Delhi,52.0,0,55835.95,2,1,0,29209.21,0
14730,Male,Hyderabad,33.7,4,81790.08,2,1,1,85056.71,0
14731,Male,Chennai,21.8,3,76367.93,1,1,0,77225.04,0
14732,Male,Hyderabad,37.7,6,82468.18,2,1,1,119119.87,0
14733,Female,Pune,34.2,1,82319.11,1,1,0,102094.95,0
14734,Female,Bangalore,47.2,10,58762.48,2,1,0,99016.41,0
14735,Male,Mumbai,37.6,7,15021.06,1,1,1,127360.9,0
14736,Male,Mumbai,55.9,8,60964.34,1,1,1,91390.53,0
14737,Female,Kolkata,19.1,9,70940.88,1,1,0,122674.68,0
14738,Male,Delhi,36.6,0,62019.0,2,1,1,95378.3,0
14739,Male,Hyderabad,44.5,4,47000.32,2,1,1,52475.66,0
14740,Female,Mumbai,28.3,3,96008.31,2,1,1,45924.63,0
14741,Female,Hyderabad,50.9,4,44965.46,2,1,1,101677.51,0
14742,Male,Chennai,50.5,8,47921.59,2,1,1,58330.24,0
14743,Male,Chennai,34.8,2,53812.9,2,0,1,103606.71,0
14744,Female,Delhi,71.8,0,57652.35,1,1,0,53144.02,0
14745,Male,Pune,26.6,10,50416.78,3,0,1,126833.09,0
14746,Male,Mumbai,23.8,2,64514.93,2,0,0,138164.86,0
14747,Male,Hyderabad,34.3,3,67610.33,1,1,1,108817.07,1
14748,Male,Hyderabad,42.3,1,40941.14,2,1,0,80203.02,0
14749,Male,Chennai,20.6,0,37236.87,1,1,1,81262.35,1
14750,Female,Bangalore,47.4,0,82990.14,1,0,0,98276.15,0
14751,Male,Delhi,69.5,7,63798.65,1,1,1,152102.4,1
14752,Male,Hyderabad,23.3,3,90059.78,1,1,1,94061.0,0
14753,Female,Chennai,42.4,1,81006.2,1,0,1,116255.9,0
14754,Female,Chennai,51.5,9,57630.7,2,0,1,57411.28,0
14755,Female,Mumbai,49.2,2,75887.39,1,1,0,85178.81,0
14756,Female,Hyderabad,65.9,7,83611.07,2,0,1,140028.04,0
14757,Male,Mumbai,34.4,5,44921.61,4,0,1,148381.67,0
14758,Female,Chennai,63.8,7,26684.72,2,1,1,47068.65,0
14759,Male,Bangalore,39.3,9,41238.5,2,1,0,85559.47,0
14760,Female,Bangalore,33.9,4,79325.15,1,1,0,124330.85,0
14761,Female,Mumbai,62.5,2,108098.14,2,0,0,127523.89,0
14762,Female,Chennai,35.6,5,64113.91,2,1,0,79396.64,0
14763,Female,Mumbai,52.9,9,96834.63,1,1,0,85315.01,0
14764,Male,Delhi,34.1,7,87828.45,1,0,0,66370.71,0
14765,Female,Mumbai,24.7,4,47518.16,2,1,1,32452.29,1
14766,Female,Pune,24.7,4,63346.58,2,1,1,77359.14,0
14767,Female,Hyderabad,48.5,2,81025.83,2,1,1,101573.78,1
14768,Male,Delhi,27.2,2,35645.61,2,1,1,32444.01,1
14769,Female,Chennai,37.5,7,86212.45,2,0,1,181726.41,1
14770,Male,Bangalore,32.2,10,91779.97,1,0,1,85179.09,0
14771,Male,Mumbai,29.5,0,85291.26,1,1,1,85056.71,0
14772,Male,Hyderabad,30.9,3,62014.66,2,1,1,107226.48,0
14773,Male,Delhi,42.5,8,77108.49,1,1,1,129082.04,0
14774,Female,Pune,18.0,5,89574.37,1,1,0,44270.18,0
14775,Male,Mumbai,50.1,5,28205.22,1,0,1,112096.82,0
14776,Female,Bangalore,24.5,9,5064.6,2,1,0,63027.76,0
14777,Male,Pune,26.0,10,77877.4,2,1,0,88290.51,1
14778,Male,Bangalore,22.7,10,50081.76,1,1,0,108771.73,0
14779,Male,Bangalore,43.2,6,69501.98,2,1,1,91574.91,0
14780,Male,Chennai,57.6,10,70034.07,1,0,1,71698.06,1
14781,Male,Mumbai,38.4,6,95611.98,3,0,1,89589.38,0
14782,Male,Delhi,45.2,5,69266.31,4,0,1,114739.34,0
14783,Female,Mumbai,46.5,8,78298.2,2,1,1,77817.99,0
14784,Male,Mumbai,48.9,7,76619.7,1,0,0,97944.28,0
14785,Male,Hyderabad,28.0,7,84815.96,1,1,0,82335.05,0
14786,Male,Bangalore,59.1,1,50838.2,2,1,0,44443.79,0
14787,Female,Hyderabad,36.0,6,72591.66,1,1,0,140579.22,0
14788,Female,Mumbai,43.4,0,6691.98,2,1,1,112616.54,0
14789,Female,Bangalore,38.2,9,49200.15,2,1,1,71306.06,0
14790,Male,Bangalore,34.7,7,90551.27,4,0,1,53815.69,0
14791,Male,Delhi,51.3,2,31836.94,1,0,0,65932.97,0
14792,Male,Mumbai,47.6,10,34578.53,1,1,1,104624.99,1
14793,Male,Mumbai,18.0,8,81264.79,1,1,1,90280.64,0
14794,Male,Pune,45.0,4,49668.8,1,1,0,118497.0,0
14795,Male,Pune,65.2,6,96362.82,1,0,0,46595.45,0
14796,Male,Delhi,42.2,6,66873.61,1,1,0,95242.67,0
14797,Male,Kolkata,33.9,8,103030.65,1,0,1,78908.08,0
14798,Female,Mumbai,35.4,1,107538.43,1,1,0,65545.05,0
14799,Male,Kolkata,33.3,3,96889.6,2,1,1,139580.89,0
14800,Female,Delhi,26.2,7,52243.02,2,1,0,72083.81,0
14801,Male,Pune,37.8,4,37007.29,2,0,0,84348.54,0
14802,Male,Mumbai,37.7,10,96784.74,2,1,1,20768.05,0
14803,Female,Bangalore,47.2,4,64622.19,1,1,0,133002.06,0
14804,Male,Chennai,33.7,2,70011.43,2,0,1,53508.55,0
14805,Female,Delhi,64.1,4,93713.65,1,1,0,30068.36,0
14806,Female,Pune,28.8,6,36956.56,2,0,0,116559.07,0
14807,Male,Hyderabad,41.8,3,79711.95,1,1,1,123632.63,0
14808,Male,Hyderabad,31.0,7,52666.37,4,1,0,108451.38,0
14809,Male,Chennai,33.5,10,84815.22,2,0,1,23646.6,0
14810,Female,Pune,40.1,5,74657.6,1,0,1,99059.95,0
14811,Male,Mumbai,42.4,5,87041.1,4,1,0,15000.0,0
14812,Female,Bangalore,49.6,5,54369.0,2,0,1,41645.03,0
14813,Male,Delhi,34.4,3,47257.76,2,1,0,72463.06,0
14814,Female,Hyderabad,22.0,2,65037.47,1,1,1,122049.49,0
14815,Female,Chennai,56.4,9,50476.97,1,0,0,95332.43,0
14816,Female,Bangalore,28.3,5,49269.26,2,1,1,131769.17,0
14817,Female,Hyderabad,37.0,5,47462.05,1,0,1,63964.74,0
14818,Female,Mumbai,40.7,1,80831.65,2,1,0,44237.33,0
14819,Female,Bangalore,38.8,9,113830.6,1,1,0,83267.39,0
14820,Male,Mumbai,23.1,8,84820.48,1,1,0,71242.07,0
14821,Male,Delhi,50.3,3,82523.26,2,1,1,91135.37,0
14822,Male,Bangalore,18.0,3,81904.57,1,1,0,105301.88,0
14823,Male,Delhi,51.8,9,42171.45,3,0,0,121262.6,0
14824,Male,Chennai,53.9,10,82319.73,1,0,1,92643.58,1
14825,Female,Pune,50.8,7,19932.53,1,1,0,93685.12,0
14826,Male,Delhi,36.3,2,74336.36,2,1,0,73930.13,0
14827,Female,Delhi,41.6,9,83338.1,2,0,1,94890.36,0
14828,Male,Mumbai,32.0,6,85334.19,3,1,0,151316.91,1
14829,Male,Hyderabad,40.8,6,81283.0,1,1,1,70763.23,0
14830,Female,Delhi,47.5,1,33854.79,1,0,1,81479.87,0
14831,Female,Hyderabad,26.9,2,48950.86,2,0,1,125346.82,0
14832,Female,Chennai,38.4,3,94394.45,1,0,0,153706.79,0
14833,Female,Mumbai,34.3,1,74232.69,1,1,0,50200.01,0
14834,Male,Bangalore,54.1,8,72891.69,2,1,0,51769.73,0
14835,Female,Hyderabad,28.7,9,51741.65,1,1,1,85056.71,0
14836,Male,Hyderabad,47.5,10,37440.06,1,0,1,16794.78,0
14837,Male,Bangalore,39.4,5,46728.8,1,0,0,88112.64,0
14838,Male,Mumbai,38.5,0,30255.61,2,1,1,145159.37,0
14839,Male,Mumbai,47.9,0,78762.93,1,0,1,85056.71,0
14840,Male,Pune,35.4,7,0.0,1,0,1,83251.5,0
14841,Male,Hyderabad,41.2,10,46803.86,1,1,0,127114.43,0
14842,Male,Mumbai,53.3,5,114331.81,4,0,0,153803.92,1
14843,Male,Mumbai,30.7,9,59642.68,1,1,0,86942.72,0
14844,Male,Chennai,43.3,6,45681.16,1,0,1,84316.52,0
14845,Male,Hyderabad,50.6,5,120859.94,1,1,1,61086.13,0
14846,Male,Delhi,45.6,1,54904.47,1,0,1,115097.46,0
14847,Male,Mumbai,55.4,2,114704.91,1,1,1,139969.01,0
14848,Male,Mumbai,38.6,7,58045.77,2,0,1,85056.71,0
14849,Female,Chennai,48.1,3,87820.28,2,1,1,49589.37,0
14850,Male,Chennai,53.2,7,122316.26,2,0,1,113651.09,0
14851,Female,Bangalore,19.7,2,68733.72,1,1,1,57826.17,0
14852,Male,Hyderabad,35.1,1,56438.97,1,1,1,15000.0,0
14853,Female,Mumbai,44.5,6,82876.57,1,1,0,86735.56,0
14854,Male,Mumbai,51.0,0,40275.34,1,1,1,126886.54,0
14855,Female,Delhi,42.9,10,96536.79,1,1,1,63225.84,0
14856,Male,Delhi,56.8,2,48962.18,2,1,0,64561.03,0
14857,Male,Delhi,33.6,1,26450.34,1,1,1,110976.45,0
14858,Female,Delhi,25.2,4,62554.73,1,0,1,87955.02,0
14859,Female,Mumbai,49.5,1,54101.41,2,1,0,80424.27,0
14860,Female,Hyderabad,38.6,9,3625.59,1,0,0,59802.75,0
14861,Female,Mumbai,29.9,4,65386.85,2,0,1,115534.67,0
14862,Female,Bangalore,60.5,2,37810.76,2,1,1,75937.59,0
14863,Male,Hyderabad,49.0,8,53805.71,1,1,1,69441.34,0
14864,Male,Pune,47.8,9,37748.1,4,1,1,96853.92,0
14865,Male,Hyderabad,59.1,8,81587.5,1,1,0,41121.34,1
14866,Female,Hyderabad,35.4,7,64695.03,3,1,1,78333.7,0
14867,Male,Mumbai,57.0,4,28663.45,4,1,1,95346.41,0
14868,Male,Bangalore,45.0,9,100367.44,2,1,0,103713.88,0
14869,Female,Mumbai,32.9,10,72860.69,1,0,0,97479.96,0
14870,Female,Kolkata,39.9,6,52696.1,2,0,1,45535.2,0
14871,Male,Bangalore,42.2,1,46107.97,2,1,1,26454.74,1
14872,Male,Mumbai,53.4,2,63549.91,1,0,0,77622.42,0
14873,Male,Delhi,23.8,10,33439.41,2,1,0,37574.85,0
14874,Male,Kolkata,19.0,1,98030.24,2,0,0,157229.99,0
14875,Male,Bangalore,30.5,9,93472.22,2,1,1,23530.77,0
14876,Female,Pune,39.2,10,56924.46,2,1,1,103310.5,0
14877,Female,Mumbai,48.6,0,55287.7,1,1,1,66258.61,0
14878,Female,Pune,34.5,2,42932.22,2,1,1,142529.97,0
14879,Male,Delhi,45.0,3,71793.23,2,1,0,99656.38,1
14880,Female,Delhi,59.2,8,71996.16,1,1,1,127457.49,0
14881,Male,Delhi,19.6,1,82921.95,1,1,1,58786.95,0
14882,Male,Delhi,38.4,8,72270.3,1,1,1,42755.69,0
14883,Female,Pune,69.0,0,42766.94,1,0,0,53432.81,0
14884,Male,Hyderabad,31.5,8,46925.65,1,1,1,37127.81,0
14885,Male,Mumbai,30.2,5,68689.11,2,1,1,81650.77,0
14886,Female,Mumbai,46.3,7,47700.5,1,0,0,39904.27,0
14887,Male,Kolkata,33.6,2,99518.96,1,1,1,80022.05,0
14888,Female,Mumbai,52.9,7,64594.69,1,0,0,70237.9,1
14889,Male,Delhi,69.7,10,29026.77,2,0,0,137328.3,0
14890,Female,Delhi,40.9,8,62731.64,3,1,0,70513.63,0
14891,Male,Hyderabad,72.9,6,60122.97,1,1,0,98125.77,1
14892,Male,Chennai,34.6,3,98896.07,1,0,0,102429.95,1
14893,Female,Bangalore,38.0,5,66128.83,2,0,0,93349.97,0
14894,Male,Chennai,28.5,5,79927.05,1,1,1,63436.26,0
14895,Male,Chennai,34.6,1,61303.25,1,1,1,88369.73,0
14896,Male,Delhi,37.1,1,90635.5,2,0,0,126077.56,0
14897,Male,Chennai,45.0,10,98058.8,1,1,0,111454.72,0
14898,Male,Kolkata,25.0,4,42242.86,1,1,0,122762.52,0
14899,Male,Delhi,33.8,0,50338.82,2,1,1,59686.66,0
14900,Female,Chennai,34.1,4,59724.12,1,1,0,130047.04,0
14901,Male,Hyderabad,50.7,9,88047.66,1,1,1,75248.27,0
14902,Female,Bangalore,41.4,2,48921.81,1,1,0,123218.9,0
14903,Male,Mumbai,41.4,2,9439.88,1,1,1,130099.36,0
14904,Male,Delhi,41.0,7,85237.95,1,1,1,29947.76,0
14905,Female,Delhi,19.1,10,45671.92,1,1,0,89806.0,0
14906,Male,Pune,59.3,2,56669.18,2,1,1,45629.92,0
14907,Male,Hyderabad,28.9,2,55313.7,2,1,0,85056.71,0
14908,Male,Delhi,50.7,0,12994.75,1,1,0,126812.94,0
14909,Female,Kolkata,37.3,7,35563.15,1,1,1,40930.65,0
14910,Female,Hyderabad,32.7,9,86421.87,1,0,1,87362.58,0
14911,Female,Mumbai,52.5,9,64085.46,1,0,0,99958.46,1
14912,Female,Mumbai,25.7,5,88908.8,1,1,1,142218.5,0
14913,Female,Bangalore,26.7,10,105437.33,2,1,0,32503.42,0
14914,Male,Pune,41.9,7,24181.77,2,0,1,94928.14,0
14915,Male,Hyderabad,42.2,2,56718.08,3,0,0,76681.54,0
14916,Female,Pune,49.8,10,62237.49,2,0,1,107311.12,0
14917,Male,Mumbai,48.6,5,102830.63,1,0,0,81400.12,0
14918,Male,Chennai,39.2,1,37994.15,2,1,0,95488.74,0
14919,Female,Pune,41.3,2,73207.86,1,0,0,89659.81,0
14920,Male,Delhi,38.3,3,97118.31,1,0,1,116875.81,0
14921,Male,Chennai,57.0,8,87258.07,2,1,1,121023.97,0
14922,Female,Hyderabad,28.2,3,77783.66,1,1,0,65791.87,0
14923,Female,Bangalore,40.4,6,47077.03,2,1,0,30826.79,0
14924,Female,Delhi,49.2,7,92193.39,2,1,1,98917.65,0
14925,Male,Mumbai,53.3,4,24844.1,2,1,0,85056.71,0
14926,Male,Chennai,32.0,1,77538.35,1,1,0,66170.06,0
14927,Male,Delhi,28.4,10,21696.91,2,1,0,104187.6,0
14928,Male,Chennai,25.1,7,109669.6,3,0,1,191565.57,0
14929,Female,Delhi,35.9,4,36304.58,2,1,0,59568.9,0
14930,Female,Delhi,43.1,4,53465.03,2,0,0,67936.66,0
14931,Male,Chennai,34.3,6,106658.22,4,1,0,50177.16,1
14932,Male,Chennai,48.4,5,76218.24,1,0,1,69751.21,0
14933,Male,Delhi,39.2,2,46840.4,1,0,0,15000.0,0
14934,Male,Hyderabad,47.3,6,68004.85,2,1,0,94197.98,0
14935,Female,Pune,41.8,0,72304.86,2,1,0,27055.84,0
14936,Male,Bangalore,19.8,3,75571.51,1,1,0,72583.06,0
14937,Female,Delhi,26.2,3,59741.13,1,0,1,91241.57,0
14938,Female,Delhi,53.9,5,56946.21,1,0,1,55573.78,0
14939,Female,Mumbai,28.8,5,82187.87,2,0,0,129688.98,0
14940,Female,Bangalore,50.2,9,58673.1,1,0,1,78805.11,0
14941,Male,Kolkata,41.5,7,38152.84,1,1,1,56969.33,0
14942,Male,Delhi,28.2,0,57110.25,1,1,0,83733.59,0
14943,Female,Kolkata,49.0,6,64502.79,1,1,1,154587.74,1
14944,Male,Bangalore,34.3,3,73644.8,1,1,1,65627.88,0
14945,Female,Mumbai,41.8,5,69897.17,1,1,1,32338.29,0
14946,Male,Mumbai,37.5,9,31997.69,2,0,1,88080.9,0
14947,Female,Chennai,18.0,8,77461.49,2,1,1,92788.89,0
14948,Female,Pune,48.1,2,59789.25,1,1,1,104972.71,0
14949,Female,Mumbai,49.2,7,50948.76,1,1,0,15000.0,0
14950,Female,Bangalore,34.1,2,88390.47,2,1,1,167232.81,0
14951,Male,Bangalore,47.7,5,46922.53,1,0,1,59745.4,0
14952,Male,Kolkata,29.5,1,109624.81,3,1,0,165241.06,0
14953,Male,Hyderabad,29.8,8,107190.69,1,0,1,53254.45,0
14954,Female,Kolkata,42.9,1,90205.53,1,0,1,30416.64,0
14955,Male,Delhi,31.6,4,48182.02,1,1,0,105967.59,0
14956,Female,Kolkata,38.4,5,79335.35,1,1,1,60319.92,0
14957,Male,Hyderabad,28.7,3,71717.06,1,1,1,106687.87,0
14958,Female,Pune,24.6,6,46962.61,1,1,0,113320.8,0
14959,Male,Delhi,42.5,6,91732.69,3,0,0,33356.5,1
14960,Female,Bangalore,42.6,6,64992.47,1,1,1,78337.94,0
14961,Female,Chennai,40.2,10,3705.51,2,1,0,105390.43,0
14962,Male,Kolkata,36.5,6,101953.04,1,0,0,130204.07,0
14963,Male,Mumbai,31.6,9,102737.19,2,1,0,55453.27,1
14964,Female,Pune,27.0,10,63399.71,2,0,1,64696.5,0
14965,Female,Mumbai,26.6,9,80510.16,1,0,1,94605.59,0
14966,Male,Bangalore,32.8,8,73622.36,2,1,1,54772.89,0
14967,Male,Hyderabad,52.3,1,53111.42,1,0,0,69485.02,0
14968,Female,Delhi,42.8,4,131734.22,1,1,1,45156.92,0
14969,Male,Hyderabad,44.3,9,49568.21,2,0,0,65105.05,0
14970,Male,Kolkata,24.9,8,66282.34,2,1,0,115269.95,0
14971,Male,Delhi,42.2,10,37042.09,2,0,0,116847.19,0
14972,Female,Mumbai,44.0,10,86411.71,1,1,1,50665.08,0
14973,Female,Hyderabad,59.0,1,82305.59,1,1,0,179639.87,0
14974,Female,Mumbai,39.8,2,86530.66,1,1,0,116425.73,0
14975,Male,Mumbai,35.3,6,34494.0,1,1,1,71251.93,0
14976,Male,Mumbai,30.8,8,71900.32,1,1,0,61187.35,0
14977,Male,Bangalore,40.7,2,74845.25,1,0,0,95610.95,0
14978,Male,Pune,37.7,9,32093.89,2,1,1,82051.71,0
14979,Male,Delhi,53.5,7,74758.08,1,0,1,63498.39,0
14980,Male,Bangalore,50.8,10,48825.47,1,1,1,53694.52,0
14981,Female,Chennai,28.1,7,57543.42,1,0,1,69035.83,0
14982,Male,Hyderabad,39.7,3,79441.07,2,1,0,122039.99,1
14983,Female,Hyderabad,69.4,10,69968.02,1,1,0,120822.41,0
14984,Female,Chennai,22.4,5,46423.24,1,1,1,148165.92,0
14985,Female,Mumbai,37.8,10,36638.83,1,1,1,117804.19,0
14986,Male,Bangalore,49.0,7,60893.73,1,1,1,103897.66,0
14987,Female,Delhi,37.1,8,70605.83,2,1,1,109996.38,0
14988,Female,Delhi,36.1,1,65358.17,1,1,1,71583.56,0
14989,Female,Chennai,34.4,0,61844.87,1,0,1,95835.94,0
14990,Female,Hyderabad,27.2,4,59240.21,2,1,0,86481.67,0
14991,Female,Chennai,38.0,9,100905.43,2,0,1,77290.79,0
14992,Female,Mumbai,52.3,2,69726.13,1,1,1,57716.74,0
14993,Male,Mumbai,24.7,10,70064.82,1,0,1,78825.24,0
14994,Female,Mumbai,43.2,5,59484.31,1,1,1,81103.43,0
14995,Male,Delhi,52.9,10,54350.5,1,0,1,71709.81,0
14996,Female,Pune,39.8,0,112060.09,1,1,1,115872.39,0
14997,Male,Kolkata,40.1,10,79080.12,2,0,0,73739.3,0
14998,Male,Delhi,48.1,3,84429.11,1,1,0,50175.23,1
14999,Female,Delhi,29.2,5,44976.09,2,1,0,52244.34,0
15000,Female,Mumbai,45.1,1,89722.38,2,1,1,74468.83,0
15001,Male,Hyderabad,38.0,10,39937.09,1,1,1,51885.39,0
15002,Male,Mumbai,40.8,10,73339.46,2,1,0,87683.64,0
15003,Female,Chennai,60.1,7,67755.13,4,0,1,107852.1,0
15004,Male,Hyderabad,53.9,3,98056.9,2,0,0,54527.74,0
15005,Female,Kolkata,57.8,1,52573.48,1,1,1,85056.71,0
15006,Male,Kolkata,30.2,0,78977.05,2,1,1,37341.8,0
15007,Female,Bangalore,27.7,7,74813.9,2,1,0,90167.96,0
15008,Female,Mumbai,45.6,9,45802.17,2,1,1,33725.44,0
15009,Male,Kolkata,43.9,0,78421.19,2,1,1,137011.06,0
15010,Male,Pune,18.0,6,61251.68,2,1,0,94363.44,0
15011,Male,Bangalore,44.1,6,63950.56,2,1,0,119771.83,0
15012,Female,Hyderabad,64.6,5,55788.57,1,1,1,110941.17,0
15013,Female,Mumbai,62.8,7,66507.02,2,1,1,152329.79,0
15014,Female,Mumbai,31.6,9,66055.55,2,0,0,79751.78,0
15015,Male,Kolkata,48.5,0,78242.83,2,1,0,114143.82,1
15016,Male,Hyderabad,29.3,0,73032.37,2,1,0,72445.96,0
15017,Male,Bangalore,38.8,0,87001.01,1,1,1,53924.25,0
15018,Male,Pune,30.2,5,85646.04,1,1,0,91053.74,0
15019,Female,Delhi,26.0,6,102510.46,1,1,0,130947.32,0
15020,Female,Delhi,50.6,9,82148.0,1,1,0,72754.4,0
15021,Female,Delhi,43.4,8,68597.07,1,1,1,60615.14,0
15022,Male,Pune,45.3,9,93317.29,1,1,1,65245.95,0
15023,Male,Hyderabad,47.6,4,68146.13,2,0,1,85056.71,0
15024,Female,Hyderabad,42.4,0,72245.46,3,1,1,69914.23,0
15025,Female,Bangalore,27.5,8,1967.88,1,1,0,48083.23,1
15026,Female,Mumbai,42.5,4,42497.63,1,1,1,95453.78,1
15027,Male,Delhi,37.4,5,82489.42,3,1,1,105861.82,0
15028,Male,Bangalore,37.7,8,98534.91,2,1,0,141303.5,0
15029,Female,Delhi,28.7,1,78462.37,2,1,0,103480.97,0
15030,Male,Mumbai,21.9,2,80209.07,1,1,1,72520.59,0
15031,Male,Chennai,33.2,6,81819.05,2,1,0,48050.3,0
15032,Female,Delhi,46.5,2,65913.32,1,0,0,90878.79,0
15033,Female,Bangalore,39.2,1,41557.28,2,1,0,51252.21,1
15034,Female,Chennai,61.4,6,81005.95,1,1,0,124802.4,0
15035,Male,Pune,39.2,7,34052.57,2,1,1,67677.75,0
15036,Male,Kolkata,42.3,8,77297.23,1,0,1,133330.39,0
15037,Female,Bangalore,40.2,1,100496.57,2,1,0,92075.94,0
15038,Male,Delhi,27.2,1,72204.9,1,1,0,61929.52,0
15039,Female,Delhi,39.7,10,78135.12,1,1,1,97699.05,0
15040,Female,Hyderabad,27.2,6,92215.61,2,0,1,79549.25,0
15041,Female,Bangalore,39.2,3,61339.87,2,0,0,68808.48,0
15042,Female,Mumbai,18.9,4,102347.76,1,0,0,121553.99,0
15043,Male,Kolkata,39.2,0,90592.06,1,1,0,86240.62,0
15044,Female,Mumbai,41.8,5,68415.08,1,1,0,69370.08,0
15045,Female,Pune,42.6,9,10079.36,1,1,1,132710.26,0
15046,Female,Hyderabad,22.8,7,62450.78,1,1,1,123057.63,0
15047,Female,Kolkata,45.8,10,62170.1,2,1,0,52641.35,0
15048,Female,Chennai,47.9,0,73110.21,2,1,1,71396.86,0
15049,Male,Delhi,28.5,1,101493.38,2,1,1,64017.27,0
15050,Female,Kolkata,51.8,6,90505.52,1,0,1,184452.07,0
15051,Male,Mumbai,42.3,1,70651.46,1,1,1,85244.74,0
15052,Female,Chennai,39.3,8,58647.29,2,0,0,85056.71,0
15053,Male,Delhi,46.8,5,19214.59,1,1,1,68132.71,0
15054,Male,Pune,59.5,4,84188.09,1,1,1,46228.97,0
15055,Male,Delhi,38.3,6,74120.78,1,0,0,128442.22,0
15056,Female,Delhi,34.1,9,90571.78,1,0,0,89022.24,0
15057,Male,Mumbai,65.0,7,74449.71,1,1,1,134757.27,0
15058,Male,Hyderabad,37.9,8,51002.28,2,1,1,81844.89,0
15059,Female,Delhi,44.4,5,77690.62,1,0,1,72209.23,0
15060,Male,Kolkata,37.9,4,73727.23,1,1,0,47679.88,0
15061,Female,Kolkata,20.7,6,90307.74,3,1,1,69732.22,0
15062,Female,Hyderabad,36.3,1,58705.81,1,1,1,85611.95,0
15063,Female,Kolkata,53.3,7,50115.28,2,1,1,107818.04,0
15064,Male,Pune,30.3,3,69828.36,2,1,1,102805.64,1
15065,Female,Mumbai,55.8,0,64499.22,1,1,0,93937.36,0
15066,Male,Bangalore,49.2,2,52328.46,2,0,0,81569.16,0
15067,Male,Bangalore,27.9,8,51951.75,2,1,1,111750.45,0
15068,Male,Delhi,25.5,3,97216.11,2,1,0,103727.21,0
15069,Female,Pune,25.2,9,64336.68,1,1,1,121880.68,0
15070,Male,Bangalore,35.1,9,94623.78,1,0,1,102884.51,0
15071,Female,Delhi,26.9,10,119657.06,2,1,1,162815.67,0
15072,Female,Delhi,54.6,2,61218.16,2,1,1,69950.56,0
15073,Female,Delhi,25.8,3,49162.25,2,0,1,94941.95,0
15074,Male,Kolkata,29.3,2,41500.73,1,1,0,179199.22,0
15075,Female,Kolkata,58.2,2,94048.09,1,1,0,73071.56,1
15076,Female,Mumbai,36.8,1,63718.36,4,1,1,137509.97,1
15077,Female,Delhi,45.1,5,69698.75,1,1,1,79031.78,0
15078,Male,Delhi,45.6,9,58328.39,1,1,0,82519.07,1
15079,Female,Chennai,22.5,5,64713.85,2,0,1,82105.98,0
15080,Male,Hyderabad,49.6,9,132835.98,1,0,0,80716.69,0
15081,Male,Bangalore,47.4,3,51501.08,1,0,1,121573.18,0
15082,Male,Kolkata,47.8,7,16421.09,1,1,1,112544.73,0
15083,Female,Mumbai,31.9,5,65646.16,1,1,1,54460.36,0
15084,Male,Kolkata,43.4,7,53881.62,1,0,0,91718.35,0
15085,Male,Mumbai,37.9,5,84410.94,1,1,1,124115.18,0
15086,Female,Mumbai,41.1,8,67171.44,1,0,1,20929.85,0
15087,Female,Mumbai,30.7,2,95719.96,1,1,0,88541.33,0
15088,Male,Kolkata,37.7,2,16245.85,2,1,1,93830.8,0
15089,Female,Delhi,51.7,1,81429.58,2,1,1,116472.82,0
15090,Male,Kolkata,18.0,9,101429.9,2,0,0,98486.46,1
15091,Male,Pune,35.6,5,57231.43,2,0,1,94139.78,0
15092,Male,Delhi,47.7,6,56861.18,2,1,0,74039.05,0
15093,Female,Delhi,26.9,6,55975.94,1,1,0,93397.52,0
15094,Male,Bangalore,44.8,4,53437.89,1,1,0,95444.09,0
15095,Male,Mumbai,45.6,5,94544.48,1,1,1,143867.5,0
15096,Male,Kolkata,38.2,6,43837.72,4,0,1,57403.05,0
15097,Female,Kolkata,43.6,10,82257.16,2,1,1,46673.02,0
15098,Male,Mumbai,59.5,1,28859.19,3,0,1,63271.42,0
15099,Male,Bangalore,31.9,9,35477.72,1,1,1,72327.08,0
15100,Male,Chennai,23.3,6,69502.72,2,0,1,93076.83,0
15101,Male,Hyderabad,34.9,0,39836.85,2,0,1,123542.28,0
15102,Female,Delhi,28.1,5,38773.53,1,0,0,91711.67,0
15103,Female,Delhi,44.6,7,96343.59,2,1,1,66190.05,0
15104,Male,Kolkata,34.5,0,78453.31,1,0,1,38444.74,0
15105,Male,Mumbai,47.4,0,67417.05,1,0,1,85312.62,0
15106,Male,Bangalore,43.5,5,82233.01,2,1,1,131071.26,0
15107,Male,Mumbai,31.8,4,31200.89,1,1,0,71566.5,0
15108,Male,Kolkata,28.9,2,42527.6,2,0,0,86607.68,0
15109,Female,Delhi,23.3,9,71957.35,1,1,0,123911.65,0
15110,Male,Mumbai,52.6,9,29532.28,1,0,1,29414.48,0
15111,Female,Hyderabad,46.3,6,30402.8,1,1,1,81416.12,0
15112,Female,Hyderabad,35.1,6,57542.87,2,1,1,103341.82,0
15113,Female,Delhi,47.3,6,70428.0,2,1,0,73675.65,0
15114,Female,Bangalore,26.7,5,60199.13,1,1,1,89037.62,0
15115,Male,Mumbai,29.5,3,43002.02,2,1,0,97029.25,0
15116,Female,Mumbai,28.3,8,44223.18,1,1,0,99045.87,0
15117,Male,Mumbai,43.3,8,59612.91,1,0,1,138943.76,0
15118,Female,Pune,32.7,6,84371.65,2,0,1,77561.94,0
15119,Female,Mumbai,22.6,6,103625.78,2,1,1,97157.1,0
15120,Male,Delhi,41.1,7,67397.03,1,1,1,84945.39,0
15121,Male,Chennai,46.9,10,17337.72,1,1,0,149467.35,0
15122,Female,Delhi,38.4,4,87526.3,2,1,1,93138.66,0
15123,Male,Chennai,53.7,10,82130.8,1,0,1,105667.32,0
15124,Female,Delhi,49.6,8,51686.33,2,0,0,106276.87,0
15125,Female,Mumbai,53.4,5,60295.17,2,1,1,62865.77,0
15126,Female,Bangalore,49.4,6,101467.28,2,1,1,99423.07,0
15127,Female,Delhi,42.8,6,105135.81,2,1,0,121956.45,1
15128,Male,Kolkata,25.1,8,45590.37,2,1,0,15000.0,0
15129,Male,Chennai,35.8,6,120917.13,1,1,1,57649.32,0
15130,Female,Kolkata,33.9,2,77099.1,1,1,0,139734.73,0
15131,Female,Pune,29.3,5,128466.08,2,1,1,15000.0,0
15132,Female,Pune,33.1,5,31926.42,1,0,1,139080.91,0
15133,Male,Kolkata,22.4,10,52282.79,2,1,0,69971.3,0
15134,Male,Pune,50.6,6,11328.25,1,0,1,92626.57,0
15135,Male,Mumbai,27.3,5,60526.23,1,1,0,112830.32,1
15136,Male,Kolkata,49.8,3,86107.07,1,1,1,102600.93,0
15137,Female,Pune,55.9,5,111395.36,1,1,0,85753.49,0
15138,Male,Chennai,30.8,2,47463.89,3,1,1,74373.2,0
15139,Female,Bangalore,33.3,0,74181.15,2,1,1,70136.17,0
15140,Female,Pune,46.0,0,57756.31,1,1,1,30103.85,0
15141,Female,Kolkata,34.8,4,83122.93,2,0,1,85056.71,1
15142,Male,Chennai,30.4,10,61955.9,2,0,0,110681.85,0
15143,Female,Kolkata,45.3,7,58469.75,2,1,1,56610.41,0
15144,Female,Hyderabad,31.1,2,21588.8,2,1,1,78162.01,0
15145,Male,Mumbai,65.7,1,72418.63,1,1,0,32260.84,0
15146,Female,Mumbai,46.7,7,101897.78,1,1,1,111140.73,0
15147,Female,Mumbai,48.0,8,33587.85,1,0,1,72837.79,0
15148,Female,Delhi,38.9,8,88096.13,1,1,1,59790.69,0
15149,Female,Mumbai,62.4,1,67291.96,1,0,1,85056.71,0
15150,Male,Kolkata,31.1,7,13359.37,1,0,1,90783.0,0
15151,Male,Mumbai,49.1,1,56638.26,1,0,1,108966.96,0
15152,Male,Kolkata,23.9,6,58342.72,1,1,1,59166.67,1
15153,Female,Hyderabad,67.5,7,76146.61,2,0,0,27913.04,0
15154,Female,Pune,49.8,0,78942.77,1,0,0,59322.24,0
15155,Female,Delhi,28.7,7,68491.38,1,0,0,79356.58,0
15156,Male,Bangalore,46.3,2,82428.56,1,1,1,86775.52,1
15157,Male,Kolkata,52.8,0,42485.02,1,1,0,59802.7,0
15158,Female,Chennai,29.3,6,60477.78,2,0,1,63818.38,0
15159,Male,Pune,34.5,9,61349.1,1,1,1,119641.64,0
15160,Male,Delhi,28.1,2,94252.36,2,1,0,76352.73,0
15161,Female,Delhi,45.7,7,19051.76,2,0,1,157556.39,0
15162,Male,Bangalore,42.2,8,80063.5,2,1,0,73052.73,0
15163,Male,Chennai,40.4,1,102614.49,1,1,1,89205.27,0
15164,Male,Mumbai,30.3,0,68187.08,2,1,1,107563.0,1
15165,Male,Delhi,37.5,7,147972.14,2,1,0,70510.72,0
15166,Female,Mumbai,31.4,9,52844.53,3,1,0,15000.0,0
15167,Male,Delhi,45.8,5,61567.74,2,1,1,134493.7,0
15168,Male,Pune,27.4,9,51121.85,1,1,0,79842.51,0
15169,Male,Hyderabad,30.4,0,59456.55,1,1,1,73768.38,0
15170,Female,Pune,49.8,2,80649.12,2,0,0,80963.2,0
15171,Male,Delhi,34.7,8,55858.23,2,1,1,115541.72,0
15172,Female,Mumbai,61.1,8,44451.08,1,1,0,99890.64,0
15173,Male,Delhi,42.4,5,25215.74,1,1,1,44885.43,0
15174,Male,Kolkata,18.2,2,61118.02,4,1,0,85143.03,0
15175,Male,Delhi,24.1,7,64511.47,2,1,1,85189.05,0
15176,Female,Mumbai,32.9,5,57413.36,1,0,1,57159.27,1
15177,Female,Delhi,48.9,0,120600.43,1,0,1,85056.71,0
15178,Male,Delhi,47.7,5,81230.59,2,1,0,53072.45,0
15179,Female,Delhi,34.2,4,51577.69,2,1,0,66262.45,1
15180,Female,Bangalore,54.8,7,82784.36,1,1,0,54330.4,1
15181,Male,Hyderabad,43.9,1,85555.86,1,1,1,109945.85,0
15182,Female,Mumbai,36.2,6,64873.89,1,0,1,140135.8,0
15183,Male,Delhi,54.1,5,54720.52,1,0,0,90550.58,1
15184,Female,Mumbai,30.3,0,40584.26,2,1,1,75874.24,0
15185,Female,Pune,46.7,7,99314.79,2,1,1,43128.68,0
15186,Male,Mumbai,47.9,5,60977.74,2,0,0,63455.56,0
15187,Female,Chennai,47.4,2,60239.19,2,1,1,101761.87,0
15188,Male,Pune,38.1,4,92853.62,2,1,0,124149.27,0
15189,Female,Pune,50.5,6,65835.18,1,1,0,51579.49,1
15190,Male,Delhi,62.1,8,126507.35,1,1,1,123252.6,0
15191,Male,Mumbai,38.1,3,51852.02,1,1,0,55350.71,0
15192,Female,Delhi,40.8,1,55726.49,2,1,1,117858.18,0
15193,Female,Delhi,51.1,2,47437.43,1,1,1,47597.39,0
15194,Female,Pune,36.8,6,44240.58,1,1,0,108888.94,0
15195,Male,Hyderabad,36.5,7,75142.99,1,1,0,60640.55,0
15196,Female,Delhi,26.1,4,82718.02,3,0,0,159951.19,0
15197,Female,Kolkata,19.3,2,55458.2,2,0,0,95740.51,0
15198,Male,Pune,26.4,0,66042.35,2,1,1,45668.55,0
15199,Male,Chennai,50.4,9,70281.61,1,1,1,83144.09,0
15200,Male,Mumbai,27.7,0,97335.45,1,0,0,99278.78,0
15201,Male,Bangalore,45.8,10,49863.52,1,0,0,76573.24,1
15202,Female,Mumbai,57.8,1,69437.6,2,1,1,92748.53,0
15203,Female,Pune,41.9,4,75803.78,1,0,1,42451.85,0
15204,Female,Delhi,29.4,2,75244.83,2,1,1,77867.42,0
15205,Female,Mumbai,38.4,6,66873.89,2,1,0,30566.04,0
15206,Male,Chennai,44.6,1,90573.35,2,0,0,75562.81,0
15207,Female,Delhi,44.6,1,47634.68,1,0,1,156106.43,0
15208,Male,Hyderabad,41.4,2,60690.51,2,0,1,93218.42,0
15209,Female,Bangalore,47.6,0,50234.11,1,0,1,44958.84,0
15210,Male,Delhi,52.0,1,48529.35,2,1,1,72896.69,0
15211,Male,Chennai,34.2,4,67913.59,1,0,1,68907.61,0
15212,Male,Delhi,56.9,2,89822.05,1,0,1,146073.66,0
15213,Male,Kolkata,44.0,10,45438.39,3,1,0,46768.62,0
15214,Female,Mumbai,18.0,9,87997.44,1,1,0,85056.71,0
15215,Male,Delhi,37.7,5,56696.43,2,1,0,47922.06,0
15216,Female,Delhi,37.9,1,41061.29,2,1,0,129258.56,0
15217,Male,Bangalore,53.0,7,48439.16,2,1,0,21846.42,0
15218,Female,Mumbai,33.0,3,88940.94,1,1,1,49867.25,0
15219,Male,Chennai,41.8,2,39044.97,2,1,1,92773.75,0
15220,Male,Mumbai,23.0,4,115152.74,4,1,1,126650.87,0
15221,Male,Mumbai,30.0,7,68475.6,2,1,1,120525.67,0
15222,Male,Mumbai,49.6,8,22555.06,2,1,1,115744.29,0
15223,Male,Hyderabad,25.3,0,39077.84,2,0,1,93792.38,0
15224,Male,Pune,51.6,3,85593.76,2,1,0,89099.28,0
15225,Male,Hyderabad,40.1,5,28539.94,1,1,1,130199.48,0
15226,Male,Hyderabad,54.9,5,81534.63,1,0,1,131238.77,0
15227,Female,Delhi,58.5,8,35751.13,1,1,0,72354.78,0
15228,Female,Delhi,49.3,0,74163.62,1,1,1,73388.27,1
15229,Male,Delhi,45.1,4,97928.93,1,1,0,37066.37,0
15230,Female,Chennai,47.4,9,74468.47,1,1,0,93289.26,0
15231,Female,Chennai,40.9,0,86304.98,1,1,1,94254.02,0
15232,Male,Delhi,35.5,5,83169.46,2,0,1,42760.33,0
15233,Female,Bangalore,49.2,8,36478.8,1,0,0,103532.95,0
15234,Male,Bangalore,45.4,3,34741.0,2,1,0,49246.15,0
15235,Female,Delhi,50.6,9,20961.35,2,1,0,78048.59,0
15236,Male,Mumbai,37.5,9,72736.43,2,1,0,123797.87,0
15237,Female,Delhi,38.6,8,62495.02,1,1,1,131770.9,0
15238,Female,Mumbai,42.5,2,40065.78,1,1,1,47961.86,1
15239,Male,Mumbai,38.5,10,73351.57,1,0,0,63597.09,0
15240,Male,Delhi,74.1,6,105166.49,1,1,0,118184.05,1
15241,Female,Kolkata,63.2,4,82254.93,2,0,1,105271.59,0
15242,Male,Mumbai,40.1,9,99310.67,2,1,0,108675.15,0
15243,Female,Mumbai,38.4,0,55347.66,1,1,0,15000.0,0
15244,Female,Pune,45.4,6,69377.93,1,0,0,44070.25,0
15245,Female,Hyderabad,34.8,7,72985.65,1,1,1,103256.7,0
15246,Female,Delhi,40.1,5,86153.53,2,1,0,138218.52,0
15247,Female,Kolkata,40.5,0,26689.26,4,1,0,63288.22,1
15248,Female,Pune,35.5,8,102587.66,2,1,0,84481.03,1
15249,Male,Hyderabad,42.2,6,70871.57,2,0,0,45949.87,0
15250,Male,Hyderabad,44.4,5,97652.96,1,0,1,140086.59,0
15251,Male,Delhi,18.0,3,91382.36,2,0,1,48200.22,0
15252,Male,Mumbai,18.0,2,11556.06,1,1,0,115414.53,0
15253,Female,Delhi,29.8,3,73341.08,2,1,1,50351.37,0
15254,Male,Kolkata,43.4,0,77286.14,1,1,0,15000.0,0
15255,Female,Delhi,30.8,8,59574.05,1,1,0,98019.26,0
15256,Female,Bangalore,67.7,1,65234.18,2,1,1,81702.08,0
15257,Male,Pune,50.7,1,43012.05,3,0,0,105577.58,1
15258,Female,Pune,63.5,2,61132.09,2,1,1,92089.37,0
15259,Male,Delhi,50.8,0,56748.24,1,1,1,48621.3,0
15260,Female,Kolkata,21.0,9,52087.14,2,0,0,75692.02,0
15261,Male,Kolkata,26.0,2,55846.33,2,1,1,125070.75,0
15262,Female,Hyderabad,33.9,3,5983.63,3,1,0,111117.49,1
15263,Female,Kolkata,25.6,8,52030.53,2,1,0,104601.13,0
15264,Male,Mumbai,53.0,4,42255.85,1,1,0,158195.09,0
15265,Female,Pune,38.1,10,44178.55,1,0,0,104730.35,1
15266,Female,Hyderabad,42.5,5,30471.72,2,1,1,118543.05,0
15267,Male,Delhi,56.5,0,59193.18,3,1,1,31483.04,1
15268,Male,Kolkata,63.1,2,42826.32,1,1,0,119637.92,1
15269,Female,Chennai,36.7,6,42480.89,2,0,0,97939.74,0
15270,Male,Delhi,23.6,6,68036.64,1,1,0,110455.41,0
15271,Male,Mumbai,25.7,9,105685.59,1,1,1,92841.09,0
15272,Male,Mumbai,53.8,0,68302.1,2,0,1,114514.67,0
15273,Male,Bangalore,43.2,8,91799.01,2,1,1,93764.73,1
15274,Female,Chennai,29.3,0,62589.83,1,1,0,91836.35,0
15275,Male,Hyderabad,48.5,6,126902.43,1,1,0,147433.3,0
15276,Male,Pune,27.1,1,36952.84,4,0,0,97087.66,1
15277,Male,Mumbai,18.7,8,15171.33,2,1,1,142711.2,0
15278,Male,Chennai,18.0,8,87376.03,2,0,1,105010.44,0
15279,Female,Pune,22.6,8,83371.81,1,1,0,134738.3,0
15280,Male,Bangalore,53.9,3,19793.67,2,1,0,88789.52,0
15281,Female,Delhi,37.6,5,61282.19,2,1,1,64910.37,0
15282,Female,Delhi,39.6,1,109886.04,2,1,0,65574.23,1
15283,Male,Chennai,42.2,2,87313.77,1,1,0,75643.54,0
15284,Female,Mumbai,27.9,5,26431.65,2,0,1,15000.0,0
15285,Male,Delhi,34.2,0,14293.84,2,1,0,53500.05,1
15286,Female,Delhi,35.4,6,105450.89,2,1,1,122118.83,0
15287,Female,Chennai,28.8,1,43774.85,1,1,1,116921.35,0
15288,Male,Chennai,34.2,7,89205.24,1,0,1,98363.86,0
15289,Male,Mumbai,38.5,4,82771.35,1,1,0,154755.01,0
15290,Female,Hyderabad,37.0,6,64391.6,1,1,1,61722.94,0
15291,Male,Hyderabad,45.2,7,46269.5,2,1,1,101510.41,0
15292,Male,Mumbai,34.2,2,102255.77,2,0,0,110522.63,0
15293,Male,Delhi,58.5,5,8910.41,1,1,1,77112.15,0
15294,Male,Hyderabad,27.6,8,92403.11,3,0,0,69864.74,0
15295,Female,Hyderabad,33.6,3,56881.47,1,0,0,83338.38,0
15296,Male,Pune,44.7,9,45943.37,1,0,0,69641.26,0
15297,Male,Chennai,47.4,6,61965.82,1,1,0,162679.01,1
15298,Female,Delhi,25.5,0,93188.28,4,0,0,81621.67,1
15299,Male,Delhi,38.8,6,33805.65,2,1,0,103384.82,0
15300,Male,Hyderabad,49.6,8,73288.13,1,1,1,71970.65,0
15301,Female,Bangalore,20.8,9,79955.32,1,1,1,85056.71,0
15302,Male,Bangalore,38.9,7,59990.49,3,1,0,86530.09,0
15303,Female,Hyderabad,22.2,3,37367.52,2,1,0,40417.03,0
15304,Female,Bangalore,30.2,2,44422.38,1,1,1,55557.53,0
15305,Male,Kolkata,41.0,6,109523.39,1,1,0,116600.44,0
15306,Female,Delhi,37.4,0,88589.59,2,1,1,91717.93,0
15307,Male,Chennai,26.3,7,79978.23,2,1,0,119383.41,0
15308,Male,Hyderabad,54.7,0,118242.8,2,1,1,85056.71,0
15309,Female,Hyderabad,36.0,6,45281.84,2,1,1,76756.67,0
15310,Female,Delhi,46.6,5,64583.91,2,1,0,84898.16,0
15311,Male,Delhi,58.0,9,66187.0,2,0,0,73400.54,0
15312,Female,Mumbai,31.9,7,95915.99,3,1,0,101967.81,0
15313,Female,Pune,47.4,5,24113.57,2,1,1,36482.27,0
15314,Male,Kolkata,45.0,4,67073.99,2,1,0,80906.65,0
15315,Female,Mumbai,23.3,8,64948.7,2,1,0,70876.54,0
15316,Male,Mumbai,54.5,3,85596.21,2,1,0,85056.71,0
15317,Male,Mumbai,41.2,6,54145.07,2,1,1,74430.77,0
15318,Male,Chennai,33.6,5,95350.76,1,0,1,101617.75,0
15319,Male,Mumbai,20.6,9,75109.63,1,1,0,128996.36,0
15320,Female,Bangalore,24.7,5,45495.6,2,1,0,134216.16,0
15321,Male,Pune,38.7,10,79430.5,2,1,1,74537.62,0
15322,Male,Delhi,23.9,4,62012.56,1,0,1,122870.98,0
15323,Male,Delhi,47.6,1,77235.5,2,1,0,15000.0,1
15324,Female,Delhi,35.5,3,35367.91,1,1,1,105735.85,0
15325,Male,Mumbai,21.3,0,58239.12,2,0,0,39304.06,0
15326,Female,Delhi,32.0,8,90469.49,1,1,1,122517.37,0
15327,Male,Delhi,27.2,8,100137.56,2,1,1,130272.4,0
15328,Male,Hyderabad,25.3,7,76011.19,2,1,1,110054.6,0
15329,Male,Kolkata,18.0,3,59098.45,2,1,1,74165.7,0
15330,Female,Delhi,41.2,4,51285.08,2,0,0,51666.68,0
15331,Male,Mumbai,28.6,0,47489.45,2,0,1,87376.72,0
15332,Male,Kolkata,62.5,3,47443.88,2,1,1,79769.99,0
15333,Male,Delhi,51.9,3,43821.61,1,1,0,86925.48,0
15334,Male,Chennai,40.1,4,62883.57,1,1,1,93282.72,1
15335,Male,Mumbai,48.6,1,50361.07,1,0,1,125819.01,0
15336,Male,Hyderabad,33.0,1,78814.76,2,1,0,60929.91,0
15337,Male,Delhi,43.9,1,74012.09,2,0,1,45158.24,0
15338,Female,Bangalore,36.4,10,92437.97,1,1,1,85891.12,0
15339,Female,Delhi,44.1,7,79151.44,1,1,1,83281.23,0
15340,Male,Kolkata,50.7,1,85953.87,2,0,1,90933.48,0
15341,Female,Delhi,47.2,5,44547.35,1,1,1,85056.71,0
15342,Male,Kolkata,40.1,1,77246.05,1,1,0,87361.44,1
15343,Male,Mumbai,40.8,7,71230.8,2,0,1,57784.67,0
15344,Male,Delhi,42.6,0,15625.41,2,1,0,94940.41,0
15345,Male,Mumbai,53.3,1,63604.83,2,1,1,138749.2,0
15346,Female,Hyderabad,34.1,4,39865.58,1,0,0,86059.75,0
15347,Male,Hyderabad,36.9,5,26958.22,2,0,1,93554.92,0
15348,Male,Kolkata,33.9,8,57240.58,2,1,0,128999.23,0
15349,Male,Delhi,41.6,5,49155.83,2,1,1,53872.67,0
15350,Female,Hyderabad,40.1,7,46166.92,2,1,0,82338.94,0
15351,Female,Pune,43.6,6,29032.48,1,1,1,124769.46,0
15352,Female,Delhi,39.3,0,109450.74,2,0,0,114152.49,1
15353,Male,Pune,52.9,1,33851.72,2,1,1,112743.91,0
15354,Female,Delhi,30.5,3,56579.31,2,1,0,15000.0,0
15355,Female,Mumbai,22.0,0,82057.18,2,0,1,62304.34,0
15356,Male,Mumbai,43.9,7,89461.87,1,1,1,35069.99,0
15357,Male,Kolkata,39.5,3,37457.07,1,1,0,135791.43,0
15358,Female,Chennai,40.1,6,59540.27,2,1,1,103538.05,0
15359,Female,Delhi,24.2,6,78838.79,2,0,1,84647.31,0
15360,Female,Kolkata,42.4,7,72449.52,1,1,1,60037.18,0
15361,Female,Hyderabad,61.5,8,74520.87,1,0,1,73974.01,0
15362,Male,Bangalore,24.0,8,35161.55,4,1,0,162698.19,0
15363,Female,Delhi,38.1,6,44358.75,2,1,1,86257.07,0
15364,Female,Delhi,40.9,8,61211.08,1,1,0,64559.95,0
15365,Female,Bangalore,34.7,4,57195.03,1,1,0,45060.52,0
15366,Female,Mumbai,42.0,9,69109.97,1,1,1,150265.98,0
15367,Female,Delhi,34.6,3,38581.06,1,1,1,85448.17,0
15368,Male,Mumbai,41.8,2,89413.12,2,0,0,73931.04,0
15369,Female,Delhi,36.9,5,35194.2,2,0,1,39375.35,0
15370,Male,Chennai,33.5,9,70763.7,2,0,1,53938.71,0
15371,Male,Pune,39.1,10,44670.57,2,0,0,127856.23,0
15372,Male,Mumbai,45.8,8,58370.74,2,1,0,30469.27,0
15373,Male,Kolkata,21.3,3,28168.57,1,1,0,41939.07,0
15374,Female,Hyderabad,48.3,1,60799.74,2,0,1,73139.42,0
15375,Female,Mumbai,31.3,10,81634.06,2,1,1,102801.59,0
15376,Female,Mumbai,47.4,2,96646.0,1,1,1,89998.43,0
15377,Female,Pune,32.0,2,62552.75,2,0,1,67559.39,0
15378,Male,Chennai,48.6,1,34545.78,4,1,1,66346.95,0
15379,Female,Pune,39.4,8,85384.74,2,0,0,64067.39,0
15380,Male,Kolkata,28.8,3,73674.59,2,1,1,82768.76,0
15381,Male,Bangalore,34.7,2,60774.44,2,1,1,56655.85,0
15382,Female,Hyderabad,54.3,9,51479.33,2,1,1,95423.42,0
15383,Male,Bangalore,40.6,5,61974.33,1,1,0,130379.92,0
15384,Male,Delhi,34.5,7,65724.3,1,0,0,124103.0,0
15385,Female,Chennai,53.7,10,85239.52,1,0,0,30167.73,0
15386,Female,Hyderabad,50.3,7,43804.04,1,1,0,50033.39,0
15387,Male,Kolkata,29.9,9,48087.59,1,0,1,103300.97,0
15388,Male,Mumbai,37.5,5,59128.01,3,1,0,91555.55,0
15389,Female,Hyderabad,18.8,4,31053.83,2,1,1,93918.96,0
15390,Female,Mumbai,50.5,10,82193.34,1,1,1,138726.84,0
15391,Male,Mumbai,40.0,6,79779.83,2,1,0,164335.34,1
15392,Female,Delhi,48.0,2,72447.78,1,1,1,113328.1,0
15393,Female,Mumbai,18.0,9,125506.39,1,1,0,33608.68,0
15394,Female,Chennai,36.6,1,82002.08,3,1,1,79891.55,0
15395,Female,Chennai,42.0,7,98628.57,1,1,1,134366.84,0
15396,Male,Delhi,18.0,10,66526.11,1,1,0,147818.79,0
15397,Male,Bangalore,47.9,8,51288.91,1,1,0,78431.3,0
15398,Male,Bangalore,36.1,5,29030.95,2,1,0,103761.06,0
15399,Male,Kolkata,18.9,3,72657.38,2,1,1,110557.11,0
15400,Female,Mumbai,33.8,5,78525.41,2,1,0,116539.3,0
15401,Male,Mumbai,45.5,6,88240.83,2,1,1,125613.13,0
15402,Male,Delhi,29.0,7,52429.5,1,1,0,15000.0,0
15403,Male,Delhi,39.5,2,81670.04,2,0,0,110612.56,0
15404,Male,Bangalore,34.8,5,32552.3,2,0,0,82736.91,0
15405,Male,Delhi,18.0,9,67254.08,4,1,0,92671.67,0
15406,Female,Mumbai,47.5,5,78771.6,2,1,1,52552.65,0
15407,Male,Pune,49.7,9,81116.27,2,0,1,57167.38,0
15408,Male,Mumbai,53.8,6,85499.83,2,0,1,77001.18,0
15409,Male,Kolkata,40.1,3,78390.41,2,0,1,106631.92,0
15410,Female,Mumbai,45.8,5,67783.41,2,0,1,36272.3,0
15411,Female,Mumbai,20.6,1,96013.75,3,0,1,87693.29,0
15412,Male,Chennai,42.9,7,63693.21,2,1,0,143425.85,0
15413,Female,Hyderabad,36.2,2,64742.36,1,1,1,162849.19,0
15414,Male,Hyderabad,39.1,8,104494.23,1,0,1,89185.51,0
15415,Male,Chennai,26.6,7,0.0,2,1,1,74477.94,0
15416,Male,Kolkata,53.5,5,79387.81,2,1,1,73479.02,0
15417,Male,Mumbai,20.2,9,80227.24,1,0,1,108866.7,0
15418,Male,Hyderabad,43.3,1,54480.9,2,1,0,107680.95,0
15419,Female,Hyderabad,29.0,7,65468.18,1,0,0,76570.15,0
15420,Male,Hyderabad,65.4,10,64665.85,1,1,0,58482.55,0
15421,Male,Mumbai,48.3,5,59663.72,3,0,0,45138.84,0
15422,Male,Kolkata,39.7,10,63419.16,1,1,1,79899.85,0
15423,Female,Pune,27.7,0,74520.99,4,1,1,127151.46,0
15424,Male,Bangalore,40.1,5,50184.39,1,1,0,58830.01,0
15425,Male,Mumbai,18.0,4,64886.52,1,0,1,67833.95,0
15426,Female,Delhi,44.6,5,31269.15,1,1,1,80356.14,1
15427,Female,Delhi,46.1,0,49632.3,2,1,1,57332.62,0
15428,Male,Mumbai,45.4,3,37845.62,1,0,1,156509.0,0
15429,Female,Hyderabad,50.1,6,68879.33,2,1,1,104348.64,0
15430,Female,Kolkata,33.2,4,39011.05,2,1,0,113609.94,0
15431,Female,Pune,46.6,5,30177.66,2,1,1,45574.48,0
15432,Male,Delhi,32.0,1,30265.93,2,0,0,76844.99,0
15433,Female,Chennai,30.0,7,39193.52,1,0,0,111787.18,0
15434,Male,Pune,27.6,9,90787.93,1,1,1,96247.06,1
15435,Female,Bangalore,37.0,3,103402.86,1,1,0,182975.51,0
15436,Female,Hyderabad,53.3,5,56543.21,1,0,0,111489.35,0
15437,Male,Delhi,60.6,2,27664.13,1,1,1,63977.78,0
15438,Female,Delhi,36.8,8,57483.25,1,1,1,86953.95,0
15439,Male,Hyderabad,32.3,7,99647.42,1,1,0,100098.03,0
15440,Female,Delhi,56.0,5,70731.23,1,0,1,122319.75,0
15441,Male,Delhi,45.2,8,28475.91,3,0,1,15000.0,0
15442,Male,Bangalore,40.3,9,110594.91,2,1,0,55227.49,0
15443,Male,Chennai,26.7,8,56040.26,2,1,0,97116.81,0
15444,Male,Mumbai,57.2,1,51651.48,2,0,1,15000.0,1
15445,Male,Kolkata,41.1,8,94294.3,2,0,1,128069.83,0
15446,Male,Pune,40.0,7,71923.42,2,1,1,89840.42,0
15447,Male,Mumbai,46.5,1,97226.43,2,0,1,80940.62,0
15448,Female,Chennai,40.3,8,61569.05,1,1,0,35784.6,0
15449,Female,Chennai,57.7,4,63131.15,1,0,1,143302.74,0
15450,Male,Delhi,52.1,8,53097.35,1,1,0,40385.19,0
15451,Male,Delhi,33.3,2,68846.13,1,1,0,125665.16,0
15452,Male,Pune,41.0,3,64022.34,1,1,0,164277.42,0
15453,Male,Delhi,33.0,0,47397.5,1,1,1,147491.19,0
15454,Male,Mumbai,62.7,10,22727.59,2,1,0,85056.71,0
15455,Female,Kolkata,31.3,4,76886.06,1,1,0,77169.79,0
15456,Male,Mumbai,38.6,6,73079.89,1,0,1,118599.73,0
15457,Male,Mumbai,44.4,6,58404.73,1,1,0,85056.71,0
15458,Male,Delhi,46.1,5,88657.14,1,1,1,96977.94,0
15459,Female,Delhi,48.1,5,68734.14,2,1,0,44047.38,0
15460,Male,Kolkata,49.6,7,75911.21,2,1,0,116518.4,1
15461,Female,Hyderabad,48.3,10,64880.63,1,1,0,62510.0,1
15462,Male,Hyderabad,34.8,9,25326.4,1,1,1,134847.87,0
15463,Male,Chennai,33.4,8,97647.66,2,1,0,41630.35,0
15464,Male,Chennai,40.5,3,74477.58,1,1,0,67863.84,0
15465,Male,Bangalore,33.4,3,31836.85,1,1,1,77957.06,0
15466,Female,Delhi,32.1,7,53680.2,1,1,0,64922.68,1
15467,Female,Bangalore,34.9,4,79342.42,1,1,0,66561.8,0
15468,Female,Delhi,65.2,9,102781.9,1,1,0,89053.73,0
15469,Female,Mumbai,40.1,8,72183.2,1,1,1,64073.32,0
15470,Male,Chennai,37.1,5,83454.89,4,1,0,85056.71,1
15471,Female,Hyderabad,18.0,8,106200.91,2,0,1,76930.34,0
15472,Male,Kolkata,32.9,3,105012.04,2,1,1,116582.26,0
15473,Male,Delhi,50.6,0,71594.0,2,1,0,129274.86,0
15474,Female,Mumbai,21.2,3,81474.51,2,1,1,85056.71,0
15475,Male,Pune,47.2,8,40531.84,1,1,0,93697.04,0
15476,Male,Kolkata,46.5,6,63711.6,2,1,1,98883.48,1
15477,Male,Bangalore,40.2,5,75160.74,1,0,0,136060.62,0
15478,Female,Mumbai,39.5,1,54516.08,2,0,1,157840.68,0
15479,Female,Bangalore,29.1,3,31831.68,1,1,1,15000.0,0
15480,Male,Delhi,48.4,0,64010.86,1,0,0,20734.67,0
15481,Female,Kolkata,43.7,2,20791.93,2,0,0,81521.81,0
15482,Male,Mumbai,34.2,1,102752.8,2,0,0,44612.0,0
15483,Male,Delhi,30.6,3,63566.67,2,1,0,55352.23,0
15484,Female,Pune,25.7,3,91559.6,2,1,1,33577.97,0
15485,Female,Bangalore,44.5,10,43013.4,2,1,0,95371.36,0
15486,Female,Pune,37.6,8,52423.68,1,1,1,72905.81,0
15487,Male,Kolkata,37.7,6,79690.08,2,1,1,124751.65,0
15488,Female,Mumbai,21.3,2,102322.36,2,0,0,78518.37,0
15489,Female,Kolkata,26.9,6,69646.96,1,1,0,89043.66,0
15490,Female,Hyderabad,25.6,7,44328.71,4,1,0,141396.55,0
15491,Male,Mumbai,49.2,6,86844.57,1,1,1,94222.46,0
15492,Female,Mumbai,42.1,7,38221.33,2,1,0,89633.86,0
15493,Female,Bangalore,36.6,8,97548.58,2,1,0,43952.36,0
15494,Male,Delhi,53.3,0,91543.02,1,1,1,89487.61,0
15495,Male,Pune,51.6,9,46044.98,2,1,1,64545.14,0
15496,Male,Kolkata,53.3,5,61882.67,2,1,1,88082.58,0
15497,Female,Delhi,37.1,3,52225.93,2,0,0,32549.06,0
15498,Female,Bangalore,23.0,0,74506.55,1,0,0,76245.65,0
15499,Female,Delhi,60.5,1,76734.4,3,0,1,44401.34,0
15500,Female,Mumbai,46.3,9,22126.98,2,1,1,143667.67,0
15501,Female,Hyderabad,46.5,3,77965.66,1,1,1,119503.66,0
15502,Male,Bangalore,48.1,0,62551.8,2,0,0,86292.29,0
15503,Male,Hyderabad,73.2,5,34538.29,2,1,0,88144.25,0
15504,Female,Hyderabad,38.8,0,80247.59,1,1,0,84743.45,0
15505,Male,Delhi,57.2,8,104604.33,1,1,0,126640.26,1
15506,Male,Mumbai,29.8,9,67759.19,1,1,0,65738.11,0
15507,Female,Kolkata,49.8,2,99933.11,1,0,1,200000.0,0
15508,Male,Mumbai,61.4,10,85523.62,1,1,0,78429.89,0
15509,Male,Hyderabad,39.4,0,85808.29,1,1,1,28921.16,0
15510,Male,Mumbai,18.0,5,76625.63,1,1,0,92154.07,0
15511,Male,Delhi,46.8,5,59470.67,3,1,0,90434.89,0
15512,Female,Bangalore,37.4,6,46450.83,3,0,1,69168.27,0
15513,Female,Chennai,50.1,6,141877.16,2,1,0,51403.88,0
15514,Female,Chennai,34.4,9,69316.92,2,0,0,28012.02,0
15515,Male,Delhi,68.7,10,68847.19,3,0,1,63166.39,0
15516,Female,Mumbai,41.3,3,92159.1,1,1,1,100815.93,0
15517,Female,Delhi,49.5,4,17660.53,1,1,1,117102.07,0
15518,Female,Mumbai,28.0,2,79393.46,2,1,0,151068.03,0
15519,Male,Mumbai,25.9,5,98695.34,2,1,0,148987.34,0
15520,Female,Kolkata,24.4,6,98052.58,2,1,1,42722.48,0
15521,Female,Chennai,24.5,8,79329.91,2,1,0,38309.44,0
15522,Female,Chennai,48.1,8,39846.1,1,0,1,57282.86,1
15523,Female,Mumbai,32.8,4,87471.9,1,0,0,91275.52,0
15524,Male,Delhi,24.8,3,37230.29,2,1,0,56558.68,0
15525,Female,Hyderabad,31.6,6,102680.98,1,1,0,80415.8,0
15526,Male,Bangalore,48.4,2,84532.68,1,0,1,78367.91,0
15527,Female,Chennai,48.1,3,55538.54,2,1,0,99662.18,0
15528,Male,Mumbai,52.0,8,91985.93,1,1,1,86952.03,0
15529,Male,Delhi,36.6,4,61141.5,1,1,1,112286.69,0
15530,Male,Mumbai,64.0,9,67497.08,1,1,0,74746.41,0
15531,Female,Bangalore,53.0,6,83032.52,2,0,1,118184.04,0
15532,Male,Delhi,25.9,1,63694.73,1,1,0,20708.34,0
15533,Female,Delhi,49.7,8,59473.23,1,1,0,71021.21,0
15534,Female,Delhi,40.2,4,49370.51,2,1,1,99864.81,0
15535,Male,Pune,38.0,4,88610.21,1,0,1,79686.23,0
15536,Male,Pune,40.1,3,66084.51,2,1,0,25160.87,0
15537,Male,Chennai,32.0,7,91248.76,2,1,1,43258.51,0
15538,Female,Mumbai,52.1,10,50689.71,1,1,0,55438.16,0
15539,Female,Hyderabad,33.1,3,40650.05,1,0,0,49036.47,0
15540,Male,Delhi,33.3,1,92535.53,1,1,0,85477.76,0
15541,Male,Delhi,49.1,4,38197.97,1,1,1,44972.3,0
15542,Female,Delhi,66.0,2,51191.92,1,0,0,120969.68,0
15543,Female,Mumbai,34.0,3,79754.3,1,0,1,58878.64,0
15544,Female,Chennai,25.0,2,110117.53,2,1,1,48892.65,0
15545,Female,Pune,53.7,6,74204.79,1,0,0,119748.87,0
15546,Male,Kolkata,42.3,5,38548.04,1,1,1,81355.4,0
15547,Male,Chennai,46.0,1,42373.68,3,1,1,52248.64,0
15548,Male,Chennai,40.4,10,64925.01,1,0,1,104023.69,0
15549,Male,Hyderabad,47.1,7,81036.94,2,0,0,53355.38,0
15550,Male,Hyderabad,44.4,4,41347.99,2,1,1,100751.47,0
15551,Male,Delhi,33.7,5,42630.34,1,1,1,71102.66,0
15552,Male,Hyderabad,48.4,7,63513.62,3,1,1,16614.7,0
15553,Male,Delhi,46.0,10,82746.24,2,1,0,68020.63,0
15554,Female,Chennai,35.5,10,32736.4,2,1,0,162266.23,0
15555,Female,Mumbai,37.9,6,5901.62,2,0,1,145784.7,0
15556,Female,Kolkata,30.6,10,62612.18,2,1,1,112783.49,0
15557,Male,Mumbai,45.5,2,132996.27,2,1,1,144459.01,0
15558,Female,Chennai,45.7,1,53415.12,1,1,1,86603.57,0
15559,Male,Mumbai,39.5,2,94493.88,1,1,0,102249.43,0
15560,Female,Delhi,40.1,7,39419.46,3,1,0,82732.41,0
15561,Male,Pune,18.0,3,68084.33,1,1,1,54245.87,1
15562,Female,Delhi,37.2,7,92310.48,1,1,1,50944.19,0
15563,Male,Kolkata,42.8,3,61722.01,2,1,0,109649.41,0
15564,Male,Hyderabad,47.7,6,35114.23,1,1,1,31900.31,0
15565,Female,Delhi,53.6,5,66538.57,2,1,1,85056.71,1
15566,Male,Hyderabad,35.7,9,85504.51,2,1,0,115276.18,0
15567,Female,Chennai,21.0,0,114356.82,2,1,0,146305.74,0
15568,Female,Kolkata,33.8,10,31622.38,2,1,1,119489.25,0
15569,Female,Pune,66.2,7,73654.1,2,1,0,54246.97,0
15570,Female,Pune,59.7,5,43852.82,2,1,1,89692.37,0
15571,Female,Mumbai,45.1,1,69058.5,1,0,0,59438.37,0
15572,Male,Delhi,34.8,4,43544.17,2,1,1,84059.76,0
15573,Female,Pune,38.9,1,48280.15,2,1,0,121625.98,0
15574,Female,Bangalore,40.1,9,105507.03,2,0,1,45228.18,0
15575,Female,Delhi,42.5,6,66657.77,1,1,1,77254.96,0
15576,Male,Pune,35.4,10,32750.76,2,1,0,15000.0,0
15577,Female,Chennai,55.9,9,60821.51,2,1,0,69847.63,0
15578,Female,Kolkata,18.0,5,81501.8,1,1,0,88200.1,0
15579,Female,Kolkata,27.9,6,70292.51,2,0,0,53386.05,0
15580,Male,Bangalore,30.3,5,76664.18,1,1,1,19259.58,0
15581,Male,Chennai,52.0,9,112658.24,2,1,0,59516.89,0
15582,Male,Bangalore,33.3,0,89334.42,3,1,0,36080.47,1
15583,Female,Hyderabad,18.7,2,99930.19,4,1,1,176790.69,0
15584,Female,Mumbai,31.7,9,74686.04,2,1,1,77932.82,0
15585,Male,Pune,34.3,1,86902.48,1,1,0,120685.18,0
15586,Male,Chennai,39.2,0,47770.35,1,1,0,47231.0,0
15587,Male,Mumbai,41.5,0,83646.62,1,1,0,51546.35,0
15588,Male,Mumbai,51.6,3,104012.96,1,0,1,39359.18,0
15589,Female,Kolkata,36.3,10,70493.51,2,1,1,93462.07,0
15590,Female,Kolkata,33.0,0,54562.74,2,0,1,55003.24,1
15591,Male,Hyderabad,40.6,1,98374.18,1,1,1,87111.98,0
15592,Female,Chennai,42.9,0,45236.03,2,1,1,83498.56,0
15593,Male,Mumbai,32.8,5,122275.37,2,1,1,99742.03,1
15594,Female,Chennai,19.6,10,73382.08,2,1,0,61448.44,0
15595,Male,Hyderabad,34.1,3,25074.75,2,1,0,70378.02,0
15596,Male,Kolkata,49.7,7,76272.53,2,1,1,158173.21,0
15597,Male,Kolkata,39.1,10,100332.63,2,0,1,41712.52,0
15598,Female,Pune,54.9,4,93145.55,1,1,1,87086.25,0
15599,Female,Delhi,46.0,9,65924.42,1,1,1,87792.97,0
15600,Female,Kolkata,33.7,4,68784.93,2,1,0,67911.83,0
15601,Male,Bangalore,57.6,10,93081.27,2,1,1,31878.24,0
15602,Male,Pune,29.6,10,16324.55,2,1,1,52979.75,0
15603,Male,Delhi,19.9,7,51152.68,1,1,0,66779.62,0
15604,Female,Delhi,44.1,10,47380.66,2,1,0,69125.56,0
15605,Male,Delhi,30.6,9,86133.36,1,1,0,49789.02,0
15606,Female,Bangalore,39.3,5,43100.56,1,1,1,72825.6,0
15607,Female,Delhi,27.1,5,47385.1,1,1,0,92430.12,0
15608,Female,Mumbai,40.1,2,53764.58,1,0,1,36917.16,0
15609,Male,Kolkata,45.8,5,44387.27,2,1,0,80019.49,0
15610,Male,Kolkata,47.6,9,91735.63,1,1,1,81933.12,0
15611,Male,Pune,26.3,6,53348.45,2,1,1,78129.35,0
15612,Female,Hyderabad,23.8,1,78703.12,2,1,0,122628.63,0
15613,Female,Bangalore,44.8,2,51961.09,1,0,1,123910.2,0
15614,Male,Kolkata,35.4,5,64782.48,1,1,1,101731.1,0
15615,Male,Mumbai,33.3,9,60370.82,1,1,0,114444.15,1
15616,Female,Kolkata,38.6,8,18183.5,1,1,0,101850.04,0
15617,Female,Chennai,38.0,8,35560.99,1,1,1,99339.31,0
15618,Male,Mumbai,44.5,7,33979.74,1,0,1,48694.11,0
15619,Female,Hyderabad,45.9,7,92303.34,3,1,1,81898.68,0
15620,Male,Mumbai,51.8,8,97201.55,2,1,0,132873.63,0
15621,Male,Delhi,36.9,10,52684.33,2,1,0,71835.02,0
15622,Female,Delhi,51.9,10,76198.42,2,0,1,79609.27,0
15623,Female,Kolkata,47.1,8,47573.88,2,1,0,122622.97,0
15624,Female,Pune,50.5,9,72128.15,2,0,1,82883.25,0
15625,Male,Mumbai,40.1,10,56139.47,1,1,0,81475.48,0
15626,Female,Hyderabad,38.8,8,52135.58,2,0,1,84865.89,0
15627,Male,Pune,62.7,4,80039.59,2,1,0,72403.85,0
15628,Male,Kolkata,23.5,5,73038.22,2,0,0,95030.12,0
15629,Female,Pune,61.5,4,46259.38,2,0,0,67875.39,0
15630,Male,Chennai,61.0,0,107882.98,1,1,0,63422.0,1
15631,Female,Mumbai,48.8,3,111122.07,2,0,1,106742.28,0
15632,Female,Mumbai,23.8,10,67967.53,2,1,0,54322.9,0
15633,Male,Kolkata,37.4,0,80167.63,4,1,1,137122.84,1
15634,Male,Delhi,49.5,0,123308.85,2,1,1,28474.25,0
15635,Male,Hyderabad,24.1,2,80079.23,2,0,0,15000.0,0
15636,Male,Delhi,40.1,6,31065.88,2,1,1,71417.59,0
15637,Female,Mumbai,41.3,0,66078.04,2,0,0,94965.61,1
15638,Female,Mumbai,33.2,6,56359.55,3,1,1,32878.72,0
15639,Male,Mumbai,26.6,9,53931.54,1,1,1,94167.94,0
15640,Male,Bangalore,57.5,9,76085.59,2,1,1,85154.33,0
15641,Female,Delhi,49.3,0,52970.4,1,0,1,120411.27,0
15642,Female,Mumbai,38.0,8,85867.44,2,1,0,81660.32,0
15643,Male,Mumbai,40.4,4,49363.42,2,1,1,79437.2,0
15644,Male,Pune,36.8,5,37542.13,2,0,0,99396.68,0
15645,Female,Kolkata,18.3,8,96703.07,1,1,1,95873.29,0
15646,Male,Pune,55.5,10,58209.3,1,1,0,80057.26,0
15647,Male,Bangalore,42.6,2,84932.78,2,1,0,39299.33,0
15648,Female,Pune,51.5,2,41461.35,2,1,0,96543.95,1
15649,Female,Delhi,34.5,4,60426.87,2,1,1,121143.18,0
15650,Female,Delhi,41.1,6,81293.8,2,1,1,31856.05,0
15651,Female,Pune,43.8,2,45632.13,2,1,0,47970.89,0
15652,Female,Chennai,52.4,3,76502.38,2,1,0,59322.53,0
15653,Male,Chennai,61.5,1,94872.42,2,0,1,109705.57,0
15654,Male,Hyderabad,35.8,8,73912.12,1,1,0,93907.16,0
15655,Male,Bangalore,35.8,9,51544.93,1,1,1,45892.28,0
15656,Male,Bangalore,37.1,8,49511.85,1,1,0,87507.75,0
15657,Female,Pune,32.8,10,46059.67,2,1,0,63254.71,0
15658,Female,Mumbai,71.8,1,43020.79,1,1,0,69806.0,0
15659,Male,Mumbai,19.8,4,85720.84,2,1,1,58959.08,0
15660,Female,Kolkata,72.2,0,41702.07,2,1,1,54974.38,1
15661,Male,Mumbai,47.7,7,57659.95,2,1,0,30402.83,0
15662,Male,Mumbai,39.0,5,69423.48,2,1,1,104032.85,0
15663,Female,Bangalore,29.9,9,55694.54,2,1,0,163319.63,0
15664,Female,Bangalore,39.5,9,47859.83,1,0,0,80277.38,0
15665,Female,Chennai,33.2,1,94871.93,1,0,0,98213.41,1
15666,Female,Bangalore,56.6,1,49686.58,1,1,1,94609.26,0
15667,Female,Pune,47.6,9,69438.88,1,1,1,99932.29,0
15668,Female,Chennai,60.1,4,52035.18,2,0,0,49674.85,0
15669,Male,Delhi,36.5,6,50607.87,2,1,0,75019.56,0
15670,Female,Mumbai,40.1,8,31757.86,1,1,1,70446.38,0
15671,Female,Delhi,38.8,8,65391.37,2,0,0,106782.06,0
15672,Male,Mumbai,35.5,10,32617.76,2,0,0,88410.41,0
15673,Female,Mumbai,27.7,5,72228.07,2,1,0,118297.02,0
15674,Male,Hyderabad,48.6,1,57643.0,1,1,0,94625.18,0
15675,Male,Mumbai,44.1,5,41068.33,2,1,0,125828.92,0
15676,Male,Mumbai,39.4,0,36596.04,2,1,0,113132.1,1
15677,Female,Delhi,46.0,10,7470.5,2,1,0,82351.63,0
15678,Male,Mumbai,35.1,10,81332.09,1,1,1,31578.3,0
15679,Female,Delhi,40.2,1,63656.4,2,1,0,104956.34,1
15680,Male,Delhi,50.3,2,68934.53,2,0,0,122844.89,1
15681,Male,Delhi,52.0,4,77408.46,2,1,1,86464.87,0
15682,Female,Pune,58.3,9,104530.06,1,1,1,80914.23,0
15683,Female,Chennai,26.7,0,41054.17,1,1,1,77873.53,0
15684,Male,Delhi,28.4,9,49478.8,2,1,1,79372.6,0
15685,Male,Mumbai,26.2,4,78184.37,2,1,0,83459.95,0
15686,Female,Chennai,32.2,4,83383.98,1,1,1,119640.32,1
15687,Female,Kolkata,36.0,3,66529.4,1,1,0,71216.04,0
15688,Female,Mumbai,45.2,2,14257.53,1,0,1,103441.33,0
15689,Male,Kolkata,54.0,6,9339.35,2,0,0,102270.57,1
15690,Female,Bangalore,35.3,10,63042.78,1,1,1,91251.83,0
15691,Male,Chennai,46.9,6,92122.75,2,1,1,127975.35,0
15692,Male,Hyderabad,55.3,0,100906.7,1,1,1,40564.19,0
15693,Female,Mumbai,34.5,6,22301.62,1,1,0,37358.69,0
15694,Female,Pune,36.6,2,76635.81,2,0,0,57965.53,0
15695,Female,Delhi,40.8,2,76091.38,2,1,1,67741.11,1
15696,Male,Mumbai,19.9,5,51719.84,2,0,1,102455.13,0
15697,Male,Delhi,46.1,5,68518.71,2,1,1,73872.49,0
15698,Male,Hyderabad,25.5,10,58925.61,2,1,1,65671.86,0
15699,Female,Mumbai,40.1,3,36350.7,1,1,1,133563.09,0
15700,Male,Mumbai,34.8,4,49412.97,2,1,1,76444.95,0
15701,Male,Bangalore,33.9,2,115435.51,1,1,0,94583.52,0
15702,Male,Delhi,28.3,2,72232.42,2,1,0,78721.09,0
15703,Female,Hyderabad,46.5,8,34709.64,2,1,0,146922.84,0
15704,Male,Bangalore,46.4,4,36882.0,2,0,0,99469.94,1
15705,Female,Mumbai,34.5,0,103931.82,1,1,1,108046.4,0
15706,Male,Bangalore,61.6,8,52765.89,1,0,1,68278.16,0
15707,Female,Pune,40.4,9,55656.82,2,1,1,140087.49,0
15708,Male,Bangalore,39.8,5,84813.26,1,1,1,107990.24,1
15709,Female,Kolkata,40.7,8,56494.99,1,0,0,53435.08,0
15710,Female,Mumbai,31.8,10,51703.7,1,1,0,90774.44,0
15711,Male,Hyderabad,28.1,6,70551.15,2,1,1,142774.56,0
15712,Male,Delhi,35.5,10,47295.17,2,1,0,85056.71,0
15713,Male,Mumbai,47.6,9,53292.74,1,0,1,15000.0,0
15714,Male,Hyderabad,18.0,9,104838.19,2,1,1,76340.68,0
15715,Female,Chennai,40.1,6,44420.73,1,1,1,78932.14,0
15716,Male,Hyderabad,32.7,4,58774.21,2,1,0,81323.77,1
15717,Male,Pune,18.5,6,118418.78,1,1,0,43840.05,0
15718,Male,Hyderabad,23.0,9,0.0,2,1,1,87982.25,0
15719,Male,Chennai,49.7,3,112480.98,2,1,0,62287.18,0
15720,Male,Bangalore,34.7,10,78164.84,1,1,0,130194.43,0
15721,Male,Kolkata,29.8,10,76660.72,1,0,1,73409.07,0
15722,Male,Bangalore,41.7,5,76275.36,1,1,0,21898.48,0
15723,Female,Bangalore,41.4,1,54229.02,2,1,1,124252.56,0
15724,Male,Chennai,54.0,9,39877.85,2,1,1,47340.23,0
15725,Male,Delhi,18.6,2,64346.79,2,1,0,116092.83,0
15726,Female,Delhi,28.9,1,62180.35,1,1,0,32870.11,0
15727,Male,Chennai,32.8,9,70665.39,1,1,1,40644.88,0
15728,Male,Bangalore,44.7,1,57406.8,1,1,0,23610.38,0
15729,Male,Hyderabad,74.7,6,86018.95,2,1,0,88461.0,0
15730,Female,Delhi,47.0,4,85426.13,2,0,0,137588.19,0
15731,Female,Mumbai,36.8,5,28805.1,1,1,0,25665.55,0
15732,Male,Mumbai,25.4,2,22623.21,2,1,1,52408.36,0
15733,Female,Pune,23.9,9,45546.78,1,0,0,127238.17,0
15734,Female,Bangalore,50.8,4,31698.18,2,1,0,136866.94,1
15735,Female,Hyderabad,30.5,4,91628.32,2,1,0,93615.32,0
15736,Female,Delhi,35.8,10,48835.77,2,1,0,64447.18,0
15737,Female,Kolkata,59.9,3,78009.92,1,0,0,100317.71,1
15738,Male,Kolkata,19.4,9,61598.4,1,1,0,83452.16,0
15739,Male,Delhi,43.2,3,87706.18,1,1,0,108956.8,0
15740,Male,Delhi,29.2,7,54102.86,2,1,0,83294.27,0
15741,Female,Mumbai,59.6,5,25808.01,1,1,1,63349.17,0
15742,Female,Mumbai,28.7,10,47667.74,2,0,1,47026.09,0
15743,Female,Mumbai,48.0,1,0.0,2,0,0,54958.72,0
15744,Female,Mumbai,18.3,1,27278.38,1,1,0,91592.26,0
15745,Male,Mumbai,58.6,1,73497.85,4,1,0,49673.44,1
15746,Female,Hyderabad,51.0,5,69853.35,1,1,1,117349.09,0
15747,Female,Chennai,33.3,0,50723.61,3,0,0,49637.13,1
15748,Female,Hyderabad,44.7,2,60715.69,1,1,1,76938.41,0
15749,Female,Kolkata,51.5,0,25169.36,1,0,1,15000.0,0
15750,Female,Hyderabad,41.8,3,81894.47,2,1,0,84028.12,0
15751,Male,Hyderabad,35.3,0,59872.9,1,0,1,100088.85,0
15752,Female,Chennai,38.8,8,78185.68,2,1,0,110247.37,0
15753,Male,Delhi,41.3,10,76734.12,1,0,1,90020.61,0
15754,Female,Delhi,40.7,10,72084.96,1,1,0,86542.46,0
15755,Female,Delhi,45.2,5,41308.18,3,1,1,84527.28,0
15756,Male,Mumbai,27.7,7,71945.64,2,0,0,62501.3,0
15757,Female,Kolkata,32.2,1,75940.64,1,0,1,94113.34,0
15758,Male,Mumbai,35.3,5,48183.75,1,1,1,145686.84,0
15759,Male,Mumbai,45.7,3,72954.67,1,1,1,116225.3,0
15760,Male,Delhi,21.7,6,28714.99,1,1,0,97993.0,1
15761,Female,Delhi,41.8,7,78725.55,2,1,0,82477.11,0
15762,Female,Chennai,49.4,5,72676.79,2,1,0,86227.05,0
15763,Male,Chennai,40.6,0,102272.9,2,1,1,85056.71,0
15764,Male,Delhi,40.9,7,113077.46,4,1,1,116143.48,1
15765,Female,Chennai,36.4,10,58657.23,1,1,0,118301.18,0
15766,Female,Chennai,40.7,0,77766.96,1,1,1,85056.71,0
15767,Male,Pune,34.7,8,73643.61,1,1,1,107718.72,0
15768,Male,Bangalore,38.0,1,58130.06,2,1,1,145095.35,0
15769,Male,Delhi,34.7,10,20613.8,2,1,1,180554.51,0
15770,Female,Delhi,37.8,9,36609.68,1,1,0,30114.58,0
15771,Female,Delhi,36.2,5,51659.45,2,1,1,86636.24,0
15772,Female,Delhi,25.8,7,71735.49,2,0,1,57590.07,0
15773,Male,Hyderabad,21.9,4,99545.6,1,1,0,82954.48,1
15774,Female,Bangalore,41.0,1,62442.6,1,1,1,151299.85,0
15775,Male,Pune,47.2,4,91008.11,1,1,0,138693.77,0
15776,Male,Pune,58.7,0,101220.69,2,1,1,96586.88,1
15777,Female,Kolkata,53.2,7,50681.1,1,1,1,99671.31,0
15778,Male,Delhi,50.9,7,29913.27,2,0,1,63941.12,0
15779,Female,Kolkata,42.8,1,65935.32,2,0,1,128911.4,0
15780,Male,Hyderabad,41.4,5,31540.69,1,1,0,65558.75,0
15781,Female,Pune,30.5,10,110434.43,3,1,1,108081.58,1
15782,Male,Hyderabad,29.2,7,94151.58,1,1,1,63000.23,0
15783,Female,Mumbai,42.3,9,100225.4,1,0,0,62443.81,0
15784,Male,Bangalore,30.0,7,21752.71,2,0,0,121786.61,0
15785,Male,Hyderabad,38.9,6,55912.21,1,0,1,73504.09,0
15786,Female,Bangalore,18.0,2,66332.36,1,1,0,94048.1,0
15787,Male,Delhi,45.6,10,75043.67,1,1,1,71860.18,0
15788,Female,Hyderabad,27.6,3,55974.62,2,0,0,96501.33,0
15789,Female,Chennai,22.9,0,75.43,2,0,0,86432.13,0
15790,Male,Mumbai,48.7,8,76560.56,1,1,0,92961.4,0
15791,Male,Pune,51.6,9,109172.06,1,0,1,96392.1,0
15792,Female,Pune,39.0,9,115249.03,2,1,0,135602.68,0
15793,Male,Pune,31.4,1,58359.49,2,0,1,64907.81,0
15794,Female,Delhi,48.6,9,66963.3,1,0,0,177393.06,1
15795,Female,Mumbai,30.8,6,39846.33,1,1,1,70237.14,0
15796,Female,Bangalore,38.1,7,66986.78,1,1,1,61583.91,0
15797,Male,Delhi,56.2,3,54278.62,2,1,1,78905.74,0
15798,Female,Pune,44.5,10,52042.19,1,1,1,105855.79,0
15799,Male,Pune,39.4,10,27587.74,2,1,1,85056.71,0
15800,Male,Kolkata,36.7,9,103523.87,1,1,0,123679.64,0
15801,Male,Kolkata,40.5,0,58914.7,1,0,1,79480.02,0
15802,Male,Mumbai,43.2,4,53040.26,1,1,0,15000.0,0
15803,Male,Kolkata,26.5,9,70609.43,1,1,1,120034.91,0
15804,Female,Pune,54.5,9,50530.07,1,0,1,73052.77,1
15805,Male,Chennai,34.5,5,12569.77,1,1,0,66165.39,0
15806,Male,Mumbai,37.5,6,97637.75,2,1,0,85056.71,1
15807,Male,Chennai,49.8,0,65861.83,1,1,1,81498.24,0
15808,Female,Delhi,38.3,3,84684.11,1,1,0,56796.25,1
15809,Female,Bangalore,50.6,4,69840.29,2,1,0,65640.5,0
15810,Male,Hyderabad,39.4,4,88718.58,1,1,0,39928.77,0
15811,Male,Hyderabad,41.2,6,82550.17,1,1,0,90520.17,1
15812,Female,Mumbai,42.6,3,9551.82,1,0,0,112190.23,0
15813,Female,Delhi,44.5,9,76207.65,2,1,0,149058.27,0
15814,Male,Hyderabad,46.7,6,42672.52,1,1,0,31847.37,0
15815,Male,Mumbai,52.6,7,42560.74,1,0,1,93978.36,0
15816,Male,Delhi,51.9,1,22753.4,1,0,1,71362.24,0
15817,Male,Delhi,30.5,0,110210.24,1,1,1,100814.4,0
15818,Female,Delhi,57.5,9,61591.76,2,1,0,87230.09,0
15819,Female,Bangalore,19.6,9,54594.7,2,1,1,42308.94,0
15820,Female,Hyderabad,32.4,0,45861.44,2,1,1,70582.35,0
15821,Female,Pune,38.3,0,123680.63,1,1,0,95505.84,0
15822,Male,Kolkata,26.0,8,90332.39,2,1,0,75576.01,0
15823,Female,Delhi,43.4,3,4940.63,2,0,1,21257.56,0
15824,Female,Delhi,48.9,8,99102.47,1,0,0,72997.17,0
15825,Male,Mumbai,31.4,6,42030.21,1,1,0,109008.7,0
15826,Male,Mumbai,45.6,6,81436.96,1,1,0,114209.48,0
15827,Female,Delhi,50.0,1,53916.0,1,1,1,118509.74,0
15828,Male,Delhi,18.0,1,21621.09,1,1,0,81662.7,0
15829,Male,Mumbai,42.1,4,52119.74,1,1,1,64969.58,0
15830,Female,Kolkata,44.5,9,71029.29,2,1,1,98338.4,0
15831,Female,Pune,29.0,0,71434.71,1,1,0,79486.16,0
15832,Male,Delhi,25.7,6,56243.02,1,1,1,37306.75,0
15833,Female,Kolkata,31.7,10,66332.81,1,1,1,50611.57,0
15834,Male,Pune,37.8,6,68307.24,1,1,0,106269.28,0
15835,Female,Mumbai,31.0,10,87814.25,1,0,1,76323.2,0
15836,Female,Mumbai,46.7,7,97766.84,1,0,0,49414.23,0
15837,Female,Bangalore,45.1,6,65046.73,2,1,1,56629.71,0
15838,Male,Mumbai,44.5,7,31910.01,2,1,0,98932.4,0
15839,Female,Mumbai,55.1,2,81005.4,1,0,1,20340.77,0
15840,Female,Mumbai,47.7,2,82073.96,2,1,1,82448.52,0
15841,Male,Mumbai,43.4,7,87291.48,1,1,1,101293.44,0
15842,Male,Hyderabad,25.3,8,41020.07,1,1,0,118586.13,0
15843,Male,Kolkata,53.9,9,85163.94,1,1,1,85056.71,0
15844,Male,Pune,55.2,3,72909.2,2,0,0,18580.3,0
15845,Female,Delhi,36.1,7,79493.18,2,1,1,104043.74,0
15846,Male,Delhi,30.3,0,45869.04,2,1,1,98321.02,0
15847,Male,Delhi,49.1,1,18110.05,2,1,0,135903.6,0
15848,Female,Bangalore,18.2,9,30929.29,2,1,0,138131.71,1
15849,Male,Bangalore,44.8,9,87080.7,2,0,0,85056.71,0
15850,Female,Bangalore,58.0,9,107789.36,2,1,1,51539.54,0
15851,Male,Chennai,35.4,8,84507.49,2,1,1,104733.46,0
15852,Male,Bangalore,42.9,1,34364.03,2,1,0,119099.84,0
15853,Female,Delhi,41.2,1,63905.06,2,1,1,87970.63,0
15854,Female,Mumbai,52.5,7,72299.66,1,0,1,78265.35,0
15855,Male,Pune,41.3,4,66111.33,1,1,1,142919.08,0
15856,Female,Bangalore,35.9,4,68970.13,2,1,1,54346.06,0
15857,Male,Mumbai,21.8,10,38394.4,1,0,1,68643.44,0
15858,Male,Chennai,41.1,5,27727.83,2,1,0,100636.96,0
15859,Male,Chennai,39.2,7,40455.09,1,1,0,76063.67,0
15860,Female,Delhi,18.0,7,33885.6,3,1,1,95844.47,0
15861,Male,Hyderabad,27.9,8,67853.81,2,1,1,119589.75,0
15862,Female,Hyderabad,32.8,9,70785.32,1,1,1,44233.54,0
15863,Male,Hyderabad,32.8,10,30593.5,2,0,1,66345.3,0
15864,Male,Kolkata,39.7,2,62896.8,1,0,0,142153.85,0
15865,Female,Hyderabad,38.7,8,111136.6,1,1,0,93578.6,0
15866,Male,Chennai,39.2,10,68557.09,2,0,0,82185.04,0
15867,Female,Delhi,67.1,2,54229.39,2,1,0,68728.56,0
15868,Male,Mumbai,34.7,0,86690.94,1,1,0,112772.35,1
15869,Female,Bangalore,29.6,10,124428.43,1,1,1,55220.02,0
15870,Female,Hyderabad,58.8,4,70191.3,2,1,0,117576.23,1
15871,Male,Mumbai,57.6,6,50168.52,2,0,1,67864.79,1
15872,Male,Mumbai,27.0,2,67935.39,2,1,1,54693.52,0
15873,Female,Delhi,54.6,8,99581.16,2,1,0,43308.31,1
15874,Female,Hyderabad,18.0,0,63141.74,4,1,0,82356.91,0
15875,Male,Delhi,74.4,5,65837.48,2,1,0,85694.39,0
15876,Male,Hyderabad,61.4,5,100447.71,1,1,0,52551.39,1
15877,Female,Mumbai,46.4,7,67827.04,2,1,0,60466.5,1
15878,Female,Bangalore,50.3,2,108006.3,1,0,0,15000.0,0
15879,Male,Kolkata,40.1,4,30069.03,3,1,0,71516.46,0
15880,Female,Pune,32.1,10,76444.42,1,1,1,171492.67,1
15881,Male,Mumbai,54.3,9,114373.54,2,1,1,15000.0,1
15882,Female,Mumbai,56.3,10,126488.61,2,0,1,96831.75,0
15883,Male,Bangalore,31.3,4,54719.26,1,1,1,98752.89,0
15884,Female,Delhi,39.6,7,58369.67,1,1,0,70140.11,0
15885,Female,Chennai,25.2,6,113562.76,2,1,0,89930.91,1
15886,Female,Hyderabad,39.4,2,56389.84,2,0,0,59167.27,0
15887,Female,Pune,36.8,6,52098.15,2,0,1,60695.11,0
15888,Female,Delhi,55.0,9,52596.97,2,1,1,105820.14,0
15889,Female,Pune,59.2,7,42933.3,1,0,1,15000.0,0
15890,Male,Chennai,27.2,4,38319.69,3,0,1,68933.79,0
15891,Female,Delhi,49.2,10,60301.11,1,1,1,96447.88,0
15892,Female,Hyderabad,50.6,4,24299.58,1,1,1,76321.24,0
15893,Female,Chennai,19.0,10,49947.3,1,0,1,125334.0,0
15894,Male,Mumbai,51.6,0,104385.73,3,1,0,88657.72,1
15895,Male,Mumbai,22.3,7,87252.8,2,1,0,91911.27,0
15896,Male,Hyderabad,33.9,5,51019.9,1,1,1,97469.88,0
15897,Female,Kolkata,29.2,5,71581.92,1,1,0,52337.71,0
15898,Male,Bangalore,21.1,4,62734.09,3,1,0,102053.85,0
15899,Male,Bangalore,53.2,4,46254.73,1,0,0,145368.05,0
15900,Female,Mumbai,28.7,2,7495.5,1,1,0,17963.23,0
15901,Female,Mumbai,35.2,2,42770.2,2,1,0,50935.56,0
15902,Female,Chennai,39.9,1,57489.74,1,1,0,98584.79,0
15903,Male,Mumbai,48.9,8,127568.69,1,1,1,75665.49,0
15904,Male,Kolkata,28.4,7,80722.01,3,1,1,81740.18,0
15905,Male,Delhi,45.8,10,62611.19,2,1,0,92217.62,0
15906,Female,Chennai,37.2,2,77750.78,1,0,1,41247.03,0
15907,Male,Chennai,27.9,4,71396.37,2,0,1,57797.59,0
15908,Female,Mumbai,52.2,9,47659.21,2,1,1,94728.62,0
15909,Male,Mumbai,64.9,4,63641.82,1,1,0,64983.02,0
15910,Male,Hyderabad,42.4,7,56279.18,2,1,1,35396.39,0
15911,Male,Delhi,32.7,5,27206.18,1,1,0,67033.22,0
15912,Female,Chennai,31.2,6,51072.33,2,1,1,92711.61,0
15913,Female,Delhi,49.7,4,62658.34,1,1,1,143248.97,0
15914,Male,Pune,40.2,0,76256.18,2,1,0,72423.6,1
15915,Female,Bangalore,27.3,7,65928.68,2,0,0,90002.66,0
15916,Male,Hyderabad,19.7,3,89258.34,1,1,0,45600.35,0
15917,Female,Bangalore,44.6,4,60065.96,1,1,1,15000.0,0
15918,Female,Hyderabad,24.8,0,97538.77,2,0,1,45617.67,0
15919,Male,Kolkata,35.2,2,70150.0,2,1,0,79476.51,0
15920,Female,Chennai,59.5,1,76824.55,2,1,1,107946.23,0
15921,Male,Bangalore,30.0,1,72300.49,1,1,1,60367.26,0
15922,Male,Delhi,52.6,0,53195.38,1,1,0,82005.25,0
15923,Male,Chennai,27.7,5,81454.66,1,1,1,98772.77,0
15924,Female,Delhi,50.5,7,50481.12,2,1,0,15000.0,0
15925,Male,Bangalore,46.9,2,41332.23,3,0,1,112745.09,0
15926,Female,Mumbai,45.9,0,71912.96,1,1,0,55118.86,1
15927,Female,Pune,32.7,9,63475.89,1,1,1,107192.17,0
15928,Female,Kolkata,47.6,1,45700.06,2,0,1,105850.81,0
15929,Female,Kolkata,44.5,2,67577.63,2,1,1,126912.87,0
15930,Female,Bangalore,62.7,5,82423.86,2,1,0,94148.21,1
15931,Male,Delhi,32.6,2,60281.69,1,0,0,99352.36,1
15932,Male,Pune,55.4,8,105048.8,2,1,0,129153.49,0
15933,Male,Mumbai,29.2,0,93947.06,1,1,1,52045.82,0
15934,Female,Hyderabad,37.1,6,54585.82,1,0,1,91868.36,0
15935,Male,Kolkata,32.3,9,36529.55,1,1,1,84709.54,0
15936,Female,Chennai,34.1,7,62091.98,2,1,0,134864.56,0
15937,Female,Mumbai,38.1,8,76454.51,1,1,1,65941.65,0
15938,Male,Mumbai,57.3,7,22924.19,2,0,0,118225.03,0
15939,Male,Chennai,45.5,4,22502.55,3,1,0,85283.94,1
15940,Male,Bangalore,54.8,0,34011.95,1,1,1,62060.88,0
15941,Male,Pune,40.2,0,93709.06,2,1,1,126129.69,0
15942,Male,Kolkata,55.4,7,100541.72,2,0,1,74119.41,0
15943,Male,Hyderabad,42.7,6,38663.58,1,1,0,58654.93,0
15944,Female,Mumbai,30.5,4,30157.8,1,0,0,54917.33,0
15945,Male,Kolkata,52.7,9,70802.52,1,1,1,119073.78,0
15946,Male,Delhi,57.8,2,68471.79,1,1,1,96341.25,0
15947,Male,Delhi,47.7,8,35233.78,1,0,1,53544.21,0
15948,Male,Delhi,50.0,3,39858.73,2,1,0,91086.59,1
15949,Female,Mumbai,55.3,5,48567.08,1,1,0,87214.95,0
15950,Female,Bangalore,36.8,10,54240.7,2,1,0,111919.88,0
15951,Male,Chennai,31.4,3,72632.42,2,1,1,127736.95,0
15952,Male,Kolkata,44.4,8,6431.24,2,0,0,58480.57,0
15953,Female,Chennai,60.7,3,112656.41,2,0,0,46150.77,0
15954,Female,Chennai,43.6,7,74338.49,2,0,1,123364.06,0
15955,Male,Kolkata,47.6,10,67168.22,2,0,1,87711.94,1
15956,Female,Mumbai,40.9,2,49201.52,1,0,1,102282.45,0
15957,Male,Mumbai,43.5,7,43924.89,1,0,0,73230.91,0
15958,Male,Pune,33.7,10,45206.59,3,1,0,73490.68,0
15959,Female,Bangalore,46.6,2,52771.77,2,1,0,45164.93,0
15960,Female,Pune,50.5,10,75223.96,2,1,1,119962.83,0
15961,Male,Chennai,22.0,4,93461.24,2,1,1,88406.28,0
15962,Male,Bangalore,22.0,0,29660.86,1,0,1,111963.1,0
15963,Male,Pune,19.0,5,53974.29,2,0,1,103808.95,0
15964,Female,Pune,57.7,10,68485.81,2,1,1,69934.48,0
15965,Female,Delhi,28.9,1,70257.56,2,1,1,112583.21,0
15966,Female,Mumbai,44.2,2,50535.21,1,1,0,100291.06,0
15967,Female,Delhi,61.4,10,55920.74,1,0,0,103907.71,0
15968,Male,Pune,44.0,0,59159.29,1,0,1,32717.9,1
15969,Female,Mumbai,46.2,10,35271.07,1,1,1,15000.0,0
15970,Female,Delhi,29.9,5,41795.58,1,1,1,27103.86,0
15971,Female,Chennai,44.0,4,17916.47,1,1,1,151409.28,0
15972,Male,Hyderabad,28.1,9,92556.68,2,1,1,67065.71,0
15973,Female,Mumbai,18.0,1,79217.14,2,0,1,47978.88,0
15974,Female,Kolkata,40.6,10,31085.74,1,1,0,137502.47,0
15975,Male,Delhi,43.8,7,36886.38,2,0,0,101692.38,0
15976,Male,Mumbai,33.7,8,31013.85,3,0,1,54538.39,0
15977,Male,Mumbai,31.0,2,41400.97,1,1,0,23296.79,0
15978,Male,Kolkata,37.4,5,71084.9,3,1,0,88177.76,0
15979,Female,Hyderabad,31.3,5,136808.24,1,1,0,64663.01,0
15980,Female,Mumbai,48.9,9,53995.34,3,1,0,107760.4,0
15981,Female,Mumbai,45.4,5,76836.84,2,0,0,126758.21,0
15982,Male,Delhi,59.5,7,62010.27,1,1,1,115141.25,0
15983,Male,Mumbai,35.7,4,71088.86,1,1,0,68650.79,0
15984,Male,Kolkata,40.8,9,57871.47,2,0,1,81557.41,0
15985,Male,Pune,42.1,9,93847.94,1,1,1,120007.97,0
15986,Male,Pune,35.5,7,79886.9,2,0,1,64610.03,0
15987,Female,Chennai,18.0,2,64862.07,2,1,1,78821.95,0
15988,Female,Mumbai,45.3,6,81147.42,1,1,1,156730.61,0
15989,Female,Bangalore,68.0,0,88746.77,1,1,0,52063.36,1
15990,Female,Chennai,52.0,3,47016.95,2,0,0,109561.06,0
15991,Male,Chennai,63.5,4,76747.85,1,1,0,86697.27,0
15992,Female,Chennai,50.8,6,86733.42,1,1,0,80321.59,1
15993,Male,Kolkata,40.1,5,76644.27,2,1,1,83789.64,0
15994,Female,Mumbai,47.2,5,82643.88,2,0,1,22046.67,0
15995,Male,Chennai,52.8,1,67119.81,1,1,0,107127.95,0
15996,Female,Mumbai,20.8,10,78720.18,1,1,0,56352.25,0
15997,Female,Mumbai,45.3,1,103140.91,2,0,0,87415.59,0
15998,Female,Mumbai,38.8,1,39746.06,2,0,1,64472.75,0
15999,Female,Kolkata,57.7,9,64927.98,1,1,0,73418.43,0
16000,Male,Mumbai,44.5,7,45715.53,1,1,1,61560.24,0
16001,Female,Chennai,18.0,6,49952.01,2,1,0,74905.32,0
16002,Male,Kolkata,45.3,0,77428.03,2,1,1,38292.09,0
16003,Female,Chennai,18.0,8,22900.16,1,1,1,159173.73,0
16004,Female,Delhi,55.3,10,36994.17,2,1,0,76303.87,0
16005,Male,Delhi,30.8,10,95251.51,1,1,0,145152.4,0
16006,Male,Delhi,26.4,7,31855.54,1,0,1,71529.94,0
16007,Female,Mumbai,30.7,8,101046.59,2,1,1,76679.93,0
16008,Male,Bangalore,29.3,3,64696.42,2,1,1,50592.45,0
16009,Female,Mumbai,38.1,4,63222.6,2,0,0,115106.67,0
16010,Male,Chennai,29.7,10,47949.34,2,1,0,52071.13,0
16011,Female,Mumbai,36.4,4,56859.24,2,0,0,49953.12,0
16012,Female,Chennai,21.5,10,70690.51,2,1,0,86416.21,0
16013,Female,Bangalore,37.0,8,59486.23,2,1,0,85048.01,0
16014,Female,Mumbai,57.1,7,42935.15,2,1,0,59356.68,0
16015,Male,Mumbai,34.6,9,80449.81,2,0,0,98495.96,0
16016,Female,Delhi,47.5,5,95999.89,2,1,1,15000.0,0
16017,Male,Mumbai,24.9,10,24850.8,2,1,1,62922.36,0
16018,Female,Hyderabad,47.0,9,119778.04,1,1,0,35628.44,0
16019,Female,Mumbai,53.7,10,72256.37,2,1,1,77745.58,0
16020,Male,Chennai,57.1,9,77107.88,2,1,1,133366.61,0
16021,Male,Mumbai,42.4,0,102617.94,1,0,0,15000.0,0
16022,Female,Chennai,48.1,6,12146.15,1,1,0,99154.19,0
16023,Female,Bangalore,24.6,8,25335.63,1,0,1,69693.55,0
16024,Male,Delhi,35.4,3,14340.96,1,1,1,61451.83,0
16025,Male,Mumbai,30.4,3,34126.88,1,1,1,112747.03,0
16026,Male,Pune,43.9,4,79603.35,2,1,1,15000.0,0
16027,Female,Hyderabad,33.7,7,34317.12,1,0,0,51430.41,0
16028,Male,Pune,48.2,10,41823.15,1,1,0,43711.81,0
16029,Female,Mumbai,69.6,4,46189.1,1,1,0,23549.3,1
16030,Male,Mumbai,47.5,3,61188.02,1,0,1,98588.29,0
16031,Female,Delhi,56.9,7,59947.39,1,1,1,83208.43,0
16032,Male,Delhi,25.8,10,44547.77,1,1,1,100762.88,0
16033,Female,Mumbai,39.0,4,38591.06,2,0,0,105550.31,0
16034,Male,Mumbai,42.6,7,57162.22,1,1,1,120055.01,0
16035,Female,Kolkata,40.8,0,65015.32,2,0,1,97203.72,0
16036,Male,Mumbai,62.1,2,99905.52,2,1,0,69208.51,1
16037,Female,Hyderabad,31.1,6,39934.99,2,1,0,100778.96,0
16038,Female,Mumbai,43.9,0,61465.21,1,1,0,74828.36,0
16039,Male,Pune,18.0,10,13808.97,1,1,0,118802.38,0
16040,Female,Delhi,45.1,4,92244.51,2,1,0,119528.56,0
16041,Female,Pune,46.1,5,61243.87,2,1,1,54495.81,0
16042,Male,Mumbai,39.4,0,84439.55,1,1,0,29734.41,0
16043,Male,Bangalore,44.7,6,95062.4,1,1,0,56985.3,0
16044,Male,Mumbai,33.2,8,76048.66,1,1,1,132505.86,0
16045,Female,Delhi,25.3,8,67901.14,1,1,0,160200.33,1
16046,Female,Hyderabad,28.1,2,16896.11,2,1,0,24896.33,0
16047,Male,Delhi,29.8,3,60535.44,2,1,1,120604.91,0
16048,Female,Pune,24.5,0,39827.87,3,1,0,57728.34,1
16049,Female,Bangalore,24.0,3,37030.39,1,0,0,65471.15,0
16050,Female,Hyderabad,30.0,4,16633.69,2,1,0,128505.39,0
16051,Female,Chennai,35.7,6,59267.23,1,0,1,98087.3,0
16052,Male,Kolkata,41.6,4,42848.03,2,1,1,121598.75,0
16053,Female,Delhi,25.3,7,45035.64,1,1,0,70998.85,0
16054,Male,Hyderabad,28.8,6,39153.98,2,0,0,124108.48,0
16055,Female,Hyderabad,32.6,0,97726.65,2,0,0,75612.99,0
16056,Female,Delhi,45.2,1,37617.63,1,0,0,86146.33,0
16057,Male,Bangalore,25.7,6,54362.83,4,0,0,104771.47,0
16058,Female,Bangalore,33.8,2,59794.29,2,0,0,72174.81,0
16059,Female,Delhi,51.7,1,58778.92,1,0,0,155766.7,0
16060,Female,Mumbai,30.5,10,108215.35,2,0,1,54175.26,0
16061,Male,Pune,25.0,8,14082.93,3,1,1,110526.54,1
16062,Male,Pune,39.0,9,70618.43,2,1,1,69063.99,0
16063,Female,Delhi,30.0,7,86814.76,2,1,1,113772.08,0
16064,Female,Pune,18.0,7,71310.55,2,1,0,91596.42,0
16065,Male,Pune,42.4,2,118598.49,1,1,1,113543.36,0
16066,Female,Mumbai,50.4,10,97923.86,1,1,1,52810.25,0
16067,Female,Hyderabad,39.7,9,47305.22,4,1,0,87049.7,0
16068,Male,Hyderabad,52.5,8,59639.56,2,1,1,74949.52,0
16069,Male,Mumbai,47.7,7,84058.54,1,1,1,60199.65,0
16070,Male,Hyderabad,29.7,1,61792.82,2,1,0,71932.33,0
16071,Male,Delhi,64.6,6,62264.9,1,1,0,74310.65,0
16072,Male,Chennai,43.9,7,115398.28,1,1,1,87877.18,0
16073,Male,Mumbai,45.1,6,89983.97,2,1,1,71311.33,0
16074,Male,Mumbai,28.1,8,116593.94,1,1,1,48599.41,0
16075,Male,Delhi,21.4,6,62609.85,1,1,1,115595.5,0
16076,Male,Bangalore,27.0,6,68569.43,2,1,1,81014.65,0
16077,Male,Mumbai,51.0,0,73342.77,1,1,1,71125.46,0
16078,Female,Delhi,60.5,1,82205.42,1,0,0,79901.85,0
16079,Female,Pune,43.5,4,57045.11,2,1,1,88076.59,0
16080,Male,Kolkata,41.1,10,41882.55,1,1,0,30633.92,0
16081,Male,Bangalore,51.6,0,44630.85,2,1,1,15000.0,0
16082,Male,Mumbai,56.6,9,61888.89,1,1,0,142508.87,0
16083,Male,Delhi,22.6,6,23998.0,2,0,1,80178.21,0
16084,Male,Bangalore,59.5,4,74235.01,2,1,0,89273.96,0
16085,Male,Delhi,35.4,4,7988.15,2,1,0,116566.99,0
16086,Male,Delhi,53.0,7,26013.61,1,1,0,53024.94,0
16087,Female,Kolkata,27.2,8,95173.97,1,0,1,46870.05,0
16088,Male,Mumbai,52.4,9,66889.03,1,1,1,97744.19,0
16089,Female,Mumbai,22.8,0,75461.64,2,0,0,96952.18,0
16090,Male,Bangalore,53.5,9,72874.56,1,0,1,75896.1,0
16091,Male,Kolkata,47.7,3,113310.83,1,0,0,88652.36,1
16092,Female,Delhi,21.1,10,95181.44,1,1,0,105190.88,0
16093,Male,Bangalore,55.3,1,107191.02,1,1,0,15000.0,0
16094,Female,Chennai,28.3,8,51498.21,2,1,0,69880.54,0
16095,Male,Chennai,53.7,8,61967.75,1,1,0,81405.48,0
16096,Female,Mumbai,41.7,0,28941.83,2,0,1,15000.0,0
16097,Male,Mumbai,25.0,2,88572.0,1,0,0,70977.62,0
16098,Female,Mumbai,27.8,9,83167.95,2,1,1,73987.16,0
16099,Male,Mumbai,85.0,7,47122.11,1,1,0,26678.62,0
16100,Female,Pune,67.7,1,50849.88,2,0,0,160966.89,1
16101,Male,Mumbai,37.5,1,76038.61,1,1,0,82051.7,0
16102,Female,Pune,45.1,1,59444.22,1,0,0,156246.51,0
16103,Male,Delhi,54.4,4,47582.76,1,1,1,28242.73,0
16104,Female,Kolkata,24.5,8,55166.79,2,1,0,45970.78,0
16105,Male,Kolkata,48.3,6,54856.42,1,1,1,27489.32,0
16106,Male,Mumbai,51.8,6,74959.56,1,1,1,105110.14,0
16107,Female,Mumbai,44.3,1,59325.81,2,1,0,103079.04,0
16108,Male,Delhi,56.7,1,0.0,1,1,1,104562.87,0
16109,Male,Kolkata,41.8,4,62729.56,2,0,0,41450.14,0
16110,Male,Delhi,53.3,6,47452.04,2,0,1,139844.86,0
16111,Female,Delhi,42.8,6,81714.76,2,0,1,142412.11,0
16112,Male,Chennai,21.6,8,69037.63,3,1,0,133136.78,0
16113,Female,Mumbai,51.3,2,47566.67,2,1,0,49123.76,0
16114,Female,Bangalore,55.6,0,48552.8,2,1,0,138712.93,0
16115,Male,Pune,38.2,8,69294.57,1,1,0,113878.13,1
16116,Female,Hyderabad,23.9,0,64018.16,1,0,1,79216.68,0
16117,Female,Bangalore,50.4,7,56688.4,2,1,1,48935.04,0
16118,Female,Mumbai,43.8,4,62015.7,1,0,1,81078.13,0
16119,Male,Delhi,43.6,7,75295.27,3,1,0,127766.1,0
16120,Female,Hyderabad,42.3,6,23610.74,2,1,0,107334.15,0
16121,Male,Hyderabad,52.1,8,100399.51,2,1,1,62765.16,0
16122,Male,Mumbai,43.5,1,53710.25,1,1,1,86538.51,0
16123,Male,Hyderabad,34.3,8,93734.29,1,1,1,42795.71,0
16124,Female,Pune,20.6,9,116841.87,2,1,0,86293.8,0
16125,Female,Pune,34.5,4,79035.57,1,1,0,24368.85,0
16126,Female,Hyderabad,50.9,4,17081.59,2,1,1,65254.48,0
16127,Female,Hyderabad,36.0,0,35897.44,2,0,0,134177.07,0
16128,Male,Mumbai,50.9,5,75486.4,2,0,1,151817.24,0
16129,Male,Kolkata,23.0,9,48239.96,2,1,0,71857.4,0
16130,Male,Delhi,27.9,9,101922.25,2,0,1,106311.55,0
16131,Male,Delhi,27.2,9,46460.34,2,0,0,200000.0,0
16132,Female,Bangalore,41.6,9,78936.88,2,0,1,161467.26,0
16133,Female,Bangalore,61.5,2,62258.79,2,1,1,71333.39,0
16134,Male,Hyderabad,66.9,9,65906.87,1,1,0,43098.56,0
16135,Male,Chennai,52.7,2,80942.97,1,1,0,85307.27,0
16136,Male,Pune,18.0,2,0.0,2,1,1,164481.16,0
16137,Male,Mumbai,31.0,3,64166.38,1,1,0,48130.33,0
16138,Female,Delhi,18.0,8,87550.8,1,0,0,15000.0,0
16139,Female,Delhi,42.0,7,35615.31,1,0,0,107720.91,0
16140,Female,Pune,59.5,5,81337.42,1,1,1,92730.05,0
16141,Male,Bangalore,49.8,7,59266.98,1,1,1,92936.59,0
16142,Male,Mumbai,18.8,7,48642.16,2,1,0,85056.71,0
16143,Male,Delhi,56.7,0,58806.61,2,1,1,80236.98,1
16144,Female,Hyderabad,54.5,8,99795.8,1,1,0,42337.01,0
16145,Female,Chennai,58.5,0,69262.49,2,1,0,100738.43,1
16146,Male,Delhi,53.3,10,33634.87,1,1,1,86336.18,0
16147,Female,Delhi,33.7,1,72320.32,1,1,1,160417.02,0
16148,Female,Chennai,18.0,8,66173.35,2,0,1,75646.69,0
16149,Female,Chennai,54.1,6,93270.47,2,1,0,89835.32,0
16150,Male,Delhi,49.3,9,63211.27,2,1,0,29702.83,0
16151,Female,Mumbai,18.0,0,91515.96,2,0,0,43704.2,0
16152,Female,Mumbai,28.4,2,66720.35,2,1,1,108913.86,0
16153,Male,Bangalore,28.8,0,74928.72,2,1,0,159124.43,0
16154,Male,Pune,48.7,4,46598.07,1,1,0,95261.34,0
16155,Male,Hyderabad,39.8,3,79211.32,1,1,0,75473.17,0
16156,Male,Mumbai,36.8,7,115531.05,2,1,1,23269.76,0
16157,Female,Kolkata,35.0,8,108044.01,2,0,1,90707.54,0
16158,Female,Mumbai,26.5,3,37226.04,2,1,0,131973.65,0
16159,Male,Delhi,51.6,2,22311.18,1,1,1,62024.09,0
16160,Female,Mumbai,31.3,3,74404.67,3,1,1,62108.41,0
16161,Male,Bangalore,53.9,2,58911.25,1,0,0,48728.56,0
16162,Male,Delhi,23.3,5,43761.64,2,0,1,119438.12,0
16163,Male,Mumbai,34.1,0,117861.92,1,1,1,86288.31,0
16164,Male,Chennai,63.6,1,142201.18,1,1,0,72367.23,0
16165,Male,Pune,42.8,7,19588.06,1,0,0,109415.06,0
16166,Female,Chennai,34.1,2,45425.44,2,1,0,60574.17,0
16167,Male,Mumbai,32.5,3,32694.14,2,1,1,42214.9,0
16168,Female,Delhi,29.6,0,44372.96,1,1,0,94134.64,0
16169,Male,Pune,45.4,2,93068.55,1,1,0,77425.19,0
16170,Male,Bangalore,50.8,0,71410.37,2,1,0,87390.59,0
16171,Male,Chennai,43.0,10,85804.71,2,0,1,136673.44,0
16172,Female,Delhi,39.3,9,97975.57,1,1,1,106190.22,0
16173,Male,Delhi,47.2,4,73445.91,1,1,0,43528.16,0
16174,Female,Delhi,23.1,0,41397.61,2,0,0,82621.06,0
16175,Female,Mumbai,44.5,8,77932.12,2,0,1,70770.58,0
16176,Female,Pune,45.2,6,62352.26,2,1,1,72828.55,0
16177,Female,Mumbai,43.2,10,60812.94,1,1,1,42804.28,0
16178,Male,Pune,33.3,7,44302.24,2,1,0,72470.97,0
16179,Male,Hyderabad,30.7,8,89020.03,4,1,0,58484.11,0
16180,Male,Delhi,24.4,9,77562.1,2,1,1,70368.37,0
16181,Female,Mumbai,57.6,7,86066.36,1,1,0,85554.54,0
16182,Male,Delhi,39.3,2,41656.89,2,1,1,73311.47,0
16183,Male,Mumbai,34.9,6,91357.66,2,1,1,26089.54,0
16184,Female,Chennai,33.7,6,73736.85,2,1,1,66399.14,0
16185,Male,Chennai,28.5,6,88806.04,1,0,1,63545.91,1
16186,Female,Delhi,33.6,7,45382.85,2,1,0,107765.04,0
16187,Female,Mumbai,40.1,3,69010.41,2,1,0,96275.93,0
16188,Male,Delhi,47.0,10,93858.74,2,1,0,109193.94,0
16189,Male,Hyderabad,49.9,5,79749.18,2,0,0,93983.59,0
16190,Male,Hyderabad,51.5,1,62165.74,2,1,1,88182.96,0
16191,Female,Mumbai,66.4,6,78642.49,1,1,1,83652.75,1
16192,Female,Hyderabad,40.3,8,41139.37,1,1,1,124122.88,0
16193,Female,Delhi,34.9,4,82109.35,2,0,0,135317.37,0
16194,Female,Mumbai,45.2,3,87800.04,2,1,0,99073.03,1
16195,Female,Mumbai,47.8,1,76300.11,1,0,1,105113.15,0
16196,Male,Hyderabad,39.6,6,63063.37,1,0,1,44351.03,0
16197,Male,Kolkata,29.3,1,73809.07,2,1,0,74862.83,0
16198,Female,Chennai,42.2,1,63980.59,1,1,0,79641.72,0
16199,Male,Kolkata,46.5,8,60735.38,3,1,0,66850.41,1
16200,Male,Pune,44.2,1,84203.01,2,1,1,146967.09,1
16201,Female,Pune,18.0,9,104548.01,2,0,1,92945.09,0
16202,Male,Mumbai,20.9,2,69729.23,1,1,0,78755.12,0
16203,Female,Delhi,48.6,2,51662.19,2,0,1,38184.65,1
16204,Female,Bangalore,35.5,1,41231.72,1,1,0,109378.79,0
16205,Male,Chennai,66.7,9,48629.52,1,1,1,102754.22,0
16206,Male,Pune,56.1,2,119606.92,2,0,0,60339.04,0
16207,Male,Mumbai,24.8,8,105717.11,1,0,1,66961.32,0
16208,Male,Delhi,52.3,10,88979.44,2,1,1,64376.77,1
16209,Male,Delhi,59.2,10,96920.36,1,0,1,94094.53,0
16210,Male,Mumbai,34.7,10,51682.85,1,1,0,70620.21,0
16211,Female,Delhi,39.0,2,91142.32,1,1,0,46779.21,0
16212,Male,Mumbai,33.4,4,93276.58,2,1,0,151207.65,0
16213,Male,Hyderabad,26.5,6,62823.82,1,1,1,92571.86,0
16214,Male,Mumbai,58.9,0,35393.75,3,1,1,40266.98,0
16215,Female,Pune,18.0,0,28840.27,3,1,0,40547.2,0
16216,Female,Delhi,31.9,9,75198.87,4,1,0,85056.71,0
16217,Male,Delhi,34.9,1,52878.6,3,1,1,48071.48,0
16218,Male,Mumbai,41.9,0,73271.41,1,1,1,61634.53,0
16219,Male,Delhi,25.1,0,58134.19,2,1,1,40329.44,0
16220,Male,Delhi,56.3,9,37265.91,1,0,0,59902.33,0
16221,Female,Delhi,18.0,3,109243.51,2,1,0,110481.8,0
16222,Female,Bangalore,18.1,9,38612.7,1,1,0,84205.92,0
16223,Male,Bangalore,40.7,2,48406.01,1,1,0,62666.2,0
16224,Male,Mumbai,24.6,0,64819.85,2,0,1,28306.87,0
16225,Male,Mumbai,42.5,2,68571.91,1,1,1,43077.65,0
16226,Female,Mumbai,31.1,0,25752.99,2,1,1,67267.63,0
16227,Male,Chennai,49.7,2,85523.39,2,1,0,85633.77,0
16228,Female,Hyderabad,28.9,3,81625.35,2,1,0,101281.23,0
16229,Female,Delhi,57.3,10,119779.86,1,1,0,42798.79,0
16230,Male,Kolkata,47.6,10,72260.8,1,1,1,98511.07,0
16231,Female,Mumbai,30.9,7,62572.69,2,1,0,94699.37,0
16232,Female,Mumbai,47.5,2,41911.89,1,1,0,92949.39,0
16233,Female,Pune,41.8,2,33180.32,1,1,0,15000.0,0
16234,Male,Bangalore,49.4,8,60385.95,1,1,0,88584.08,0
16235,Male,Bangalore,47.2,10,32099.37,3,0,1,72179.52,0
16236,Female,Mumbai,44.3,8,85554.3,1,0,0,77398.03,0
16237,Female,Delhi,40.8,5,54301.18,1,1,0,146260.99,0
16238,Female,Delhi,50.9,9,95724.11,1,1,0,26646.5,0
16239,Female,Mumbai,54.0,3,72288.92,1,0,1,154084.01,0
16240,Female,Hyderabad,41.6,9,73261.28,2,1,1,15000.0,0
16241,Female,Mumbai,47.3,4,40535.72,3,0,0,73930.43,1
16242,Male,Pune,51.2,8,81181.34,1,0,1,103839.33,0
16243,Female,Delhi,59.3,0,75889.83,1,1,1,45620.17,0
16244,Female,Delhi,57.2,6,16704.09,2,0,0,94631.07,0
16245,Female,Mumbai,52.4,10,96976.11,1,1,0,58861.77,0
16246,Female,Hyderabad,35.0,6,86869.09,1,1,0,93198.35,0
16247,Male,Mumbai,24.2,9,45175.69,2,1,1,79261.57,0
16248,Female,Mumbai,46.7,0,88423.79,1,1,1,79004.83,0
16249,Female,Mumbai,46.6,0,54526.31,1,0,1,137083.84,0
16250,Male,Pune,35.2,8,48831.99,2,0,1,120384.84,0
16251,Male,Delhi,24.0,6,73782.15,1,1,0,63895.53,0
16252,Male,Mumbai,59.9,3,89679.39,1,0,1,107366.93,0
16253,Male,Chennai,45.1,8,103174.88,1,1,0,90795.76,0
16254,Male,Delhi,25.5,4,108923.23,1,0,1,56108.66,0
16255,Male,Mumbai,38.5,2,25238.8,3,0,1,72457.28,0
16256,Female,Mumbai,23.9,1,21225.56,2,1,1,116031.07,0
16257,Female,Delhi,48.2,8,54260.07,1,1,1,52625.68,0
16258,Female,Bangalore,62.2,3,42435.7,1,1,1,71584.84,1
16259,Female,Kolkata,37.8,6,126744.65,2,0,0,115853.89,0
16260,Male,Delhi,38.9,0,72007.51,2,1,1,119409.31,0
16261,Male,Bangalore,36.7,8,59741.82,1,1,1,90722.03,0
16262,Female,Mumbai,37.3,8,51446.8,2,1,0,59241.96,0
16263,Male,Chennai,30.7,9,69969.47,3,1,1,102524.55,0
16264,Female,Kolkata,56.6,5,12048.19,2,1,0,24477.97,0
16265,Female,Delhi,42.3,5,87548.03,2,1,1,46963.43,0
16266,Female,Bangalore,40.8,5,100020.12,2,0,0,131681.2,1
16267,Female,Pune,37.3,4,22140.67,2,1,1,128971.95,0
16268,Male,Pune,24.7,10,79565.5,1,1,0,58187.27,0
16269,Male,Hyderabad,51.3,0,76187.63,1,0,1,38305.0,0
16270,Female,Mumbai,57.1,3,78295.96,1,1,1,39401.76,0
16271,Male,Chennai,18.0,9,78021.2,3,0,0,61044.59,0
16272,Female,Kolkata,48.5,0,38443.58,1,1,1,90691.72,0
16273,Male,Delhi,50.3,4,61553.06,3,0,1,54842.16,0
16274,Female,Pune,55.4,3,86766.19,2,1,1,72078.1,0
16275,Female,Chennai,54.5,7,22775.42,1,1,1,72850.69,0
16276,Female,Kolkata,71.6,0,67813.47,2,1,0,112219.35,0
16277,Male,Hyderabad,44.8,7,79271.29,1,1,1,54692.44,1
16278,Male,Pune,40.1,7,56009.54,1,0,0,82639.81,0
16279,Female,Delhi,40.1,0,76842.98,2,0,1,160064.47,0
16280,Male,Pune,30.4,8,65998.24,2,1,1,82473.31,0
16281,Female,Delhi,48.5,8,59570.81,1,1,0,80819.85,0
16282,Female,Chennai,51.9,5,54306.64,3,0,1,73646.86,1
16283,Female,Hyderabad,44.1,0,96873.24,1,1,1,87083.85,0
16284,Female,Bangalore,20.1,6,62058.73,1,0,0,85238.03,0
16285,Male,Mumbai,22.6,6,43603.96,1,0,0,98210.25,0
16286,Female,Mumbai,49.2,8,33366.85,1,1,1,137573.7,0
16287,Female,Mumbai,35.6,0,27202.71,2,1,1,68985.39,0
16288,Male,Pune,40.1,7,28729.12,2,0,1,71161.68,0
16289,Male,Delhi,45.8,10,53591.64,2,0,1,140466.82,0
16290,Male,Delhi,38.6,7,61763.28,3,1,1,67842.54,0
16291,Male,Pune,36.9,6,57261.65,1,0,1,76372.43,0
16292,Male,Hyderabad,38.4,5,44122.48,2,1,1,87261.47,0
16293,Male,Mumbai,47.1,0,51378.56,1,1,0,67066.56,0
16294,Male,Bangalore,45.8,10,81767.93,1,0,1,91593.85,0
16295,Female,Mumbai,30.4,9,90690.04,2,1,1,43985.71,0
16296,Female,Mumbai,39.8,10,107467.66,2,1,1,21575.22,0
16297,Male,Mumbai,27.3,7,65994.97,1,0,0,36788.29,0
16298,Male,Chennai,46.2,4,97989.55,4,1,0,125658.86,1
16299,Female,Hyderabad,34.4,3,68685.59,2,0,1,155792.9,0
16300,Male,Hyderabad,48.6,4,100947.25,2,1,0,28227.52,0
16301,Female,Kolkata,37.1,4,79706.69,1,1,0,88145.37,0
16302,Male,Pune,53.7,9,66100.03,2,0,0,109981.49,0
16303,Female,Delhi,56.0,2,15243.86,2,1,0,52653.78,0
16304,Female,Kolkata,45.3,3,61279.73,2,1,0,105937.05,1
16305,Male,Hyderabad,35.6,3,44731.56,2,0,0,107203.34,0
16306,Male,Mumbai,28.8,7,55844.4,1,1,0,88131.23,0
16307,Male,Pune,51.5,4,96356.9,2,1,0,117133.28,0
16308,Male,Chennai,39.2,5,75619.32,1,1,0,82356.37,0
16309,Female,Bangalore,40.6,9,90107.33,2,1,0,123496.05,0
16310,Female,Mumbai,35.3,1,79301.43,1,1,1,94551.32,0
16311,Male,Hyderabad,23.4,8,40912.03,2,1,0,108480.36,0
16312,Female,Pune,52.9,7,113243.08,2,0,0,141900.3,0
16313,Female,Hyderabad,39.0,7,60694.42,2,1,0,72767.8,0
16314,Male,Delhi,18.0,9,90983.15,3,1,0,62500.73,0
16315,Male,Kolkata,38.3,4,105756.09,1,1,0,89567.1,0
16316,Female,Bangalore,23.7,4,30992.39,2,1,0,48972.99,0
16317,Female,Bangalore,47.1,2,62697.1,2,0,0,17232.05,0
16318,Female,Delhi,45.4,10,82449.18,2,0,1,85056.71,0
16319,Female,Delhi,58.1,1,57999.25,1,0,0,114594.27,1
16320,Male,Mumbai,22.3,8,133429.64,1,1,1,64752.68,0
16321,Female,Delhi,57.2,5,71680.16,1,1,0,26936.27,0
16322,Female,Bangalore,46.2,7,80486.06,2,1,1,65164.51,0
16323,Female,Mumbai,23.6,3,110882.14,1,1,1,53837.98,0
16324,Male,Delhi,61.9,4,30488.12,1,1,1,46782.04,0
16325,Male,Mumbai,38.5,9,53985.08,1,1,0,69606.05,0
16326,Male,Pune,25.7,4,41030.79,1,1,0,122961.14,0
16327,Male,Mumbai,52.5,10,75808.36,3,1,1,100519.39,0
16328,Male,Kolkata,26.9,9,105912.99,1,1,1,74784.24,0
16329,Male,Mumbai,53.9,3,38847.02,1,0,1,95897.12,0
16330,Male,Pune,37.7,10,29725.88,1,1,0,108773.01,0
16331,Male,Hyderabad,35.8,1,69485.42,2,0,1,98446.16,0
16332,Female,Chennai,24.4,5,98987.34,1,0,0,98217.93,0
16333,Female,Mumbai,27.5,3,45281.87,1,1,0,73351.1,0
16334,Female,Kolkata,41.9,10,39647.79,1,0,0,151012.27,0
16335,Male,Delhi,40.1,3,104569.89,2,1,0,79592.26,0
16336,Female,Delhi,48.3,9,60164.9,3,1,0,99036.96,0
16337,Male,Chennai,33.7,2,80876.76,3,1,1,62319.96,0
16338,Male,Mumbai,35.2,7,99528.78,4,1,1,109259.35,0
16339,Male,Hyderabad,47.0,5,77933.67,1,1,1,120992.98,1
16340,Male,Delhi,37.6,8,65864.9,2,1,1,101524.54,1
16341,Male,Bangalore,54.8,4,40780.11,1,0,0,118500.26,0
16342,Female,Mumbai,18.0,5,51710.22,2,0,1,120991.99,0
16343,Female,Mumbai,49.6,8,73748.33,2,0,1,117675.62,1
16344,Female,Delhi,40.3,3,96089.12,1,1,0,82200.74,0
16345,Male,Bangalore,32.1,9,53020.97,1,0,1,106245.13,0
16346,Male,Mumbai,51.4,6,50237.16,2,1,0,75237.32,0
16347,Male,Mumbai,47.0,9,77109.19,2,0,0,88437.48,0
16348,Female,Delhi,42.7,9,45912.7,1,1,0,69098.74,0
16349,Female,Delhi,37.0,10,76006.73,1,1,0,35760.54,0
16350,Female,Bangalore,31.5,10,43596.61,2,0,0,110454.15,0
16351,Male,Bangalore,27.1,5,71500.26,1,1,0,59403.93,0
16352,Female,Delhi,56.4,5,57003.35,2,1,0,106131.3,0
16353,Male,Delhi,49.9,5,67849.14,2,1,1,115724.19,0
16354,Female,Delhi,46.8,3,85150.84,2,1,1,78315.19,0
16355,Female,Delhi,34.9,9,62623.44,2,1,0,125875.66,0
16356,Male,Delhi,64.4,5,75106.88,2,1,1,71753.21,0
16357,Female,Mumbai,31.7,6,47700.01,2,1,1,71328.04,0
16358,Male,Hyderabad,35.5,1,51308.24,2,1,0,85056.71,1
16359,Male,Kolkata,61.8,10,37589.68,2,1,0,75582.13,0
16360,Female,Hyderabad,39.4,8,63438.41,1,0,1,74981.89,0
16361,Male,Delhi,60.9,6,72316.02,2,1,0,78285.94,0
16362,Male,Mumbai,44.5,2,74654.58,3,0,0,173896.42,0
16363,Male,Delhi,33.8,9,107422.03,3,1,1,53670.68,0
16364,Male,Pune,37.7,9,76899.0,2,0,0,129550.32,0
16365,Male,Mumbai,31.4,6,54188.23,2,1,1,81024.47,0
16366,Female,Pune,48.3,9,123166.29,2,1,0,73139.26,0
16367,Male,Delhi,54.7,9,45344.31,1,1,1,107475.48,1
16368,Male,Mumbai,45.6,4,70003.12,1,0,1,104580.37,0
16369,Female,Bangalore,43.4,8,92778.96,1,1,1,60000.32,1
16370,Female,Kolkata,27.5,5,78945.7,3,1,1,140602.01,0
16371,Female,Hyderabad,53.1,10,12803.85,1,1,0,48847.02,0
16372,Male,Bangalore,50.1,6,81939.03,1,1,0,85056.71,1
16373,Female,Mumbai,43.3,3,51272.4,1,1,1,55691.75,1
16374,Female,Chennai,36.4,1,45965.69,1,1,1,56262.19,0
16375,Male,Delhi,40.5,10,23010.55,2,1,1,121033.19,0
16376,Male,Bangalore,29.1,3,68869.98,1,1,1,78406.98,0
16377,Female,Kolkata,22.3,8,53684.39,1,0,0,109673.57,0
16378,Female,Bangalore,36.4,2,73540.52,2,0,1,59373.64,0
16379,Male,Kolkata,29.7,6,43053.69,2,1,0,25610.92,0
16380,Female,Chennai,33.9,3,150000.0,1,0,0,103968.22,0
16381,Female,Bangalore,34.1,2,54809.77,3,1,1,101707.64,0
16382,Female,Pune,39.1,4,94019.97,1,1,1,68497.53,0
16383,Male,Delhi,38.3,1,93530.05,2,0,1,99993.08,0
16384,Male,Chennai,18.0,10,89357.58,1,1,0,71635.44,0
16385,Male,Mumbai,44.2,9,43560.06,1,1,0,138035.56,0
16386,Female,Pune,41.6,3,112997.71,1,1,1,125487.73,0
16387,Female,Kolkata,51.5,6,72015.19,1,1,1,67191.18,0
16388,Female,Bangalore,37.4,1,74948.87,1,1,0,82599.64,0
16389,Male,Kolkata,53.0,9,63017.35,1,0,1,146328.76,0
16390,Female,Kolkata,38.2,5,65167.48,2,1,1,100700.9,0
16391,Male,Chennai,44.1,4,66226.19,1,0,1,94658.46,0
16392,Male,Pune,29.0,2,26567.19,2,1,1,106800.08,0
16393,Female,Bangalore,53.6,4,71443.64,2,1,1,136548.7,0
16394,Female,Mumbai,55.6,9,84985.5,1,1,1,64286.1,0
16395,Female,Hyderabad,62.6,6,50700.26,2,1,1,119256.22,0
16396,Male,Hyderabad,33.5,2,62401.95,1,0,1,85771.33,0
16397,Female,Chennai,46.4,7,22448.11,2,1,1,119078.98,0
16398,Male,Mumbai,22.7,6,92735.46,3,1,0,67206.88,0
16399,Male,Delhi,18.0,3,103979.14,2,0,0,120775.09,1
16400,Female,Mumbai,46.8,4,70467.99,2,1,1,49128.87,0
16401,Female,Bangalore,38.6,9,73822.11,1,1,1,29541.71,0
16402,Female,Hyderabad,24.6,10,72356.0,1,0,1,103663.02,0
16403,Male,Mumbai,42.1,3,83716.9,1,0,1,117693.87,0
16404,Female,Delhi,51.2,1,71277.76,1,1,1,91836.1,0
16405,Male,Pune,40.8,8,90584.87,2,0,1,151485.55,0
16406,Female,Bangalore,54.7,0,82178.41,1,1,1,74622.58,0
16407,Male,Kolkata,32.1,7,84244.27,1,1,1,130413.55,0
16408,Male,Mumbai,53.0,3,74598.86,2,0,0,52000.61,1
16409,Female,Bangalore,35.4,8,82926.02,1,1,1,91772.98,0
16410,Male,Mumbai,54.8,2,45886.0,2,1,1,122275.81,0
16411,Male,Kolkata,24.7,6,17172.46,1,1,1,133862.22,0
16412,Male,Mumbai,42.8,2,62994.28,1,1,0,63122.83,0
16413,Female,Delhi,42.7,9,111492.81,1,0,1,38039.87,0
16414,Male,Hyderabad,45.7,6,81573.66,1,1,1,87422.37,0
16415,Male,Delhi,35.8,1,83415.57,1,0,0,113883.58,0
16416,Male,Mumbai,45.2,2,39813.18,1,1,0,37057.51,0
16417,Male,Kolkata,37.6,7,76208.43,4,0,0,113217.61,0
16418,Female,Hyderabad,33.7,6,37651.72,2,1,0,167786.12,0
16419,Female,Chennai,57.0,10,64595.36,2,0,0,27998.82,0
16420,Female,Mumbai,40.9,2,58445.55,1,0,0,15000.0,0
16421,Female,Delhi,21.8,7,76627.68,1,0,1,25673.5,0
16422,Male,Mumbai,31.9,8,65819.84,1,1,0,137847.94,0
16423,Male,Bangalore,57.4,1,87348.04,2,1,0,66293.11,0
16424,Male,Pune,29.1,1,90738.34,2,1,0,59465.64,0
16425,Male,Delhi,46.5,6,95714.79,1,1,0,62453.93,0
16426,Male,Delhi,31.7,10,140538.82,2,1,0,102189.97,0
16427,Male,Delhi,22.7,7,46079.66,1,0,0,125513.65,0
16428,Female,Mumbai,45.8,4,54832.75,1,1,0,125741.56,0
16429,Male,Chennai,36.1,1,55474.36,4,1,0,119574.85,1
16430,Female,Chennai,59.1,9,16553.12,1,1,1,78601.45,0
16431,Female,Delhi,53.5,4,72070.18,2,0,1,82731.46,0
16432,Male,Mumbai,55.2,2,62584.71,2,0,0,48342.38,0
16433,Female,Hyderabad,52.8,8,93848.85,1,1,0,134871.15,0
16434,Female,Bangalore,48.3,1,87845.31,4,0,0,104587.38,1
16435,Female,Chennai,23.6,8,76169.32,1,1,1,88919.8,0
16436,Female,Mumbai,37.2,1,71778.7,1,1,1,44903.94,0
16437,Female,Pune,48.1,0,51011.93,1,1,1,15000.0,0
16438,Male,Mumbai,36.5,9,69927.1,1,1,0,42201.32,0
16439,Male,Mumbai,39.6,5,74553.54,1,0,0,103300.35,0
16440,Female,Mumbai,48.7,10,64337.15,2,1,0,61136.01,0
16441,Male,Kolkata,52.7,5,64514.13,1,0,1,137617.73,0
16442,Male,Delhi,28.9,3,68544.7,1,0,1,41557.16,0
16443,Female,Hyderabad,48.0,1,70271.03,1,1,0,84520.33,1
16444,Male,Delhi,46.8,9,87521.39,1,1,0,95522.31,1
16445,Female,Mumbai,28.1,10,0.0,2,1,1,15000.0,0
16446,Female,Delhi,35.1,2,72004.03,2,0,0,119167.76,0
16447,Male,Kolkata,41.8,5,71557.17,2,1,1,74133.8,0
16448,Female,Delhi,56.7,3,86227.88,1,0,0,15000.0,0
16449,Male,Bangalore,35.0,4,62457.24,2,1,1,72457.64,0
16450,Female,Pune,45.0,10,12615.86,1,0,1,122487.32,0
16451,Female,Pune,54.0,8,19574.78,1,0,0,85056.71,0
16452,Female,Hyderabad,62.3,4,12995.4,2,1,1,29683.91,0
16453,Male,Bangalore,42.7,9,90364.4,2,1,1,29030.59,0
16454,Male,Delhi,18.0,10,29060.6,1,0,1,70819.54,0
16455,Female,Delhi,51.1,7,97995.02,2,0,0,112611.73,0
16456,Male,Mumbai,42.5,1,55721.74,3,0,0,96734.81,0
16457,Female,Delhi,29.9,5,59654.13,1,1,1,15000.0,0
16458,Male,Bangalore,48.5,10,108584.5,1,1,0,61545.97,0
16459,Male,Pune,62.4,10,72046.25,1,1,0,108085.18,0
16460,Male,Mumbai,42.5,5,30875.2,1,1,1,46117.55,0
16461,Male,Mumbai,20.5,4,68028.72,2,1,0,69346.01,0
16462,Female,Bangalore,57.3,5,88995.76,3,0,1,29609.15,1
16463,Male,Delhi,40.3,4,51674.45,1,1,1,80654.75,0
16464,Male,Delhi,48.6,1,110576.74,1,0,1,93018.32,0
16465,Female,Pune,40.7,4,33781.11,3,0,0,145435.4,1
16466,Male,Delhi,45.5,0,12298.18,2,1,0,87725.95,0
16467,Female,Delhi,48.0,2,108575.66,2,0,1,94902.34,0
16468,Male,Pune,49.7,6,43756.77,2,1,0,90796.97,0
16469,Female,Hyderabad,41.8,3,40642.4,1,1,0,68180.08,0
16470,Female,Delhi,30.9,7,52456.34,1,1,1,88344.38,0
16471,Female,Mumbai,42.3,2,40668.18,1,1,0,145997.1,0
16472,Female,Kolkata,49.5,6,87481.63,2,1,1,71671.24,0
16473,Female,Bangalore,31.0,1,53378.45,3,0,0,43547.85,1
16474,Male,Delhi,26.7,7,35260.72,1,0,0,103099.82,0
16475,Female,Delhi,56.0,2,58155.11,1,0,0,42611.9,0
16476,Female,Mumbai,60.3,5,42333.9,4,0,1,116003.7,1
16477,Female,Pune,40.5,1,64009.37,1,1,1,39279.49,0
16478,Male,Delhi,47.2,6,41140.46,1,1,1,145391.89,0
16479,Female,Bangalore,44.5,3,60131.97,1,1,1,94212.15,0
16480,Male,Delhi,18.0,5,60739.45,2,1,1,66853.94,0
16481,Female,Mumbai,42.5,1,111624.76,2,0,0,104191.15,0
16482,Female,Pune,57.6,2,94450.01,2,1,0,102067.26,0
16483,Female,Bangalore,40.1,2,69318.01,2,1,0,100519.42,0
16484,Male,Pune,24.8,3,57363.58,2,1,1,84673.49,0
16485,Male,Bangalore,31.2,0,57040.18,2,1,1,75382.14,0
16486,Female,Delhi,34.3,5,68208.93,1,1,0,133150.31,0
16487,Male,Kolkata,48.0,10,44013.4,2,1,0,75874.77,1
16488,Male,Chennai,40.1,5,55606.93,2,0,1,70119.0,0
16489,Male,Mumbai,55.6,3,58747.46,1,1,1,99838.31,0
16490,Female,Kolkata,47.8,7,64479.43,2,1,0,95636.15,0
16491,Female,Chennai,20.9,4,68963.43,2,1,1,46669.38,0
16492,Male,Delhi,40.1,9,83178.8,1,1,0,140551.82,0
16493,Male,Delhi,48.8,3,88068.41,1,1,0,38304.2,1
16494,Male,Delhi,21.0,6,78574.72,1,1,1,37376.87,0
16495,Male,Chennai,46.7,9,108607.66,1,1,1,147337.22,0
16496,Male,Mumbai,43.3,9,81441.88,1,1,0,82644.9,0
16497,Male,Delhi,34.4,7,63619.0,2,0,0,92850.96,0
16498,Male,Chennai,18.0,1,62938.55,1,1,1,64950.05,0
16499,Male,Delhi,42.4,0,87764.2,1,1,0,74661.12,0
16500,Female,Bangalore,46.1,5,58864.05,1,1,1,123588.94,0
16501,Male,Mumbai,33.3,1,75170.55,2,1,1,106106.51,0
16502,Male,Mumbai,26.9,10,77641.26,1,1,1,103570.92,0
16503,Male,Mumbai,43.5,7,3224.95,2,1,1,43332.91,0
16504,Male,Hyderabad,40.1,4,27681.04,2,1,0,78124.04,0
16505,Male,Chennai,47.4,1,86822.13,2,1,1,109179.48,0
16506,Female,Mumbai,52.7,10,76151.67,2,1,1,16804.28,0
16507,Female,Bangalore,18.0,4,0.0,2,0,0,53942.8,0
16508,Female,Delhi,33.7,1,0.0,2,1,1,111895.89,0
16509,Female,Chennai,39.4,5,101313.7,2,1,0,46330.06,0
16510,Female,Delhi,39.8,7,81221.99,2,0,1,85056.71,0
16511,Male,Delhi,29.5,1,99480.86,2,1,1,121362.21,0
16512,Female,Hyderabad,24.0,5,40828.45,1,1,1,102207.18,0
16513,Female,Mumbai,34.5,5,49682.88,1,0,1,111147.13,0
16514,Female,Delhi,47.7,0,110498.68,1,1,1,101416.74,0
16515,Female,Kolkata,46.8,8,75306.82,1,0,1,102012.48,0
16516,Male,Pune,47.0,7,67106.89,2,1,0,87730.29,0
16517,Female,Delhi,55.0,3,60998.85,1,1,0,40255.64,0
16518,Female,Delhi,27.4,6,21800.39,3,1,1,71507.0,0
16519,Female,Chennai,35.5,3,93261.97,1,0,0,76659.76,1
16520,Male,Delhi,37.8,7,15586.41,1,1,1,30972.87,0
16521,Male,Kolkata,18.0,9,81415.37,2,1,0,65503.43,0
16522,Male,Mumbai,42.7,1,67079.68,1,1,0,72092.03,0
16523,Female,Chennai,39.6,1,72403.37,1,0,0,135044.28,1
16524,Male,Bangalore,26.4,2,50259.74,2,0,1,21398.03,0
16525,Male,Delhi,50.5,3,101493.33,2,1,1,88221.01,0
16526,Female,Mumbai,49.7,10,50539.89,2,0,0,97505.25,0
16527,Male,Mumbai,44.8,5,64426.88,1,1,0,110083.59,1
16528,Female,Chennai,19.5,4,65337.01,1,0,1,122710.55,0
16529,Male,Mumbai,28.3,9,56708.73,2,1,0,42943.58,0
16530,Female,Delhi,43.6,9,75164.8,2,0,0,69399.89,0
16531,Female,Bangalore,33.6,6,83044.53,1,1,1,107621.55,0
16532,Female,Bangalore,37.2,5,62250.09,1,1,1,71918.44,0
16533,Female,Mumbai,26.8,3,80709.32,2,1,0,90504.53,0
16534,Male,Bangalore,42.3,10,81055.2,2,1,0,125337.79,0
16535,Male,Chennai,58.1,9,74937.07,4,1,0,117990.47,1
16536,Male,Mumbai,43.9,8,102685.98,2,1,0,103478.34,0
16537,Female,Chennai,51.7,6,105444.52,4,1,1,127573.51,1
16538,Female,Bangalore,50.5,0,55043.46,1,1,1,57770.64,0
16539,Male,Hyderabad,35.7,7,57499.76,2,1,0,76934.4,0
16540,Female,Pune,37.8,3,82325.12,1,1,0,87223.27,0
16541,Male,Mumbai,57.6,6,63395.17,1,1,1,53270.92,0
16542,Female,Delhi,48.8,10,72763.83,3,1,0,129899.58,0
16543,Male,Mumbai,51.5,1,35700.96,4,1,0,105774.36,0
16544,Male,Chennai,42.0,2,58190.06,2,0,1,100406.96,0
16545,Female,Pune,35.3,0,67072.88,1,1,0,36861.61,0
16546,Male,Pune,36.8,1,42149.98,3,1,1,45143.31,0
16547,Female,Hyderabad,56.5,10,23688.48,2,1,1,47097.08,0
16548,Female,Kolkata,40.0,4,96898.59,1,0,1,15000.0,0
16549,Male,Kolkata,55.0,1,26426.84,1,1,1,89330.55,0
16550,Male,Chennai,56.9,5,104042.01,1,0,0,15000.0,0
16551,Male,Pune,51.0,5,93246.39,2,1,1,76790.33,0
16552,Female,Hyderabad,49.6,5,72719.5,2,1,0,134109.36,0
16553,Female,Mumbai,60.4,10,76283.92,1,1,0,91666.01,0
16554,Male,Mumbai,29.9,2,83673.01,1,1,0,61160.2,0
16555,Female,Delhi,35.1,10,54588.52,2,1,0,78869.62,0
16556,Female,Hyderabad,24.9,2,55706.84,2,1,1,117245.0,0
16557,Male,Mumbai,22.0,9,60164.59,2,0,1,94110.57,0
16558,Male,Bangalore,39.5,6,73633.65,2,1,0,52270.79,0
16559,Female,Chennai,43.2,3,48297.54,2,1,0,87191.66,0
16560,Male,Hyderabad,46.1,5,52309.78,1,1,1,82928.1,0
16561,Male,Pune,31.6,7,115061.64,1,1,1,40322.86,0
16562,Male,Delhi,35.0,2,72765.05,1,1,0,121081.63,1
16563,Male,Delhi,50.2,8,35941.68,2,1,1,15000.0,0
16564,Female,Hyderabad,22.5,8,86422.95,2,1,0,86545.57,0
16565,Male,Mumbai,40.2,2,57933.58,1,0,1,77752.67,0
16566,Male,Mumbai,55.7,5,49912.75,1,1,0,59776.29,0
16567,Female,Hyderabad,36.8,4,126039.56,1,1,0,53689.83,1
16568,Female,Delhi,34.9,3,66864.62,1,1,1,167327.11,0
16569,Male,Bangalore,54.9,7,44934.62,3,1,1,61705.2,1
16570,Male,Mumbai,23.0,9,50472.27,3,0,1,85056.71,0
16571,Female,Hyderabad,30.4,8,68713.65,1,0,1,93448.53,0
16572,Male,Delhi,30.8,8,68544.0,2,1,0,68168.19,0
16573,Male,Delhi,48.3,4,76672.84,1,0,1,57666.48,0
16574,Female,Mumbai,20.8,4,22271.46,2,1,0,58228.9,0
16575,Male,Chennai,54.8,10,37104.49,2,1,1,72519.73,0
16576,Female,Mumbai,39.7,2,60311.68,1,1,0,121534.08,0
16577,Female,Bangalore,52.5,8,51688.68,2,0,1,86920.92,0
16578,Male,Delhi,54.9,0,38071.08,2,1,0,139978.42,0
16579,Male,Delhi,30.6,2,74241.5,1,0,0,126048.19,0
16580,Female,Bangalore,40.2,6,76412.42,1,1,0,123863.73,1
16581,Female,Mumbai,37.3,6,108006.24,2,1,1,95084.52,0
16582,Male,Kolkata,39.2,4,82616.12,2,1,1,91955.41,0
16583,Female,Chennai,33.2,5,77018.66,2,0,1,108785.77,0
16584,Male,Mumbai,53.4,3,60659.82,1,1,1,118293.95,0
16585,Female,Mumbai,37.8,7,132865.08,1,0,0,41190.05,0
16586,Male,Pune,36.0,3,56631.01,2,0,1,103372.22,0
16587,Male,Pune,53.5,9,56422.06,1,1,0,71415.29,0
16588,Male,Delhi,50.0,5,89215.69,1,0,1,78062.33,1
16589,Male,Hyderabad,43.5,4,24962.77,2,1,0,95517.61,0
16590,Female,Mumbai,35.3,9,63012.49,1,0,0,27023.14,0
16591,Male,Pune,57.6,5,67549.64,2,1,1,140630.95,0
16592,Male,Delhi,27.3,2,54902.41,2,1,1,72312.95,0
16593,Male,Kolkata,52.9,2,91228.49,2,1,0,64729.73,1
16594,Female,Delhi,47.5,9,77328.07,1,1,0,104267.37,0
16595,Female,Chennai,24.8,6,72394.14,1,0,0,99134.52,0
16596,Male,Mumbai,40.9,0,66679.05,1,0,0,43927.02,0
16597,Male,Mumbai,24.2,0,56043.28,1,0,0,139706.77,0
16598,Male,Pune,35.8,0,13075.47,2,1,1,45069.34,0
16599,Female,Delhi,43.4,5,78558.92,1,0,1,78264.79,0
16600,Female,Pune,27.8,3,88976.67,2,1,0,26567.2,0
16601,Female,Mumbai,18.0,5,64825.85,4,0,1,161004.68,0
16602,Female,Bangalore,38.5,0,27622.61,1,0,1,104575.2,0
16603,Male,Mumbai,40.1,3,52635.28,2,0,1,70638.45,0
16604,Female,Delhi,35.5,3,53099.32,1,1,0,81942.21,0
16605,Female,Delhi,39.8,1,53525.15,2,0,1,45844.0,0
16606,Male,Pune,37.8,0,77514.81,1,0,1,116339.44,0
16607,Male,Pune,27.8,7,32271.07,3,1,1,30258.31,0
16608,Female,Hyderabad,63.4,5,60159.92,2,1,0,108164.19,0
16609,Female,Kolkata,43.8,3,61015.38,2,1,0,85056.71,0
16610,Male,Chennai,34.9,1,102798.94,1,1,1,133649.33,0
16611,Female,Pune,30.1,4,74906.39,2,1,1,61254.11,0
16612,Female,Delhi,35.2,8,53994.29,2,0,0,88092.9,0
16613,Male,Chennai,35.6,6,99731.37,2,1,1,142292.89,0
16614,Male,Kolkata,40.5,3,34840.12,2,1,0,99995.68,1
16615,Male,Hyderabad,53.8,4,48206.66,1,1,1,105083.64,0
16616,Female,Pune,30.3,7,19538.75,1,1,0,83657.45,0
16617,Male,Chennai,42.1,10,104549.14,1,1,0,70378.48,0
16618,Male,Chennai,40.1,4,70354.17,1,1,0,95584.65,1
16619,Female,Chennai,31.9,5,59733.11,1,0,1,88481.11,0
16620,Female,Mumbai,31.8,9,95980.82,2,1,1,105705.35,0
16621,Male,Kolkata,21.9,5,50503.37,1,1,1,134912.76,0
16622,Male,Delhi,60.2,7,53826.3,1,1,0,76538.74,0
16623,Female,Hyderabad,46.1,10,92333.41,1,0,1,66896.64,0
16624,Female,Kolkata,33.2,4,50576.07,2,1,1,85056.71,0
16625,Female,Bangalore,32.6,0,52848.45,1,1,0,93678.27,0
16626,Male,Mumbai,27.6,3,66674.69,1,1,0,116164.93,0
16627,Female,Hyderabad,41.9,2,73516.8,2,1,1,72775.71,0
16628,Female,Bangalore,35.9,1,83411.33,4,1,1,99413.88,0
16629,Female,Chennai,29.0,6,59676.49,1,1,1,67196.97,0
16630,Female,Kolkata,30.7,6,23120.41,1,1,0,101816.25,0
16631,Male,Delhi,48.7,7,73844.47,1,1,1,61508.36,0
16632,Male,Hyderabad,35.4,9,70089.79,2,1,1,101539.56,0
16633,Female,Mumbai,25.3,4,69408.25,1,1,1,73771.02,0
16634,Female,Bangalore,40.8,0,46105.58,2,1,1,15000.0,0
16635,Female,Mumbai,31.8,5,18064.14,1,1,1,92076.84,0
16636,Male,Mumbai,47.8,5,64205.75,1,0,0,97790.86,1
16637,Female,Mumbai,58.1,10,41309.62,1,1,0,70082.38,0
16638,Female,Delhi,18.0,7,78925.43,2,1,0,24202.24,0
16639,Male,Delhi,31.5,9,83712.73,1,1,0,102923.4,0
16640,Male,Hyderabad,41.7,1,26499.77,1,1,0,78889.38,1
16641,Female,Mumbai,39.1,10,47463.33,1,1,0,79922.93,0
16642,Female,Delhi,55.0,8,107617.31,2,1,0,89483.01,1
16643,Female,Chennai,39.8,10,53886.68,1,1,1,117977.08,0
16644,Female,Delhi,42.5,5,69928.94,1,0,1,49447.03,0
16645,Male,Bangalore,45.2,0,86970.71,1,1,1,50365.86,1
16646,Male,Kolkata,31.8,8,70572.1,1,1,0,111957.86,0
16647,Female,Mumbai,46.2,7,92238.55,2,1,0,135203.82,0
16648,Female,Delhi,44.9,9,88398.35,1,1,0,120778.44,0
16649,Female,Bangalore,41.2,0,98264.89,2,0,1,78548.91,0
16650,Female,Mumbai,18.0,7,69338.92,1,0,0,61807.9,0
16651,Male,Bangalore,30.9,6,54937.2,2,1,0,128226.58,0
16652,Female,Delhi,42.2,4,32086.95,1,0,1,130813.9,0
16653,Male,Mumbai,38.9,5,75498.48,1,1,1,70756.37,0
16654,Male,Chennai,49.0,3,96142.75,2,1,0,117071.61,1
16655,Male,Chennai,49.1,8,46486.37,2,1,1,123865.36,0
16656,Male,Pune,44.1,8,49266.77,1,1,1,42747.16,0
16657,Male,Delhi,49.1,9,56010.39,2,1,1,44126.75,0
16658,Male,Hyderabad,46.0,0,42440.74,2,1,0,83638.85,0
16659,Male,Kolkata,33.7,8,68733.23,1,0,1,30061.52,0
16660,Male,Pune,39.9,2,52400.68,1,1,1,66122.33,0
16661,Female,Pune,26.8,1,35234.08,2,1,0,85423.19,0
16662,Male,Pune,57.9,3,44274.33,1,1,1,76299.83,0
16663,Male,Delhi,24.9,3,101039.44,2,1,1,22124.35,0
16664,Female,Chennai,18.0,8,67818.9,1,0,0,105755.67,0
16665,Female,Delhi,65.4,3,101242.41,2,1,1,68845.62,1
16666,Female,Mumbai,38.9,4,51473.98,2,1,0,22301.61,0
16667,Male,Chennai,50.7,5,28796.3,2,1,1,97590.01,0
16668,Female,Mumbai,48.8,3,58168.61,4,1,1,88163.0,0
16669,Male,Bangalore,52.5,0,106106.8,2,1,1,111270.88,0
16670,Male,Mumbai,47.1,1,6891.06,1,1,1,83652.8,0
16671,Male,Hyderabad,47.2,2,21433.45,1,0,1,87511.26,0
16672,Female,Mumbai,18.0,3,57582.92,1,1,0,85056.71,0
16673,Male,Chennai,28.4,4,91407.38,2,1,0,61078.97,0
16674,Male,Mumbai,18.0,9,38959.84,1,1,1,88297.98,0
16675,Male,Delhi,30.2,9,69282.73,2,0,0,113393.24,0
16676,Female,Mumbai,33.6,2,63547.27,1,1,0,126597.34,1
16677,Female,Kolkata,38.6,10,94875.33,1,0,1,148888.13,0
16678,Male,Hyderabad,28.6,0,122860.79,1,1,0,108295.99,1
16679,Female,Bangalore,35.8,10,45320.0,2,1,0,47425.92,0
16680,Female,Delhi,33.8,10,56094.46,2,1,0,109390.43,0
16681,Female,Kolkata,44.1,7,63319.61,1,1,0,78684.76,0
16682,Male,Kolkata,49.1,7,44528.47,1,1,0,136792.33,0
16683,Female,Kolkata,42.6,3,109293.21,1,1,0,50117.72,0
16684,Male,Delhi,47.6,6,37109.9,2,1,1,131111.04,0
16685,Female,Delhi,42.3,3,96414.84,1,0,1,140741.93,1
16686,Male,Delhi,54.2,2,54297.84,2,1,1,103353.6,0
16687,Male,Delhi,62.4,6,63458.78,1,0,0,140116.5,0
16688,Male,Mumbai,18.0,5,68042.3,2,1,0,131200.72,0
16689,Female,Delhi,53.6,0,52963.16,2,1,0,85891.69,0
16690,Male,Chennai,24.5,8,84468.48,1,1,1,37398.49,0
16691,Female,Delhi,42.2,1,75701.32,1,1,0,56806.23,0
16692,Male,Delhi,43.1,2,103290.43,1,0,0,35978.79,1
16693,Female,Chennai,47.3,4,80955.57,1,0,1,113442.04,0
16694,Female,Mumbai,39.4,2,35036.09,3,0,0,61144.35,1
16695,Female,Delhi,39.9,2,61185.75,1,0,1,70474.84,0
16696,Female,Hyderabad,44.1,7,104529.36,1,0,1,102526.98,1
16697,Female,Mumbai,35.8,3,50761.65,1,1,1,100301.5,0
16698,Male,Mumbai,18.0,9,102145.12,1,1,0,67884.95,0
16699,Female,Delhi,40.0,1,83045.93,1,0,0,102399.22,1
16700,Male,Chennai,31.0,4,85088.56,1,1,0,144838.06,0
16701,Female,Hyderabad,30.0,1,11544.25,1,1,0,121857.63,0
16702,Female,Chennai,28.8,9,75516.33,1,1,0,80875.71,0
16703,Male,Kolkata,18.0,10,116975.71,1,1,1,115961.1,0
16704,Male,Chennai,35.2,7,43228.26,2,1,0,38695.8,0
16705,Male,Chennai,40.0,2,104774.71,2,0,1,76999.33,0
16706,Female,Mumbai,49.2,1,69615.54,1,0,1,78561.86,0
16707,Female,Pune,32.9,2,44887.56,1,0,1,101855.99,0
16708,Female,Bangalore,58.9,2,57865.71,2,1,1,27966.05,0
16709,Female,Pune,47.0,0,22303.47,1,1,1,108192.65,0
16710,Female,Hyderabad,26.5,2,65991.33,1,1,1,18288.32,0
16711,Male,Hyderabad,34.1,2,75301.25,1,1,1,184901.62,0
16712,Male,Delhi,64.3,3,124121.32,1,1,0,30143.89,0
16713,Female,Chennai,49.1,7,74654.07,1,1,1,74479.94,0
16714,Female,Mumbai,33.7,8,100772.42,2,0,0,156440.18,0
16715,Female,Pune,50.7,0,40026.86,1,1,1,116736.66,0
16716,Male,Delhi,40.1,0,60451.33,1,1,0,143057.59,0
16717,Male,Kolkata,33.4,5,72956.76,2,1,1,92422.73,0
16718,Male,Bangalore,18.0,0,43465.1,1,0,0,141365.15,0
16719,Male,Chennai,47.2,4,59561.74,1,1,0,121745.14,0
16720,Male,Delhi,26.0,0,89299.71,1,1,0,116511.81,1
16721,Female,Pune,39.0,7,125805.98,2,1,1,67698.87,0
16722,Male,Kolkata,21.4,4,85525.36,1,1,0,94636.38,1
16723,Female,Mumbai,42.4,5,47309.41,1,0,1,74738.15,0
16724,Male,Bangalore,39.1,3,64088.14,1,1,1,96974.93,0
16725,Female,Hyderabad,22.3,7,38797.64,2,1,0,25144.9,0
16726,Male,Mumbai,34.3,8,71436.14,1,0,1,112663.83,0
16727,Male,Chennai,41.6,8,102202.47,2,1,0,118272.68,0
16728,Male,Bangalore,45.3,0,72538.92,1,1,0,91494.5,1
16729,Male,Mumbai,59.0,6,64761.81,1,0,1,92409.67,0
16730,Female,Mumbai,54.6,3,63305.68,1,1,0,95119.71,0
16731,Male,Mumbai,31.7,9,69839.54,2,0,1,86166.5,0
16732,Male,Delhi,31.5,10,106667.37,2,0,0,132597.13,0
16733,Female,Mumbai,22.8,7,84257.81,2,1,1,81577.7,1
16734,Male,Kolkata,27.9,6,39199.13,2,1,0,123284.35,0
16735,Male,Chennai,50.3,0,50172.11,1,1,1,91513.1,0
16736,Female,Mumbai,20.9,0,95575.04,3,1,0,80226.41,0
16737,Male,Mumbai,38.1,0,75195.04,1,1,0,165275.19,0
16738,Male,Delhi,36.4,1,19240.31,1,1,0,52782.57,0
16739,Male,Bangalore,30.9,9,91389.52,1,1,1,60302.68,0
16740,Female,Bangalore,24.4,1,54428.31,3,1,0,92478.86,1
16741,Male,Kolkata,18.0,8,47414.47,1,1,0,38815.21,0
16742,Male,Bangalore,24.5,4,91086.81,2,1,0,37242.29,0
16743,Female,Pune,39.0,0,89534.38,1,1,0,118746.23,0
16744,Female,Delhi,40.1,6,62290.02,2,0,1,126266.55,0
16745,Male,Pune,59.3,9,75937.83,1,1,1,62049.91,0
16746,Female,Pune,44.0,1,49829.07,2,1,1,43748.69,1
16747,Female,Delhi,40.1,2,46488.91,1,0,1,91611.9,0
16748,Male,Pune,59.3,3,56088.16,1,1,0,78918.95,1
16749,Female,Pune,44.1,2,56273.28,1,0,1,41283.48,0
16750,Male,Pune,51.8,2,50058.88,1,1,0,115215.53,1
16751,Male,Kolkata,35.4,8,87023.61,1,0,0,74587.17,0
16752,Female,Hyderabad,48.7,3,67596.01,1,1,0,103172.75,0
16753,Male,Kolkata,42.5,7,40981.31,1,1,1,76349.17,0
16754,Male,Mumbai,37.1,0,49267.81,1,0,1,82902.59,0
16755,Male,Mumbai,58.6,5,34486.54,3,1,0,28649.98,0
16756,Male,Bangalore,25.6,0,63103.19,2,1,1,153219.41,0
16757,Female,Delhi,29.7,4,101179.53,1,1,0,94115.68,0
16758,Female,Pune,40.1,6,72397.57,1,1,1,87881.13,0
16759,Female,Delhi,51.7,0,67572.58,3,1,1,95892.84,1
16760,Male,Delhi,40.2,8,28056.72,1,1,0,21642.45,0
16761,Male,Chennai,44.1,10,99218.74,1,1,1,90032.05,0
16762,Male,Delhi,46.2,8,66152.31,2,1,1,34858.31,0
16763,Male,Mumbai,44.4,5,67591.35,1,1,1,85056.71,0
16764,Male,Delhi,42.9,1,36291.13,2,1,0,69468.01,0
16765,Female,Delhi,29.9,1,61984.14,2,1,0,101823.46,0
16766,Female,Kolkata,54.9,8,42121.52,2,0,0,78826.74,0
16767,Female,Kolkata,37.6,3,48059.6,2,1,0,43520.42,0
16768,Male,Hyderabad,28.1,5,22445.67,1,1,1,136537.72,0
16769,Female,Mumbai,41.6,9,16390.74,2,1,1,44172.57,0
16770,Male,Delhi,44.1,1,118968.72,2,1,0,103840.72,0
16771,Male,Pune,44.7,3,70001.69,1,1,1,108326.78,0
16772,Female,Delhi,51.7,1,93630.23,2,1,1,92630.39,0
16773,Female,Chennai,35.4,2,57804.69,2,0,1,89620.76,0
16774,Male,Pune,39.2,1,60568.83,1,1,1,108346.67,0
16775,Male,Hyderabad,29.9,7,38544.01,1,1,1,75378.4,0
16776,Male,Kolkata,42.8,4,80230.19,2,1,1,117410.21,0
16777,Female,Delhi,29.7,4,83664.56,1,1,1,73430.95,0
16778,Male,Pune,32.9,7,78091.26,2,0,0,111899.91,0
16779,Female,Kolkata,51.8,10,65064.34,3,1,1,101824.73,1
16780,Male,Chennai,41.6,7,72462.93,1,1,0,93158.64,0
16781,Male,Pune,57.1,6,54172.8,2,1,0,26492.27,0
16782,Female,Pune,54.1,4,90967.66,2,1,1,101873.89,0
16783,Female,Pune,42.6,6,30904.1,1,1,1,61719.47,1
16784,Male,Mumbai,44.2,0,45076.51,1,1,1,96899.66,1
16785,Female,Pune,37.1,2,59418.73,1,1,1,111319.37,0
16786,Female,Mumbai,52.5,2,33455.13,2,1,0,74745.19,0
16787,Female,Kolkata,44.4,1,26646.35,2,1,0,31057.42,0
16788,Female,Hyderabad,50.9,5,59502.1,1,1,0,100806.91,0
16789,Female,Mumbai,32.2,2,54094.4,2,0,1,67705.78,0
16790,Female,Mumbai,23.7,3,61007.04,1,1,0,133534.75,0
16791,Female,Pune,46.0,2,65325.56,2,1,0,34970.11,1
16792,Male,Hyderabad,48.4,6,80146.46,2,0,0,98847.25,0
16793,Male,Pune,40.9,3,67486.17,2,0,1,79744.27,1
16794,Male,Kolkata,46.9,4,108579.88,2,1,0,81063.96,0
16795,Male,Pune,29.8,6,69878.51,1,1,0,117528.43,0
16796,Male,Bangalore,51.3,3,103666.55,1,1,0,94580.68,1
16797,Male,Mumbai,54.1,5,91251.15,1,0,1,86764.49,0
16798,Male,Kolkata,52.2,8,93629.61,1,1,1,71275.47,0
16799,Male,Delhi,41.5,5,26227.26,2,1,0,85525.48,0
16800,Female,Hyderabad,54.2,4,69830.24,2,1,1,23150.14,0
16801,Male,Bangalore,26.3,0,74445.76,2,1,1,75515.64,0
16802,Male,Mumbai,46.9,7,57728.35,2,0,0,68028.29,0
16803,Male,Bangalore,48.6,4,68965.78,1,1,1,85450.47,0
16804,Male,Mumbai,46.0,4,39607.86,2,1,1,87604.26,0
16805,Male,Kolkata,28.7,2,100920.04,2,0,0,82625.09,1
16806,Female,Hyderabad,42.8,9,65305.15,2,1,0,92662.84,0
16807,Female,Bangalore,36.9,1,75183.9,4,0,0,72517.9,0
16808,Male,Chennai,18.0,0,45175.34,2,1,1,15000.0,0
16809,Male,Mumbai,25.9,8,104283.95,2,1,0,15000.0,0
16810,Male,Bangalore,53.9,4,85667.61,2,1,0,76756.38,0
16811,Female,Hyderabad,35.2,9,91129.16,2,1,1,24245.13,0
16812,Male,Chennai,52.7,3,115642.02,2,1,0,189953.88,1
16813,Male,Delhi,53.7,6,59705.1,2,0,1,80104.87,0
16814,Female,Kolkata,46.6,3,79913.52,1,1,1,155771.74,0
16815,Male,Kolkata,32.6,10,78062.64,1,0,0,35968.96,0
16816,Male,Delhi,51.3,1,51057.12,2,0,1,113337.53,0
16817,Male,Pune,42.6,8,74628.43,2,1,1,76033.97,1
16818,Female,Chennai,40.5,7,45161.15,1,0,1,29904.04,0
16819,Female,Mumbai,29.1,3,64363.75,2,1,0,84689.08,0
16820,Female,Bangalore,34.0,7,24592.36,1,1,0,53369.57,0
16821,Female,Mumbai,29.2,8,45348.28,1,1,1,118732.56,0
16822,Female,Hyderabad,51.5,1,19226.85,2,0,1,67396.03,0
16823,Female,Pune,58.4,3,102893.6,2,0,1,47456.96,0
16824,Male,Mumbai,51.1,10,81625.05,3,0,0,115078.97,0
16825,Male,Mumbai,42.4,5,53290.56,2,1,1,148478.34,0
16826,Female,Mumbai,36.3,6,46186.54,2,1,0,78712.1,0
16827,Male,Mumbai,45.7,4,93813.91,1,1,0,84562.49,0
16828,Male,Pune,35.0,9,109468.51,1,1,0,72220.83,0
16829,Female,Hyderabad,39.6,9,84701.65,2,1,1,50891.24,0
16830,Male,Delhi,30.1,6,98209.75,2,1,0,84282.26,0
16831,Female,Delhi,47.8,10,64766.26,2,0,1,91976.79,0
16832,Male,Delhi,48.4,3,13046.57,1,0,1,27938.72,0
16833,Female,Pune,50.9,7,62371.35,2,1,1,29436.59,0
16834,Female,Mumbai,46.7,2,68221.79,1,1,1,49201.27,0
16835,Female,Bangalore,45.9,2,91583.31,1,1,0,48890.88,0
16836,Male,Delhi,27.5,4,55411.9,4,0,1,58213.76,0
16837,Male,Delhi,27.0,5,36163.52,2,0,1,152131.78,0
16838,Female,Pune,44.0,2,20384.03,1,0,0,98527.5,0
16839,Male,Hyderabad,53.2,9,81500.22,1,0,1,77789.8,0
16840,Male,Pune,40.1,1,57533.99,2,1,1,88026.02,0
16841,Female,Bangalore,40.1,4,37289.92,1,1,0,83549.39,0
16842,Male,Kolkata,40.2,9,80542.14,3,1,1,73260.27,0
16843,Male,Delhi,18.0,5,84871.03,1,0,0,81789.2,0
16844,Male,Pune,42.9,2,59976.52,2,1,0,62736.54,0
16845,Female,Delhi,33.4,6,90147.96,3,1,0,68825.04,1
16846,Male,Hyderabad,47.3,2,81283.82,2,1,0,79023.17,0
16847,Male,Delhi,39.6,1,61467.03,3,1,1,88233.11,0
16848,Male,Chennai,37.8,9,59603.76,1,1,1,80065.61,0
16849,Female,Mumbai,38.1,3,56617.44,1,1,1,51617.1,0
16850,Male,Delhi,36.1,2,64999.9,1,0,0,120035.16,1
16851,Male,Chennai,23.7,6,102448.69,2,1,0,72836.68,0
16852,Female,Hyderabad,51.4,7,94673.58,2,1,1,53662.74,0
16853,Female,Delhi,32.4,2,77912.21,2,1,0,175040.11,0
16854,Female,Pune,34.4,5,110519.85,1,0,0,15000.0,0
16855,Male,Delhi,40.9,0,93557.21,2,1,0,87449.15,0
16856,Male,Hyderabad,26.6,4,61175.16,2,1,1,73472.84,0
16857,Female,Delhi,34.0,1,79299.17,2,1,1,135459.75,0
16858,Male,Bangalore,63.0,0,99021.8,2,1,0,130938.34,0
16859,Female,Mumbai,44.0,6,67216.69,1,0,1,100595.44,0
16860,Female,Chennai,29.7,9,59810.75,1,0,0,89314.5,0
16861,Male,Kolkata,18.0,3,110580.86,2,0,0,49784.13,0
16862,Female,Mumbai,52.0,4,78701.16,3,1,1,125351.17,1
16863,Male,Hyderabad,27.9,1,91145.72,1,1,1,74988.13,0
16864,Male,Delhi,33.5,7,47198.25,1,1,1,130758.82,0
16865,Female,Bangalore,35.0,10,87744.75,2,1,1,91128.13,0
16866,Male,Chennai,29.0,9,60268.32,1,1,1,66900.66,0
16867,Male,Hyderabad,39.1,2,64060.11,1,1,0,107792.64,0
16868,Male,Chennai,33.4,6,40911.3,1,1,0,78763.76,0
16869,Female,Delhi,47.3,10,59380.69,1,1,1,72236.82,0
16870,Male,Pune,41.7,0,29462.77,2,1,1,80561.49,0
16871,Female,Mumbai,57.2,9,93309.15,1,1,1,107233.7,0
16872,Male,Delhi,57.4,0,51356.81,2,0,0,100090.79,0
16873,Female,Mumbai,28.5,6,73587.56,4,1,0,51606.21,0
16874,Male,Delhi,40.1,0,36046.67,1,1,1,130086.45,0
16875,Female,Mumbai,65.9,8,77218.4,1,1,1,46363.72,0
16876,Male,Mumbai,26.1,8,1785.57,2,1,1,82204.04,0
16877,Male,Bangalore,49.6,7,42421.44,2,0,1,66261.55,0
16878,Male,Kolkata,46.6,7,98876.57,1,1,0,107379.88,0
16879,Female,Mumbai,29.8,3,48495.65,2,1,1,68176.32,0
16880,Male,Delhi,30.4,3,59815.17,1,1,0,124224.19,0
16881,Female,Mumbai,62.1,4,10876.9,2,0,0,117466.52,0
16882,Male,Mumbai,61.9,8,98835.68,2,1,1,61550.15,1
16883,Male,Delhi,45.2,2,58581.7,1,0,0,117175.49,0
16884,Male,Delhi,23.4,3,98001.4,3,1,0,134210.89,0
16885,Male,Mumbai,55.1,9,47820.8,1,0,0,98916.39,0
16886,Female,Mumbai,23.3,4,27976.88,2,1,1,96324.32,0
16887,Male,Delhi,48.6,6,100318.84,1,0,0,89981.77,0
16888,Male,Bangalore,20.6,4,74859.15,1,1,0,103093.97,0
16889,Male,Delhi,40.1,8,67614.54,1,1,0,76165.54,0
16890,Female,Pune,50.6,5,49944.87,1,1,1,60276.48,0
16891,Male,Hyderabad,18.0,2,94860.49,2,1,1,114508.52,0
16892,Female,Pune,33.7,5,18936.51,2,1,1,109911.25,0
16893,Female,Bangalore,41.8,5,85047.14,3,1,1,78317.44,0
16894,Male,Bangalore,35.9,9,35126.21,2,1,1,84883.92,0
16895,Female,Delhi,31.9,0,76484.64,1,1,1,90767.57,0
16896,Female,Delhi,38.4,6,114808.16,1,1,0,139437.16,1
16897,Female,Kolkata,52.5,2,63997.52,1,1,1,44926.37,0
16898,Male,Delhi,56.4,0,62841.15,2,0,1,95269.22,0
16899,Male,Pune,48.5,0,52114.53,1,1,0,93309.61,0
16900,Male,Mumbai,58.6,4,61067.09,1,1,1,117848.63,0
16901,Male,Kolkata,33.6,9,53925.57,2,0,1,70863.33,0
16902,Male,Chennai,47.2,9,65550.61,2,0,1,76090.03,0
16903,Male,Mumbai,27.8,1,57847.4,1,1,0,116075.34,0
16904,Female,Kolkata,75.2,1,60774.58,1,1,1,57874.72,1
16905,Male,Mumbai,41.2,3,50941.61,2,0,1,85056.71,0
16906,Male,Kolkata,49.6,9,61852.61,3,0,1,63778.49,1
16907,Male,Kolkata,18.9,10,64028.66,1,1,1,63688.7,0
16908,Female,Kolkata,49.4,6,106558.91,3,1,0,97940.49,1
16909,Female,Delhi,41.4,7,104806.82,1,1,1,79360.4,0
16910,Female,Pune,45.6,10,73170.62,2,0,1,93705.33,0
16911,Male,Kolkata,40.2,9,53890.74,2,1,0,108959.39,0
16912,Female,Delhi,38.6,6,73687.82,2,0,1,127482.69,0
16913,Male,Delhi,36.3,8,44553.08,2,1,0,54643.83,0
16914,Male,Pune,38.9,6,51148.21,1,1,1,82661.13,0
16915,Male,Bangalore,57.6,3,66395.54,1,1,0,87639.18,1
16916,Male,Mumbai,35.6,8,48411.55,2,1,0,119113.43,0
16917,Male,Chennai,67.1,8,48903.68,1,1,1,82885.2,0
16918,Female,Bangalore,40.7,2,53361.02,1,1,0,49716.13,0
16919,Female,Hyderabad,56.8,9,122146.93,1,0,0,75870.69,0
16920,Male,Delhi,53.7,7,69327.02,1,0,1,56368.9,0
16921,Female,Hyderabad,21.2,0,21755.84,2,1,0,72951.81,0
16922,Male,Mumbai,23.8,1,69879.83,2,0,0,85056.71,0
16923,Male,Mumbai,31.9,7,76427.86,2,1,1,64738.53,0
16924,Female,Kolkata,21.5,7,63488.83,4,1,1,108594.14,0
16925,Female,Delhi,35.0,5,80238.99,2,1,1,40884.16,0
16926,Male,Bangalore,40.3,7,50753.85,2,0,0,107571.22,0
16927,Male,Delhi,47.8,7,61372.0,2,0,1,134557.52,0
16928,Female,Bangalore,42.2,1,62805.1,2,1,1,108575.82,0
16929,Female,Chennai,40.1,2,47799.3,1,1,0,77165.93,0
16930,Female,Hyderabad,52.3,6,41262.67,3,1,0,110389.42,0
16931,Male,Bangalore,50.7,2,66933.75,1,0,0,43679.67,0
16932,Male,Chennai,62.9,10,70736.57,2,1,1,75907.67,1
16933,Male,Delhi,42.2,1,0.0,2,1,0,62059.09,0
16934,Male,Chennai,18.0,5,52117.92,2,1,0,91419.53,0
16935,Male,Mumbai,45.1,1,57902.4,2,1,1,69045.19,0
16936,Male,Chennai,67.2,1,69543.89,2,1,1,49325.55,0
16937,Male,Chennai,52.3,10,85520.38,2,1,0,59404.09,1
16938,Female,Kolkata,55.1,1,57197.62,2,1,0,48109.49,1
16939,Female,Mumbai,41.1,3,79527.67,1,1,1,43607.24,0
16940,Male,Hyderabad,51.0,6,30577.99,2,1,0,86604.82,0
16941,Female,Mumbai,55.7,5,98524.46,2,0,1,112497.1,0
16942,Female,Mumbai,36.0,4,63730.25,2,0,0,104070.21,0
16943,Female,Mumbai,34.0,3,27355.29,1,0,1,45361.61,0
16944,Male,Pune,45.5,1,79895.24,1,1,0,57260.1,0
16945,Female,Bangalore,51.6,10,58371.36,2,1,1,50114.33,0
16946,Female,Chennai,18.0,7,110909.03,1,1,1,34033.5,0
16947,Male,Delhi,37.7,1,104912.0,1,0,0,15000.0,0
16948,Male,Chennai,18.0,10,87201.03,1,0,1,27573.86,0
16949,Female,Delhi,38.5,7,0.0,1,0,1,94496.05,0
16950,Male,Chennai,60.3,9,59324.7,1,1,1,76304.45,0
16951,Female,Mumbai,32.5,3,96731.02,2,1,0,90705.29,0
16952,Male,Pune,36.6,4,86016.33,1,1,0,88757.19,0
16953,Male,Mumbai,47.9,10,41941.19,3,1,1,156166.24,0
16954,Male,Delhi,51.9,0,62389.44,2,0,1,95559.71,0
16955,Female,Hyderabad,51.5,1,79857.38,2,1,0,104072.16,1
16956,Male,Hyderabad,40.4,10,25153.4,2,1,1,136370.41,0
16957,Female,Bangalore,46.8,7,27317.64,1,0,1,95814.94,0
16958,Female,Mumbai,46.3,0,125922.05,1,1,1,149848.3,1
16959,Female,Delhi,31.6,2,57305.99,2,0,1,92992.7,0
16960,Male,Hyderabad,19.0,1,17255.49,2,1,0,83335.58,0
16961,Female,Delhi,29.2,9,47684.54,2,1,0,128597.96,0
16962,Male,Mumbai,57.3,4,73127.33,1,0,1,82102.01,0
16963,Male,Bangalore,66.6,3,84881.17,2,1,1,31141.94,0
16964,Female,Delhi,38.9,3,48532.78,1,1,1,108193.51,0
16965,Male,Mumbai,56.8,3,35078.02,2,1,0,40880.62,0
16966,Male,Kolkata,36.4,10,86777.48,1,1,0,49924.86,0
16967,Female,Bangalore,44.2,3,41381.82,2,1,1,111511.01,0
16968,Male,Delhi,32.6,3,58673.91,1,1,1,129895.37,0
16969,Female,Pune,52.2,5,81785.71,1,1,0,54998.93,1
16970,Male,Mumbai,32.3,1,52853.12,1,1,1,98090.36,0
16971,Male,Mumbai,29.3,3,115159.26,1,1,0,84041.82,0
16972,Female,Pune,40.6,6,43694.86,1,0,0,27053.14,1
16973,Male,Delhi,49.8,6,55800.7,1,1,1,77598.99,1
16974,Male,Mumbai,42.0,0,55116.21,2,0,0,121584.95,1
16975,Female,Delhi,34.4,9,49081.5,2,1,0,74785.09,0
16976,Male,Bangalore,29.2,8,92120.69,2,1,0,48295.29,0
16977,Female,Pune,19.8,6,56289.48,1,1,0,134598.14,0
16978,Female,Delhi,34.5,10,136372.48,1,0,1,31733.3,0
16979,Female,Kolkata,38.2,5,67536.35,1,0,1,42324.18,0
16980,Male,Delhi,46.6,1,70483.86,2,1,0,94667.24,0
16981,Male,Chennai,26.0,5,25847.23,2,1,0,99674.33,0
16982,Female,Bangalore,40.1,4,50536.98,1,1,0,61527.06,1
16983,Female,Kolkata,32.9,8,82102.91,2,1,1,35833.7,0
16984,Female,Pune,33.8,0,78629.66,3,1,1,115199.62,0
16985,Female,Hyderabad,55.0,4,38460.08,1,1,1,52073.64,0
16986,Male,Delhi,18.0,2,53476.13,1,1,1,41365.38,0
16987,Male,Mumbai,25.3,8,0.0,2,1,0,50639.57,0
16988,Male,Chennai,40.5,0,45229.58,2,1,1,83332.11,0
16989,Male,Chennai,39.9,5,108198.58,1,1,1,77177.0,0
16990,Male,Hyderabad,19.6,2,70831.83,1,1,0,61998.98,0
16991,Male,Mumbai,34.1,0,93059.68,1,1,0,78857.56,0
16992,Male,Delhi,51.5,10,22894.07,2,1,1,110962.09,0
16993,Male,Pune,26.0,2,67395.63,1,1,0,104324.0,0
16994,Male,Delhi,53.0,1,62073.89,1,0,0,135590.5,0
16995,Female,Kolkata,31.4,9,49445.64,2,1,1,73590.81,0
16996,Female,Kolkata,18.0,7,59234.11,1,1,1,85056.71,0
16997,Female,Delhi,49.8,2,51821.5,2,1,0,102803.9,1
16998,Female,Mumbai,43.0,10,35852.13,2,1,0,67020.47,0
16999,Male,Pune,22.4,6,68363.23,1,1,1,135360.92,0
17000,Female,Mumbai,33.5,9,86852.34,1,1,1,163544.95,0
17001,Male,Pune,60.7,5,45454.47,1,0,1,80924.92,0
17002,Male,Hyderabad,47.9,6,46604.71,1,1,0,80233.87,0
17003,Female,Chennai,53.4,10,85152.54,1,1,1,107918.99,0
17004,Female,Mumbai,26.3,6,66220.09,2,0,0,58270.29,0
17005,Male,Mumbai,54.7,9,56280.53,3,0,1,110422.9,0
17006,Male,Pune,22.9,0,67464.23,2,0,1,144521.5,0
17007,Female,Bangalore,23.3,3,116539.82,2,0,1,110090.66,0
17008,Male,Chennai,50.0,3,93742.93,2,1,1,66594.51,0
17009,Male,Pune,24.0,4,108096.32,1,1,0,100183.74,0
17010,Male,Pune,58.2,9,83394.35,1,0,0,93137.55,1
17011,Male,Mumbai,25.0,4,45937.47,2,0,0,39714.72,0
17012,Female,Chennai,28.3,7,53950.69,1,1,1,114254.74,0
17013,Male,Kolkata,53.8,3,46095.04,2,1,1,68161.71,0
17014,Male,Kolkata,32.6,0,80567.95,2,1,0,138919.67,0
17015,Female,Bangalore,49.5,4,57404.2,1,1,1,133575.03,0
17016,Female,Delhi,26.6,0,44158.64,2,0,1,134748.44,0
17017,Male,Delhi,36.7,2,62156.8,2,0,0,97188.14,0
17018,Male,Mumbai,48.9,7,30013.8,1,0,1,111700.53,0
17019,Male,Mumbai,29.9,9,90218.83,2,1,1,118331.07,0
17020,Female,Kolkata,52.3,4,40840.16,1,0,1,143972.36,0
17021,Female,Mumbai,35.7,6,87812.1,1,1,1,74520.51,0
17022,Female,Chennai,41.4,0,76648.76,2,1,0,63943.1,0
17023,Male,Delhi,28.0,5,79400.42,2,1,1,27966.25,0
17024,Female,Bangalore,30.8,7,36361.68,1,1,1,75727.58,0
17025,Female,Mumbai,29.9,5,66659.26,1,1,0,86550.59,1
17026,Female,Kolkata,32.7,3,52030.85,1,1,1,40667.17,0
17027,Male,Mumbai,58.6,10,21196.76,1,1,0,99839.38,0
17028,Female,Mumbai,53.4,7,100901.48,2,0,0,122093.7,0
17029,Male,Hyderabad,45.4,7,62618.68,2,0,0,57258.2,0
17030,Male,Delhi,32.1,5,53735.96,2,0,1,100061.86,0
17031,Female,Delhi,29.9,7,99349.45,2,0,1,76995.2,0
17032,Male,Pune,28.4,5,89176.01,2,0,1,91122.53,0
17033,Female,Chennai,36.4,3,147590.6,2,0,1,107533.76,0
17034,Female,Mumbai,43.4,10,41209.51,1,0,1,71970.17,0
17035,Male,Delhi,47.4,5,50761.32,2,1,1,69912.38,0
17036,Female,Bangalore,40.2,8,113496.42,2,1,1,48993.96,0
17037,Male,Bangalore,46.8,7,43595.84,1,1,0,58839.43,0
17038,Male,Chennai,51.2,6,46728.47,2,1,1,101136.83,0
17039,Female,Mumbai,35.5,4,62969.83,2,1,1,90494.86,0
17040,Female,Mumbai,53.2,6,106210.89,2,0,1,43261.23,0
17041,Female,Kolkata,28.2,0,51740.93,1,0,0,56798.06,0
17042,Male,Mumbai,47.0,7,121940.99,2,1,1,91170.66,0
17043,Female,Pune,40.4,4,64668.41,2,1,1,138810.25,0
17044,Male,Delhi,42.1,6,98534.83,1,1,0,63006.25,0
17045,Female,Delhi,35.6,6,56476.0,1,1,0,42735.48,0
17046,Male,Hyderabad,55.0,7,40624.09,2,1,1,59025.87,1
17047,Female,Chennai,32.7,6,79337.37,2,1,0,81771.25,0
17048,Male,Chennai,56.6,5,28667.18,2,1,1,49766.22,0
17049,Male,Pune,56.7,5,23953.86,2,1,0,85056.71,0
17050,Female,Mumbai,45.4,4,82669.79,1,1,1,105896.75,1
17051,Female,Hyderabad,36.2,4,50685.7,1,0,1,82036.79,0
17052,Female,Kolkata,29.9,3,30549.71,1,1,1,79683.75,0
17053,Female,Kolkata,18.0,6,50000.01,2,1,1,115259.22,0
17054,Female,Delhi,46.5,10,79043.1,1,1,1,113362.77,0
17055,Female,Pune,26.7,2,41484.37,1,0,1,63276.8,0
17056,Male,Mumbai,28.3,4,0.0,1,1,0,85056.71,0
17057,Female,Mumbai,46.6,2,60988.85,1,1,0,144997.51,0
17058,Male,Mumbai,34.8,7,73964.86,1,1,1,94511.0,0
17059,Female,Delhi,42.6,4,85287.57,2,0,1,123402.76,0
17060,Female,Pune,45.5,10,90559.41,1,1,1,62622.71,0
17061,Male,Mumbai,59.3,9,61030.47,1,0,1,51240.23,0
17062,Female,Delhi,42.4,5,112508.45,2,1,0,67603.71,0
17063,Female,Bangalore,33.4,0,61922.34,1,0,1,72173.26,0
17064,Female,Bangalore,39.1,10,59336.28,2,1,0,95465.57,0
17065,Male,Delhi,33.1,3,57761.0,1,1,0,105950.21,1
17066,Female,Delhi,62.6,8,68563.88,1,1,1,69840.23,0
17067,Male,Pune,44.5,4,77715.4,2,1,1,42708.67,0
17068,Female,Hyderabad,47.0,0,99896.58,1,1,1,87798.47,0
17069,Male,Chennai,56.2,3,51472.43,1,1,1,131580.52,0
17070,Male,Mumbai,29.8,5,44936.34,1,0,1,147667.94,0
17071,Male,Pune,22.9,6,68526.02,1,1,0,15306.61,0
17072,Male,Hyderabad,39.7,6,54050.63,2,0,1,107403.25,0
17073,Female,Chennai,22.9,7,36983.24,1,1,1,135633.51,0
17074,Male,Pune,35.1,4,95102.69,1,1,1,85056.71,0
17075,Female,Mumbai,18.0,5,94312.42,1,1,0,89763.6,0
17076,Male,Chennai,23.8,10,28277.29,2,1,1,111046.8,0
17077,Female,Chennai,54.7,10,61591.91,2,0,1,113647.82,0
17078,Female,Kolkata,44.9,1,79425.49,1,1,1,67096.09,0
17079,Female,Bangalore,61.6,9,113048.44,1,0,0,133221.59,0
17080,Female,Delhi,39.6,1,63446.75,1,1,0,83668.05,0
17081,Male,Mumbai,39.2,2,86578.08,2,0,0,63219.63,0
17082,Female,Mumbai,42.6,3,55775.83,1,1,0,49373.73,0
17083,Male,Kolkata,83.1,5,76346.83,2,1,0,113400.69,0
17084,Female,Kolkata,52.6,5,87538.43,1,0,1,52191.53,0
17085,Female,Delhi,29.9,2,73721.93,2,0,0,127651.07,0
17086,Male,Pune,44.9,0,65666.04,1,0,1,118072.04,0
17087,Female,Pune,41.8,2,89190.89,1,1,0,30311.84,0
17088,Female,Pune,48.7,3,99181.95,1,1,0,102529.37,0
17089,Male,Chennai,62.5,8,68767.76,1,0,1,28378.52,0
17090,Male,Mumbai,47.1,9,90818.16,1,0,0,50935.7,1
17091,Male,Bangalore,35.6,7,50971.19,2,1,0,146888.63,0
17092,Female,Pune,62.4,3,55043.62,2,1,1,84519.3,0
17093,Female,Kolkata,24.3,6,104206.38,1,1,0,62982.91,0
17094,Male,Mumbai,36.7,8,0.0,1,1,1,45786.19,0
17095,Male,Kolkata,50.8,1,59041.19,1,1,0,129940.58,0
17096,Female,Delhi,30.5,2,70416.17,2,1,1,126226.69,0
17097,Female,Mumbai,39.4,0,35918.24,2,0,1,92148.23,0
17098,Male,Chennai,31.6,7,91907.7,2,1,1,96488.7,0
17099,Male,Pune,39.5,1,63798.58,2,0,0,96709.54,0
17100,Female,Hyderabad,31.6,6,82832.42,1,0,0,97408.61,1
17101,Male,Mumbai,40.9,6,102737.16,1,1,1,113457.36,0
17102,Male,Kolkata,36.0,10,95770.88,1,1,1,64248.04,0
17103,Male,Delhi,55.9,2,56312.98,2,0,0,30941.51,0
17104,Female,Delhi,44.6,1,36566.01,2,1,0,131148.28,0
17105,Male,Mumbai,48.9,2,54902.91,2,1,1,45901.27,0
17106,Male,Bangalore,41.7,7,68917.42,2,1,0,108936.44,0
17107,Male,Bangalore,34.8,8,20541.13,2,1,0,99503.02,0
17108,Male,Mumbai,44.0,10,104691.38,1,1,1,75944.64,0
17109,Female,Hyderabad,42.4,7,68033.51,1,1,0,62315.08,0
17110,Male,Chennai,18.0,10,59155.89,1,0,0,94101.06,0
17111,Female,Mumbai,40.4,1,16689.15,1,0,1,130931.69,0
17112,Female,Hyderabad,48.1,8,65327.72,2,0,0,39250.98,1
17113,Male,Pune,31.4,5,67395.27,1,0,0,84121.38,0
17114,Male,Bangalore,50.4,1,44027.62,3,1,0,149029.8,0
17115,Female,Kolkata,44.3,8,72440.99,3,1,1,113163.39,0
17116,Female,Bangalore,35.2,4,61767.67,1,1,0,43691.99,0
17117,Female,Delhi,46.5,5,24869.52,1,1,1,56441.34,0
17118,Male,Kolkata,35.6,0,82086.98,2,1,1,119411.86,0
17119,Female,Pune,43.3,1,126768.53,1,1,1,40204.78,0
17120,Female,Delhi,36.9,0,109756.99,2,0,0,74611.08,0
17121,Female,Delhi,46.6,3,77291.68,2,1,0,61895.93,0
17122,Male,Mumbai,56.2,1,71930.05,1,0,1,85056.71,0
17123,Female,Bangalore,34.8,0,27316.3,1,0,0,116495.09,0
17124,Female,Pune,50.8,2,71290.01,2,1,0,80543.62,1
17125,Male,Pune,36.4,3,57660.62,2,1,0,68966.79,0
17126,Female,Delhi,36.5,3,1517.42,2,1,1,91568.37,0
17127,Male,Delhi,35.3,2,55584.42,1,1,1,85556.65,0
17128,Male,Kolkata,19.7,1,50635.65,2,1,1,54931.13,0
17129,Male,Delhi,46.0,7,26371.25,2,0,0,70763.35,0
17130,Male,Delhi,43.4,9,62462.99,1,0,1,27345.21,0
17131,Male,Bangalore,42.0,10,28053.89,2,1,0,65802.68,0
17132,Male,Kolkata,58.7,1,75120.68,1,1,0,133222.89,0
17133,Female,Hyderabad,60.0,4,78956.25,1,1,1,106783.3,1
17134,Male,Kolkata,55.7,6,13438.41,2,1,0,74007.68,0
17135,Female,Pune,37.2,8,54701.66,3,0,1,115834.11,0
17136,Female,Delhi,36.6,2,53288.46,1,1,1,133986.37,0
17137,Female,Delhi,27.8,0,59099.47,1,1,1,85056.71,0
17138,Female,Kolkata,40.7,8,3640.21,1,1,0,57423.01,0
17139,Female,Pune,40.1,0,74645.67,2,1,0,72584.6,0
17140,Male,Mumbai,46.5,7,102970.39,1,0,0,103126.94,0
17141,Male,Delhi,27.2,1,102910.09,2,0,1,120525.76,0
17142,Male,Chennai,35.5,6,87741.19,1,0,0,86933.09,0
17143,Female,Mumbai,19.7,2,14659.77,1,0,0,77226.23,0
17144,Male,Pune,31.4,5,49269.89,1,1,1,118924.97,0
17145,Female,Delhi,50.7,5,77589.45,2,1,0,50816.21,0
17146,Female,Delhi,26.8,3,76519.63,1,0,1,85622.07,0
17147,Female,Kolkata,60.9,7,94031.83,1,1,1,124483.52,0
17148,Male,Mumbai,52.1,4,58438.02,2,1,1,88755.63,0
17149,Male,Chennai,46.0,6,34498.9,1,1,0,79290.77,0
17150,Female,Mumbai,56.0,4,78258.17,1,1,0,40217.91,1
17151,Female,Mumbai,38.5,3,53088.38,2,0,1,69463.06,0
17152,Male,Delhi,31.1,5,99868.24,2,1,0,89929.7,0
17153,Male,Hyderabad,38.8,2,81804.38,1,0,0,117946.54,0
17154,Female,Bangalore,19.4,5,55767.6,1,0,0,38335.67,0
17155,Male,Delhi,54.3,5,69209.2,1,1,0,61854.72,0
17156,Female,Chennai,35.8,10,92905.79,2,1,0,73498.14,0
17157,Female,Hyderabad,30.9,10,78256.31,2,0,1,95585.32,0
17158,Male,Hyderabad,32.3,5,68453.0,2,1,0,57147.35,0
17159,Male,Mumbai,40.2,10,71299.44,2,1,0,66648.88,0
17160,Female,Bangalore,41.4,2,57375.98,4,1,0,137516.12,0
17161,Female,Hyderabad,38.2,7,75309.21,3,1,0,90912.27,0
17162,Male,Pune,38.2,3,65566.04,1,1,0,72084.04,0
17163,Female,Hyderabad,46.6,10,39075.91,1,0,0,104391.52,0
17164,Female,Hyderabad,26.8,1,75695.47,1,0,1,33898.32,0
17165,Female,Kolkata,42.7,6,78778.92,1,1,0,71043.11,0
17166,Male,Mumbai,36.2,10,90175.68,2,0,0,60018.61,0
17167,Female,Hyderabad,18.0,7,25385.57,1,1,0,61970.8,0
17168,Male,Hyderabad,27.0,10,71688.55,2,1,0,56176.03,0
17169,Male,Bangalore,30.5,3,55303.25,2,1,1,79070.19,0
17170,Male,Mumbai,60.0,5,79297.38,2,0,0,78171.34,0
17171,Female,Kolkata,45.4,7,34188.05,1,1,1,67554.74,0
17172,Female,Delhi,43.3,4,97400.85,1,1,1,25316.49,0
17173,Male,Kolkata,34.2,8,38156.39,2,0,1,57550.33,0
17174,Female,Bangalore,33.9,5,52372.12,2,1,1,64166.33,0
17175,Male,Mumbai,25.8,5,132804.31,1,1,1,36645.51,0
17176,Male,Delhi,36.1,1,67328.0,2,0,1,133043.36,0
17177,Female,Bangalore,56.5,6,92269.61,2,1,1,30579.75,0
17178,Female,Chennai,24.2,8,71195.03,2,1,1,140967.15,0
17179,Male,Mumbai,33.0,4,96710.51,1,0,1,22149.25,0
17180,Female,Chennai,51.1,4,85109.28,1,1,0,85056.71,0
17181,Male,Chennai,51.1,10,45039.06,1,0,0,73035.11,0
17182,Male,Mumbai,31.4,4,20567.45,1,0,0,121278.98,0
17183,Female,Delhi,54.0,0,33091.61,2,1,1,57952.56,0
17184,Female,Delhi,34.8,4,52371.43,1,1,0,167680.63,0
17185,Male,Hyderabad,26.2,9,79118.88,1,0,1,39932.47,0
17186,Female,Pune,40.1,7,90036.69,2,1,0,98688.78,1
17187,Female,Hyderabad,41.1,2,63829.78,2,1,0,92988.22,0
17188,Male,Chennai,38.0,8,69148.95,2,1,1,51371.78,0
17189,Female,Kolkata,42.1,8,7123.99,1,0,0,38528.54,0
17190,Female,Pune,28.4,5,57900.95,1,1,1,87067.61,1
17191,Female,Mumbai,33.3,3,62648.65,2,1,1,89404.54,0
17192,Female,Delhi,57.2,3,76221.39,2,0,0,35873.78,1
17193,Female,Mumbai,62.3,10,56848.9,3,1,0,105000.69,1
17194,Male,Mumbai,26.6,0,52479.22,2,1,0,103970.42,1
17195,Female,Chennai,35.3,9,112207.5,1,1,0,112643.57,1
17196,Female,Kolkata,40.1,4,30541.17,1,1,1,50677.47,1
17197,Male,Mumbai,42.4,4,99162.68,2,1,1,166946.81,0
17198,Female,Pune,28.6,4,80588.89,1,1,1,71113.05,0
17199,Female,Chennai,47.8,0,61847.53,1,1,1,78480.19,0
17200,Male,Delhi,48.7,0,120060.98,2,1,1,48221.87,0
17201,Male,Kolkata,50.2,9,63388.23,2,1,0,85251.95,0
17202,Male,Delhi,49.0,1,43577.31,2,0,0,47761.62,0
17203,Female,Delhi,41.0,0,70350.8,1,1,0,89565.57,0
17204,Male,Pune,51.9,7,86893.71,1,0,1,15000.0,1
17205,Female,Mumbai,46.5,3,78815.92,1,1,0,106676.12,0
17206,Male,Delhi,22.2,5,51494.66,2,1,1,28192.26,0
17207,Male,Chennai,22.3,7,81628.25,1,0,0,100051.12,0
17208,Male,Delhi,43.7,4,22049.18,1,1,1,62420.96,0
17209,Male,Mumbai,55.4,5,99030.96,2,1,1,110797.28,0
17210,Female,Hyderabad,45.4,3,85002.76,1,1,0,87356.81,0
17211,Male,Delhi,47.1,5,10771.88,4,0,0,89570.75,0
17212,Male,Chennai,27.3,5,46707.88,2,1,1,132546.14,0
17213,Male,Chennai,40.8,2,96157.06,3,0,1,61355.88,0
17214,Female,Mumbai,53.7,3,59244.64,2,1,0,44261.05,0
17215,Male,Delhi,45.3,5,64113.89,1,0,0,110722.66,0
17216,Female,Mumbai,41.3,7,100150.54,1,1,0,77245.64,1
17217,Female,Pune,47.1,6,50172.56,2,1,0,115584.24,0
17218,Female,Bangalore,42.7,3,11381.87,1,1,1,51597.89,0
17219,Female,Mumbai,54.1,2,99555.6,1,1,1,42982.19,0
17220,Female,Delhi,42.7,10,54071.27,1,1,0,96284.15,0
17221,Male,Chennai,39.6,7,64337.46,1,1,0,85056.71,0
17222,Male,Hyderabad,27.4,5,60136.39,3,1,0,85056.71,0
17223,Male,Delhi,54.6,7,52873.52,1,1,0,103206.7,0
17224,Male,Pune,28.7,8,43421.56,1,1,1,64468.98,0
17225,Female,Pune,42.8,8,60500.17,1,1,1,97260.16,0
17226,Female,Hyderabad,49.6,9,41097.55,1,1,0,17203.21,0
17227,Female,Mumbai,61.5,10,99275.28,2,1,0,36956.4,0
17228,Male,Mumbai,42.7,8,95394.1,4,0,0,90365.87,1
17229,Male,Delhi,56.7,9,78830.24,2,1,0,68954.0,0
17230,Male,Delhi,40.3,0,78028.22,1,1,0,69672.81,0
17231,Male,Kolkata,33.3,2,22513.5,2,1,0,39415.51,0
17232,Male,Mumbai,73.2,8,93276.15,3,0,0,88690.29,0
17233,Male,Delhi,25.4,3,53771.35,2,1,1,145094.37,0
17234,Female,Pune,75.1,9,98756.09,1,1,0,90022.43,1
17235,Male,Bangalore,59.5,1,107435.33,2,1,1,79885.72,1
17236,Male,Chennai,33.1,0,58957.97,2,1,1,102329.84,0
17237,Female,Mumbai,47.8,4,8936.03,1,0,0,26463.36,0
17238,Female,Kolkata,23.2,3,70784.03,1,1,1,111087.84,0
17239,Female,Chennai,47.1,4,36071.72,1,0,0,155926.87,0
17240,Male,Delhi,43.9,10,50011.79,3,0,0,53541.39,0
17241,Female,Bangalore,50.4,4,59726.28,1,1,0,104181.08,0
17242,Female,Mumbai,35.2,7,88688.95,2,1,1,70410.36,0
17243,Male,Kolkata,41.9,5,76246.0,1,1,1,115834.34,0
17244,Female,Mumbai,45.7,2,103476.04,1,0,0,85056.71,0
17245,Male,Kolkata,34.1,8,45142.19,1,1,0,49026.94,0
17246,Male,Mumbai,56.9,7,93174.34,1,0,0,131246.31,0
17247,Female,Kolkata,41.6,8,84372.77,2,1,1,97281.49,0
17248,Female,Delhi,44.1,3,81836.69,2,1,0,60442.42,0
17249,Male,Delhi,30.0,7,92789.54,1,0,1,49338.58,0
17250,Female,Mumbai,20.2,10,85727.88,2,1,0,44609.98,0
17251,Female,Kolkata,23.8,2,24576.45,2,1,0,85740.15,0
17252,Female,Delhi,47.2,4,50560.96,2,1,1,90744.89,0
17253,Male,Chennai,30.5,6,89366.8,2,0,0,85056.71,0
17254,Female,Delhi,48.7,0,77093.31,2,1,1,83355.1,0
17255,Male,Chennai,59.9,0,90983.97,2,0,1,59921.72,0
17256,Female,Chennai,49.3,2,70103.48,2,0,1,58967.46,0
17257,Male,Mumbai,45.1,3,51725.23,1,1,0,74702.56,1
17258,Male,Pune,47.9,0,44485.4,1,1,0,120920.81,0
17259,Female,Pune,53.2,7,23839.75,2,1,0,160640.2,0
17260,Male,Kolkata,43.7,1,78184.93,1,1,1,53461.6,0
17261,Male,Pune,48.0,10,28834.96,1,1,1,83638.94,0
17262,Male,Mumbai,33.2,4,65014.79,1,1,1,61067.49,0
17263,Female,Kolkata,28.3,5,62126.7,2,0,1,104232.84,0
17264,Male,Pune,33.9,10,92860.7,2,0,1,85056.71,0
17265,Female,Delhi,36.1,5,122338.23,2,1,0,106924.63,0
17266,Male,Chennai,35.6,5,55310.12,2,1,0,75050.79,0
17267,Male,Kolkata,53.8,10,78124.39,1,1,0,56086.07,0
17268,Male,Chennai,18.0,0,64954.59,1,0,0,108795.52,0
17269,Female,Hyderabad,37.4,2,42609.86,2,1,1,122499.56,0
17270,Male,Pune,48.9,2,94541.72,1,0,0,98270.95,0
17271,Male,Chennai,48.5,7,74997.26,2,0,0,73272.38,0
17272,Male,Pune,30.2,5,79733.23,2,1,1,107395.4,0
17273,Female,Chennai,60.9,1,87438.32,1,0,1,118588.83,0
17274,Male,Delhi,23.4,0,87619.01,1,1,1,101438.67,0
17275,Male,Bangalore,35.8,3,60882.8,2,0,0,75561.27,0
17276,Female,Delhi,36.3,0,91262.18,1,0,1,54984.94,0
17277,Male,Delhi,36.2,4,60938.75,2,1,0,72619.41,0
17278,Male,Pune,56.3,10,34894.34,1,1,0,91637.19,0
17279,Female,Delhi,40.2,7,77460.37,2,1,0,103105.38,0
17280,Female,Mumbai,43.8,9,98884.71,1,1,0,96815.41,1
17281,Female,Pune,50.6,1,48287.61,2,1,1,62319.3,1
17282,Male,Mumbai,32.3,7,25471.87,4,0,0,110627.17,0
17283,Male,Delhi,38.1,7,68160.05,2,0,1,102228.37,0
17284,Female,Mumbai,60.1,5,38828.83,1,1,1,115687.02,0
17285,Male,Delhi,44.5,7,50803.07,2,1,0,114602.52,0
17286,Female,Kolkata,26.9,1,67362.37,2,0,0,114557.94,0
17287,Female,Pune,29.7,6,0.0,1,0,0,117034.95,0
17288,Male,Mumbai,50.7,7,53573.68,1,1,1,85056.71,0
17289,Male,Hyderabad,26.4,3,55406.48,2,0,0,200000.0,0
17290,Female,Chennai,34.3,8,111232.67,3,1,1,78112.21,1
17291,Female,Mumbai,42.4,10,61091.16,1,1,0,118350.87,0
17292,Male,Pune,40.2,5,118301.68,1,0,0,144519.13,0
17293,Male,Mumbai,57.8,2,95888.29,4,0,0,92816.88,1
17294,Female,Mumbai,40.1,3,76205.89,1,1,0,88816.51,0
17295,Male,Chennai,45.8,3,73944.43,2,1,0,119171.86,1
17296,Female,Delhi,36.6,0,73127.5,1,1,0,15000.0,0
17297,Male,Pune,55.8,9,68384.85,3,1,1,83425.42,0
17298,Female,Chennai,37.2,0,27983.42,2,1,1,99302.01,0
17299,Male,Mumbai,37.5,0,73694.47,1,1,1,120988.33,0
17300,Female,Bangalore,40.0,3,67385.24,1,1,0,62062.65,0
17301,Male,Mumbai,32.1,0,70250.49,1,1,0,113518.31,0
17302,Male,Mumbai,32.9,5,108546.92,2,0,1,83998.73,0
17303,Male,Mumbai,38.2,1,59813.68,1,0,1,161594.74,0
17304,Female,Mumbai,59.7,0,38372.41,1,1,0,116801.33,1
17305,Male,Kolkata,34.1,6,50982.94,1,1,1,176703.01,0
17306,Female,Delhi,31.8,5,85883.81,1,0,0,72009.69,1
17307,Female,Mumbai,35.2,0,72110.57,2,1,0,51984.64,0
17308,Male,Delhi,40.0,9,66151.25,4,1,0,62276.43,1
17309,Female,Pune,61.5,8,30663.02,1,0,1,36864.99,0
17310,Male,Hyderabad,30.8,5,94947.19,2,1,0,65612.12,0
17311,Male,Pune,70.0,1,49708.11,1,1,1,111090.57,0
17312,Female,Kolkata,40.1,6,74012.68,3,1,1,61558.32,0
17313,Male,Chennai,28.0,2,62490.55,2,1,1,88510.88,0
17314,Male,Hyderabad,33.4,6,25291.38,2,1,1,80293.12,0
17315,Male,Chennai,18.0,8,74259.74,1,1,1,43435.62,0
17316,Female,Mumbai,41.3,4,35044.64,2,1,0,167486.38,0
17317,Male,Kolkata,52.6,0,73411.36,1,1,0,75525.12,1
17318,Female,Delhi,40.4,4,51902.13,1,0,0,119658.51,0
17319,Male,Pune,49.6,7,60201.01,2,1,0,96489.21,0
17320,Male,Chennai,45.1,7,82738.96,1,0,0,24495.61,0
17321,Male,Bangalore,54.5,2,33453.52,2,1,0,49023.19,1
17322,Female,Pune,28.2,3,142464.12,2,1,0,90510.01,0
17323,Female,Mumbai,50.6,7,43860.59,1,1,1,65594.92,0
17324,Female,Delhi,62.6,7,82452.86,1,0,0,129013.12,0
17325,Male,Hyderabad,70.8,6,87544.56,1,1,1,15229.03,0
17326,Male,Chennai,57.0,5,103185.81,2,0,0,121039.59,0
17327,Male,Kolkata,42.1,3,48286.77,2,1,0,70126.29,0
17328,Female,Mumbai,28.4,9,46296.84,2,1,0,17192.71,0
17329,Male,Delhi,30.2,8,92425.32,2,1,1,66356.55,0
17330,Female,Chennai,37.9,1,78612.65,1,1,1,101539.98,0
17331,Male,Delhi,62.3,1,79168.74,2,1,1,69865.64,0
17332,Female,Chennai,33.6,0,99939.09,3,1,0,99006.76,0
17333,Male,Bangalore,42.2,10,67387.61,1,0,1,143064.14,0
17334,Female,Bangalore,51.3,2,69521.54,1,1,1,162789.66,0
17335,Male,Kolkata,18.0,2,98231.96,1,0,1,60532.35,0
17336,Male,Bangalore,27.2,3,69405.21,2,1,1,124274.23,0
17337,Male,Delhi,63.4,2,39644.25,1,1,0,78787.15,0
17338,Male,Kolkata,52.5,9,42537.96,1,0,0,33734.62,0
17339,Female,Hyderabad,52.6,5,58313.12,2,1,1,34129.28,0
17340,Female,Delhi,28.7,8,73908.23,1,1,0,85606.87,0
17341,Male,Kolkata,57.4,7,88958.39,1,1,1,122067.9,0
17342,Male,Delhi,30.2,5,124939.56,2,1,0,61359.66,0
17343,Female,Bangalore,41.1,7,58839.62,1,0,1,80867.71,0
17344,Female,Hyderabad,48.3,7,29970.3,2,1,0,92538.07,0
17345,Female,Delhi,50.0,9,25128.52,2,0,0,15000.0,0
17346,Male,Hyderabad,45.9,5,59642.22,1,0,1,103861.65,0
17347,Male,Delhi,37.6,1,64753.94,1,1,1,113122.49,0
17348,Male,Delhi,18.0,4,80363.94,1,0,1,117484.99,0
17349,Female,Pune,41.0,3,126183.61,1,0,0,99535.08,0
17350,Male,Bangalore,18.0,5,80449.29,1,0,0,87023.15,0
17351,Male,Chennai,46.8,1,67155.31,2,0,0,91389.78,0
17352,Male,Hyderabad,28.3,3,90037.81,1,1,1,122446.13,0
17353,Female,Bangalore,38.1,7,25414.42,2,0,1,88969.25,0
17354,Female,Mumbai,33.9,0,71241.77,1,1,0,112987.47,0
17355,Male,Pune,46.8,2,24319.06,2,1,1,85179.71,0
17356,Female,Bangalore,30.5,3,100192.96,2,1,0,128875.99,0
17357,Female,Pune,43.1,1,31240.43,2,1,1,76770.66,0
17358,Male,Bangalore,42.2,1,89869.21,1,1,1,132535.25,0
17359,Male,Pune,40.8,5,85307.34,2,1,0,38269.6,0
17360,Female,Chennai,44.7,5,101844.13,2,1,0,95994.95,0
17361,Female,Chennai,25.6,2,41977.55,2,1,0,128377.77,0
17362,Male,Delhi,26.0,7,63543.51,1,1,1,102219.66,0
17363,Female,Chennai,57.2,2,89571.58,1,0,1,101717.56,0
17364,Female,Chennai,21.5,1,73683.53,1,1,0,105983.2,0
17365,Female,Hyderabad,66.0,4,77272.55,1,1,0,89530.38,0
17366,Male,Kolkata,38.3,6,83443.7,2,1,1,75437.64,0
17367,Female,Delhi,29.8,0,56693.17,2,0,0,103856.88,0
17368,Female,Hyderabad,50.3,1,40927.87,1,1,1,107741.39,0
17369,Male,Mumbai,33.3,1,45232.6,1,1,1,59834.36,0
17370,Female,Delhi,44.1,7,62767.78,2,1,0,109761.65,0
17371,Female,Mumbai,54.9,9,46360.04,2,0,1,85056.71,0
17372,Female,Mumbai,48.6,5,57858.74,4,1,1,85056.71,0
17373,Male,Bangalore,45.1,3,64409.27,1,1,0,123719.37,0
17374,Female,Kolkata,47.9,3,102964.88,1,0,1,100719.22,0
17375,Male,Mumbai,40.5,4,37555.0,2,1,1,122137.73,0
17376,Male,Delhi,49.7,2,46033.78,2,1,0,68088.91,0
17377,Female,Hyderabad,27.1,3,63939.43,2,0,1,137291.49,0
17378,Male,Delhi,57.5,3,39243.98,1,1,0,85286.67,0
17379,Female,Pune,38.1,6,0.0,2,1,0,110474.98,0
17380,Male,Chennai,42.1,6,49607.92,1,1,0,58752.63,0
17381,Male,Kolkata,36.2,0,58454.97,1,1,1,108050.76,0
17382,Male,Kolkata,47.3,2,69550.55,1,1,0,108432.08,1
17383,Female,Chennai,52.6,8,40785.31,1,1,0,78694.02,0
17384,Female,Chennai,28.1,5,106822.91,2,1,1,51946.72,0
17385,Female,Chennai,39.2,5,84417.57,2,1,1,108834.91,0
17386,Male,Delhi,42.0,3,37300.19,2,0,1,123844.13,1
17387,Male,Mumbai,45.2,9,49715.89,1,0,0,45826.77,0
17388,Female,Delhi,36.5,8,47827.89,2,1,1,87877.31,0
17389,Male,Hyderabad,34.8,2,38187.3,1,1,1,105666.33,0
17390,Male,Mumbai,50.6,7,93690.36,1,0,1,50899.31,0
17391,Female,Pune,46.1,5,38333.66,2,1,0,139475.43,0
17392,Male,Chennai,42.6,1,67622.35,2,1,1,121205.0,0
17393,Female,Delhi,55.0,2,52030.27,2,0,1,110379.45,0
17394,Female,Bangalore,23.9,0,60015.15,1,1,1,99587.36,0
17395,Male,Hyderabad,49.6,2,90728.86,1,1,0,64665.67,1
17396,Male,Pune,44.5,3,72939.58,1,0,1,75996.12,0
17397,Male,Pune,22.5,5,74088.24,2,0,0,33683.32,0
17398,Female,Delhi,54.0,9,72900.66,1,1,0,63634.09,0
17399,Female,Delhi,47.1,6,77086.53,1,0,1,101466.22,0
17400,Male,Pune,48.7,2,38795.05,1,0,0,92793.41,0
17401,Male,Mumbai,36.4,10,47989.28,2,1,1,67573.41,0
17402,Female,Hyderabad,49.2,6,74262.01,2,1,1,91808.79,0
17403,Female,Delhi,31.2,3,46927.47,2,1,1,107496.7,0
17404,Male,Kolkata,23.9,0,56203.07,2,0,0,55482.8,1
17405,Male,Chennai,39.8,0,71855.99,1,1,0,138593.71,0
17406,Male,Hyderabad,48.1,7,92600.31,1,1,1,83584.83,0
17407,Female,Pune,52.2,9,86359.28,2,1,1,92355.76,0
17408,Female,Pune,41.8,6,104968.57,2,1,0,78079.45,0
17409,Male,Bangalore,40.9,3,68665.31,2,0,0,92321.54,0
17410,Female,Chennai,52.2,0,67951.79,3,0,0,17837.54,0
17411,Male,Kolkata,36.0,5,48458.78,2,1,0,74075.25,0
17412,Male,Mumbai,33.3,10,78865.54,2,0,1,56651.34,0
17413,Male,Delhi,59.4,10,96368.24,2,1,1,95770.29,0
17414,Female,Bangalore,36.7,9,50940.0,1,1,0,81780.07,0
17415,Female,Pune,51.0,6,76148.4,1,0,0,53055.83,0
17416,Female,Mumbai,56.3,5,92972.33,2,1,0,61652.64,0
17417,Male,Bangalore,42.5,5,44138.9,1,0,1,68782.26,0
17418,Male,Hyderabad,43.2,7,78724.38,2,1,0,97652.05,0
17419,Male,Hyderabad,61.6,5,80146.94,1,1,1,105534.42,0
17420,Female,Delhi,24.3,1,9314.93,1,1,0,45889.75,0
17421,Male,Bangalore,24.1,6,51609.73,2,0,1,123620.24,0
17422,Female,Hyderabad,49.8,9,37113.24,2,0,0,100445.15,0
17423,Male,Pune,35.1,3,52204.07,1,1,0,72387.82,0
17424,Male,Hyderabad,50.3,10,54582.62,1,1,1,68648.32,0
17425,Male,Mumbai,39.3,10,64066.03,1,0,0,97498.62,0
17426,Male,Delhi,50.0,2,87665.97,1,0,0,113303.37,0
17427,Male,Pune,29.4,7,95492.06,2,1,1,142291.06,0
17428,Male,Chennai,47.4,9,69371.31,1,1,1,92635.98,0
17429,Female,Mumbai,34.0,4,97448.05,2,1,0,133237.62,0
17430,Female,Hyderabad,48.6,3,85758.01,1,1,0,123853.76,0
17431,Male,Kolkata,68.4,10,62863.62,2,1,0,119623.12,0
17432,Male,Delhi,30.3,3,101649.55,4,1,0,91535.94,0
17433,Male,Mumbai,35.8,4,66674.01,1,1,1,92980.4,1
17434,Male,Hyderabad,38.5,3,71191.77,2,0,1,115002.92,0
17435,Male,Mumbai,43.9,2,40800.12,1,0,1,75234.68,0
17436,Female,Mumbai,18.0,3,73999.26,1,1,1,145154.1,0
17437,Male,Kolkata,40.4,9,75547.01,1,1,1,113121.91,0
17438,Male,Hyderabad,40.1,4,86654.36,1,0,1,37390.1,0
17439,Male,Kolkata,37.5,1,59369.94,2,1,1,64500.81,0
17440,Male,Bangalore,43.5,6,46804.48,2,0,0,112208.81,0
17441,Female,Delhi,44.2,4,75231.27,2,1,1,134924.23,0
17442,Male,Delhi,44.1,8,83486.57,2,0,0,136299.79,0
17443,Male,Mumbai,27.1,5,56565.59,1,1,0,89505.73,1
17444,Female,Pune,37.0,10,43990.83,2,1,0,92278.01,0
17445,Male,Delhi,36.5,0,54694.06,2,1,1,95415.6,0
17446,Female,Bangalore,46.3,8,104689.04,2,1,1,130708.14,0
17447,Female,Pune,28.4,4,40656.71,1,0,0,52811.73,0
17448,Male,Mumbai,42.3,8,39983.28,1,1,0,113720.6,0
17449,Female,Delhi,59.3,0,111710.15,1,1,1,148376.89,0
17450,Male,Delhi,18.0,1,61083.36,1,1,0,116108.75,0
17451,Female,Delhi,38.0,2,34426.57,1,1,1,73200.49,0
17452,Male,Pune,18.0,4,29656.88,2,1,0,96781.99,0
17453,Male,Bangalore,40.0,5,79347.61,2,0,0,122504.29,1
17454,Female,Delhi,50.0,4,73380.89,1,1,1,62705.64,1
17455,Female,Pune,33.9,0,79550.54,1,0,0,62203.6,0
17456,Female,Mumbai,51.1,3,43465.04,2,1,1,15000.0,0
17457,Female,Pune,40.1,5,35311.33,1,1,0,135617.84,0
17458,Male,Mumbai,44.8,3,78472.9,2,0,0,111574.59,0
17459,Male,Hyderabad,33.8,3,38854.73,1,1,1,110087.68,0
17460,Male,Mumbai,46.4,4,60876.41,4,1,1,70404.95,0
17461,Male,Delhi,60.2,7,42868.94,1,1,0,37938.98,0
17462,Male,Kolkata,24.0,4,106203.58,2,1,1,58269.79,0
17463,Female,Mumbai,53.3,6,88059.11,1,1,0,50911.06,1
17464,Male,Hyderabad,24.5,7,130872.32,1,1,0,133543.24,0
17465,Male,Mumbai,21.8,5,80967.68,1,1,1,15000.0,0
17466,Male,Pune,25.2,5,72830.27,1,0,1,87721.07,0
17467,Female,Hyderabad,39.5,1,81993.86,2,1,1,84960.34,0
17468,Female,Kolkata,55.2,9,25670.03,2,1,0,126221.59,0
17469,Female,Pune,18.0,4,20429.3,1,0,1,43261.43,0
17470,Male,Mumbai,51.9,0,82785.97,1,1,0,23941.69,0
17471,Female,Mumbai,38.2,8,50477.02,1,0,0,191013.8,0
17472,Male,Delhi,26.8,6,64986.92,2,1,0,99588.47,0
17473,Female,Chennai,47.1,1,24278.71,2,0,0,43900.97,0
17474,Female,Mumbai,34.3,5,52033.87,2,1,1,107091.38,0
17475,Male,Hyderabad,67.1,9,55966.18,2,1,1,31566.35,0
17476,Female,Pune,46.0,8,88121.64,3,0,0,89420.81,0
17477,Female,Mumbai,40.7,4,68325.97,1,0,1,148428.62,0
17478,Male,Kolkata,47.8,2,30498.57,4,0,1,42638.3,1
17479,Female,Chennai,56.1,10,51983.94,1,1,1,100362.8,0
17480,Male,Kolkata,57.3,9,92731.51,1,1,0,74420.83,0
17481,Male,Mumbai,51.1,10,53714.15,2,1,0,48797.57,0
17482,Male,Bangalore,56.5,3,87512.6,1,0,0,46943.91,1
17483,Male,Chennai,54.4,2,51328.09,2,0,1,78378.95,0
17484,Female,Delhi,50.9,0,73371.89,1,1,0,110164.78,0
17485,Male,Bangalore,35.3,9,66468.73,3,1,0,77512.58,0
17486,Female,Bangalore,55.1,10,62293.46,1,1,1,47432.5,0
17487,Male,Mumbai,34.9,6,32202.61,2,1,1,82749.7,0
17488,Male,Kolkata,43.2,7,24663.51,2,0,1,15000.0,0
17489,Female,Mumbai,35.5,1,71083.05,1,0,1,29755.2,0
17490,Female,Hyderabad,48.1,7,65926.48,1,0,0,121544.21,0
17491,Male,Hyderabad,55.4,8,51677.3,1,0,0,49626.67,0
17492,Male,Pune,35.1,6,43134.07,2,1,1,122883.44,0
17493,Male,Pune,23.1,10,98463.03,3,1,1,167519.99,1
17494,Female,Bangalore,52.1,0,89761.11,1,1,0,91748.28,0
17495,Female,Bangalore,52.4,3,83653.54,1,1,1,93182.19,0
17496,Male,Mumbai,58.8,6,105305.3,2,1,1,110743.56,0
17497,Male,Mumbai,50.7,5,37533.35,1,1,0,87404.55,0
17498,Female,Hyderabad,51.0,10,71890.91,1,0,1,124198.94,0
17499,Male,Hyderabad,31.4,7,30258.55,2,0,1,102456.31,0
17500,Female,Delhi,48.8,5,54938.24,1,1,1,92816.33,0
17501,Female,Pune,65.8,9,57248.35,1,1,1,78088.13,1
17502,Female,Delhi,33.4,5,48009.07,2,1,0,155741.49,1
17503,Male,Mumbai,25.4,9,64002.08,1,0,1,34229.52,0
17504,Male,Mumbai,41.7,5,118772.66,2,0,0,85056.71,0
17505,Female,Mumbai,51.2,6,71538.73,1,1,0,100006.87,0
17506,Male,Chennai,42.6,4,89500.93,1,1,1,65560.68,1
17507,Male,Bangalore,61.4,10,67581.49,2,1,1,55274.33,0
17508,Male,Pune,29.7,8,23131.16,1,1,1,78724.66,1
17509,Female,Mumbai,21.8,6,49232.42,1,1,0,120231.43,0
17510,Female,Chennai,57.1,0,51623.46,2,1,0,112216.59,1
17511,Female,Mumbai,23.1,10,63938.29,1,1,1,81268.57,0
17512,Female,Kolkata,43.8,8,80112.32,2,1,0,51621.73,0
17513,Male,Hyderabad,56.8,10,86537.13,1,1,0,29552.54,0
17514,Male,Bangalore,42.6,5,73720.69,1,1,0,81090.58,1
17515,Female,Bangalore,31.6,10,91512.17,1,1,0,90103.36,0
17516,Female,Bangalore,55.3,7,48688.43,2,1,1,134646.74,0
17517,Male,Delhi,42.0,8,79036.62,2,1,0,18302.5,0
17518,Male,Pune,37.3,10,77512.36,1,0,0,118965.8,0
17519,Female,Mumbai,59.7,10,87523.88,1,0,1,110985.36,0
17520,Male,Mumbai,35.5,1,46674.39,2,1,1,63114.42,0
17521,Male,Delhi,32.8,1,111032.08,1,1,0,29042.86,0
17522,Female,Mumbai,29.2,4,45306.18,2,1,0,92109.54,1
17523,Female,Pune,54.6,4,53410.46,2,1,1,139774.03,0
17524,Female,Chennai,45.1,9,83650.33,1,1,0,15000.0,0
17525,Male,Chennai,34.2,9,25753.69,3,1,1,153553.24,0
17526,Female,Bangalore,22.7,1,41654.64,2,1,1,150494.45,0
17527,Female,Mumbai,56.9,9,67162.62,1,1,1,92234.83,0
17528,Female,Delhi,34.3,3,19417.13,1,1,1,41365.11,0
17529,Female,Mumbai,18.2,8,45074.19,1,1,1,114139.48,0
17530,Male,Bangalore,41.0,3,67201.04,2,1,1,18000.35,0
17531,Male,Chennai,52.4,0,44434.36,1,1,0,44770.21,0
17532,Male,Chennai,48.6,4,109549.22,1,1,1,109849.46,0
17533,Male,Pune,40.1,1,83128.99,1,0,1,94090.18,1
17534,Female,Mumbai,34.7,5,76278.26,1,1,0,51966.24,0
17535,Female,Mumbai,40.1,0,68508.42,2,1,1,111948.26,0
17536,Female,Delhi,55.3,6,84169.49,2,1,0,99214.34,0
17537,Female,Chennai,18.0,6,66445.41,2,1,1,66938.44,0
17538,Male,Hyderabad,28.6,3,40219.63,2,0,0,72800.87,0
17539,Male,Pune,38.9,8,73544.98,2,1,0,77661.03,0
17540,Male,Mumbai,18.0,2,47108.82,2,0,0,15000.0,0
17541,Male,Hyderabad,37.4,4,75708.71,2,1,1,115959.81,1
17542,Male,Kolkata,25.3,4,72384.78,1,1,0,105961.7,0
17543,Female,Pune,45.7,7,49216.97,1,1,0,69147.88,0
17544,Female,Mumbai,33.1,9,116461.61,1,1,1,86938.53,0
17545,Male,Mumbai,35.2,9,96864.65,1,1,1,74253.31,0
17546,Male,Mumbai,32.3,3,63626.64,3,1,1,126709.45,0
17547,Female,Pune,48.1,0,77685.68,2,1,1,60292.54,0
17548,Male,Chennai,39.2,10,73352.21,2,0,1,108299.6,0
17549,Female,Kolkata,51.4,4,51476.17,1,0,1,69959.78,0
17550,Female,Mumbai,54.5,0,79279.46,2,1,1,106642.86,1
17551,Male,Hyderabad,36.6,2,60083.66,1,1,1,69737.73,0
17552,Male,Delhi,31.6,5,29910.13,2,1,1,75860.43,0
17553,Female,Kolkata,35.0,0,52214.81,2,0,1,45255.5,0
17554,Male,Delhi,71.9,9,52365.42,1,0,0,99095.8,0
17555,Female,Delhi,40.1,2,16631.45,2,0,1,70198.19,0
17556,Male,Hyderabad,37.9,6,98374.93,2,1,0,110011.25,0
17557,Male,Mumbai,42.6,1,51855.34,2,1,0,132585.92,0
17558,Female,Chennai,46.6,5,55562.96,1,1,1,90458.61,0
17559,Female,Mumbai,41.2,6,121272.11,2,1,0,37996.59,0
17560,Female,Chennai,61.3,1,40633.21,1,0,1,60299.43,1
17561,Female,Bangalore,42.8,10,62638.97,2,1,0,120013.43,0
17562,Female,Bangalore,38.2,10,25265.68,1,1,0,100553.35,0
17563,Male,Delhi,51.5,4,48997.11,2,0,1,54639.06,0
17564,Female,Bangalore,40.1,9,51967.7,1,1,1,135744.6,0
17565,Female,Delhi,46.5,9,93000.48,1,1,0,120465.06,0
17566,Female,Delhi,35.6,0,44150.87,2,1,0,119399.72,0
17567,Female,Delhi,55.4,2,86260.6,1,1,1,74170.59,0
17568,Male,Delhi,56.4,0,132501.48,2,0,1,169609.03,0
17569,Female,Delhi,37.9,2,108756.51,2,0,0,83378.71,0
17570,Male,Hyderabad,29.6,3,0.0,1,0,1,106794.81,0
17571,Male,Pune,18.0,4,77353.84,1,1,1,91514.47,0
17572,Female,Mumbai,42.7,3,104284.6,1,1,0,15000.0,1
17573,Male,Delhi,18.0,3,44296.56,1,1,1,68376.03,0
17574,Female,Mumbai,39.0,8,62870.16,1,1,1,99845.44,0
17575,Male,Hyderabad,33.3,8,57175.59,2,1,1,120204.04,0
17576,Male,Pune,46.7,8,88867.02,1,1,0,15575.71,0
17577,Female,Delhi,39.8,10,53085.26,3,0,1,73675.79,0
17578,Female,Delhi,33.2,4,112777.25,2,1,0,123977.35,0
17579,Female,Delhi,50.2,10,95730.71,2,1,0,48805.62,0
17580,Female,Delhi,40.1,4,25791.91,1,1,0,89840.24,0
17581,Female,Hyderabad,46.8,1,26102.94,2,0,1,81800.43,0
17582,Male,Mumbai,64.7,5,70248.89,1,1,0,80468.61,0
17583,Male,Chennai,51.6,1,59638.17,1,1,0,48820.77,0
17584,Male,Chennai,35.1,9,63114.26,1,1,0,108330.21,0
17585,Female,Hyderabad,27.8,4,50763.83,1,1,0,67432.1,1
17586,Female,Delhi,51.2,10,38428.31,1,0,1,74561.91,0
17587,Male,Chennai,25.3,4,65676.14,1,1,0,131830.94,0
17588,Female,Mumbai,40.1,3,76784.09,2,0,1,70855.31,0
17589,Female,Chennai,48.7,4,91022.16,3,0,1,113190.92,1
17590,Male,Mumbai,27.9,6,95098.74,2,1,1,47654.56,0
17591,Male,Delhi,27.2,9,66033.59,1,1,0,133825.2,0
17592,Female,Delhi,24.2,1,73929.08,1,1,0,59079.52,0
17593,Female,Bangalore,59.1,0,23049.16,1,1,1,58811.6,0
17594,Female,Delhi,60.4,3,82939.11,2,1,1,79077.46,1
17595,Male,Pune,60.2,6,98469.33,1,0,0,81026.2,1
17596,Female,Pune,61.8,0,81378.27,1,1,0,165818.13,0
17597,Male,Mumbai,32.4,3,63800.1,1,0,0,64824.35,0
17598,Male,Delhi,18.2,5,41047.9,2,1,1,83494.15,0
17599,Female,Delhi,60.4,5,41107.11,2,1,1,76942.49,0
17600,Male,Pune,51.2,0,60170.92,2,1,1,82296.17,0
17601,Female,Mumbai,50.2,6,76468.79,2,0,1,142555.42,0
17602,Male,Mumbai,27.5,4,13257.32,1,1,0,86535.59,0
17603,Female,Chennai,41.2,5,31923.35,1,1,1,54947.38,0
17604,Female,Chennai,41.9,0,88481.97,1,1,0,40037.69,0
17605,Male,Mumbai,39.2,6,108191.38,1,1,0,154202.59,1
17606,Female,Bangalore,29.8,3,60626.9,1,1,0,92384.8,0
17607,Male,Kolkata,18.0,2,81387.05,1,1,1,85056.71,0
17608,Female,Mumbai,31.0,10,62109.33,1,1,0,101150.72,0
17609,Male,Pune,18.0,3,68085.5,3,1,1,72335.98,0
17610,Male,Bangalore,35.0,8,37604.65,2,1,1,76019.3,0
17611,Male,Mumbai,32.6,4,78910.9,2,0,1,71205.6,0
17612,Male,Pune,26.0,4,46442.21,1,1,1,56991.95,0
17613,Female,Delhi,44.8,7,71095.04,1,1,1,78966.42,0
17614,Male,Delhi,35.9,6,83816.98,1,1,1,80284.62,0
17615,Male,Delhi,36.7,2,80699.01,1,0,1,15000.0,0
17616,Male,Chennai,40.1,0,44835.5,2,1,1,102929.45,0
17617,Male,Bangalore,36.1,10,71752.45,1,0,1,60079.54,0
17618,Female,Mumbai,45.4,1,50622.54,1,1,1,137531.94,0
17619,Female,Delhi,27.0,2,83489.38,2,1,0,130198.67,0
17620,Male,Bangalore,43.1,10,85900.97,1,1,0,92838.65,1
17621,Female,Hyderabad,38.8,0,84508.59,2,1,1,15000.0,0
17622,Female,Chennai,41.1,0,102446.44,1,1,1,124690.54,0
17623,Male,Pune,25.3,7,78413.87,2,0,1,91049.63,0
17624,Female,Bangalore,26.4,7,103874.56,2,1,1,47525.24,0
17625,Female,Mumbai,35.8,1,83756.33,2,1,1,123804.25,0
17626,Female,Pune,56.0,7,48238.83,1,1,0,15000.0,0
17627,Female,Chennai,22.7,10,71811.67,2,0,0,74888.9,0
17628,Male,Delhi,60.2,1,92637.63,3,1,1,142338.34,0
17629,Female,Hyderabad,31.5,10,94510.26,2,1,1,109673.31,0
17630,Female,Kolkata,41.0,4,55424.51,2,1,1,92135.8,0
17631,Female,Pune,52.0,0,55123.29,2,1,1,83807.33,0
17632,Female,Pune,35.7,8,81826.7,2,1,1,87222.87,0
17633,Male,Mumbai,37.1,3,47135.19,3,1,0,145501.13,0
17634,Female,Delhi,57.4,9,61580.91,2,0,1,15000.0,0
17635,Female,Pune,53.2,10,69413.32,1,1,0,103340.51,1
17636,Male,Mumbai,48.4,1,62979.71,1,0,1,82901.27,1
17637,Male,Chennai,38.2,0,87254.3,2,1,0,90949.95,0
17638,Female,Pune,39.1,5,85437.9,1,0,0,20173.23,0
17639,Male,Hyderabad,27.1,10,70673.02,2,1,1,96070.28,0
17640,Male,Mumbai,36.6,7,38647.55,1,1,0,53092.82,0
17641,Male,Kolkata,40.8,3,101609.6,2,0,0,121357.92,1
17642,Male,Chennai,39.6,0,47621.54,2,1,0,64553.84,0
17643,Male,Delhi,43.6,0,52783.3,2,1,1,17469.38,0
17644,Male,Delhi,53.3,5,45790.06,1,1,1,34061.46,0
17645,Male,Delhi,21.9,1,28917.95,2,1,1,57848.06,0
17646,Female,Hyderabad,32.4,4,90846.61,2,1,1,121159.95,0
17647,Female,Chennai,53.7,1,111355.26,1,1,0,69665.02,0
17648,Male,Pune,40.1,8,34262.98,2,0,1,109621.07,0
17649,Male,Hyderabad,27.1,1,20047.71,1,1,1,48190.93,0
17650,Female,Mumbai,32.5,4,69182.53,1,0,1,116165.7,1
17651,Male,Delhi,24.3,3,74150.85,2,1,0,112468.63,0
17652,Male,Mumbai,18.0,10,12045.88,2,1,0,104078.16,0
17653,Male,Kolkata,40.1,0,39368.87,2,0,0,72303.63,0
17654,Female,Pune,47.1,9,98350.35,1,1,1,72434.31,1
17655,Female,Pune,36.4,8,80506.57,1,1,0,60133.2,0
17656,Female,Bangalore,36.5,2,98150.69,4,1,0,103460.94,1
17657,Female,Hyderabad,38.7,9,39142.0,1,1,1,90780.79,0
17658,Female,Hyderabad,33.2,7,65135.09,1,1,0,123095.32,0
17659,Male,Delhi,39.5,3,63602.03,4,0,1,27863.1,0
17660,Female,Kolkata,56.6,10,92065.71,2,1,0,87751.0,0
17661,Male,Delhi,30.1,8,49260.67,1,0,1,111920.55,0
17662,Female,Bangalore,36.6,4,52402.84,2,0,1,84959.8,0
17663,Female,Mumbai,38.5,1,77838.99,3,0,0,62252.4,0
17664,Female,Pune,33.2,7,84708.35,2,1,0,88603.72,0
17665,Male,Delhi,40.8,3,53707.12,1,1,0,111030.81,0
17666,Male,Delhi,18.0,1,70935.54,1,1,0,104873.58,0
17667,Female,Kolkata,46.9,5,88630.01,1,0,0,113640.33,0
17668,Female,Mumbai,28.3,0,72963.45,1,1,1,66545.45,0
17669,Female,Pune,29.9,7,53996.33,1,0,1,82865.12,0
17670,Male,Hyderabad,38.0,8,72662.52,2,1,1,134209.01,1
17671,Female,Mumbai,23.3,6,81328.87,1,1,1,21183.98,0
17672,Female,Delhi,56.0,8,67087.99,2,1,0,168920.97,0
17673,Female,Delhi,30.1,1,78454.84,4,1,0,39442.52,0
17674,Female,Mumbai,71.6,10,88977.98,1,0,0,76198.63,0
17675,Female,Kolkata,47.6,0,75545.14,1,1,1,54677.2,0
17676,Female,Delhi,33.2,6,86685.51,2,1,1,95570.76,0
17677,Female,Bangalore,36.3,3,61005.92,1,1,0,85056.71,0
17678,Male,Delhi,41.8,9,53080.25,2,0,1,104337.15,0
17679,Male,Chennai,60.4,7,100570.36,1,0,0,90855.31,1
17680,Male,Bangalore,51.4,2,9104.56,1,0,0,68049.59,0
17681,Female,Mumbai,50.5,6,75603.31,2,0,0,93439.32,1
17682,Female,Delhi,36.3,6,57479.24,1,1,0,113839.37,0
17683,Female,Hyderabad,33.2,10,82144.44,2,1,0,70418.85,0
17684,Female,Bangalore,47.6,9,35485.65,2,1,0,83783.51,0
17685,Male,Delhi,56.0,8,74167.44,1,1,1,84764.54,0
17686,Female,Chennai,38.3,10,79829.6,2,1,1,99613.55,0
17687,Female,Chennai,31.8,3,75056.34,2,1,1,83197.8,0
17688,Male,Mumbai,27.6,9,43265.28,2,1,0,118185.7,0
17689,Male,Bangalore,19.9,0,50016.84,1,1,1,50022.45,0
17690,Female,Hyderabad,34.6,6,82581.12,1,1,1,76539.49,1
17691,Male,Mumbai,36.9,9,62375.35,1,0,1,69934.85,0
17692,Female,Hyderabad,39.8,5,15129.68,1,1,0,118293.58,0
17693,Male,Delhi,46.5,10,53150.7,1,1,0,93087.04,0
17694,Female,Pune,34.4,0,94642.83,2,1,1,84790.74,0
17695,Female,Mumbai,61.5,8,61388.61,2,1,1,126008.64,0
17696,Female,Pune,26.3,9,32030.97,1,1,1,117928.34,0
17697,Male,Bangalore,48.2,7,56098.65,2,1,0,51083.04,0
17698,Female,Mumbai,40.1,9,64567.54,2,1,1,54476.92,0
17699,Male,Chennai,29.8,3,46279.25,1,0,1,111604.59,0
17700,Male,Chennai,43.4,4,98697.81,1,0,0,29038.51,0
17701,Female,Delhi,52.5,7,57524.42,2,1,1,91172.6,0
17702,Female,Hyderabad,36.6,1,59421.77,2,1,0,99570.46,0
17703,Female,Hyderabad,41.0,5,61185.12,2,1,0,116817.73,0
17704,Male,Hyderabad,55.2,9,19889.78,2,1,0,37302.21,0
17705,Male,Delhi,25.3,1,74432.09,2,1,1,77327.07,0
17706,Male,Mumbai,49.2,10,50228.67,1,1,0,47077.82,0
17707,Female,Pune,31.7,7,4001.56,4,0,0,74423.63,0
17708,Female,Delhi,42.9,4,27521.42,1,0,1,101372.08,0
17709,Female,Mumbai,46.5,9,63706.24,2,1,1,57448.59,1
17710,Female,Mumbai,25.9,2,95746.83,1,1,0,85056.71,1
17711,Male,Mumbai,31.0,1,82952.07,1,1,1,77284.05,0
17712,Male,Chennai,48.0,3,78883.43,3,1,0,34490.47,0
17713,Male,Chennai,36.9,7,67545.38,1,1,1,76537.25,0
17714,Male,Mumbai,31.4,0,74560.48,2,0,0,108142.32,0
17715,Male,Mumbai,42.3,9,67459.88,2,0,1,115658.17,0
17716,Male,Bangalore,27.0,2,46590.96,1,1,1,157072.95,0
17717,Male,Bangalore,25.8,0,47534.05,1,1,1,82124.33,0
17718,Female,Delhi,18.0,1,65375.92,1,1,0,44229.06,0
17719,Male,Delhi,44.3,9,45910.57,3,1,1,70171.56,0
17720,Female,Pune,40.4,10,22896.85,2,1,1,57027.12,0
17721,Female,Chennai,46.5,6,79999.0,2,1,1,79127.93,0
17722,Female,Pune,54.7,0,75961.43,1,0,0,76729.52,0
17723,Male,Kolkata,37.1,8,22352.71,1,1,0,134494.75,0
17724,Female,Mumbai,39.2,7,34209.22,4,0,0,34077.79,0
17725,Female,Mumbai,44.1,0,73431.6,3,1,0,94528.94,0
17726,Male,Mumbai,33.2,9,36351.1,2,1,0,48577.4,0
17727,Male,Bangalore,22.5,0,65689.93,2,0,0,102209.44,0
17728,Male,Mumbai,26.2,1,86041.8,2,1,1,111841.02,0
17729,Female,Pune,39.5,1,53460.61,1,0,1,85056.71,0
17730,Female,Bangalore,52.0,5,81543.15,1,1,0,50575.1,0
17731,Female,Mumbai,58.8,0,52366.32,2,1,0,113850.0,0
17732,Male,Pune,36.6,3,56756.45,3,0,1,61719.2,0
17733,Male,Kolkata,42.0,6,75403.55,1,0,1,99837.72,0
17734,Female,Delhi,62.4,8,81809.28,2,1,1,60482.74,0
17735,Male,Delhi,46.2,9,33651.07,2,0,1,87769.77,0
17736,Female,Delhi,41.6,2,32035.58,2,0,1,93469.49,0
17737,Female,Kolkata,42.5,3,26877.27,2,1,1,139448.95,0
17738,Male,Delhi,47.0,4,106914.22,2,1,0,20612.75,0
17739,Female,Chennai,25.4,4,54115.03,2,0,1,140722.31,0
17740,Male,Chennai,49.1,1,47530.53,1,0,0,60388.27,0
17741,Female,Chennai,45.3,4,72303.63,1,1,1,59619.31,0
17742,Male,Pune,53.1,9,23617.53,1,1,1,55232.8,0
17743,Female,Chennai,45.9,0,55643.67,1,1,0,158727.35,1
17744,Male,Mumbai,52.3,6,65177.61,1,0,1,88201.53,0
17745,Male,Mumbai,28.9,4,40701.24,2,1,1,71109.8,0
17746,Female,Bangalore,32.8,5,36098.16,1,1,1,59301.41,0
17747,Male,Hyderabad,41.8,8,55570.74,1,1,0,80453.83,1
17748,Female,Kolkata,31.0,2,52732.77,1,1,0,21676.46,0
17749,Male,Mumbai,50.3,0,52018.87,2,1,0,81520.95,0
17750,Female,Delhi,23.0,7,27667.37,2,1,0,99823.01,0
17751,Male,Bangalore,38.1,1,27482.99,1,1,1,74856.48,0
17752,Female,Kolkata,33.2,1,96462.32,2,1,1,121640.35,1
17753,Male,Kolkata,31.1,9,32239.18,1,0,1,63032.88,0
17754,Male,Hyderabad,23.5,3,59836.46,1,1,0,75510.41,0
17755,Male,Delhi,40.5,4,60895.35,1,0,1,49284.14,0
17756,Female,Delhi,39.0,0,53001.64,1,0,0,120497.56,0
17757,Male,Mumbai,62.9,10,60922.56,1,0,1,51810.32,0
17758,Female,Mumbai,69.9,2,56092.88,1,1,1,134582.59,1
17759,Female,Bangalore,27.2,10,54619.24,2,1,1,60921.46,0
17760,Male,Mumbai,18.0,7,91336.18,1,1,0,108587.37,0
17761,Female,Mumbai,25.6,5,41166.15,2,0,1,60184.03,0
17762,Male,Delhi,39.3,2,49111.2,2,0,0,44816.47,0
17763,Male,Mumbai,53.5,6,87819.12,1,1,1,90717.33,0
17764,Female,Mumbai,34.2,10,50245.0,2,1,0,38208.65,0
17765,Female,Delhi,46.9,5,53792.37,1,1,0,165231.13,0
17766,Female,Mumbai,30.4,4,49916.14,1,1,0,93593.57,0
17767,Male,Hyderabad,34.2,7,91205.01,1,0,1,84635.1,0
17768,Male,Mumbai,42.0,7,87200.77,1,1,1,15000.0,0
17769,Male,Bangalore,39.9,2,35350.97,2,1,1,93791.97,0
17770,Female,Mumbai,39.6,7,100337.82,2,1,1,111790.89,0
17771,Female,Mumbai,27.0,9,10869.15,2,1,0,63871.78,0
17772,Female,Pune,54.7,8,23121.4,1,1,1,85056.71,0
17773,Male,Hyderabad,40.1,9,25409.41,1,1,0,97214.86,0
17774,Male,Mumbai,54.8,2,37434.99,2,1,1,139560.71,0
17775,Male,Pune,31.9,10,54199.83,2,1,0,43532.43,0
17776,Male,Kolkata,41.4,7,38201.53,1,0,0,125033.94,0
17777,Male,Delhi,33.7,7,34763.38,2,0,0,110935.32,0
17778,Female,Delhi,28.3,6,76548.27,2,1,1,37954.82,0
17779,Female,Delhi,43.4,7,55890.89,1,1,1,19890.77,0
17780,Female,Mumbai,18.0,0,83334.27,2,1,1,51575.01,0
17781,Male,Delhi,50.2,2,86544.74,2,1,0,69731.05,1
17782,Male,Hyderabad,26.0,5,67391.76,2,1,1,37845.95,0
17783,Female,Hyderabad,36.2,6,80821.54,3,0,0,97287.48,0
17784,Male,Kolkata,18.0,6,58672.43,3,1,1,45667.67,1
17785,Male,Bangalore,61.7,10,32264.61,3,1,0,102997.31,0
17786,Female,Hyderabad,47.9,5,28104.59,1,0,1,72434.06,0
17787,Male,Hyderabad,41.0,10,14831.28,1,1,0,76042.84,0
17788,Female,Hyderabad,31.7,3,82384.31,2,1,0,124181.28,0
17789,Male,Delhi,27.2,4,67007.32,2,1,1,122802.73,0
17790,Female,Bangalore,37.6,8,0.0,1,1,0,109682.67,0
17791,Female,Bangalore,43.6,0,79208.48,2,0,1,42189.79,0
17792,Male,Chennai,37.2,1,64723.28,2,0,0,45078.05,0
17793,Male,Mumbai,46.4,4,40437.06,1,1,1,64283.43,0
17794,Female,Mumbai,62.3,4,40118.8,2,1,0,150637.32,0
17795,Female,Hyderabad,27.1,6,56083.75,1,1,0,85056.71,0
17796,Male,Hyderabad,42.8,7,92900.39,4,1,0,85056.71,0
17797,Female,Chennai,60.9,9,64129.78,1,1,0,35670.34,0
17798,Male,Mumbai,36.3,5,45187.17,1,1,1,106119.77,0
17799,Male,Bangalore,38.3,5,118686.13,1,1,0,56738.5,0
17800,Male,Kolkata,45.5,4,87912.17,1,1,1,101956.76,0
17801,Male,Delhi,48.1,4,87454.39,1,1,0,52569.73,0
17802,Male,Hyderabad,52.6,10,89175.9,2,1,1,61746.96,0
17803,Female,Hyderabad,41.3,7,94545.25,1,1,0,79793.25,0
17804,Male,Kolkata,30.5,4,75517.39,2,0,1,58921.75,0
17805,Male,Pune,46.7,5,65508.93,1,1,1,46919.32,0
17806,Male,Mumbai,28.4,2,67668.01,1,1,1,67522.92,0
17807,Female,Chennai,44.0,4,30485.1,2,1,1,92097.83,0
17808,Female,Chennai,40.9,8,8971.92,1,1,0,15000.0,0
17809,Male,Delhi,40.6,2,82733.69,2,1,1,91767.11,0
17810,Male,Delhi,39.0,7,110498.13,1,1,0,24569.6,0
17811,Male,Mumbai,52.0,10,55544.97,2,1,1,96059.58,1
17812,Male,Hyderabad,47.4,6,99697.55,2,1,0,162397.6,0
17813,Male,Pune,48.3,3,103383.44,1,1,0,77979.45,0
17814,Male,Kolkata,34.4,4,52098.33,2,1,1,91715.53,0
17815,Male,Delhi,20.3,7,95230.06,1,1,1,44680.54,0
17816,Female,Delhi,35.2,9,80818.3,1,1,0,76878.09,0
17817,Male,Delhi,45.2,6,56875.65,2,0,1,27430.3,0
17818,Male,Mumbai,40.4,9,78294.72,2,0,1,123975.5,1
17819,Female,Mumbai,34.8,9,72151.15,2,1,1,41865.0,0
17820,Female,Pune,42.7,1,15921.33,2,1,0,78837.84,0
17821,Male,Bangalore,36.8,7,127223.56,2,1,0,144969.67,0
17822,Male,Kolkata,40.6,7,38147.57,1,1,1,78238.44,0
17823,Male,Delhi,18.0,8,69899.09,2,1,1,79591.05,0
17824,Female,Hyderabad,49.2,1,110860.82,1,1,1,95885.76,0
17825,Male,Chennai,47.4,3,58196.49,1,1,0,135239.37,1
17826,Female,Delhi,40.1,1,46448.46,1,1,1,73268.74,0
17827,Male,Delhi,31.5,3,68246.61,2,1,0,142209.08,0
17828,Male,Hyderabad,34.0,2,56353.59,1,1,0,98789.36,1
17829,Female,Kolkata,42.1,6,95594.68,2,1,0,109517.25,0
17830,Male,Pune,39.6,4,44094.27,1,0,0,114902.37,0
17831,Male,Bangalore,59.0,6,50697.54,2,1,1,85056.71,0
17832,Male,Hyderabad,35.1,1,62787.65,2,1,1,75584.7,0
17833,Male,Hyderabad,38.2,3,32787.17,2,0,1,78069.93,0
17834,Female,Delhi,33.3,5,51214.6,1,1,0,57347.08,0
17835,Male,Mumbai,58.3,4,51425.18,1,0,1,50426.63,0
17836,Male,Delhi,45.8,10,33310.75,1,1,0,70005.82,0
17837,Female,Delhi,58.9,1,49489.14,1,1,1,73757.57,0
17838,Female,Bangalore,75.0,6,83492.07,2,0,1,64046.78,0
17839,Male,Chennai,30.8,1,14972.68,1,0,1,49437.29,0
17840,Female,Delhi,52.9,8,90365.27,1,1,1,107537.04,0
17841,Female,Bangalore,36.9,6,51889.0,1,0,1,144330.84,0
17842,Male,Pune,31.7,2,73175.18,1,1,0,154608.83,0
17843,Male,Delhi,22.4,5,90058.62,1,0,1,108031.5,0
17844,Male,Bangalore,65.5,4,41515.19,2,1,0,30561.18,0
17845,Female,Mumbai,52.0,8,76249.74,4,0,1,149144.04,1
17846,Female,Mumbai,37.3,2,32267.6,2,1,1,105867.11,0
17847,Female,Chennai,47.5,1,30056.88,1,0,1,118197.72,0
17848,Female,Pune,18.3,1,58855.55,2,1,1,132837.37,0
17849,Male,Hyderabad,38.9,3,60996.84,2,1,0,138090.85,0
17850,Male,Delhi,30.9,0,89115.08,2,0,0,88379.72,0
17851,Male,Delhi,57.3,8,28123.33,2,1,1,54697.32,0
17852,Female,Mumbai,58.2,2,79758.88,2,1,0,129440.44,0
17853,Female,Delhi,50.7,4,54572.57,1,1,0,15000.0,0
17854,Male,Kolkata,51.4,1,61458.15,1,1,1,52354.33,0
17855,Female,Delhi,32.2,7,11359.96,1,1,0,149088.43,0
17856,Male,Kolkata,48.6,10,59196.84,1,1,0,61658.36,0
17857,Male,Hyderabad,23.4,10,83382.86,2,0,1,143618.76,1
17858,Male,Pune,21.8,2,56957.69,2,1,0,59314.8,0
17859,Male,Chennai,38.7,4,55406.24,2,1,0,39965.87,1
17860,Male,Delhi,46.4,6,110793.91,1,1,1,93901.4,0
17861,Male,Hyderabad,47.2,1,63250.92,2,1,1,113941.0,0
17862,Male,Mumbai,24.9,2,19890.77,1,1,0,68880.45,0
17863,Male,Mumbai,21.4,7,25087.22,2,0,1,98716.02,0
17864,Female,Bangalore,34.6,9,101245.6,1,1,0,97009.58,0
17865,Male,Hyderabad,29.5,7,51841.32,2,1,1,95859.13,0
17866,Female,Mumbai,47.3,2,84638.57,2,0,0,187357.61,0
17867,Male,Kolkata,27.8,9,54979.52,1,1,0,63252.07,0
17868,Male,Hyderabad,63.3,6,74415.95,2,0,1,98840.93,1
17869,Male,Hyderabad,44.3,10,53183.79,2,1,0,63485.95,0
17870,Male,Chennai,38.2,1,60923.63,1,1,1,46400.84,0
17871,Female,Kolkata,26.2,8,75910.31,2,1,0,81241.31,0
17872,Male,Delhi,24.1,7,33118.12,2,1,0,27575.09,0
17873,Male,Delhi,36.1,8,71759.39,3,0,1,101114.24,0
17874,Female,Mumbai,33.1,8,69298.34,1,0,0,99509.75,0
17875,Female,Delhi,19.2,6,25988.3,2,1,1,66389.37,0
17876,Female,Bangalore,56.5,3,131629.85,1,1,1,77349.76,1
17877,Female,Hyderabad,26.7,4,55588.49,1,0,0,129204.69,0
17878,Male,Pune,44.2,6,38310.31,2,0,1,75195.86,0
17879,Female,Hyderabad,45.3,4,101754.06,1,1,1,49338.53,0
17880,Male,Kolkata,20.6,9,33436.79,1,1,1,62757.56,0
17881,Male,Chennai,35.4,7,49376.68,2,0,0,121993.9,0
17882,Male,Hyderabad,23.1,4,68509.57,1,0,1,147958.03,0
17883,Female,Bangalore,44.9,4,49974.53,1,1,1,91289.71,0
17884,Female,Hyderabad,40.8,4,78090.97,2,1,1,85056.71,0
17885,Male,Delhi,39.1,3,78541.53,2,1,0,77686.23,0
17886,Female,Delhi,30.2,10,45366.64,2,1,0,75836.37,0
17887,Male,Pune,54.2,10,101670.91,2,1,0,49833.24,0
17888,Male,Bangalore,35.5,6,57222.35,2,0,0,85480.75,0
17889,Male,Bangalore,22.3,1,69981.7,1,0,0,74922.24,0
17890,Male,Kolkata,28.7,9,55228.85,2,1,0,32348.9,1
17891,Male,Bangalore,18.0,3,53848.41,2,0,1,93994.84,0
17892,Female,Pune,32.1,10,63195.26,1,1,0,43460.32,0
17893,Female,Delhi,29.1,2,111156.25,1,0,0,15000.0,1
17894,Male,Delhi,48.3,9,75472.09,1,1,0,80123.04,0
17895,Female,Mumbai,46.9,7,38651.78,1,1,1,61083.6,0
17896,Female,Hyderabad,42.6,6,66973.01,1,1,1,64412.71,0
17897,Female,Bangalore,51.4,2,50947.63,1,1,1,112275.56,0
17898,Female,Chennai,25.9,3,89269.57,2,1,0,27152.46,0
17899,Male,Delhi,43.8,3,62195.17,2,1,0,135425.61,0
17900,Female,Mumbai,22.7,9,29440.67,2,1,1,99963.86,0
17901,Female,Kolkata,34.3,6,75169.6,2,1,0,123003.79,0
17902,Male,Delhi,44.1,7,44252.27,1,1,1,49363.51,1
17903,Male,Pune,33.6,3,75082.34,1,1,1,157112.39,0
17904,Female,Hyderabad,59.6,7,88913.64,2,0,0,85056.71,0
17905,Male,Delhi,35.8,0,57854.53,1,1,1,74389.4,0
17906,Female,Mumbai,49.6,8,60960.4,1,1,0,95204.26,0
17907,Male,Hyderabad,36.8,6,69265.21,2,0,0,88887.23,0
17908,Female,Mumbai,41.6,3,48437.97,1,1,0,102396.96,0
17909,Male,Bangalore,35.6,7,67245.28,2,0,0,92000.6,0
17910,Female,Chennai,42.1,9,70212.31,2,1,0,21765.51,1
17911,Female,Delhi,60.7,1,42831.93,2,0,0,111778.62,0
17912,Male,Hyderabad,58.5,7,94950.49,1,1,1,104729.74,0
17913,Female,Kolkata,34.2,9,21973.68,2,1,0,47807.9,0
17914,Male,Mumbai,37.3,5,85184.96,1,1,0,39775.99,0
17915,Male,Delhi,40.6,6,99487.43,2,0,0,98761.97,0
17916,Male,Hyderabad,47.7,6,84724.01,1,0,1,97887.6,0
17917,Female,Chennai,62.3,1,38558.24,1,1,1,124347.94,0
17918,Male,Delhi,55.4,10,86626.65,1,0,0,125181.73,1
17919,Male,Hyderabad,36.8,1,117606.9,1,0,1,150990.32,0
17920,Male,Delhi,44.8,3,60501.43,1,1,0,65242.54,0
17921,Female,Pune,42.7,5,64984.79,2,1,1,48223.22,0
17922,Female,Mumbai,32.7,3,84276.38,2,1,1,34290.46,0
17923,Male,Hyderabad,52.2,5,43184.63,2,0,1,59188.34,0
17924,Male,Hyderabad,18.0,4,26649.54,3,1,1,119594.18,0
17925,Male,Chennai,52.1,5,75530.34,1,0,0,30044.22,0
17926,Male,Chennai,44.9,8,65913.39,1,1,1,35162.47,0
17927,Female,Kolkata,18.3,5,39091.48,2,0,1,57495.11,0
17928,Female,Delhi,27.5,5,74629.98,1,1,1,92371.94,0
17929,Female,Mumbai,18.0,10,56281.59,1,1,0,110501.62,0
17930,Male,Chennai,60.4,10,74391.45,2,1,1,83491.98,1
17931,Female,Mumbai,28.1,7,69716.22,1,0,0,56563.01,0
17932,Female,Bangalore,50.9,4,68357.62,2,1,1,114816.71,0
17933,Female,Mumbai,40.1,4,64642.53,1,1,1,71031.32,0
17934,Male,Mumbai,38.6,9,21163.29,2,1,1,15000.0,0
17935,Male,Hyderabad,32.0,10,27421.48,1,1,1,111042.79,0
17936,Male,Chennai,46.2,0,109933.16,2,1,1,109782.97,1
17937,Female,Hyderabad,42.6,5,99608.01,2,0,1,121231.58,0
17938,Female,Pune,51.2,0,58069.44,1,0,0,51946.81,1
17939,Male,Chennai,25.9,10,75724.56,1,1,1,97877.55,0
17940,Male,Chennai,52.3,7,23239.39,2,0,1,128445.0,0
17941,Male,Delhi,56.2,9,27827.64,2,1,1,129247.29,0
17942,Female,Hyderabad,36.9,8,0.0,2,1,0,66775.73,0
17943,Female,Chennai,28.5,5,38018.32,1,0,0,43742.54,0
17944,Male,Pune,34.2,8,48747.05,2,1,0,85056.71,0
17945,Male,Pune,32.3,1,82676.33,2,1,1,15000.0,0
17946,Male,Mumbai,37.8,8,59170.71,1,1,1,86186.58,0
17947,Female,Delhi,31.1,3,71644.1,2,1,1,34418.36,0
17948,Female,Chennai,45.5,2,55751.51,1,1,1,125639.26,0
17949,Female,Pune,47.6,0,61627.77,2,0,1,34383.95,0
17950,Male,Pune,35.7,0,55872.13,1,1,1,89012.8,0
17951,Male,Mumbai,18.0,7,71477.61,2,1,0,19685.61,0
17952,Male,Delhi,45.3,1,0.0,2,0,1,111183.35,0
17953,Female,Delhi,22.3,0,64896.31,2,1,0,140458.27,0
17954,Male,Kolkata,43.0,1,61107.68,1,0,1,119727.11,0
17955,Female,Chennai,40.9,2,106674.16,2,0,1,117900.95,0
17956,Female,Kolkata,36.1,3,70683.39,3,0,0,116005.36,1
17957,Female,Kolkata,47.7,10,104744.1,2,1,0,125379.87,0
17958,Female,Delhi,44.4,8,45327.69,2,1,1,70001.37,0
17959,Male,Hyderabad,44.7,6,46146.27,1,0,1,15000.0,0
17960,Male,Mumbai,49.9,4,106961.41,1,1,1,93244.28,0
17961,Female,Mumbai,35.0,4,59067.53,1,1,1,78914.76,0
17962,Male,Pune,34.9,5,44798.42,2,1,1,111432.73,0
17963,Male,Pune,52.9,0,65532.57,1,1,1,122663.99,0
17964,Male,Delhi,47.7,5,69764.55,1,1,1,101227.89,0
17965,Female,Delhi,34.4,10,95848.75,1,1,1,15000.0,0
17966,Male,Pune,18.0,5,44931.94,2,1,1,30032.93,0
17967,Male,Mumbai,44.7,10,83525.84,2,1,1,83172.5,0
17968,Male,Kolkata,45.8,4,108805.14,1,1,0,108757.51,1
17969,Male,Hyderabad,25.5,9,92939.52,1,1,0,56778.69,0
17970,Female,Pune,29.8,8,110207.15,1,1,0,71900.44,1
17971,Female,Kolkata,35.1,9,65302.39,2,1,1,118997.4,0
17972,Female,Pune,45.4,9,80105.55,1,1,1,83080.5,0
17973,Male,Chennai,69.8,4,45652.98,2,1,0,132383.15,1
17974,Female,Bangalore,53.4,8,126560.14,1,1,1,82881.22,1
17975,Female,Mumbai,21.9,9,87431.25,2,1,0,71601.02,0
17976,Male,Mumbai,34.8,6,70752.19,2,1,0,38295.72,0
17977,Female,Pune,38.9,2,63636.95,2,1,1,44969.18,0
17978,Female,Mumbai,46.0,10,11688.85,2,1,1,60898.68,0
17979,Female,Delhi,30.3,8,10741.71,2,0,1,150056.79,0
17980,Female,Delhi,47.0,9,37669.99,1,1,1,169667.05,0
17981,Male,Mumbai,33.8,6,51458.04,3,1,1,72992.93,0
17982,Male,Delhi,47.0,3,81218.59,1,0,1,128680.11,0
17983,Female,Mumbai,40.9,8,85210.11,1,0,1,109196.05,0
17984,Male,Chennai,64.5,5,64996.1,1,1,0,66727.38,0
17985,Male,Mumbai,51.7,8,73082.94,1,0,1,50546.79,1
17986,Female,Delhi,55.8,3,60506.44,2,1,1,99985.41,0
17987,Female,Mumbai,27.3,9,92403.28,1,1,1,85056.71,0
17988,Male,Mumbai,40.1,1,46745.59,2,1,1,167025.21,0
17989,Female,Delhi,43.9,8,57145.91,1,1,1,96296.26,0
17990,Female,Hyderabad,25.2,9,69779.46,2,0,1,123425.61,0
17991,Female,Delhi,52.5,3,45694.9,1,0,0,78648.61,0
17992,Male,Mumbai,41.6,10,27715.77,1,1,1,135708.14,0
17993,Male,Mumbai,53.2,1,73923.76,1,1,0,128349.92,1
17994,Male,Mumbai,45.8,6,121321.56,2,1,0,98663.87,0
17995,Male,Mumbai,40.5,6,67816.92,1,1,1,21655.79,1
17996,Male,Pune,38.5,4,83684.03,2,1,0,43453.04,0
17997,Male,Chennai,30.8,4,56535.68,2,1,0,104617.47,0
17998,Male,Delhi,30.1,7,74965.59,1,1,1,128200.48,0
17999,Female,Chennai,50.7,5,29635.53,2,1,1,110501.29,0
18000,Male,Hyderabad,48.0,0,38013.22,1,0,1,109475.02,0
18001,Female,Mumbai,54.8,10,80256.22,2,1,1,120613.19,0
18002,Female,Mumbai,33.5,3,59070.74,2,0,1,99116.48,0
18003,Male,Bangalore,53.5,0,23373.67,1,1,0,104451.68,0
18004,Female,Chennai,37.9,4,54521.96,2,0,1,141852.25,0
18005,Female,Kolkata,47.0,4,88072.33,2,1,0,84531.17,0
18006,Male,Bangalore,55.5,3,49361.84,1,1,1,141410.93,0
18007,Female,Chennai,64.9,8,8295.94,1,1,1,15000.0,0
18008,Male,Kolkata,52.9,7,108917.09,2,1,1,78178.04,0
18009,Female,Mumbai,42.4,9,67862.79,1,1,1,68543.15,0
18010,Male,Mumbai,46.7,2,105719.32,2,1,1,113468.96,0
18011,Female,Chennai,55.0,4,73811.24,1,1,1,56877.37,0
18012,Male,Mumbai,48.5,5,48755.08,2,0,0,60065.5,0
18013,Female,Chennai,35.2,4,73865.77,1,1,0,46755.42,0
18014,Male,Mumbai,47.4,7,72935.74,2,0,0,105425.36,1
18015,Female,Kolkata,55.6,4,110857.3,2,0,0,99098.2,1
18016,Female,Mumbai,61.7,7,97130.69,2,1,0,111162.25,1
18017,Male,Bangalore,40.7,9,82137.57,1,1,0,69584.53,0
18018,Female,Kolkata,26.6,9,74592.03,2,0,0,97438.96,0
18019,Male,Bangalore,18.6,2,67015.9,1,1,1,61036.22,0
18020,Female,Bangalore,49.5,4,50505.34,1,1,1,95699.89,1
18021,Female,Mumbai,21.6,3,91903.02,1,1,0,134124.8,0
18022,Female,Delhi,43.8,10,54429.36,3,1,1,80491.11,0
18023,Female,Delhi,52.9,5,58928.25,1,1,1,69812.56,0
18024,Male,Mumbai,38.0,2,66715.55,1,1,0,80227.34,0
18025,Male,Hyderabad,22.0,9,49351.37,2,0,0,97332.65,0
18026,Male,Delhi,24.9,3,53816.19,2,0,1,107704.35,0
18027,Female,Delhi,29.0,10,65059.15,2,0,0,83026.7,0
18028,Male,Mumbai,38.5,3,63024.49,2,0,0,79774.1,0
18029,Female,Bangalore,54.4,4,101393.91,1,0,0,117944.18,0
18030,Female,Delhi,40.1,10,26803.08,1,1,0,73591.13,0
18031,Male,Mumbai,65.8,5,79059.05,2,1,1,89070.72,0
18032,Female,Mumbai,52.5,1,52954.65,3,1,1,78754.92,1
18033,Male,Delhi,43.5,9,56303.67,1,1,1,82414.54,0
18034,Male,Chennai,39.1,7,5565.42,1,1,1,95714.91,0
18035,Female,Hyderabad,34.0,3,46365.63,1,1,0,95269.62,0
18036,Male,Bangalore,41.8,6,77977.16,1,0,0,71736.34,0
18037,Male,Bangalore,46.5,6,47701.75,1,1,1,111411.63,0
18038,Female,Chennai,43.9,9,53092.49,1,0,0,75146.23,0
18039,Male,Delhi,34.0,10,57397.44,1,0,1,77053.87,0
18040,Female,Chennai,27.6,10,70063.89,1,0,0,110057.82,0
18041,Female,Bangalore,62.4,1,106569.31,1,1,0,105592.12,0
18042,Male,Delhi,47.6,6,63170.78,1,1,0,89855.16,1
18043,Male,Delhi,44.3,0,137260.82,1,0,0,88603.38,0
18044,Female,Mumbai,46.1,1,129640.24,1,1,1,79537.83,0
18045,Male,Bangalore,53.2,4,105975.74,1,1,1,82319.29,0
18046,Male,Chennai,34.4,7,90441.55,2,0,1,63544.66,0
18047,Female,Bangalore,38.4,6,73658.17,2,1,0,187578.62,0
18048,Male,Bangalore,31.0,2,102964.73,3,1,1,110874.26,1
18049,Female,Delhi,39.9,9,117804.71,2,1,1,71331.72,0
18050,Male,Delhi,31.9,8,67790.64,1,1,0,101254.78,0
18051,Male,Pune,27.9,4,71675.44,2,1,1,25857.19,0
18052,Male,Chennai,20.6,2,84280.04,1,1,0,69547.67,0
18053,Male,Mumbai,59.9,6,62472.83,1,1,0,131971.08,0
18054,Female,Chennai,36.0,3,101933.76,2,0,0,157991.68,0
18055,Female,Delhi,45.8,0,34207.91,1,1,0,65035.44,0
18056,Male,Pune,41.2,4,73623.12,1,1,1,102800.21,0
18057,Male,Delhi,46.0,10,35310.07,1,1,1,66969.38,0
18058,Male,Bangalore,18.0,7,64029.08,1,0,1,122622.5,0
18059,Female,Hyderabad,34.4,3,46594.33,1,1,1,33351.25,0
18060,Female,Chennai,53.9,6,63604.77,2,1,1,98066.8,0
18061,Female,Chennai,63.3,7,23098.0,1,1,0,40673.69,0
18062,Male,Kolkata,35.6,8,79973.15,2,1,1,82009.31,0
18063,Male,Delhi,37.0,10,55380.16,2,1,1,76205.53,0
18064,Male,Hyderabad,52.8,8,91561.01,1,0,0,88583.98,1
18065,Male,Mumbai,45.3,4,63635.52,1,1,0,135868.59,1
18066,Male,Kolkata,40.4,5,86025.17,2,1,0,105478.56,0
18067,Female,Mumbai,39.2,6,53367.04,2,1,0,88699.21,0
18068,Male,Chennai,33.2,9,85019.02,2,0,0,89445.09,0
18069,Male,Pune,32.7,1,117723.27,2,1,0,93647.9,0
18070,Female,Pune,41.6,8,45909.85,2,1,1,114805.76,0
18071,Male,Mumbai,43.8,0,85273.46,4,1,1,101240.28,0
18072,Male,Kolkata,44.4,5,33899.55,1,1,0,133486.78,0
18073,Female,Kolkata,31.8,5,61567.98,2,1,0,52935.13,1
18074,Female,Pune,56.0,6,18810.1,1,0,0,81771.62,1
18075,Female,Pune,40.1,1,81596.44,1,0,0,83974.05,0
18076,Male,Bangalore,46.4,5,50222.67,4,1,1,77251.61,0
18077,Female,Pune,33.5,5,83681.55,1,0,0,85876.44,0
18078,Female,Delhi,29.6,8,72615.3,1,1,0,101119.52,0
18079,Male,Pune,36.1,7,58980.19,2,1,0,52600.24,0
18080,Female,Kolkata,20.9,4,84439.18,2,1,1,15000.0,0
18081,Male,Bangalore,44.3,6,91552.66,2,1,0,99151.93,0
18082,Male,Mumbai,59.4,6,54523.51,2,1,1,58405.31,0
18083,Male,Kolkata,32.3,4,92509.4,2,1,1,43731.34,0
18084,Male,Pune,68.2,6,59335.12,2,1,0,79235.76,0
18085,Female,Pune,29.7,2,0.0,2,1,0,144745.59,0
18086,Female,Pune,34.9,6,70397.66,1,1,1,140348.21,0
18087,Male,Bangalore,56.3,5,48802.85,2,0,1,79395.39,0
18088,Female,Chennai,25.6,5,55419.51,2,1,0,39005.57,0
18089,Male,Bangalore,37.3,1,14554.76,1,1,1,120659.02,0
18090,Female,Delhi,60.6,1,72476.18,1,1,0,156121.58,0
18091,Female,Delhi,25.9,6,47761.07,1,0,0,146668.34,0
18092,Male,Hyderabad,47.1,0,51924.42,2,1,0,85469.81,0
18093,Female,Delhi,46.1,8,91427.14,2,1,0,104190.15,0
18094,Female,Pune,18.0,2,12319.61,1,0,1,102418.75,0
18095,Female,Hyderabad,32.6,5,74294.59,2,1,0,93336.6,0
18096,Female,Mumbai,68.6,2,74783.31,1,0,1,63666.19,0
18097,Male,Kolkata,42.7,8,70935.38,1,1,1,51045.75,0
18098,Male,Chennai,44.6,9,92644.47,1,1,0,118260.65,1
18099,Male,Bangalore,42.9,6,87105.49,1,1,0,93526.26,0
18100,Female,Delhi,64.5,0,68249.19,1,1,1,103323.31,0
18101,Female,Mumbai,28.3,3,46202.85,1,1,1,71519.47,0
18102,Female,Delhi,31.9,4,53789.39,1,0,1,85056.71,0
18103,Male,Delhi,38.7,6,64420.65,2,1,1,25395.79,0
18104,Male,Pune,46.7,6,6677.1,2,1,0,20917.05,0
18105,Female,Bangalore,41.8,4,52490.53,1,0,1,120154.0,0
18106,Female,Bangalore,42.2,0,94890.89,1,1,1,149605.91,0
18107,Male,Kolkata,33.4,4,55220.15,1,1,0,87951.13,0
18108,Female,Hyderabad,47.3,4,85182.28,1,1,1,87968.96,0
18109,Female,Hyderabad,18.0,3,86814.3,2,0,0,60823.35,0
18110,Female,Mumbai,33.4,5,95287.73,1,1,0,47602.99,0
18111,Female,Hyderabad,30.1,7,57050.8,2,0,1,63595.61,0
18112,Male,Hyderabad,26.8,9,58677.64,2,1,0,138464.39,0
18113,Female,Pune,18.6,4,72728.2,1,1,0,160670.7,0
18114,Female,Pune,42.8,7,45107.97,1,1,1,43948.93,0
18115,Male,Delhi,45.2,4,47475.74,1,0,0,112181.9,0
18116,Male,Bangalore,45.2,2,90020.24,1,1,1,132108.88,0
18117,Female,Bangalore,51.3,7,47618.18,1,1,1,70311.61,0
18118,Male,Bangalore,53.4,3,77763.14,1,1,1,93105.35,0
18119,Male,Delhi,18.0,2,74933.82,2,1,1,57165.4,0
18120,Female,Mumbai,47.6,2,64759.46,1,0,0,125453.46,0
18121,Male,Pune,42.2,5,71677.43,1,0,0,109079.07,1
18122,Female,Delhi,42.1,7,82048.47,1,1,1,37021.69,0
18123,Male,Bangalore,38.5,9,100950.59,2,1,1,76516.44,0
18124,Female,Pune,33.4,4,41497.4,2,1,0,71905.73,1
18125,Male,Chennai,46.3,0,40612.17,2,1,0,136628.15,1
18126,Male,Hyderabad,28.2,0,62523.16,1,1,1,94743.27,0
18127,Male,Pune,53.2,2,73843.83,2,0,0,77700.04,1
18128,Female,Pune,34.0,5,72043.85,1,1,0,121620.84,1
18129,Female,Bangalore,18.0,1,107988.29,1,1,0,27219.42,0
18130,Male,Delhi,41.4,0,41033.86,2,0,1,33066.07,0
18131,Female,Mumbai,25.9,6,23700.04,1,1,0,140905.53,0
18132,Female,Pune,25.6,1,77844.95,1,0,1,71390.6,0
18133,Female,Delhi,48.2,7,70577.22,2,0,0,61533.95,0
18134,Male,Mumbai,51.2,1,61583.46,2,0,0,74369.04,1
18135,Female,Bangalore,38.7,10,85185.97,1,1,0,156011.37,0
18136,Male,Bangalore,18.0,0,24160.57,2,1,1,123183.89,0
18137,Male,Delhi,46.4,9,21708.35,2,1,0,32982.16,0
18138,Male,Kolkata,36.2,1,14963.34,1,1,0,91127.86,0
18139,Female,Mumbai,56.5,1,47261.91,1,0,1,59804.99,0
18140,Male,Chennai,63.6,6,95542.64,3,1,1,129163.83,0
18141,Male,Hyderabad,21.9,0,27921.11,1,1,1,47315.51,0
18142,Female,Kolkata,69.7,2,65968.29,1,1,1,100868.36,0
18143,Female,Pune,21.3,4,72623.39,1,1,1,75942.25,0
18144,Male,Chennai,33.5,6,103676.83,2,1,1,86515.37,0
18145,Male,Delhi,52.3,5,43448.83,2,0,0,95613.19,0
18146,Male,Mumbai,31.3,7,42447.86,1,0,1,124995.67,0
18147,Male,Delhi,30.2,0,90876.0,2,1,1,61578.55,0
18148,Female,Delhi,19.5,6,38192.88,2,1,0,45434.13,0
18149,Male,Delhi,24.0,8,95236.64,4,0,1,100425.28,0
18150,Male,Mumbai,30.2,6,73922.58,2,0,0,53792.62,0
18151,Female,Bangalore,49.3,5,20860.42,2,1,0,101408.99,0
18152,Female,Pune,60.1,8,81329.74,1,1,1,80473.55,0
18153,Male,Hyderabad,30.9,3,76292.32,1,0,0,53344.83,0
18154,Male,Mumbai,35.2,9,58948.0,2,1,1,49321.01,0
18155,Female,Kolkata,28.1,5,49348.32,1,0,0,111950.04,0
18156,Male,Kolkata,21.7,5,105387.63,2,0,1,79127.39,0
18157,Female,Mumbai,21.7,9,3782.72,2,0,1,52944.06,0
18158,Male,Chennai,24.7,2,27182.59,2,1,1,82912.52,0
18159,Male,Mumbai,39.4,6,51786.76,1,1,1,56099.59,1
18160,Female,Mumbai,32.5,0,77088.07,1,1,0,93480.24,0
18161,Male,Hyderabad,35.5,10,64938.28,1,0,1,99369.58,0
18162,Male,Hyderabad,44.8,7,47336.28,1,0,0,87551.46,0
18163,Male,Bangalore,38.9,7,78248.65,2,0,1,69932.28,0
18164,Female,Hyderabad,26.0,7,21561.29,2,1,0,45322.58,0
18165,Male,Bangalore,51.5,8,74087.16,2,1,1,90719.73,0
18166,Male,Delhi,18.0,3,57499.88,1,1,0,53599.29,0
18167,Male,Chennai,30.7,5,81776.24,2,1,1,64610.84,0
18168,Female,Bangalore,60.7,10,77340.42,2,0,0,83639.71,0
18169,Male,Hyderabad,44.1,6,84045.2,1,1,0,98413.6,0
18170,Male,Mumbai,18.4,1,49732.74,2,1,1,139322.72,0
18171,Female,Pune,21.0,5,46581.04,1,1,0,85056.71,0
18172,Female,Delhi,35.9,7,69861.13,1,1,1,65514.23,0
18173,Female,Delhi,34.2,3,28554.62,1,0,1,19983.42,0
18174,Male,Kolkata,48.5,4,120381.66,2,0,1,89843.44,0
18175,Female,Bangalore,53.6,7,105194.82,1,1,1,43214.44,0
18176,Male,Hyderabad,33.8,2,26090.13,2,1,0,115319.29,0
18177,Male,Delhi,38.7,5,70702.65,1,1,1,95446.82,1
18178,Female,Kolkata,27.6,0,94555.79,1,1,1,42753.63,0
18179,Male,Delhi,38.1,3,55187.56,1,0,0,83572.73,0
18180,Male,Mumbai,27.7,5,46251.59,2,1,1,85873.43,1
18181,Male,Mumbai,40.3,2,94516.28,2,0,0,126096.7,0
18182,Male,Bangalore,32.5,0,98822.76,2,0,0,100516.59,1
18183,Male,Bangalore,47.5,5,24698.72,1,1,0,57005.38,0
18184,Female,Hyderabad,40.1,2,67934.7,1,1,1,146808.78,0
18185,Male,Pune,55.5,7,61981.89,1,1,1,46161.05,0
18186,Male,Hyderabad,40.4,6,21038.15,1,0,0,145208.08,0
18187,Male,Chennai,47.3,10,24835.39,2,1,1,87207.24,0
18188,Female,Delhi,34.0,6,41977.91,1,0,1,39346.81,0
18189,Female,Delhi,29.9,7,65393.86,1,0,1,59004.15,0
18190,Male,Mumbai,23.6,6,97288.64,2,1,0,101807.41,1
18191,Female,Mumbai,44.3,4,0.0,1,1,0,130736.33,0
18192,Male,Hyderabad,18.0,9,67966.19,1,1,1,56470.13,0
18193,Male,Bangalore,50.5,7,41187.85,1,0,1,67846.24,0
18194,Male,Delhi,35.7,7,78280.97,1,1,0,49076.3,0
18195,Male,Bangalore,36.5,10,90453.85,1,1,1,63114.71,0
18196,Male,Hyderabad,48.1,7,91201.03,2,1,1,59174.28,0
18197,Female,Kolkata,18.0,9,62560.72,1,0,1,61476.12,0
18198,Male,Bangalore,37.3,5,56604.9,2,1,1,93288.65,0
18199,Female,Mumbai,58.9,1,98322.43,1,0,0,55347.57,0
18200,Male,Delhi,36.6,7,56721.31,2,0,1,86461.62,0
18201,Male,Hyderabad,24.1,9,66401.23,2,1,0,85056.71,0
18202,Male,Pune,35.8,0,53445.61,1,0,1,41186.73,0
18203,Female,Pune,55.7,8,73379.02,3,1,0,112271.19,1
18204,Male,Hyderabad,30.8,8,30832.44,2,1,1,42242.48,0
18205,Female,Pune,21.5,5,57661.45,2,0,1,78656.36,0
18206,Male,Delhi,34.4,9,67305.36,2,1,0,96802.56,0
18207,Male,Kolkata,23.1,5,90847.11,2,0,0,87154.23,0
18208,Male,Bangalore,18.0,5,60705.16,1,0,1,105354.8,0
18209,Male,Mumbai,49.0,10,3651.19,1,1,0,51345.54,0
18210,Male,Delhi,52.6,3,50238.98,2,0,0,85235.64,0
18211,Male,Delhi,45.0,0,101474.46,1,1,1,52924.2,0
18212,Female,Mumbai,50.7,0,68927.29,2,1,0,89274.65,0
18213,Male,Chennai,35.1,0,46895.75,1,1,0,120927.6,0
18214,Female,Chennai,56.2,4,39776.52,1,1,1,128540.9,0
18215,Male,Delhi,32.5,6,74338.82,2,1,0,111768.12,0
18216,Female,Hyderabad,40.0,0,47820.69,1,1,1,97970.03,0
18217,Female,Bangalore,29.9,0,65683.57,2,1,0,94834.76,0
18218,Male,Hyderabad,23.2,10,45841.85,1,1,0,91223.82,0
18219,Male,Hyderabad,32.4,5,42692.9,1,0,0,122550.58,0
18220,Female,Mumbai,66.8,10,55360.0,1,1,0,15000.0,0
18221,Female,Pune,58.4,1,61926.61,2,1,1,86391.95,0
18222,Male,Chennai,49.3,1,63606.55,2,1,1,92501.67,0
18223,Male,Delhi,34.9,6,58041.22,2,0,0,48609.59,0
18224,Female,Delhi,34.6,8,92435.83,2,1,0,15000.0,1
18225,Male,Bangalore,60.6,7,54788.52,4,1,0,58316.78,0
18226,Female,Chennai,40.3,1,100993.22,2,1,0,132243.95,1
18227,Male,Mumbai,49.5,6,60955.07,1,1,1,171608.91,0
18228,Male,Delhi,33.4,4,48455.45,2,1,0,15000.0,0
18229,Female,Hyderabad,36.4,10,72416.2,3,1,1,108305.45,0
18230,Female,Hyderabad,49.4,9,83705.36,1,1,1,77341.99,0
18231,Male,Mumbai,31.2,3,44560.88,1,0,0,70433.19,0
18232,Male,Mumbai,44.2,9,29141.2,1,1,0,42956.1,0
18233,Female,Mumbai,31.6,3,89913.81,2,1,0,85056.71,0
18234,Female,Pune,46.1,3,98492.44,2,0,0,15000.0,0
18235,Male,Delhi,31.2,8,78442.7,1,1,0,115522.11,0
18236,Female,Mumbai,61.0,6,46365.58,3,1,1,156206.72,0
18237,Female,Hyderabad,39.2,6,61208.91,2,0,1,65206.51,0
18238,Female,Chennai,49.3,3,35033.46,2,1,0,30709.22,0
18239,Female,Chennai,39.8,8,90750.17,2,1,1,33706.66,0
18240,Male,Pune,34.0,7,70469.79,1,1,0,70145.1,0
18241,Female,Chennai,46.9,9,76227.01,2,1,1,37414.97,0
18242,Female,Hyderabad,53.8,3,68241.45,1,1,1,82650.67,0
18243,Male,Delhi,22.6,5,65093.18,2,1,1,101252.78,0
18244,Male,Delhi,41.6,3,70222.86,1,1,0,71331.14,0
18245,Male,Delhi,38.7,0,64987.7,1,1,0,79259.92,0
18246,Female,Delhi,42.5,4,94183.3,1,0,0,107564.51,0
18247,Male,Delhi,56.2,9,29933.86,1,1,0,71273.11,0
18248,Female,Delhi,49.8,10,43329.1,2,1,0,132580.51,0
18249,Female,Delhi,53.9,2,55931.72,2,0,1,110924.84,0
18250,Female,Chennai,43.2,0,60367.78,2,1,1,92478.14,0
18251,Female,Kolkata,34.8,1,90046.56,2,1,1,84265.21,0
18252,Female,Chennai,18.0,1,30924.44,2,0,0,95529.02,0
18253,Male,Kolkata,57.0,7,78561.79,2,1,0,122862.75,0
18254,Female,Chennai,18.0,3,61523.68,2,0,0,81851.57,0
18255,Male,Hyderabad,59.1,2,86326.88,1,0,0,112557.59,0
18256,Female,Mumbai,48.9,3,74853.79,1,0,0,107874.32,0
18257,Male,Mumbai,63.6,9,61813.25,1,0,1,31909.47,0
18258,Female,Delhi,43.2,0,40152.13,1,1,1,131764.68,0
18259,Female,Mumbai,46.0,0,73561.78,1,1,0,78824.93,0
18260,Female,Bangalore,37.8,4,55100.78,1,1,1,43966.93,1
18261,Male,Pune,40.9,6,62317.2,2,0,1,119621.35,0
18262,Male,Pune,31.3,8,84565.79,2,1,1,83031.31,0
18263,Female,Mumbai,38.6,6,101891.7,2,0,0,50427.81,1
18264,Male,Pune,29.8,10,24231.34,2,0,0,112991.87,0
18265,Female,Kolkata,40.6,4,84668.11,3,1,0,81012.73,1
18266,Male,Hyderabad,39.7,2,97462.33,2,1,1,82257.92,0
18267,Female,Pune,40.1,7,60885.96,1,1,0,99804.89,0
18268,Male,Hyderabad,38.9,6,36173.45,2,1,0,23734.24,0
18269,Female,Delhi,32.6,3,73986.85,2,1,1,99413.47,0
18270,Female,Mumbai,46.7,0,60429.09,1,1,1,114436.6,0
18271,Male,Hyderabad,43.8,2,150000.0,1,1,1,90353.45,0
18272,Male,Mumbai,43.3,10,73353.17,1,1,1,88533.86,0
18273,Male,Delhi,28.7,7,52887.09,2,1,1,137331.44,0
18274,Female,Hyderabad,48.1,1,28260.74,1,1,1,31902.51,0
18275,Female,Bangalore,30.8,8,40696.26,2,1,0,106859.02,0
18276,Female,Pune,33.7,3,87141.75,2,1,1,97489.56,0
18277,Female,Bangalore,41.1,6,21662.96,2,0,0,35981.4,0
18278,Male,Kolkata,53.8,9,22509.05,2,1,1,84615.78,0
18279,Male,Delhi,25.5,6,89907.67,2,1,1,113838.75,0
18280,Male,Delhi,28.1,7,55614.59,1,0,1,106389.22,0
18281,Male,Delhi,18.0,6,58351.56,1,0,1,80091.96,0
18282,Female,Hyderabad,46.1,10,79465.39,2,0,1,62698.31,1
18283,Female,Pune,36.0,3,59015.08,1,1,0,89417.6,0
18284,Male,Mumbai,45.1,6,25125.0,1,1,0,79795.38,0
18285,Female,Delhi,44.1,4,48499.39,2,1,1,99119.49,0
18286,Female,Mumbai,49.5,9,76725.3,1,0,0,61392.66,0
18287,Male,Delhi,40.0,6,66669.64,2,0,1,79816.13,0
18288,Male,Delhi,31.5,2,102479.5,1,1,0,118842.67,0
18289,Male,Delhi,42.8,9,75294.55,1,1,1,127280.53,0
18290,Female,Chennai,45.0,10,43471.36,2,1,0,51148.55,0
18291,Male,Hyderabad,35.8,6,100158.42,1,1,1,41340.72,0
18292,Female,Kolkata,41.1,6,101835.85,2,1,0,15000.0,0
18293,Male,Delhi,23.9,1,47396.92,2,0,0,71997.9,0
18294,Male,Pune,24.7,7,79069.47,3,1,1,145817.89,0
18295,Female,Kolkata,20.1,6,81657.55,2,1,0,104256.22,0
18296,Female,Mumbai,43.5,8,73494.37,2,1,1,115439.06,0
18297,Female,Bangalore,48.9,3,30567.36,1,0,0,87004.05,0
18298,Female,Mumbai,22.9,8,139708.34,1,1,1,107975.53,0
18299,Male,Mumbai,41.9,0,54306.74,1,1,1,68163.54,0
18300,Female,Kolkata,45.4,4,74001.27,2,1,1,91052.36,0
18301,Female,Bangalore,35.2,9,87972.55,2,1,1,105506.4,0
18302,Male,Pune,59.2,6,54667.34,1,1,0,130820.98,0
18303,Female,Kolkata,22.5,3,95999.2,1,0,0,101687.21,0
18304,Male,Mumbai,35.5,6,64979.45,3,1,0,84323.92,1
18305,Male,Delhi,18.0,8,49118.52,2,0,0,49626.76,0
18306,Male,Kolkata,44.1,4,29313.46,2,1,1,74859.12,0
18307,Male,Mumbai,31.2,4,55563.34,2,0,0,101281.83,0
18308,Male,Chennai,18.0,1,74075.29,2,1,0,76247.03,1
18309,Male,Mumbai,47.1,4,57118.0,2,1,0,48898.01,0
18310,Female,Bangalore,38.1,7,81365.26,2,1,0,106731.21,0
18311,Male,Mumbai,36.3,3,106385.32,2,1,0,83353.08,0
18312,Male,Pune,53.5,1,57412.13,2,1,0,58814.19,0
18313,Male,Hyderabad,30.6,7,93606.76,1,0,0,15000.0,1
18314,Female,Chennai,47.7,3,69475.26,1,1,1,86349.38,1
18315,Male,Kolkata,49.5,4,72678.19,3,1,1,71160.8,0
18316,Male,Chennai,40.1,6,65284.93,2,1,1,172760.87,0
18317,Female,Bangalore,40.1,10,74854.12,2,0,0,133248.05,1
18318,Female,Mumbai,60.1,4,44534.85,3,1,1,45913.27,1
18319,Female,Pune,27.9,9,46773.73,2,1,0,126840.29,0
18320,Female,Kolkata,46.7,3,49986.39,1,0,1,88385.38,0
18321,Male,Mumbai,40.7,6,21260.3,2,0,1,121502.17,0
18322,Female,Kolkata,55.2,3,34721.34,1,0,1,179840.25,0
18323,Male,Pune,39.6,9,62710.32,1,1,1,66840.74,0
18324,Male,Kolkata,48.2,3,50628.14,1,0,1,69509.6,0
18325,Male,Mumbai,20.8,1,63853.3,1,0,0,51885.27,0
18326,Female,Kolkata,18.0,4,80644.63,2,1,0,115335.16,0
18327,Male,Mumbai,27.4,7,71212.21,2,1,1,113669.8,0
18328,Female,Bangalore,34.7,3,62258.45,2,1,0,146833.38,0
18329,Female,Delhi,35.7,10,18825.88,1,1,1,107326.71,0
18330,Male,Mumbai,53.1,1,66241.12,2,1,0,35391.51,0
18331,Female,Chennai,35.3,8,48089.96,2,1,0,137371.23,0
18332,Female,Delhi,40.3,5,82314.03,1,1,0,96250.55,1
18333,Female,Kolkata,41.7,2,45070.11,1,1,1,76131.48,0
18334,Male,Mumbai,32.4,9,36381.63,2,1,1,53313.85,0
18335,Female,Mumbai,39.8,10,100504.85,1,1,1,117945.71,0
18336,Male,Chennai,52.6,4,19919.42,2,1,1,36239.22,0
18337,Male,Hyderabad,43.6,5,107242.58,2,1,1,148700.15,0
18338,Female,Delhi,47.1,8,67649.09,1,1,0,85056.71,0
18339,Male,Delhi,40.1,4,56587.44,2,0,0,15000.0,0
18340,Female,Mumbai,59.8,8,54186.39,2,1,1,85056.71,0
18341,Female,Kolkata,27.4,0,87000.21,3,0,1,93815.16,0
18342,Female,Pune,70.0,9,70435.92,1,1,0,78285.12,0
18343,Male,Pune,52.0,3,69348.42,2,1,1,148385.6,0
18344,Male,Delhi,54.1,0,63358.19,1,1,0,123035.25,0
18345,Male,Hyderabad,55.7,1,53478.68,1,0,1,37447.07,0
18346,Female,Pune,52.4,1,96252.12,2,1,1,106170.39,0
18347,Female,Delhi,24.5,9,53127.76,2,1,1,116422.01,0
18348,Male,Pune,26.4,10,32925.45,2,1,0,68860.27,0
18349,Male,Mumbai,48.4,4,72642.96,1,0,0,74178.3,0
18350,Female,Delhi,46.9,0,29222.04,1,1,1,83864.59,0
18351,Female,Hyderabad,50.6,9,101849.93,1,1,1,32295.85,0
18352,Male,Kolkata,40.6,2,75280.3,2,0,1,72487.95,0
18353,Female,Mumbai,24.2,10,12086.62,1,1,0,86333.1,0
18354,Female,Bangalore,38.7,5,74521.46,2,0,1,124709.87,1
18355,Male,Chennai,48.9,0,55670.04,4,1,1,62546.01,0
18356,Male,Delhi,37.0,10,96859.65,2,1,1,87608.43,0
18357,Male,Hyderabad,39.9,0,61487.81,1,1,1,51801.8,0
18358,Female,Mumbai,40.4,2,62049.76,3,1,1,58470.36,0
18359,Male,Bangalore,33.7,8,54993.93,1,1,0,57736.55,0
18360,Male,Mumbai,30.2,1,57609.19,1,1,0,66996.26,0
18361,Female,Delhi,65.3,5,12920.45,1,0,1,89782.1,0
18362,Male,Kolkata,58.7,2,50770.26,1,0,0,102237.37,0
18363,Male,Chennai,52.8,5,39901.19,1,0,0,118221.98,0
18364,Male,Bangalore,45.0,10,54510.02,1,0,0,85056.71,1
18365,Female,Kolkata,27.9,10,92309.18,1,1,0,99013.66,0
18366,Female,Pune,50.6,6,105468.96,1,1,0,32608.95,0
18367,Male,Mumbai,53.4,6,70227.78,2,0,1,15000.0,0
18368,Female,Delhi,35.9,1,49933.67,2,0,0,98011.19,0
18369,Female,Mumbai,27.2,2,29614.45,1,1,0,92006.57,0
18370,Male,Bangalore,45.1,3,52719.35,1,1,0,120647.89,0
18371,Male,Delhi,52.8,7,33797.25,2,1,1,49376.86,0
18372,Male,Delhi,32.3,4,59393.63,1,1,0,69337.49,0
18373,Male,Chennai,46.3,0,63524.11,3,0,0,99229.81,0
18374,Female,Pune,29.1,8,69672.55,2,0,1,73838.01,0
18375,Female,Mumbai,26.4,0,67522.3,1,0,0,75254.09,1
18376,Male,Hyderabad,42.5,1,16838.99,2,1,0,96210.24,0
18377,Male,Delhi,30.2,6,41001.57,2,0,0,120100.32,0
18378,Male,Delhi,45.2,10,41470.96,1,1,0,132300.17,0
18379,Female,Bangalore,20.6,2,53829.69,2,0,1,111126.36,0
18380,Male,Delhi,29.7,5,67546.94,2,0,0,54855.79,0
18381,Female,Mumbai,52.3,7,45762.98,2,0,1,46630.3,0
18382,Male,Bangalore,48.3,4,144017.55,1,1,1,183526.24,0
18383,Female,Mumbai,45.0,0,95704.43,2,0,1,68501.02,1
18384,Female,Delhi,34.7,9,39079.33,4,1,1,73303.86,0
18385,Male,Kolkata,40.2,2,98198.68,2,1,1,86044.95,0
18386,Female,Bangalore,37.3,10,106619.94,1,1,1,30284.64,0
18387,Female,Hyderabad,68.0,1,33733.54,1,0,0,51287.45,0
18388,Male,Mumbai,43.8,5,35381.81,1,1,1,103443.82,0
18389,Female,Pune,30.8,4,68120.59,1,0,1,29864.8,0
18390,Male,Bangalore,39.0,6,91507.12,2,0,1,62204.62,0
18391,Female,Kolkata,19.8,1,73172.27,1,1,1,43809.54,0
18392,Male,Hyderabad,18.0,5,21933.54,1,1,1,62054.92,0
18393,Male,Delhi,57.6,10,45153.08,2,1,1,72225.31,0
18394,Female,Chennai,43.3,4,50291.17,2,1,1,114197.77,0
18395,Female,Delhi,34.6,5,86009.62,1,1,1,115313.15,0
18396,Female,Delhi,39.7,4,29494.52,1,1,0,85920.98,0
18397,Female,Bangalore,38.7,6,33496.45,1,1,0,77769.85,0
18398,Male,Delhi,40.8,4,66487.2,2,1,0,32885.0,0
18399,Female,Mumbai,53.8,6,64905.77,1,1,1,29427.95,0
18400,Male,Hyderabad,46.4,0,87557.83,1,1,1,93646.48,0
18401,Female,Pune,35.1,8,49435.8,2,1,0,128257.72,0
18402,Female,Delhi,19.0,5,92001.09,1,1,0,90920.14,0
18403,Female,Mumbai,28.0,8,87825.93,1,1,1,88492.58,0
18404,Female,Kolkata,49.1,0,62418.74,2,1,1,155456.78,0
18405,Male,Delhi,58.7,1,51527.88,1,1,1,109476.35,0
18406,Male,Bangalore,29.5,6,107171.56,1,1,1,39414.87,0
18407,Male,Hyderabad,27.7,3,76684.26,2,0,1,41864.89,0
18408,Male,Hyderabad,34.8,9,57792.99,2,1,1,67601.6,0
18409,Female,Mumbai,61.4,0,40744.33,2,0,1,45327.16,0
18410,Male,Chennai,41.8,4,97558.33,1,0,0,62629.09,0
18411,Male,Pune,30.9,3,48853.06,1,1,1,84357.38,0
18412,Female,Delhi,35.7,5,51549.43,1,1,0,40083.76,0
18413,Male,Bangalore,33.7,6,46100.11,2,1,0,83391.55,0
18414,Male,Bangalore,48.4,10,55586.72,1,1,1,91557.5,0
18415,Male,Delhi,63.4,2,75005.15,1,0,0,164376.23,1
18416,Male,Delhi,41.6,5,52172.69,1,0,1,78260.58,0
18417,Female,Delhi,53.1,1,62545.56,2,1,1,68455.0,0
18418,Female,Mumbai,23.8,9,47363.77,1,1,0,150109.81,0
18419,Female,Delhi,68.1,3,77202.58,2,0,0,32216.8,0
18420,Male,Delhi,23.9,9,62480.92,1,1,0,171695.41,0
18421,Female,Delhi,54.5,8,34213.14,2,1,0,96326.49,0
18422,Male,Mumbai,44.1,6,61871.94,2,1,0,124336.96,0
18423,Male,Hyderabad,24.9,1,70826.7,2,1,1,72022.43,0
18424,Male,Delhi,50.0,5,54682.25,2,0,1,36278.2,0
18425,Male,Delhi,39.7,3,13040.01,3,1,1,41963.12,0
18426,Male,Chennai,29.1,7,96298.24,2,1,1,100815.34,0
18427,Male,Hyderabad,40.1,7,39841.55,1,1,1,152637.03,0
18428,Female,Pune,20.2,0,80403.37,2,1,0,45240.33,0
18429,Male,Hyderabad,34.2,7,55512.46,2,1,1,91621.04,0
18430,Male,Mumbai,28.4,9,62605.83,1,1,1,31857.07,0
18431,Male,Delhi,37.8,6,60037.59,1,1,0,127578.15,0
18432,Female,Hyderabad,19.2,0,90075.23,1,1,1,96400.64,0
18433,Male,Chennai,18.5,2,70829.47,1,0,0,26780.72,0
18434,Female,Mumbai,29.8,4,68619.52,2,0,1,93179.53,0
18435,Male,Delhi,39.5,2,34549.78,2,0,0,100727.07,0
18436,Male,Hyderabad,28.3,2,102444.36,2,0,1,124497.06,0
18437,Male,Delhi,45.5,0,27000.9,2,0,1,99886.17,0
18438,Male,Mumbai,48.4,7,97519.58,2,0,0,15000.0,1
18439,Female,Kolkata,29.9,8,19344.36,2,1,0,15000.0,0
18440,Male,Mumbai,56.7,4,110305.19,2,1,0,101538.5,0
18441,Male,Kolkata,36.4,0,75310.06,1,0,0,18697.9,0
18442,Male,Bangalore,62.0,0,52112.24,1,1,0,200000.0,1
18443,Female,Mumbai,36.9,8,30418.02,1,1,1,92508.16,0
18444,Male,Mumbai,26.5,0,64600.34,1,1,1,104729.73,0
18445,Male,Chennai,54.7,8,76468.75,1,0,1,65624.58,0
18446,Female,Chennai,27.5,2,66434.48,1,0,0,91127.92,0
18447,Female,Delhi,53.7,2,54819.4,2,0,1,172783.72,0
18448,Female,Hyderabad,41.4,3,46821.58,2,1,1,75937.94,0
18449,Male,Kolkata,33.3,4,94532.74,2,1,0,105130.81,0
18450,Female,Pune,30.8,5,57008.87,2,0,1,112443.54,0
18451,Female,Bangalore,39.0,5,74255.21,2,0,1,50682.91,0
18452,Male,Pune,48.2,9,78662.29,1,1,1,89135.29,0
18453,Female,Delhi,39.5,8,33960.49,2,0,0,96495.53,0
18454,Male,Mumbai,57.8,0,62466.09,2,1,1,131513.47,0
18455,Male,Bangalore,25.9,8,97830.62,2,0,0,69404.79,0
18456,Male,Delhi,38.8,3,72265.43,1,0,1,25988.71,1
18457,Female,Bangalore,53.2,6,76142.54,2,1,1,134308.94,0
18458,Male,Delhi,25.6,5,54399.73,1,1,0,90208.69,0
18459,Male,Kolkata,52.5,8,92193.6,2,0,0,111708.28,0
18460,Male,Chennai,40.2,1,113799.04,2,1,1,107696.59,1
18461,Male,Kolkata,41.3,10,45602.95,2,1,0,151175.34,0
18462,Female,Pune,35.9,1,84638.92,2,0,0,97352.42,0
18463,Male,Bangalore,25.5,6,30592.41,1,1,1,124024.26,1
18464,Female,Mumbai,39.1,8,80211.7,1,1,0,102685.05,0
18465,Female,Chennai,33.3,4,76010.17,2,1,0,85898.23,0
18466,Male,Pune,58.3,6,36396.53,1,0,1,151160.41,0
18467,Male,Delhi,46.1,10,88138.8,4,0,0,128589.92,0
18468,Female,Delhi,40.4,7,40097.59,1,1,0,60260.59,0
18469,Male,Mumbai,55.8,7,113320.2,1,0,1,94429.65,0
18470,Male,Mumbai,39.3,3,68590.28,2,1,0,87193.64,0
18471,Male,Bangalore,48.4,9,61146.16,2,0,0,82501.37,1
18472,Male,Delhi,40.1,6,48316.68,1,1,0,102699.42,1
18473,Male,Chennai,36.7,0,80197.47,1,0,0,97412.4,0
18474,Male,Pune,45.2,3,73528.8,1,1,0,36153.5,0
18475,Female,Mumbai,34.8,4,68559.77,1,0,0,73062.02,0
18476,Female,Mumbai,53.8,9,46242.25,1,0,0,75978.32,0
18477,Male,Mumbai,39.7,6,58304.18,2,1,1,63732.17,0
18478,Female,Delhi,56.4,5,46556.57,1,1,1,47301.28,0
18479,Female,Pune,42.4,3,22128.9,2,1,1,69969.55,0
18480,Male,Chennai,70.6,2,61505.56,1,1,1,74907.28,0
18481,Male,Delhi,31.5,10,37158.02,2,1,1,82556.39,0
18482,Male,Delhi,50.3,5,115462.71,1,1,0,64711.95,0
18483,Female,Hyderabad,39.5,9,111926.65,2,1,1,85095.16,0
18484,Female,Chennai,37.3,4,73825.18,2,1,0,15000.0,0
18485,Female,Bangalore,18.0,2,19244.2,2,1,0,69319.33,0
18486,Female,Pune,40.9,3,76444.38,2,1,0,133308.22,0
18487,Male,Mumbai,28.3,1,59545.47,4,1,1,83081.38,0
18488,Female,Delhi,36.3,8,92864.39,1,1,1,74011.11,0
18489,Male,Hyderabad,28.8,6,90472.72,1,1,0,83888.51,0
18490,Male,Bangalore,30.4,9,46080.72,2,1,0,156475.58,0
18491,Female,Mumbai,27.1,2,55869.57,1,0,1,129651.09,0
18492,Male,Delhi,27.3,7,54038.69,2,1,1,89322.16,0
18493,Male,Mumbai,20.9,7,54569.83,2,0,1,66784.46,0
18494,Female,Hyderabad,44.5,10,25400.92,2,1,0,60457.44,0
18495,Male,Hyderabad,40.2,0,74559.65,1,1,1,108735.97,0
18496,Female,Delhi,48.5,4,67033.92,1,0,0,102259.22,0
18497,Female,Delhi,35.3,4,56836.93,2,1,1,85056.71,0
18498,Female,Mumbai,32.1,2,71863.09,2,0,1,130545.14,0
18499,Male,Delhi,38.9,1,73159.72,1,0,1,75219.74,0
18500,Male,Delhi,48.4,0,94143.0,2,1,1,56204.97,1
18501,Male,Delhi,43.6,3,87394.87,2,1,1,88115.71,0
18502,Male,Kolkata,40.2,10,90796.86,1,0,0,21621.14,0
18503,Male,Kolkata,48.0,9,42552.69,1,1,1,100154.75,0
18504,Female,Chennai,40.1,1,36974.17,2,0,1,48443.38,0
18505,Male,Kolkata,32.9,4,88782.8,2,1,1,92756.84,0
18506,Female,Delhi,50.9,10,107703.76,4,1,0,143841.55,0
18507,Male,Delhi,25.0,9,86210.43,2,1,0,79748.88,0
18508,Female,Kolkata,23.0,1,73246.46,1,1,0,101755.07,1
18509,Female,Bangalore,39.7,0,65172.33,1,0,0,63848.05,0
18510,Male,Mumbai,41.0,9,136516.88,1,0,1,116780.94,0
18511,Male,Mumbai,42.8,9,85823.06,2,1,1,92909.05,0
18512,Female,Delhi,40.1,9,60002.51,1,1,0,70284.91,0
18513,Female,Delhi,56.2,9,114595.76,1,1,1,20990.54,0
18514,Female,Chennai,22.0,8,108053.6,2,1,1,91654.86,0
18515,Male,Delhi,41.6,1,29175.48,1,1,1,69349.91,0
18516,Male,Hyderabad,49.1,9,34312.11,1,1,1,138582.11,0
18517,Male,Mumbai,56.6,3,59845.51,1,1,1,15000.0,0
18518,Female,Delhi,56.0,2,96894.68,2,1,1,117925.28,0
18519,Male,Kolkata,26.8,0,50507.14,2,1,0,90579.76,0
18520,Female,Delhi,44.3,7,39503.67,2,1,0,72497.28,0
18521,Male,Mumbai,37.4,1,85351.32,3,0,0,142117.6,0
18522,Male,Chennai,39.8,10,16757.96,2,1,0,118099.02,0
18523,Male,Mumbai,53.6,7,56218.31,1,0,1,56379.97,0
18524,Male,Mumbai,62.8,0,38154.47,1,0,1,49642.56,0
18525,Female,Mumbai,43.1,5,64794.19,2,1,0,116595.98,0
18526,Male,Mumbai,18.0,3,41307.55,1,0,1,121676.02,0
18527,Male,Chennai,20.0,2,61206.58,2,1,0,64769.12,0
18528,Female,Mumbai,39.4,0,75537.7,2,1,0,121718.14,0
18529,Female,Delhi,52.0,9,68244.17,2,1,1,141775.49,0
18530,Female,Hyderabad,30.6,10,51568.57,1,1,1,105402.18,0
18531,Female,Mumbai,40.1,0,56453.04,1,0,0,108926.08,0
18532,Male,Bangalore,59.4,10,121363.79,2,1,0,143027.28,0
18533,Female,Mumbai,35.2,6,87070.88,4,1,1,85731.34,0
18534,Female,Mumbai,61.0,5,59202.69,2,1,0,105971.43,0
18535,Female,Kolkata,34.8,2,69458.08,1,1,0,76071.29,0
18536,Male,Pune,50.9,1,76287.66,1,0,1,79010.92,0
18537,Male,Pune,40.9,9,45951.98,1,1,0,95723.91,0
18538,Female,Chennai,49.3,2,65053.96,1,1,0,45210.05,1
18539,Male,Mumbai,64.1,7,38166.13,2,1,0,124074.61,0
18540,Female,Kolkata,45.0,10,40157.23,1,0,1,109581.69,0
18541,Female,Mumbai,55.1,6,86885.95,1,1,0,51721.17,0
18542,Female,Mumbai,29.3,6,90139.55,1,1,0,34296.9,0
18543,Female,Kolkata,28.8,4,93833.89,1,0,0,69949.33,0
18544,Female,Kolkata,20.4,9,63211.1,1,1,1,97607.33,0
18545,Male,Hyderabad,27.3,2,52665.92,2,0,1,70047.65,0
18546,Female,Delhi,58.2,0,65265.76,2,1,1,109807.86,0
18547,Female,Pune,44.0,0,20237.4,1,1,0,31586.63,0
18548,Male,Delhi,36.8,5,99697.15,1,1,0,77185.6,0
18549,Male,Kolkata,42.5,3,0.0,1,1,1,99938.45,0
18550,Male,Chennai,48.2,6,89326.62,2,0,1,64240.29,0
18551,Female,Kolkata,49.3,9,40263.46,1,1,1,62931.91,0
18552,Male,Delhi,42.6,9,64797.66,1,0,0,122077.58,0
18553,Female,Delhi,56.6,9,43721.96,2,0,0,85056.71,0
18554,Male,Delhi,28.4,0,44103.45,2,1,0,107943.63,0
18555,Male,Pune,35.8,5,3988.61,1,1,0,126809.03,0
18556,Female,Bangalore,54.0,6,33254.81,1,0,0,87832.2,0
18557,Male,Chennai,51.5,0,87760.22,1,1,1,93855.17,1
18558,Female,Mumbai,44.4,1,34380.25,2,1,0,118638.46,0
18559,Female,Mumbai,33.5,8,33318.66,2,1,1,145462.42,0
18560,Female,Kolkata,49.5,8,62298.54,1,1,1,112587.96,0
18561,Male,Delhi,29.1,5,6790.48,1,1,1,150812.05,0
18562,Female,Bangalore,54.2,10,56230.43,1,1,0,142525.13,0
18563,Female,Chennai,58.3,3,71461.84,2,1,1,26854.84,0
18564,Female,Chennai,33.1,6,74274.62,1,1,0,117088.57,1
18565,Female,Delhi,71.1,4,39064.81,2,0,1,59846.46,0
18566,Female,Mumbai,28.0,2,95197.85,2,0,1,130007.77,0
18567,Female,Bangalore,37.7,3,90531.27,1,1,0,130977.78,0
18568,Female,Hyderabad,37.4,1,21809.32,1,1,0,114980.12,0
18569,Male,Mumbai,38.8,5,82860.39,1,1,1,31759.96,0
18570,Male,Delhi,57.1,2,68789.67,4,1,1,96340.86,0
18571,Male,Chennai,45.3,6,77748.35,1,1,0,129319.48,0
18572,Male,Bangalore,30.0,3,49593.96,1,0,1,95979.89,0
18573,Male,Delhi,41.3,7,32676.63,1,1,0,93134.37,0
18574,Male,Chennai,48.0,10,61282.23,1,0,0,63449.9,0
18575,Female,Mumbai,46.2,0,74456.05,2,1,1,95412.97,0
18576,Male,Mumbai,54.7,8,74913.86,2,0,0,57387.77,0
18577,Female,Mumbai,41.1,2,73563.55,1,1,1,104994.68,0
18578,Male,Chennai,49.6,2,38114.44,3,0,1,73685.73,0
18579,Male,Bangalore,38.3,4,99264.71,2,0,0,28854.04,0
18580,Male,Bangalore,32.2,9,94818.56,4,1,1,34244.87,0
18581,Male,Delhi,26.3,0,71165.98,2,1,1,84665.01,0
18582,Female,Delhi,58.8,2,41174.01,2,1,1,67998.24,0
18583,Female,Delhi,21.9,3,71563.8,2,0,0,111577.84,0
18584,Male,Mumbai,43.0,1,54304.12,1,0,1,89117.7,1
18585,Male,Delhi,44.9,5,56193.4,1,0,1,137774.94,0
18586,Male,Bangalore,28.2,9,81764.08,2,1,1,149244.46,0
18587,Female,Delhi,50.8,3,54522.31,1,1,1,113725.86,0
18588,Female,Mumbai,23.8,0,100352.8,2,0,1,108644.97,0
18589,Female,Kolkata,33.0,2,80762.92,4,1,1,41774.99,0
18590,Female,Kolkata,51.6,6,90196.12,2,0,0,80997.46,0
18591,Female,Pune,24.4,2,42587.89,2,1,0,77717.68,0
18592,Male,Chennai,49.8,5,49569.62,1,1,1,92731.78,0
18593,Male,Hyderabad,53.4,10,33907.91,2,1,1,84232.37,0
18594,Female,Hyderabad,52.9,5,98006.32,2,1,0,87685.81,0
18595,Female,Mumbai,44.5,0,136984.59,2,1,0,88001.22,0
18596,Female,Pune,29.9,1,78011.76,2,1,0,91717.31,0
18597,Female,Mumbai,28.1,9,71476.4,2,0,1,123956.98,0
18598,Male,Mumbai,34.0,10,53075.16,3,1,1,108550.2,0
18599,Female,Mumbai,18.0,10,105419.93,2,0,0,67695.26,0
18600,Female,Kolkata,40.3,5,63880.41,2,0,0,41464.71,0
18601,Male,Hyderabad,38.6,1,48806.16,2,1,0,44003.4,0
18602,Female,Mumbai,40.9,1,28090.19,1,1,1,72616.38,0
18603,Female,Chennai,37.1,3,38880.97,1,1,1,141069.9,0
18604,Male,Chennai,42.1,7,66756.22,1,0,1,98813.86,0
18605,Male,Kolkata,41.0,5,19174.1,1,1,0,114786.69,0
18606,Male,Pune,22.5,7,34341.5,2,1,0,52377.87,1
18607,Female,Chennai,43.4,3,106581.49,2,1,0,69332.35,0
18608,Male,Pune,39.7,10,85734.83,2,1,1,103810.99,0
18609,Female,Hyderabad,19.3,2,56869.48,2,1,0,86751.11,0
18610,Female,Bangalore,50.7,6,88575.98,2,1,0,116928.27,0
18611,Male,Mumbai,36.4,6,45873.96,2,1,1,69332.34,0
18612,Female,Delhi,47.6,1,84487.2,2,1,1,112483.82,0
18613,Female,Mumbai,39.5,0,55926.93,1,0,0,25465.91,0
18614,Male,Delhi,18.6,10,114232.56,3,0,0,107802.39,0
18615,Male,Delhi,43.0,7,36559.42,2,1,0,171816.67,0
18616,Male,Mumbai,46.0,2,103257.75,2,0,1,99892.51,0
18617,Male,Mumbai,54.0,5,61801.25,2,1,1,125098.64,0
18618,Male,Mumbai,51.0,6,18043.3,1,1,1,59652.57,0
18619,Male,Mumbai,54.4,7,72732.5,1,1,1,124300.47,0
18620,Male,Hyderabad,48.8,5,82472.66,1,1,1,51969.18,0
18621,Female,Bangalore,34.1,6,102481.37,2,1,1,103064.15,0
18622,Male,Mumbai,40.1,4,84034.7,2,0,0,127819.03,0
18623,Female,Delhi,51.9,2,41746.35,1,0,1,43060.76,0
18624,Female,Bangalore,35.3,1,90956.29,1,1,1,55371.74,0
18625,Male,Mumbai,46.4,6,66350.68,2,0,0,42490.1,0
18626,Female,Mumbai,60.5,7,25469.5,2,0,1,15000.0,0
18627,Male,Mumbai,32.6,7,62889.96,1,1,0,143969.93,0
18628,Female,Bangalore,48.7,2,35582.05,2,1,0,116347.11,0
18629,Male,Pune,30.4,1,61506.72,2,1,1,53341.31,0
18630,Female,Pune,47.0,8,83212.23,2,1,1,74842.43,0
18631,Female,Chennai,59.4,5,36836.55,1,0,0,15000.0,0
18632,Male,Delhi,56.1,9,72355.9,2,1,1,54319.69,0
18633,Male,Pune,35.4,2,92082.7,2,0,1,132014.03,0
18634,Male,Kolkata,58.9,4,49376.41,2,0,0,15000.0,0
18635,Male,Pune,37.3,0,57893.54,3,1,1,34135.88,0
18636,Female,Hyderabad,67.5,1,91710.19,1,1,1,92889.39,0
18637,Female,Mumbai,40.4,8,92849.56,1,1,1,111612.26,0
18638,Male,Hyderabad,48.0,9,36036.74,4,0,1,51038.03,0
18639,Female,Chennai,47.6,10,38983.95,2,1,0,47599.49,0
18640,Female,Kolkata,26.9,9,84757.6,2,1,1,65894.17,0
18641,Female,Pune,56.5,2,59223.2,2,1,0,69613.77,0
18642,Male,Mumbai,42.6,7,61121.79,2,1,0,15000.0,0
18643,Male,Kolkata,33.3,9,21063.76,2,1,0,79623.7,0
18644,Male,Kolkata,31.0,7,53466.96,1,1,1,35661.12,0
18645,Female,Hyderabad,32.8,4,60913.78,2,1,1,60464.13,0
18646,Male,Delhi,39.1,7,83076.9,2,1,1,103497.92,0
18647,Male,Bangalore,27.2,1,55685.13,2,1,0,58015.71,0
18648,Male,Delhi,40.1,1,83151.67,1,1,0,75431.44,0
18649,Female,Delhi,19.3,3,60692.13,1,1,0,73146.45,0
18650,Male,Bangalore,30.3,7,96395.03,1,1,0,35188.39,0
18651,Male,Pune,56.4,1,64640.38,1,1,0,85614.45,0
18652,Male,Kolkata,54.4,3,52109.62,2,1,1,109554.06,1
18653,Male,Kolkata,43.2,7,46722.68,1,1,1,111732.56,0
18654,Female,Delhi,65.3,2,39065.22,1,0,0,68122.68,0
18655,Male,Delhi,54.6,7,72842.34,1,0,1,56942.9,1
18656,Male,Mumbai,45.2,1,114002.19,2,1,1,91948.3,0
18657,Female,Bangalore,46.5,0,84641.74,3,1,0,160325.0,1
18658,Male,Hyderabad,41.1,5,75317.39,2,1,0,103740.73,0
18659,Male,Kolkata,24.9,7,34196.52,1,0,1,86260.22,0
18660,Female,Hyderabad,36.8,8,35478.41,2,1,0,72758.4,0
18661,Male,Mumbai,18.0,9,88760.58,1,1,1,61473.67,0
18662,Male,Pune,26.9,7,76525.14,2,1,1,15000.0,0
18663,Male,Delhi,56.7,1,49117.08,1,0,1,85255.48,0
18664,Female,Mumbai,40.9,0,22115.11,1,1,0,50300.38,0
18665,Female,Mumbai,27.2,6,60037.01,1,1,0,85056.71,0
18666,Female,Mumbai,46.3,6,42531.22,2,1,1,96805.99,0
18667,Female,Pune,47.3,2,51790.7,1,1,1,139098.55,0
18668,Male,Pune,58.5,5,32906.14,1,1,0,42335.91,0
18669,Male,Chennai,61.3,6,85161.36,1,1,0,54316.97,0
18670,Female,Delhi,49.4,8,49741.48,2,0,0,122530.0,0
18671,Male,Bangalore,21.8,0,77779.5,1,1,1,54202.2,0
18672,Male,Bangalore,67.4,2,74664.95,1,1,0,72254.74,0
18673,Female,Delhi,56.2,4,50455.76,1,1,1,45589.43,0
18674,Male,Pune,50.2,2,60370.7,2,1,1,131493.31,0
18675,Male,Hyderabad,39.8,7,108993.89,1,0,1,97421.73,0
18676,Male,Mumbai,21.4,9,39270.27,2,1,1,51504.11,0
18677,Male,Mumbai,33.3,5,43998.06,1,1,1,128267.49,0
18678,Female,Delhi,39.4,1,12499.34,2,1,0,141580.52,0
18679,Female,Mumbai,35.2,0,61325.11,1,1,1,37571.36,0
18680,Male,Kolkata,53.1,9,12580.54,3,0,1,123035.93,0
18681,Male,Chennai,39.1,4,52804.01,1,1,1,92525.09,0
18682,Female,Mumbai,30.7,10,19788.94,1,0,1,30454.95,0
18683,Male,Mumbai,46.0,8,83155.82,2,0,1,81927.25,0
18684,Female,Mumbai,30.0,9,60792.61,2,1,1,91232.38,0
18685,Male,Chennai,20.4,8,0.0,1,0,0,85056.71,0
18686,Female,Mumbai,46.1,0,40805.55,1,1,0,161785.11,0
18687,Male,Mumbai,39.1,2,53080.94,1,1,1,63705.46,0
18688,Male,Kolkata,41.9,5,78171.05,1,1,1,99731.03,0
18689,Male,Mumbai,56.5,4,86720.46,2,1,0,81967.78,1
18690,Male,Chennai,43.0,3,74867.14,2,0,1,75443.03,0
18691,Male,Kolkata,46.8,1,72568.72,2,1,0,64589.78,0
18692,Female,Bangalore,40.2,3,75350.53,3,0,1,89145.44,1
18693,Male,Delhi,49.7,4,81207.21,2,0,0,46577.31,0
18694,Male,Pune,18.0,1,65285.5,2,1,0,85100.73,0
18695,Female,Bangalore,30.7,9,59589.78,1,0,0,29542.3,0
18696,Female,Mumbai,35.4,0,69608.53,2,0,0,116429.7,0
18697,Male,Kolkata,34.2,6,94131.22,1,1,1,64572.94,0
18698,Female,Delhi,30.5,6,6216.94,1,1,1,78955.38,0
18699,Male,Delhi,39.0,7,7644.97,3,0,0,102750.54,0
18700,Female,Chennai,38.4,9,79004.62,2,0,0,132732.76,0
18701,Female,Chennai,39.0,5,42553.13,1,0,1,148237.8,0
18702,Female,Chennai,42.4,0,66744.99,1,1,1,117630.25,0
18703,Male,Hyderabad,46.0,7,64213.6,1,0,1,42579.0,0
18704,Male,Mumbai,30.7,1,119067.81,1,0,1,132027.32,0
18705,Male,Delhi,33.7,2,81885.76,2,1,1,51911.41,0
18706,Female,Mumbai,51.1,7,90116.6,3,0,0,48147.29,1
18707,Female,Pune,28.7,3,57236.65,1,1,1,69184.49,0
18708,Female,Chennai,30.3,4,44863.4,1,1,1,99899.65,0
18709,Male,Pune,30.7,8,43839.5,2,1,0,166646.43,0
18710,Female,Hyderabad,37.6,10,95647.92,1,1,1,76400.13,0
18711,Female,Pune,52.0,6,78112.03,1,1,0,184175.19,0
18712,Male,Mumbai,46.3,9,66901.73,2,0,1,115204.79,0
18713,Female,Kolkata,29.5,6,107789.55,1,1,1,68481.42,0
18714,Male,Delhi,61.8,0,61520.14,4,1,0,117828.41,1
18715,Female,Delhi,31.7,0,45733.05,1,1,1,49805.95,0
18716,Female,Mumbai,20.5,7,56443.38,1,1,1,68764.38,0
18717,Female,Chennai,61.9,9,91874.32,2,0,1,57820.28,0
18718,Female,Pune,30.0,0,30721.72,1,0,1,108242.81,0
18719,Female,Hyderabad,38.7,9,63808.0,2,1,0,125951.16,0
18720,Female,Kolkata,38.4,1,105241.68,1,0,1,87285.5,0
18721,Male,Delhi,47.0,3,75154.84,3,1,0,75331.45,1
18722,Female,Bangalore,18.0,8,60074.01,2,1,0,76630.15,0
18723,Male,Delhi,40.1,6,113149.51,1,1,1,20887.25,0
18724,Male,Kolkata,35.6,6,73724.93,1,1,0,70733.28,0
18725,Female,Mumbai,40.1,9,24720.52,1,1,1,87593.41,0
18726,Female,Pune,33.5,6,60695.55,1,0,0,161759.57,1
18727,Male,Delhi,36.2,4,95391.36,2,0,1,43938.62,0
18728,Male,Hyderabad,49.1,0,69196.84,2,0,1,96413.78,0
18729,Male,Mumbai,46.1,4,103816.77,2,1,0,38427.63,0
18730,Male,Bangalore,31.3,7,38157.12,3,1,1,98981.54,1
18731,Male,Chennai,45.1,6,62845.44,2,1,0,96420.29,0
18732,Female,Chennai,31.2,6,73904.54,1,1,1,127082.69,0
18733,Male,Chennai,49.6,1,33880.97,2,0,1,88364.61,0
18734,Male,Bangalore,38.1,0,64851.83,2,1,1,90126.76,0
18735,Male,Kolkata,24.9,3,75619.56,1,1,0,99753.57,1
18736,Female,Mumbai,18.0,7,33391.3,1,1,1,76977.55,0
18737,Male,Delhi,35.5,0,27966.77,2,0,1,91016.52,0
18738,Male,Delhi,30.6,1,94694.39,1,1,0,83607.42,0
18739,Male,Mumbai,37.1,6,67897.82,2,0,1,50715.87,0
18740,Female,Delhi,39.4,4,6391.76,1,1,0,108234.98,0
18741,Female,Hyderabad,18.0,5,48015.11,1,1,0,142343.25,0
18742,Male,Kolkata,31.2,7,66980.91,1,1,1,48781.19,1
18743,Male,Hyderabad,38.4,8,8133.24,2,1,0,97888.37,0
18744,Male,Kolkata,41.2,7,41956.88,1,0,1,133619.61,0
18745,Female,Pune,49.6,0,56996.57,1,0,1,80441.72,0
18746,Female,Delhi,51.6,10,57001.42,1,0,0,144616.53,0
18747,Male,Mumbai,37.1,3,38631.22,3,0,1,119883.72,0
18748,Male,Mumbai,38.2,4,61475.95,1,0,0,48403.61,0
18749,Male,Kolkata,34.2,8,54861.9,1,1,0,66393.96,0
18750,Male,Mumbai,47.9,5,60147.75,1,0,0,118150.39,0
18751,Female,Bangalore,35.4,5,72730.78,1,1,0,19981.21,1
18752,Male,Mumbai,28.4,2,18488.76,2,1,0,55955.23,0
18753,Male,Hyderabad,20.0,1,82848.24,1,1,0,99566.93,0
18754,Male,Pune,28.6,1,78173.66,2,1,1,65632.63,0
18755,Male,Delhi,36.8,6,77100.29,2,1,0,41240.65,1
18756,Female,Delhi,51.8,4,60528.33,1,1,1,86309.37,0
18757,Male,Pune,40.5,9,60003.41,1,1,1,129145.25,0
18758,Male,Chennai,41.4,0,61910.06,1,1,0,56811.52,0
18759,Male,Chennai,40.0,4,66854.29,1,1,1,62041.74,0
18760,Female,Chennai,55.4,10,84796.02,1,1,1,78486.15,0
18761,Male,Pune,46.1,0,83891.04,2,0,1,152139.34,0
18762,Female,Mumbai,39.8,8,57947.7,2,1,0,49468.13,0
18763,Female,Delhi,32.8,7,79723.44,1,1,0,46356.3,0
18764,Female,Pune,24.9,3,77212.37,1,1,0,98809.82,0
18765,Male,Mumbai,59.8,10,82317.83,2,1,0,139712.41,0
18766,Female,Mumbai,49.6,0,55371.34,2,1,1,59227.74,1
18767,Female,Pune,37.7,10,97103.19,2,1,1,149549.97,0
18768,Male,Hyderabad,61.5,7,85201.07,2,1,0,30591.22,0
18769,Male,Mumbai,39.9,4,37768.84,2,1,1,36565.34,0
18770,Male,Delhi,30.2,0,44967.56,1,1,0,58379.26,0
18771,Male,Kolkata,54.7,1,102995.75,2,1,0,83247.21,0
18772,Male,Kolkata,24.6,4,18615.4,2,1,0,73859.0,0
18773,Female,Pune,35.2,8,64356.22,1,1,0,54355.56,0
18774,Male,Hyderabad,25.6,9,117499.0,1,1,1,15000.0,0
18775,Male,Hyderabad,30.4,7,91862.0,1,0,1,85275.41,0
18776,Male,Kolkata,42.4,10,90641.3,2,1,1,77172.01,0
18777,Female,Mumbai,44.0,9,35198.35,1,1,0,84640.9,0
18778,Male,Mumbai,26.8,7,84883.75,2,1,0,48666.07,0
18779,Female,Pune,61.7,8,103343.24,1,0,0,72619.01,0
18780,Male,Mumbai,18.0,1,57256.05,2,1,1,80714.27,0
18781,Male,Chennai,41.6,6,65076.61,2,1,0,67032.55,0
18782,Female,Delhi,41.9,9,90311.86,2,1,0,60169.61,0
18783,Male,Bangalore,43.2,4,59606.09,2,1,0,103932.68,0
18784,Female,Chennai,50.6,2,27121.69,1,1,1,36235.16,0
18785,Female,Delhi,18.0,9,0.0,2,1,0,82504.35,0
18786,Male,Bangalore,30.7,7,72889.1,1,1,0,64758.8,1
18787,Female,Delhi,41.8,1,52402.88,1,1,0,64648.8,1
18788,Female,Pune,60.4,3,0.0,1,0,0,115019.0,0
18789,Male,Chennai,33.0,4,45043.27,2,0,1,110316.4,0
18790,Female,Hyderabad,37.7,4,55275.51,2,1,1,91282.37,0
18791,Female,Kolkata,48.7,3,52885.34,1,0,1,103977.42,1
18792,Male,Kolkata,25.5,2,93250.25,1,1,1,101523.1,1
18793,Male,Mumbai,40.3,2,81455.57,2,1,0,56274.0,0
18794,Female,Bangalore,38.7,4,61371.09,2,0,0,80719.63,0
18795,Male,Chennai,32.7,9,33148.01,2,0,0,57270.01,0
18796,Male,Kolkata,46.0,5,82654.02,1,0,1,84137.55,0
18797,Male,Mumbai,65.9,0,101741.01,1,1,1,15000.0,0
18798,Female,Hyderabad,42.1,10,108293.01,2,1,0,15000.0,0
18799,Male,Delhi,18.0,3,58171.5,2,1,1,91764.72,0
18800,Male,Pune,29.5,9,79801.75,1,1,1,131181.68,0
18801,Female,Mumbai,57.8,9,48863.23,1,0,1,81490.77,1
18802,Male,Bangalore,37.1,5,44375.73,2,1,0,52423.31,0
18803,Female,Delhi,25.9,1,83072.35,2,1,0,67296.91,0
18804,Female,Kolkata,49.1,9,33716.57,1,1,1,95393.65,0
18805,Female,Mumbai,32.3,4,52884.28,1,1,1,144722.58,0
18806,Female,Mumbai,40.4,10,93701.53,2,0,1,15000.0,0
18807,Male,Mumbai,40.1,8,52476.38,1,1,0,110433.98,0
18808,Female,Bangalore,35.0,2,39172.94,1,0,0,63880.86,0
18809,Male,Bangalore,39.6,2,114840.67,2,0,1,83167.04,0
18810,Male,Kolkata,38.8,8,79107.58,1,0,1,15000.0,0
18811,Male,Chennai,44.5,2,24019.44,1,1,0,85056.71,0
18812,Male,Pune,42.4,3,73388.95,1,1,0,76736.35,0
18813,Female,Delhi,27.8,8,61983.15,2,1,0,97294.64,0
18814,Male,Delhi,60.2,3,85279.06,1,1,1,24136.16,0
18815,Female,Chennai,38.1,4,77562.78,2,0,1,110340.51,0
18816,Female,Mumbai,23.8,1,63897.16,2,1,0,111359.75,0
18817,Female,Hyderabad,18.0,7,71612.3,2,1,0,127514.29,0
18818,Male,Pune,40.9,8,72952.99,2,0,0,85243.53,0
18819,Female,Kolkata,28.9,9,75013.61,1,1,0,67009.34,0
18820,Male,Chennai,46.9,3,55601.81,2,0,1,159670.57,0
18821,Male,Pune,40.6,2,28990.13,2,0,0,32022.98,0
18822,Female,Delhi,85.0,3,59462.16,1,1,1,85880.92,0
18823,Male,Pune,24.9,6,53587.21,1,1,0,85413.27,0
18824,Male,Bangalore,52.7,0,63492.83,1,0,1,128923.58,0
18825,Female,Mumbai,26.9,10,92580.06,1,0,1,69844.99,0
18826,Male,Bangalore,50.0,10,101382.06,1,1,1,72880.3,0
18827,Female,Chennai,57.1,1,82966.82,1,0,1,171823.91,0
18828,Male,Kolkata,35.9,9,85309.54,1,1,1,127642.96,0
18829,Male,Delhi,31.2,4,62695.95,1,1,0,96430.18,0
18830,Male,Delhi,38.1,8,55347.08,1,1,0,64890.02,0
18831,Male,Pune,31.1,5,83397.56,2,1,0,106462.31,0
18832,Male,Delhi,59.3,2,89318.96,1,0,0,125458.97,0
18833,Female,Mumbai,37.6,2,88985.42,3,0,1,55404.56,0
18834,Female,Delhi,45.3,6,61451.61,1,1,0,40635.76,0
18835,Male,Mumbai,45.6,2,67083.83,2,1,1,103454.53,0
18836,Male,Pune,50.7,9,113447.96,1,0,0,113255.18,0
18837,Female,Mumbai,34.6,2,4339.43,4,0,1,114118.8,0
18838,Female,Delhi,49.2,9,89514.58,2,1,0,73329.33,0
18839,Female,Kolkata,55.6,6,56488.78,1,0,1,86503.55,0
18840,Male,Bangalore,38.1,8,56494.82,1,1,1,100281.71,0
18841,Female,Kolkata,24.0,8,57862.89,3,1,0,100646.51,0
18842,Female,Mumbai,56.4,2,18714.31,1,0,1,78025.35,0
18843,Male,Mumbai,42.1,7,59753.51,1,1,1,53999.4,0
18844,Female,Chennai,40.1,0,96983.98,1,1,0,72063.63,0
18845,Male,Mumbai,48.1,7,57654.51,1,0,0,143104.27,0
18846,Female,Mumbai,57.2,10,61096.55,1,1,1,106473.38,0
18847,Female,Mumbai,37.3,1,42745.1,2,1,0,92097.59,0
18848,Female,Bangalore,55.1,3,65544.23,2,0,1,60545.23,0
18849,Male,Chennai,40.9,6,1024.76,1,0,0,53126.09,0
18850,Male,Delhi,47.5,5,45170.03,2,1,1,74118.6,0
18851,Female,Hyderabad,32.7,8,74674.4,2,1,0,37325.48,0
18852,Male,Bangalore,37.0,7,31832.54,1,1,1,113026.32,0
18853,Male,Mumbai,53.0,1,34052.38,1,1,1,143516.02,0
18854,Female,Mumbai,18.0,3,53329.14,2,0,1,37182.29,0
18855,Female,Bangalore,48.4,0,77440.51,2,1,1,53030.68,0
18856,Male,Pune,44.6,6,90281.41,2,1,1,94404.78,0
18857,Male,Chennai,59.9,3,65029.97,1,1,0,87090.33,0
18858,Male,Mumbai,52.1,7,57158.08,2,1,1,88788.12,0
18859,Female,Hyderabad,42.1,1,75132.19,1,0,0,99068.39,1
18860,Female,Delhi,24.7,7,59417.98,2,1,0,147410.36,0
18861,Female,Kolkata,33.0,1,83371.17,1,1,0,24637.11,1
18862,Female,Delhi,37.3,10,102129.37,2,1,1,156893.57,0
18863,Female,Hyderabad,57.9,7,61056.96,2,0,1,66940.36,0
18864,Female,Delhi,49.6,0,36516.1,1,0,0,67156.56,0
18865,Male,Pune,30.5,1,63544.79,1,0,1,84816.48,0
18866,Female,Hyderabad,44.8,4,115364.1,1,1,0,60604.66,1
18867,Male,Mumbai,34.5,0,72920.81,2,0,1,173506.61,0
18868,Female,Pune,32.3,4,40448.19,2,1,1,92922.98,0
18869,Female,Mumbai,47.5,4,65897.42,2,1,0,114246.63,0
18870,Male,Delhi,38.3,6,63178.14,2,1,0,126464.2,0
18871,Female,Delhi,26.0,1,44223.31,3,1,0,96569.28,0
18872,Male,Delhi,49.9,1,96533.47,2,1,1,56706.6,0
18873,Female,Pune,41.8,5,80446.19,1,1,0,101784.57,0
18874,Male,Delhi,35.6,10,93989.6,3,1,0,61547.86,1
18875,Female,Bangalore,57.9,9,0.0,1,0,1,102045.01,0
18876,Male,Delhi,52.8,2,72000.97,1,1,1,53258.96,0
18877,Male,Delhi,41.5,7,66955.65,1,0,1,77649.54,0
18878,Male,Chennai,19.5,2,40424.92,2,1,0,68147.4,0
18879,Male,Mumbai,53.3,9,75944.44,1,1,0,33136.0,0
18880,Male,Delhi,34.2,3,40877.83,1,1,1,49979.54,0
18881,Female,Mumbai,38.1,6,24840.19,1,0,1,96571.03,0
18882,Male,Delhi,36.4,0,83158.74,1,1,1,17499.92,0
18883,Male,Mumbai,24.5,0,61125.56,2,1,0,90781.71,0
18884,Male,Chennai,45.4,8,24050.2,2,1,1,90011.44,0
18885,Female,Pune,29.9,5,100915.91,2,1,0,123721.21,0
18886,Female,Hyderabad,44.8,4,66505.46,1,1,0,44817.49,0
18887,Female,Chennai,28.8,1,44898.18,1,1,0,64457.93,0
18888,Female,Delhi,34.5,1,24195.39,2,0,0,15000.0,0
18889,Male,Delhi,44.4,6,37398.54,2,0,1,106032.91,0
18890,Male,Mumbai,41.5,5,24150.49,1,0,1,127156.33,0
18891,Male,Pune,47.5,7,107823.2,1,0,1,141678.33,0
18892,Female,Chennai,48.4,2,114995.57,1,1,0,146980.73,1
18893,Female,Delhi,56.0,2,95658.07,2,1,1,77901.04,0
18894,Female,Hyderabad,40.0,4,23500.86,2,1,0,79517.75,0
18895,Male,Bangalore,54.5,9,78522.08,2,1,1,124345.93,0
18896,Male,Bangalore,36.1,3,123337.98,1,0,1,59589.76,0
18897,Male,Bangalore,49.3,7,44933.17,2,1,1,97713.29,1
18898,Female,Chennai,53.5,5,62735.06,4,1,0,100099.55,0
18899,Male,Delhi,53.4,7,109886.29,1,0,1,123726.92,1
18900,Male,Kolkata,22.5,6,73708.84,1,1,0,72106.03,0
18901,Male,Bangalore,18.0,1,81701.17,2,1,0,128057.28,0
18902,Female,Kolkata,46.7,8,47887.81,1,1,1,103511.96,0
18903,Female,Hyderabad,40.0,10,28429.5,2,1,1,82782.59,1
18904,Female,Mumbai,43.4,5,77042.1,2,1,1,69048.62,0
18905,Female,Delhi,41.1,10,52623.45,2,1,1,28409.6,0
18906,Female,Mumbai,35.9,10,48615.38,1,0,0,131249.45,0
18907,Female,Pune,46.9,5,45095.1,2,1,1,108935.04,0
18908,Female,Pune,44.1,1,85670.66,1,1,0,115975.46,0
18909,Female,Bangalore,38.7,8,76968.08,1,0,0,45162.46,0
18910,Female,Mumbai,40.3,0,112861.26,1,0,0,85056.71,0
18911,Female,Chennai,47.4,5,93923.2,1,1,1,191253.53,0
18912,Female,Kolkata,32.9,7,68842.67,2,1,0,64779.53,0
18913,Female,Bangalore,26.7,1,67609.94,2,1,0,49834.53,0
18914,Male,Kolkata,26.5,2,91498.02,3,0,1,58818.85,0
18915,Male,Delhi,33.9,9,68745.93,2,1,0,156803.12,0
18916,Female,Delhi,57.8,9,96088.92,1,0,1,70860.93,0
18917,Female,Delhi,41.6,6,69510.18,1,1,0,66632.73,0
18918,Female,Pune,31.9,10,81737.2,1,1,0,155039.46,0
18919,Male,Mumbai,42.4,0,102658.7,1,1,1,100622.02,0
18920,Female,Pune,27.5,4,26065.73,2,1,0,89043.01,0
18921,Female,Hyderabad,37.8,10,100233.34,2,0,0,99434.75,0
18922,Male,Mumbai,35.1,5,101855.09,4,1,0,83152.6,1
18923,Female,Delhi,24.1,9,59332.29,2,1,1,52059.42,0
18924,Female,Delhi,53.1,6,68056.2,1,1,1,128771.32,1
18925,Male,Hyderabad,35.5,9,57462.38,2,1,0,73993.62,0
18926,Female,Delhi,39.5,9,51207.73,2,1,1,68901.26,0
18927,Female,Mumbai,48.4,6,97014.94,2,1,1,48954.49,0
18928,Male,Delhi,44.2,2,30137.44,1,1,1,126141.4,0
18929,Male,Pune,40.9,6,68989.06,1,1,1,86747.46,0
18930,Female,Delhi,37.1,0,33098.14,1,0,0,107546.24,1
18931,Male,Chennai,48.7,10,52350.91,1,1,0,133545.29,0
18932,Male,Bangalore,39.9,3,37458.18,2,0,1,88900.42,0
18933,Male,Pune,41.7,6,67771.28,2,0,1,107157.42,0
18934,Female,Delhi,53.4,6,78735.34,1,1,1,120214.48,0
18935,Female,Pune,54.0,3,94990.34,1,1,1,88554.71,0
18936,Female,Delhi,43.2,0,65111.76,1,1,1,105144.98,0
18937,Male,Kolkata,41.3,7,114450.03,1,1,0,82586.58,0
18938,Female,Pune,47.9,3,54415.06,2,1,0,117684.56,0
18939,Male,Mumbai,37.0,1,84726.91,1,1,0,58040.72,1
18940,Male,Pune,37.0,3,99981.46,1,1,1,111559.28,1
18941,Male,Kolkata,39.2,7,56890.14,1,0,0,70808.04,0
18942,Male,Mumbai,27.8,7,79988.83,2,0,0,118786.45,0
18943,Female,Kolkata,68.3,4,2914.87,2,1,0,52812.98,0
18944,Female,Kolkata,35.2,1,93780.64,2,1,0,125951.07,0
18945,Male,Pune,45.6,6,44835.28,2,1,1,15000.0,0
18946,Female,Hyderabad,39.8,2,104244.96,1,1,1,106494.46,0
18947,Female,Chennai,48.3,5,64402.43,1,0,1,30754.77,1
18948,Female,Hyderabad,35.4,8,89531.34,1,1,0,92010.97,0
18949,Male,Kolkata,42.6,4,50410.34,2,0,1,46275.53,0
18950,Female,Pune,29.8,8,144516.75,1,1,0,85386.98,0
18951,Male,Chennai,54.6,3,70003.05,2,1,1,110263.21,0
18952,Female,Delhi,47.9,8,123987.07,1,1,0,45488.41,0
18953,Male,Mumbai,23.0,0,65362.15,2,0,1,73489.38,0
18954,Female,Delhi,40.2,3,56911.74,2,0,0,15000.0,0
18955,Male,Chennai,23.3,10,82272.93,2,1,0,137896.62,0
18956,Male,Delhi,30.4,0,95844.0,1,1,0,171846.96,0
18957,Female,Delhi,51.1,8,88308.55,1,1,1,128774.28,0
18958,Female,Mumbai,18.0,7,79314.38,2,1,0,77728.05,0
18959,Female,Bangalore,52.5,7,66510.6,1,1,0,129601.71,1
18960,Female,Mumbai,44.5,6,86801.49,2,1,0,94307.58,0
18961,Male,Mumbai,39.0,8,75734.31,1,1,1,131653.05,0
18962,Female,Mumbai,50.5,10,61772.98,2,1,0,82715.03,0
18963,Male,Bangalore,72.4,10,61360.92,1,1,1,107574.5,0
18964,Male,Bangalore,24.0,2,101379.66,2,1,1,65909.51,0
18965,Female,Mumbai,60.3,6,32400.04,3,1,1,18138.99,1
18966,Female,Mumbai,51.6,5,87256.06,2,0,1,152496.15,0
18967,Female,Hyderabad,31.5,4,84567.48,1,0,1,143976.06,0
18968,Female,Delhi,46.3,8,121137.45,1,1,1,104313.4,0
18969,Female,Hyderabad,26.7,3,0.0,1,0,1,67309.85,0
18970,Male,Mumbai,34.1,2,26643.3,2,1,1,75214.92,0
18971,Male,Delhi,18.0,10,42959.05,1,1,1,85056.71,0
18972,Female,Delhi,23.8,2,49277.94,2,1,0,167086.82,0
18973,Male,Bangalore,44.6,1,88813.54,1,1,0,80962.24,1
18974,Male,Delhi,45.6,0,31874.53,1,0,1,63624.84,0
18975,Male,Bangalore,45.5,2,57882.61,1,1,0,45243.47,0
18976,Female,Mumbai,47.6,7,47866.1,2,1,0,30551.04,0
18977,Male,Mumbai,41.4,5,57826.24,2,1,1,54700.24,0
18978,Female,Delhi,48.1,1,99996.93,1,1,1,132901.86,0
18979,Female,Chennai,52.9,7,79389.73,1,1,1,24131.89,0
18980,Male,Delhi,43.0,4,49721.09,2,1,0,97674.92,0
18981,Female,Kolkata,34.8,3,30479.63,1,1,0,86007.74,0
18982,Female,Bangalore,38.3,0,78454.7,1,0,1,78505.38,0
18983,Female,Mumbai,40.1,0,48686.09,2,1,0,51380.17,0
18984,Female,Kolkata,50.2,3,58312.79,2,1,0,104529.74,0
18985,Male,Pune,20.7,8,58877.0,1,1,0,90022.6,0
18986,Female,Chennai,38.1,9,92786.43,1,1,1,110847.58,0
18987,Male,Hyderabad,46.8,9,56305.24,1,0,0,98944.66,0
18988,Male,Bangalore,27.8,5,54750.71,1,0,0,45348.18,0
18989,Female,Hyderabad,23.2,0,42197.01,1,1,0,73768.78,0
18990,Female,Mumbai,18.0,7,46049.05,1,1,0,92517.25,0
18991,Male,Hyderabad,36.6,8,87920.25,2,1,1,28415.58,0
18992,Male,Mumbai,26.3,1,65187.04,2,1,1,116853.63,0
18993,Male,Mumbai,50.5,5,60124.34,2,1,1,135130.54,0
18994,Male,Delhi,21.4,6,31895.68,1,1,1,93310.61,0
18995,Male,Delhi,46.3,10,39147.52,3,1,1,70762.83,0
18996,Female,Chennai,24.4,0,78402.61,2,1,0,33042.94,0
18997,Male,Mumbai,21.8,10,59584.74,1,1,1,68135.8,0
18998,Female,Chennai,25.6,4,59563.2,1,1,1,106035.0,0
18999,Male,Delhi,52.9,10,73917.2,1,0,1,117785.02,0
19000,Female,Chennai,25.6,10,81122.97,1,1,1,109169.46,0
19001,Female,Chennai,53.7,4,82350.11,1,1,0,15000.0,1
19002,Female,Mumbai,42.4,2,57947.61,1,1,0,48185.69,1
19003,Female,Mumbai,33.8,1,62044.04,1,0,0,106126.97,0
19004,Male,Mumbai,27.4,0,78179.15,2,1,0,39487.36,1
19005,Female,Kolkata,62.9,5,9100.52,2,1,1,62407.9,0
19006,Male,Hyderabad,32.9,6,69115.22,1,1,0,56525.74,1
19007,Male,Chennai,33.0,1,82800.06,1,1,0,30352.52,0
19008,Female,Kolkata,57.4,1,47680.88,2,0,1,108665.04,0
19009,Female,Delhi,59.5,4,33107.55,1,0,0,107213.13,0
19010,Female,Bangalore,38.3,4,100714.73,2,1,1,83215.59,0
19011,Male,Hyderabad,54.2,2,45240.04,2,0,0,136689.6,0
19012,Male,Hyderabad,32.6,2,63952.63,1,1,0,104516.33,0
19013,Male,Chennai,67.0,0,72775.58,1,1,0,90598.44,0
19014,Male,Mumbai,24.3,2,42256.9,1,0,1,87509.71,0
19015,Male,Mumbai,29.0,8,25620.15,2,1,0,115268.19,0
19016,Male,Chennai,55.8,1,72030.47,2,1,1,101235.26,0
19017,Male,Chennai,36.5,0,30209.76,2,0,1,62728.73,0
19018,Female,Pune,56.5,8,81863.38,1,1,1,100581.94,0
19019,Male,Hyderabad,34.4,4,61262.51,3,0,1,121733.77,0
19020,Female,Mumbai,47.9,7,118686.79,2,1,1,136529.27,1
19021,Male,Mumbai,31.7,10,68572.1,1,1,1,168838.99,0
19022,Female,Kolkata,39.1,3,47137.49,1,1,0,133319.7,0
19023,Female,Bangalore,24.6,7,84743.66,2,0,1,43242.47,0
19024,Male,Bangalore,39.4,4,91883.43,1,1,0,99025.8,0
19025,Female,Pune,29.5,5,31377.78,2,1,0,122151.24,0
19026,Male,Mumbai,64.9,5,75799.82,3,1,1,29616.91,0
19027,Female,Hyderabad,36.2,5,73616.45,1,0,0,92763.47,0
19028,Male,Bangalore,25.6,1,89194.29,2,1,1,69462.85,0
19029,Female,Kolkata,48.3,9,39369.26,1,0,0,63068.29,0
19030,Male,Hyderabad,25.5,9,83023.22,2,1,1,100116.81,0
19031,Male,Hyderabad,50.5,8,75319.18,2,0,0,51734.48,0
19032,Female,Mumbai,33.3,6,58960.94,2,1,0,58289.15,1
19033,Male,Mumbai,39.5,2,131816.81,1,1,0,65419.45,0
19034,Female,Bangalore,37.7,1,35308.05,2,1,1,42398.53,0
19035,Male,Mumbai,37.0,3,58938.49,1,0,0,66161.16,1
19036,Female,Delhi,40.7,7,42620.81,2,1,0,136417.88,0
19037,Male,Delhi,32.0,8,73459.23,2,1,1,48299.87,0
19038,Female,Delhi,26.9,9,107660.24,1,0,0,88387.16,0
19039,Female,Delhi,40.5,1,100811.99,3,1,0,80943.1,1
19040,Male,Delhi,35.2,5,0.0,2,1,1,146621.84,0
19041,Male,Delhi,24.7,7,104480.48,1,1,1,113462.73,1
19042,Male,Bangalore,47.4,2,52503.41,3,1,1,83068.54,1
19043,Female,Hyderabad,39.8,10,47519.46,2,0,1,139853.51,0
19044,Male,Mumbai,27.0,8,68734.44,2,1,0,62669.44,0
19045,Male,Chennai,37.1,3,57858.14,1,0,0,85056.71,1
19046,Male,Pune,38.3,4,56564.65,1,0,1,132933.75,0
19047,Male,Mumbai,27.6,6,46643.16,2,1,0,93577.17,0
19048,Female,Kolkata,77.9,10,73023.76,1,1,0,63463.55,1
19049,Male,Mumbai,39.9,10,95445.48,1,1,1,130909.19,0
19050,Female,Bangalore,37.4,4,68646.27,1,1,0,111978.39,0
19051,Female,Mumbai,69.2,3,62518.93,1,1,0,111617.03,1
19052,Female,Bangalore,45.5,3,80470.95,1,1,0,97436.02,1
19053,Male,Delhi,54.5,4,96691.98,2,1,0,73255.0,0
19054,Male,Chennai,41.1,2,68195.66,1,0,1,106947.44,0
19055,Female,Kolkata,40.8,8,60999.66,2,1,1,55163.32,0
19056,Male,Hyderabad,29.7,1,80826.56,1,1,1,59221.87,0
19057,Female,Hyderabad,48.0,6,47830.89,4,1,0,137716.11,0
19058,Male,Mumbai,62.2,3,13676.59,2,1,1,175411.2,0
19059,Male,Delhi,58.9,7,80288.09,2,1,0,78003.04,0
19060,Male,Delhi,25.5,6,54535.09,1,0,0,125229.64,1
19061,Female,Delhi,62.3,7,51779.56,2,1,0,97660.88,0
19062,Female,Delhi,30.1,3,17446.02,2,1,1,80849.9,0
19063,Female,Kolkata,28.7,10,46312.54,1,0,0,76659.37,0
19064,Male,Bangalore,29.4,1,56171.31,1,0,0,136562.96,0
19065,Female,Mumbai,35.3,6,101009.15,1,1,0,75383.62,0
19066,Male,Hyderabad,18.0,8,108833.56,2,1,0,85056.71,0
19067,Male,Mumbai,40.6,5,60467.15,1,0,1,125562.14,1
19068,Female,Delhi,36.9,6,78704.86,2,1,0,140340.48,0
19069,Male,Kolkata,40.5,5,36312.3,2,0,1,113104.43,0
19070,Male,Pune,34.0,1,68120.79,1,0,1,26155.21,0
19071,Female,Mumbai,20.9,8,54731.8,1,0,1,78365.76,0
19072,Female,Delhi,36.9,4,25538.0,2,0,1,134625.02,0
19073,Male,Bangalore,54.6,2,93290.94,2,1,0,92442.31,1
19074,Female,Kolkata,27.9,3,69974.24,4,1,0,32328.88,1
19075,Male,Chennai,29.5,3,82330.69,2,1,0,85056.71,0
19076,Female,Mumbai,45.5,8,55230.04,1,1,0,73827.64,0
19077,Female,Kolkata,25.1,10,7228.26,2,1,0,48790.47,0
19078,Female,Hyderabad,42.7,4,29339.6,1,1,0,35827.86,0
19079,Female,Mumbai,45.3,1,87834.44,2,0,0,91924.94,0
19080,Male,Chennai,33.2,5,58875.08,1,1,1,109256.68,0
19081,Male,Pune,31.0,6,80240.24,1,1,1,49939.97,0
19082,Male,Mumbai,23.1,7,54381.82,2,1,0,15000.0,0
19083,Male,Delhi,30.5,4,67331.12,2,0,1,124213.35,0
19084,Female,Delhi,46.8,7,65014.09,1,1,1,131221.84,0
19085,Male,Bangalore,50.1,7,41931.56,1,1,0,54620.38,0
19086,Male,Kolkata,40.8,3,71511.2,1,1,0,74112.63,1
19087,Male,Hyderabad,40.1,6,103581.54,1,1,1,147880.75,0
19088,Female,Bangalore,40.9,8,52692.87,1,0,1,55776.29,0
19089,Male,Hyderabad,30.2,9,23461.29,1,1,1,104401.95,0
19090,Female,Kolkata,42.1,3,82997.25,2,1,1,73178.59,0
19091,Male,Pune,49.0,8,30723.83,2,1,0,46258.11,0
19092,Male,Pune,34.4,3,40388.92,1,1,0,63923.67,0
19093,Female,Chennai,30.4,0,58155.33,2,1,1,33089.37,0
19094,Female,Delhi,34.1,3,80779.98,2,0,0,69217.64,0
19095,Female,Mumbai,53.1,1,77122.32,4,0,1,54726.45,0
19096,Female,Delhi,73.5,5,56983.58,2,1,1,81666.74,0
19097,Male,Mumbai,47.8,7,32047.32,1,0,1,141922.43,0
19098,Male,Chennai,39.1,5,132065.24,2,0,0,70075.71,1
19099,Female,Pune,28.3,8,69587.95,2,0,1,66550.98,0
19100,Male,Hyderabad,27.6,5,85500.82,4,1,0,47874.37,0
19101,Female,Chennai,45.1,10,77099.26,2,1,0,127875.71,0
19102,Female,Delhi,30.6,6,102605.26,1,1,0,83998.78,0
19103,Male,Delhi,52.3,4,38463.77,1,0,0,142059.8,0
19104,Female,Mumbai,32.8,7,74123.96,2,1,1,69202.46,0
19105,Male,Delhi,57.1,1,56995.51,1,0,1,99906.93,1
19106,Male,Bangalore,35.1,1,37888.17,2,1,1,39075.62,0
19107,Male,Kolkata,53.6,10,97566.54,1,1,1,96416.02,0
19108,Female,Delhi,48.1,7,41409.69,2,0,1,134018.17,0
19109,Male,Pune,50.2,5,77071.89,2,0,0,93175.62,0
19110,Female,Chennai,39.2,1,107154.77,4,1,0,68188.95,1
19111,Male,Chennai,32.0,5,106617.54,3,1,0,85056.71,1
19112,Female,Chennai,52.1,10,41934.87,2,0,0,103996.61,0
19113,Female,Pune,61.5,7,89357.69,1,1,1,128262.46,0
19114,Male,Hyderabad,28.0,5,79763.11,1,1,1,84331.61,0
19115,Male,Kolkata,45.7,8,35504.45,2,1,1,58056.7,1
19116,Male,Delhi,45.7,5,18604.51,2,1,0,34355.84,0
19117,Female,Hyderabad,42.0,2,65157.51,1,1,1,85583.24,0
19118,Female,Delhi,57.2,8,95227.3,2,1,1,92305.41,0
19119,Female,Chennai,30.7,9,137747.76,2,1,1,67255.13,0
19120,Female,Delhi,53.2,4,49855.45,2,0,0,106204.27,0
19121,Female,Pune,36.7,5,69552.47,2,1,1,92761.08,0
19122,Male,Bangalore,18.0,3,39009.41,1,1,1,98050.4,0
19123,Female,Delhi,22.5,2,104674.96,3,1,0,126430.5,1
19124,Female,Hyderabad,40.4,9,73038.25,1,1,0,58012.49,0
19125,Male,Kolkata,54.6,4,75996.19,1,1,0,74428.95,1
19126,Male,Chennai,53.0,2,68241.93,2,0,0,114078.61,1
19127,Male,Mumbai,41.3,1,44113.19,2,0,0,77801.3,0
19128,Female,Bangalore,26.3,5,87774.63,2,1,0,128521.85,0
19129,Female,Delhi,25.5,7,90709.95,2,1,0,54980.09,0
19130,Male,Delhi,45.0,2,97040.4,2,1,1,120824.53,0
19131,Male,Delhi,39.5,5,91482.64,1,1,1,110754.81,1
19132,Female,Kolkata,51.7,10,41178.65,2,1,0,98066.58,0
19133,Female,Kolkata,36.0,8,60113.25,4,1,1,138281.47,0
19134,Male,Chennai,30.7,0,75804.39,2,1,1,81103.96,0
19135,Female,Mumbai,36.7,2,49283.89,2,1,0,125646.52,0
19136,Female,Mumbai,39.8,1,36427.83,2,0,1,91618.09,0
19137,Female,Pune,18.0,7,57979.41,2,1,1,124118.36,0
19138,Male,Chennai,45.7,8,68824.67,1,0,0,109031.56,0
19139,Female,Chennai,41.7,9,148576.34,1,1,1,85056.71,0
19140,Female,Bangalore,51.4,5,97396.41,2,1,0,63810.34,0
19141,Male,Mumbai,49.4,2,47103.6,2,1,0,66768.48,0
19142,Male,Bangalore,53.0,9,46753.76,2,0,1,99930.01,0
19143,Male,Delhi,60.2,7,38282.9,2,1,1,136675.49,0
19144,Female,Delhi,41.7,9,83869.5,2,1,1,80512.34,0
19145,Female,Chennai,18.0,6,55457.33,2,1,0,99420.23,0
19146,Male,Mumbai,50.3,1,61631.89,1,0,1,85655.47,0
19147,Male,Kolkata,54.4,10,53033.65,2,1,0,118893.07,0
19148,Male,Delhi,37.3,6,122362.58,1,1,0,79097.45,0
19149,Male,Mumbai,18.0,0,97568.72,1,0,1,88709.43,0
19150,Female,Mumbai,52.5,7,40112.69,1,1,1,54150.8,0
19151,Female,Delhi,39.8,4,36456.47,3,0,1,100313.87,0
19152,Female,Kolkata,24.0,8,95206.97,2,1,1,51994.63,0
19153,Male,Mumbai,36.8,10,41174.99,4,1,0,145001.64,0
19154,Female,Pune,39.9,2,97868.67,1,1,1,63062.93,1
19155,Male,Chennai,36.8,6,83193.39,2,1,1,82089.96,0
19156,Male,Bangalore,33.9,7,41992.31,1,0,0,15000.0,0
19157,Female,Delhi,51.4,0,81347.73,2,1,0,66041.83,0
19158,Female,Bangalore,56.2,5,75191.47,2,1,1,69183.78,0
19159,Female,Mumbai,63.2,10,25470.83,4,1,1,119898.09,1
19160,Male,Chennai,28.0,1,65139.47,1,1,0,59512.56,0
19161,Female,Kolkata,55.6,7,56116.57,2,1,0,92425.26,0
19162,Female,Kolkata,42.3,5,74199.19,1,1,0,135037.94,0
19163,Female,Kolkata,44.5,10,60856.82,1,1,0,102568.68,0
19164,Male,Delhi,54.6,10,74398.95,1,1,0,67198.54,0
19165,Male,Delhi,39.4,2,49553.47,2,1,0,130408.13,0
19166,Female,Chennai,37.8,3,62041.06,1,1,1,15000.0,0
19167,Female,Mumbai,31.7,6,31995.05,1,1,1,102681.28,0
19168,Male,Mumbai,26.0,8,54949.26,2,0,1,125934.58,0
19169,Male,Kolkata,32.4,10,54460.69,1,0,1,50528.26,0
19170,Male,Kolkata,42.1,9,29050.96,2,1,1,15000.0,0
19171,Male,Kolkata,39.4,1,66528.49,2,1,1,48944.41,1
19172,Female,Delhi,35.4,8,105499.22,3,1,0,78141.28,0
19173,Male,Mumbai,35.8,5,47250.01,1,1,0,54833.96,0
19174,Male,Bangalore,52.6,1,94133.81,1,1,1,101178.5,0
19175,Male,Mumbai,42.1,7,72114.09,1,1,1,50416.03,0
19176,Male,Delhi,28.1,3,15957.82,1,1,1,77626.86,0
19177,Male,Bangalore,40.7,10,126675.1,1,1,1,115114.3,0
19178,Female,Delhi,47.4,7,42147.68,1,0,1,91850.45,1
19179,Female,Chennai,51.5,10,65565.79,2,0,0,31540.1,0
19180,Male,Delhi,46.8,6,74593.47,1,1,1,139395.82,0
19181,Male,Chennai,50.2,6,64150.3,1,1,1,79497.24,0
19182,Male,Kolkata,46.1,10,85454.37,2,1,0,96841.81,0
19183,Male,Delhi,18.0,6,95659.52,1,0,0,115350.95,0
19184,Female,Delhi,38.1,1,42424.11,2,0,1,50599.7,0
19185,Female,Mumbai,38.9,7,59433.25,2,0,1,33341.66,0
19186,Female,Bangalore,64.5,1,48167.7,1,0,1,58771.25,1
19187,Female,Hyderabad,49.1,2,48012.29,2,0,0,143706.63,0
19188,Male,Mumbai,36.5,9,67790.87,2,1,0,76103.61,0
19189,Male,Delhi,30.7,6,89882.4,2,1,0,112119.16,0
19190,Female,Bangalore,35.9,6,24570.6,1,1,1,67453.77,0
19191,Female,Delhi,30.3,6,61214.73,2,1,0,75205.92,0
19192,Male,Delhi,66.2,3,43843.7,2,1,1,163939.27,0
19193,Female,Pune,39.8,4,80734.93,1,1,1,79328.08,0
19194,Female,Hyderabad,49.9,6,78384.62,1,1,1,55782.81,0
19195,Female,Pune,46.2,7,89525.38,2,0,1,86970.15,0
19196,Male,Pune,47.9,2,33645.52,2,1,0,28521.6,0
19197,Female,Mumbai,29.4,5,73641.08,1,1,0,38995.33,0
19198,Male,Delhi,56.0,8,63037.93,1,1,1,123926.71,0
19199,Female,Delhi,38.9,9,23450.28,1,1,0,95066.57,0
19200,Female,Pune,58.0,10,27065.47,2,0,0,93576.12,0
19201,Male,Kolkata,45.1,4,53560.4,1,1,0,78727.66,0
19202,Male,Mumbai,61.0,3,65037.79,2,1,0,85056.71,0
19203,Female,Delhi,47.2,8,95263.93,2,0,1,117933.92,0
19204,Male,Hyderabad,37.8,3,57443.71,1,1,0,143813.28,0
19205,Female,Pune,56.9,2,74148.44,1,1,1,34252.9,0
19206,Male,Hyderabad,41.7,6,67184.34,2,1,0,100621.69,0
19207,Female,Chennai,46.5,4,41799.26,1,1,0,23479.62,0
19208,Female,Mumbai,41.1,0,53047.36,2,1,1,63613.32,0
19209,Female,Hyderabad,33.5,7,65632.49,1,1,0,162169.08,0
19210,Female,Delhi,38.1,10,34016.59,2,0,0,121430.41,1
19211,Female,Chennai,48.5,0,79394.75,2,0,0,100490.41,1
19212,Male,Kolkata,51.7,8,101145.65,1,0,0,23234.1,1
19213,Male,Delhi,18.0,0,105048.19,2,1,1,117638.71,0
19214,Male,Delhi,43.8,3,82253.68,2,1,0,94330.05,0
19215,Male,Mumbai,39.1,9,73465.28,1,1,0,73142.76,0
19216,Male,Bangalore,23.6,3,18552.16,2,1,1,48854.01,0
19217,Female,Mumbai,50.3,10,39630.99,1,1,1,45555.15,0
19218,Female,Kolkata,61.7,8,30581.94,1,1,0,55690.61,1
19219,Female,Delhi,57.8,0,53085.43,2,0,0,107695.84,0
19220,Male,Hyderabad,18.0,9,84165.77,2,0,0,81172.46,0
19221,Male,Mumbai,43.9,8,71592.99,2,1,1,87786.1,0
19222,Female,Delhi,32.2,3,74334.72,2,1,1,127736.18,0
19223,Female,Delhi,34.6,6,76807.91,1,0,0,38379.89,0
19224,Male,Delhi,37.0,8,46321.21,3,1,1,16051.06,0
19225,Female,Pune,18.0,10,59351.98,1,0,1,112476.94,0
19226,Female,Bangalore,18.0,6,70309.28,2,1,0,41900.84,0
19227,Male,Delhi,41.0,1,92842.02,1,1,0,66552.87,0
19228,Female,Delhi,40.1,5,61725.31,2,1,0,73808.82,1
19229,Male,Pune,37.7,5,59156.17,1,1,0,79904.61,1
19230,Female,Chennai,25.0,2,30409.37,1,0,1,15000.0,0
19231,Male,Kolkata,35.2,3,44654.44,1,0,1,81565.59,0
19232,Male,Kolkata,57.3,5,70696.8,1,1,0,146812.17,0
19233,Female,Mumbai,35.6,10,60762.48,1,1,1,74072.77,1
19234,Male,Mumbai,34.0,5,28324.81,1,1,0,92545.97,0
19235,Female,Delhi,54.8,0,27842.41,2,0,1,116667.4,1
19236,Male,Delhi,37.4,9,38213.17,1,1,1,129677.25,0
19237,Male,Delhi,48.2,7,57958.37,2,0,0,129463.01,0
19238,Male,Bangalore,45.5,8,89356.57,1,0,1,68532.91,0
19239,Female,Delhi,29.3,1,71500.66,1,0,0,104714.47,0
19240,Female,Kolkata,28.1,3,40990.32,2,1,1,144979.23,0
19241,Male,Hyderabad,23.8,10,47234.18,4,0,0,72000.3,0
19242,Female,Delhi,27.9,5,77095.45,2,0,0,138333.69,0
19243,Female,Pune,49.9,1,73473.84,3,0,0,68606.62,0
19244,Female,Kolkata,30.1,10,47828.29,1,0,0,88885.3,0
19245,Female,Delhi,40.1,6,7356.41,1,1,1,161755.59,0
19246,Female,Mumbai,36.6,5,72656.08,2,0,0,49318.79,0
19247,Female,Mumbai,44.6,7,56466.78,1,0,1,15000.0,0
19248,Male,Mumbai,23.6,6,108313.83,1,1,1,105500.35,0
19249,Male,Bangalore,53.2,9,56448.69,2,1,0,118582.29,0
19250,Male,Pune,57.2,0,64384.1,4,1,0,72105.14,0
19251,Male,Pune,39.7,9,59683.09,1,0,0,77197.09,0
19252,Female,Kolkata,18.0,9,75936.36,2,1,0,111423.61,1
19253,Male,Hyderabad,29.7,4,74907.71,2,1,1,64532.77,0
19254,Male,Kolkata,43.8,5,37045.1,2,1,0,69684.81,0
19255,Female,Delhi,44.5,6,31735.16,2,1,1,114854.79,0
19256,Male,Chennai,36.9,3,92569.71,1,0,1,118060.75,0
19257,Male,Mumbai,53.2,8,53267.94,1,1,1,84801.23,0
19258,Male,Hyderabad,33.1,0,78671.6,2,0,1,57299.23,0
19259,Female,Chennai,51.8,2,56400.61,1,1,0,113386.75,0
19260,Male,Chennai,40.0,9,18304.95,2,0,1,95625.67,0
19261,Male,Chennai,33.2,1,99907.99,2,1,0,52636.49,0
19262,Female,Bangalore,48.8,1,84744.84,2,1,1,52920.63,0
19263,Female,Delhi,39.5,0,78616.26,1,0,1,69659.37,0
19264,Female,Chennai,50.6,2,41212.72,2,1,1,133474.39,0
19265,Female,Delhi,74.9,9,82832.22,2,0,1,50191.23,0
19266,Male,Mumbai,28.8,4,71859.32,2,1,0,152314.61,0
19267,Male,Mumbai,50.6,5,47156.98,1,1,1,130487.22,0
19268,Male,Chennai,47.7,7,58247.05,2,0,1,108517.61,0
19269,Male,Pune,61.4,3,63209.65,1,1,1,67701.24,0
19270,Male,Delhi,51.0,0,50299.77,2,0,1,159493.77,0
19271,Male,Pune,58.9,8,72849.02,1,0,0,84340.66,0
19272,Female,Pune,28.2,2,86574.87,2,1,0,62888.02,0
19273,Female,Chennai,24.7,7,53481.17,2,1,1,70068.49,0
19274,Male,Mumbai,28.7,3,62317.09,1,1,1,30771.74,0
19275,Female,Hyderabad,38.1,10,62214.7,3,1,1,51285.98,1
19276,Male,Pune,56.6,2,85764.52,2,1,0,58302.62,0
19277,Male,Mumbai,59.3,2,69593.75,1,1,1,85056.71,0
19278,Female,Delhi,35.6,3,90762.4,2,1,0,77646.31,0
19279,Male,Pune,38.7,3,48601.66,2,0,0,34418.16,0
19280,Male,Mumbai,25.9,6,64729.48,1,1,0,71694.77,0
19281,Male,Kolkata,40.9,1,79402.03,2,1,0,75467.9,0
19282,Male,Mumbai,37.6,7,82585.31,1,1,1,68424.31,0
19283,Female,Bangalore,37.7,10,55580.44,1,0,0,92727.65,0
19284,Male,Hyderabad,54.2,1,64162.74,2,1,1,97429.57,0
19285,Female,Kolkata,44.9,0,44482.22,1,1,1,104419.05,1
19286,Female,Mumbai,24.3,7,16720.88,2,0,1,36669.77,0
19287,Female,Mumbai,18.0,3,57182.72,2,1,1,52009.09,0
19288,Female,Delhi,46.6,5,57284.39,2,1,0,63072.28,0
19289,Male,Mumbai,42.8,0,54500.08,1,0,1,112099.13,0
19290,Male,Hyderabad,44.5,2,37982.56,1,1,0,92967.64,0
19291,Female,Bangalore,42.8,6,79089.94,1,1,1,78594.1,0
19292,Female,Pune,26.3,6,82251.0,2,1,0,79532.03,0
19293,Female,Bangalore,37.7,10,63394.11,1,1,1,128711.47,0
19294,Female,Chennai,36.3,7,44706.47,2,1,0,139847.43,0
19295,Male,Chennai,39.0,1,50550.1,2,0,0,78392.08,0
19296,Female,Bangalore,50.5,6,64269.91,1,1,0,64393.32,1
19297,Female,Pune,33.1,3,86270.2,1,0,0,15000.0,0
19298,Female,Kolkata,26.1,5,31831.73,1,1,0,99689.34,0
19299,Male,Mumbai,56.1,3,51123.84,2,1,1,86639.8,0
19300,Male,Mumbai,31.2,8,68701.02,2,1,1,117089.53,0
19301,Male,Bangalore,53.8,0,83894.5,1,0,0,118774.89,0
19302,Female,Mumbai,65.8,0,31999.8,1,0,1,80723.64,0
19303,Female,Bangalore,58.1,4,46567.37,1,1,0,38223.76,0
19304,Female,Chennai,48.0,4,6885.41,1,1,1,132217.37,0
19305,Female,Mumbai,37.6,10,97733.48,1,1,0,59022.78,0
19306,Male,Kolkata,51.0,7,37308.77,1,0,0,134246.95,0
19307,Male,Mumbai,39.7,6,77404.51,2,0,0,109884.15,0
19308,Female,Delhi,57.0,10,100730.8,2,1,1,16938.95,0
19309,Male,Chennai,47.7,2,100109.79,2,0,1,70526.87,0
19310,Male,Delhi,44.5,7,19896.78,2,0,0,61464.94,0
19311,Male,Delhi,40.6,3,90369.52,2,1,1,15000.0,1
19312,Male,Mumbai,34.1,2,85372.27,1,1,0,35728.94,0
19313,Female,Bangalore,40.0,1,89019.43,2,0,0,30378.08,0
19314,Male,Mumbai,43.5,8,9838.3,2,0,0,117080.11,0
19315,Female,Pune,36.9,6,50165.9,1,1,1,63577.65,0
19316,Male,Pune,43.6,4,22518.53,3,1,1,79225.18,1
19317,Female,Hyderabad,51.8,8,53045.83,2,1,1,84645.75,0
19318,Male,Kolkata,43.3,2,85197.9,2,0,1,162012.65,0
19319,Female,Pune,33.6,5,113854.32,2,1,1,85214.5,0
19320,Female,Mumbai,18.0,7,86318.34,1,0,1,64322.69,0
19321,Male,Bangalore,54.6,8,75061.05,2,1,0,61861.99,0
19322,Female,Mumbai,38.7,3,52194.75,3,1,0,69360.39,0
19323,Female,Kolkata,42.4,0,51154.39,2,0,1,99848.01,0
19324,Male,Kolkata,46.5,7,75509.33,1,1,0,73572.2,1
19325,Male,Delhi,46.5,9,62162.5,2,1,0,50826.8,0
19326,Male,Delhi,49.1,2,79352.77,2,0,1,86868.96,0
19327,Female,Hyderabad,52.1,5,61661.17,2,1,1,127294.37,0
19328,Male,Mumbai,49.1,3,101493.93,1,1,0,85056.71,0
19329,Male,Hyderabad,18.0,5,89995.76,3,1,1,64360.38,0
19330,Female,Kolkata,44.7,2,43773.66,1,0,0,90980.96,0
19331,Female,Pune,43.1,6,84106.84,2,1,1,15000.0,0
19332,Female,Chennai,37.0,1,71417.97,2,0,0,75990.3,0
19333,Male,Hyderabad,45.8,4,46918.54,2,1,1,53678.1,0
19334,Female,Mumbai,40.2,2,116752.97,1,0,0,20002.95,0
19335,Male,Chennai,33.2,4,72612.78,2,0,1,133555.85,0
19336,Male,Bangalore,54.8,2,73813.21,2,1,0,65972.23,0
19337,Female,Chennai,44.2,8,84752.36,2,1,1,54769.43,0
19338,Female,Mumbai,42.1,7,79217.36,1,1,0,87064.69,0
19339,Male,Delhi,18.0,1,89527.42,2,0,0,33374.61,0
19340,Male,Mumbai,65.5,7,34381.71,3,0,0,60211.85,0
19341,Female,Hyderabad,18.0,7,100107.41,2,1,0,58423.95,0
19342,Female,Pune,46.3,9,74835.27,1,0,0,76510.1,0
19343,Female,Delhi,48.6,2,71145.7,2,1,1,154742.37,0
19344,Female,Mumbai,59.7,9,46356.84,1,1,0,143249.14,0
19345,Male,Delhi,28.5,4,42447.62,2,1,1,30350.15,0
19346,Female,Hyderabad,30.3,1,41852.07,1,0,0,85830.63,0
19347,Female,Delhi,49.6,9,52941.69,1,1,1,60868.43,0
19348,Female,Bangalore,47.8,5,66482.21,1,1,1,94123.35,0
19349,Female,Delhi,60.4,1,31210.85,1,0,1,34233.73,0
19350,Female,Hyderabad,53.0,3,109142.24,2,1,1,156690.34,0
19351,Male,Mumbai,35.9,2,77553.34,2,0,1,81475.99,0
19352,Male,Chennai,38.7,0,38700.13,1,0,0,61911.71,0
19353,Female,Hyderabad,46.3,7,89435.66,2,1,1,58477.9,0
19354,Male,Mumbai,21.7,7,52291.1,3,0,0,90762.2,0
19355,Male,Delhi,46.7,0,45678.67,1,1,1,51699.07,0
19356,Female,Hyderabad,47.6,5,97412.86,1,0,0,62437.7,0
19357,Female,Delhi,30.3,0,48590.5,1,0,1,98975.09,0
19358,Male,Pune,37.4,8,66269.48,1,1,1,41505.34,0
19359,Female,Mumbai,18.0,0,87733.45,1,0,1,90792.62,0
19360,Female,Kolkata,51.1,2,94525.28,1,1,0,101364.09,0
19361,Female,Hyderabad,45.0,8,71393.84,1,1,1,31653.43,0
19362,Female,Mumbai,24.3,0,21799.05,1,0,0,88948.41,0
19363,Male,Delhi,27.3,1,38330.43,2,1,0,87584.04,0
19364,Male,Mumbai,34.8,3,101199.92,1,1,1,115186.49,0
19365,Male,Kolkata,50.2,6,86570.61,1,1,1,72276.47,1
19366,Female,Pune,46.1,7,81401.4,1,1,0,48522.31,0
19367,Female,Delhi,40.1,0,46909.03,1,0,0,43843.39,0
19368,Female,Chennai,32.9,0,39834.75,2,1,1,36087.35,0
19369,Female,Delhi,40.6,4,29546.85,2,0,0,81883.43,0
19370,Female,Delhi,30.4,7,51796.76,1,1,1,52556.15,0
19371,Female,Delhi,33.8,0,74461.24,1,0,0,122045.78,0
19372,Male,Kolkata,48.3,2,101295.8,1,0,0,87562.96,0
19373,Male,Pune,25.3,5,62402.12,2,1,0,97185.61,0
19374,Female,Kolkata,38.3,0,64356.37,1,0,1,88352.4,0
19375,Male,Pune,37.4,2,88387.38,1,1,1,78375.86,0
19376,Male,Pune,39.5,0,52897.79,2,0,1,129297.38,0
19377,Female,Bangalore,43.2,3,61320.01,1,1,1,23978.9,0
19378,Male,Bangalore,47.4,8,67071.38,1,0,1,83947.86,0
19379,Female,Mumbai,49.4,4,52005.72,2,1,1,32806.27,0
19380,Male,Bangalore,35.9,2,77204.78,2,1,1,20486.19,0
19381,Male,Bangalore,38.2,9,68161.5,2,1,0,36642.4,0
19382,Male,Delhi,44.2,6,69848.84,2,1,1,151587.43,0
19383,Female,Hyderabad,42.2,5,40250.57,1,1,1,70303.79,0
19384,Male,Chennai,46.8,10,85412.23,1,1,0,88153.44,0
19385,Female,Mumbai,45.4,8,107094.17,1,1,1,137779.85,1
19386,Female,Pune,30.1,3,83515.32,2,0,1,46303.52,0
19387,Female,Kolkata,62.5,3,46206.22,2,1,1,77074.45,0
19388,Male,Delhi,40.0,8,25836.06,1,1,1,74194.43,0
19389,Male,Pune,48.4,1,61955.37,2,1,1,115350.53,0
19390,Female,Mumbai,47.3,9,79787.75,1,1,1,128499.72,1
19391,Male,Bangalore,43.3,1,47976.09,1,1,0,47008.01,0
19392,Female,Chennai,43.1,8,56998.35,2,1,1,56566.46,0
19393,Male,Bangalore,51.1,6,93058.63,2,1,1,85056.71,0
19394,Female,Pune,37.5,4,25302.98,2,1,1,57973.25,0
19395,Male,Chennai,49.3,4,72939.01,2,0,0,75614.78,0
19396,Male,Mumbai,46.0,8,38437.65,2,1,0,66985.71,0
19397,Male,Kolkata,54.1,9,86243.59,1,0,1,120082.95,0
19398,Male,Kolkata,34.0,4,84101.5,2,1,1,95378.13,0
19399,Female,Mumbai,41.0,8,64011.89,1,1,1,15000.0,0
19400,Male,Delhi,29.7,7,72320.51,1,0,1,47362.44,0
19401,Female,Delhi,53.3,5,42236.43,2,1,0,68829.98,0
19402,Male,Kolkata,31.1,4,86048.41,2,1,0,79602.15,0
19403,Female,Delhi,44.0,4,74969.49,1,1,0,133962.91,1
19404,Male,Hyderabad,34.6,4,63753.86,2,1,1,95325.66,0
19405,Male,Mumbai,53.7,0,45503.65,2,1,1,74742.07,0
19406,Male,Hyderabad,39.3,10,67371.19,1,1,0,96603.45,0
19407,Male,Delhi,47.8,4,55641.74,2,1,1,81543.03,0
19408,Female,Bangalore,27.0,2,84802.7,1,0,1,60915.25,0
19409,Male,Mumbai,32.4,5,106057.87,1,1,0,53150.17,0
19410,Female,Delhi,47.3,8,81548.11,1,1,1,72368.96,0
19411,Male,Delhi,55.5,2,56156.38,1,0,1,43402.32,1
19412,Female,Pune,46.3,0,101356.33,1,1,0,88721.85,1
19413,Female,Chennai,68.6,7,54955.32,2,1,0,123139.92,0
19414,Male,Bangalore,49.5,8,72160.11,2,1,0,106113.42,0
19415,Male,Pune,40.2,9,54608.4,1,0,0,111685.15,0
19416,Male,Mumbai,36.1,3,65557.9,2,1,1,55134.59,0
19417,Female,Delhi,40.1,9,21675.76,1,1,0,39037.11,0
19418,Male,Kolkata,49.7,4,34972.46,1,0,1,114237.09,0
19419,Female,Pune,33.8,2,63436.39,2,0,1,95134.33,0
19420,Female,Chennai,32.1,7,72318.66,2,0,0,76750.09,0
19421,Female,Hyderabad,32.0,2,61551.33,1,0,1,107097.39,0
19422,Female,Delhi,46.1,3,86698.98,1,1,1,75064.82,0
19423,Female,Hyderabad,21.8,9,11897.9,1,1,1,141678.58,0
19424,Male,Delhi,33.9,6,76876.45,1,1,1,107300.5,0
19425,Male,Mumbai,43.6,1,98148.85,2,1,0,83842.68,1
19426,Female,Kolkata,40.3,0,84410.12,2,0,0,31915.13,1
19427,Male,Delhi,34.5,3,81574.29,2,0,0,65822.77,0
19428,Female,Delhi,48.3,7,89874.32,2,0,1,127865.93,0
19429,Male,Delhi,48.3,0,34771.06,1,1,0,107060.5,0
19430,Female,Mumbai,37.4,9,34655.38,1,1,1,142298.43,0
19431,Female,Chennai,33.6,2,57157.47,2,1,1,52658.57,0
19432,Male,Mumbai,50.4,3,62419.15,2,0,1,23348.16,0
19433,Female,Kolkata,38.1,3,69628.62,1,1,0,116143.09,0
19434,Male,Pune,40.2,2,34870.91,1,1,0,114585.68,0
19435,Male,Bangalore,49.4,2,58461.11,2,1,1,88391.75,0
19436,Male,Kolkata,26.8,6,89072.14,2,0,1,119112.24,0
19437,Female,Mumbai,33.8,7,56081.82,2,1,0,136212.91,0
19438,Male,Delhi,36.9,9,25055.25,1,0,1,74762.9,0
19439,Male,Pune,62.9,3,25580.66,1,0,0,133967.92,0
19440,Female,Delhi,25.0,10,89847.95,2,0,1,25075.48,0
19441,Male,Chennai,40.5,10,101941.7,2,1,1,88396.68,0
19442,Male,Chennai,29.4,7,45624.91,1,1,0,85056.71,0
19443,Male,Mumbai,67.7,7,86440.1,2,1,0,96112.63,1
19444,Male,Mumbai,43.2,5,80748.98,2,1,0,111891.93,0
19445,Male,Kolkata,28.6,0,29356.0,2,1,1,118691.38,0
19446,Male,Bangalore,20.2,6,77533.6,2,0,1,67948.64,0
19447,Female,Mumbai,47.3,6,82356.28,1,1,0,46312.09,0
19448,Female,Pune,42.3,4,57771.27,3,1,0,116359.38,1
19449,Male,Delhi,47.6,5,54882.23,4,1,1,53483.0,0
19450,Male,Mumbai,27.9,8,70740.22,1,1,0,27449.48,0
19451,Male,Mumbai,62.4,2,45476.59,1,0,0,97111.94,0
19452,Female,Hyderabad,41.0,3,94239.33,1,0,0,74559.75,0
19453,Male,Hyderabad,45.1,8,64630.4,1,1,0,32684.1,0
19454,Male,Delhi,47.5,9,54168.2,2,1,1,35012.85,0
19455,Female,Bangalore,41.2,1,61372.3,2,1,1,79775.27,0
19456,Male,Delhi,55.7,8,89992.5,2,1,1,70506.79,0
19457,Male,Pune,33.6,4,61345.37,4,0,1,99020.59,1
19458,Female,Delhi,52.3,2,53720.11,2,1,0,94490.07,0
19459,Female,Delhi,56.0,7,25323.99,1,0,0,96976.16,0
19460,Male,Mumbai,52.4,8,69284.15,1,0,0,55273.18,0
19461,Female,Mumbai,57.2,0,57893.49,2,0,1,77757.84,0
19462,Male,Delhi,31.2,4,35119.64,1,1,0,100440.76,0
19463,Female,Mumbai,46.0,8,75835.4,2,0,0,77303.36,0
19464,Female,Mumbai,45.0,10,37739.09,2,0,1,122924.59,0
19465,Female,Pune,40.9,1,48909.41,1,1,1,67706.1,0
19466,Male,Bangalore,47.5,0,76711.5,2,0,1,104439.66,0
19467,Female,Mumbai,54.5,7,76570.67,2,1,0,90354.05,0
19468,Female,Delhi,31.3,5,66970.22,1,0,0,60914.08,0
19469,Female,Bangalore,25.5,1,58224.12,1,1,1,113397.42,0
19470,Male,Hyderabad,37.5,2,53068.21,1,1,0,63358.33,0
19471,Male,Pune,18.0,4,43124.26,1,0,1,104343.94,0
19472,Female,Bangalore,39.2,0,57834.82,1,1,1,113118.69,0
19473,Female,Pune,57.2,1,91499.54,2,1,0,113593.0,0
19474,Male,Bangalore,22.9,10,37339.09,1,1,0,84844.62,0
19475,Female,Mumbai,35.0,0,434.63,1,1,0,41592.55,0
19476,Female,Mumbai,26.4,10,46380.17,1,1,0,96600.94,0
19477,Female,Delhi,44.8,6,103146.03,1,0,0,143221.85,0
19478,Female,Kolkata,47.6,6,55001.06,1,0,1,147878.65,0
19479,Male,Chennai,40.3,9,65352.06,2,1,1,58264.82,0
19480,Male,Mumbai,31.8,4,66951.16,2,1,1,94348.97,0
19481,Male,Mumbai,42.3,9,47899.09,1,1,1,55429.71,0
19482,Male,Mumbai,54.8,5,98754.97,1,1,0,142701.16,0
19483,Female,Kolkata,50.7,2,59063.7,1,1,1,110256.33,0
19484,Female,Mumbai,35.1,10,91870.28,1,1,0,91629.33,0
19485,Female,Mumbai,36.1,1,66281.51,1,1,0,107255.19,0
19486,Female,Hyderabad,35.8,9,67289.96,1,1,0,15674.33,0
19487,Male,Delhi,45.9,8,39177.04,1,1,0,69736.67,0
19488,Male,Mumbai,23.4,1,90524.96,2,1,1,95893.35,0
19489,Male,Chennai,46.5,0,60409.82,2,1,0,85056.71,0
19490,Male,Chennai,33.5,8,68443.77,2,1,1,72166.68,0
19491,Female,Mumbai,36.8,7,107476.55,1,1,0,101303.0,0
19492,Male,Bangalore,31.2,7,71861.91,2,1,0,105366.49,0
19493,Male,Mumbai,48.8,6,69455.87,2,0,0,75742.58,0
19494,Male,Kolkata,32.9,8,89539.08,2,0,0,83265.77,0
19495,Female,Hyderabad,28.5,10,81641.6,2,1,0,51928.61,0
19496,Male,Chennai,33.1,2,53471.38,2,1,1,61277.15,0
19497,Female,Mumbai,27.0,7,50608.21,2,0,1,111431.28,0
19498,Male,Pune,40.1,0,76132.59,1,1,1,47849.8,0
19499,Male,Pune,26.8,0,51216.31,1,1,0,120921.17,0
19500,Male,Bangalore,39.5,10,66126.69,2,1,0,121339.65,0
19501,Female,Kolkata,32.2,5,33646.12,1,1,0,102757.11,1
19502,Female,Pune,58.8,7,107120.97,1,0,1,104376.61,1
19503,Female,Chennai,45.1,7,49218.08,1,1,0,39827.98,0
19504,Female,Bangalore,32.4,9,79930.75,2,0,1,106041.26,0
19505,Male,Kolkata,42.1,0,80778.37,2,1,1,47553.82,0
19506,Male,Hyderabad,29.1,10,108563.74,1,1,1,22893.62,0
19507,Male,Pune,48.1,0,72972.19,1,1,0,96290.02,0
19508,Female,Delhi,42.0,8,55134.81,3,1,0,149190.32,0
19509,Male,Mumbai,45.0,8,64034.67,1,1,1,60924.29,0
19510,Male,Kolkata,28.6,6,43292.6,1,1,0,102106.46,0
19511,Female,Kolkata,23.4,0,98062.94,1,1,1,101249.52,0
19512,Female,Pune,20.0,9,57070.38,2,1,1,87973.82,0
19513,Male,Bangalore,20.9,1,108952.25,1,1,1,32801.61,0
19514,Female,Mumbai,40.1,7,48616.08,1,0,1,93115.46,0
19515,Female,Chennai,63.1,7,129367.45,1,0,0,139099.36,0
19516,Male,Chennai,35.2,10,47939.67,2,1,0,119980.29,0
19517,Male,Delhi,33.1,4,46634.6,1,1,1,19342.9,0
19518,Female,Delhi,39.3,1,49016.34,4,1,1,124958.48,0
19519,Female,Pune,30.6,2,48301.96,1,1,0,83848.4,0
19520,Male,Bangalore,24.6,4,74280.97,2,0,1,130132.07,0
19521,Male,Mumbai,32.1,2,44422.05,1,0,1,34181.45,0
19522,Female,Bangalore,37.3,9,36274.14,1,1,0,64579.97,0
19523,Female,Delhi,62.3,0,42323.35,2,1,1,87659.52,0
19524,Female,Chennai,34.1,5,115639.01,1,1,0,129412.35,1
19525,Male,Bangalore,42.3,4,36761.71,2,1,0,78966.54,1
19526,Male,Chennai,23.5,2,69687.78,1,1,0,66381.45,0
19527,Female,Chennai,48.3,8,42071.97,2,1,1,80117.44,0
19528,Male,Delhi,31.1,9,76510.71,1,1,0,152541.63,0
19529,Female,Chennai,26.4,7,68963.86,3,1,0,50556.93,1
19530,Male,Mumbai,27.7,6,106577.57,2,1,0,70195.14,0
19531,Male,Chennai,32.3,10,53968.97,2,1,0,49657.79,0
19532,Female,Mumbai,26.1,1,75656.14,2,1,1,103156.88,0
19533,Male,Mumbai,43.5,9,91124.28,2,1,1,49810.09,0
19534,Female,Mumbai,27.0,4,55775.99,1,1,1,89842.95,0
19535,Male,Kolkata,47.8,4,70279.89,4,1,0,57397.3,1
19536,Male,Pune,33.9,5,27385.57,2,1,1,98951.0,0
19537,Female,Pune,29.0,5,76144.01,2,1,0,91482.95,0
19538,Female,Pune,31.8,2,69549.28,2,1,1,115307.96,0
19539,Male,Mumbai,27.8,10,46009.09,1,0,1,102623.35,0
19540,Female,Mumbai,40.3,3,34119.8,1,1,1,127378.63,0
19541,Male,Pune,33.5,0,58126.36,1,0,1,163975.91,0
19542,Male,Delhi,53.3,10,35260.57,1,1,1,166391.07,0
19543,Male,Delhi,18.0,0,67463.81,2,1,1,100377.86,0
19544,Male,Bangalore,54.0,4,80493.34,2,1,0,94145.57,0
19545,Male,Kolkata,31.9,3,21143.54,1,1,0,72880.66,0
19546,Male,Chennai,59.2,6,43996.59,1,1,1,76178.03,0
19547,Male,Mumbai,41.4,6,105186.07,2,1,1,95730.69,1
19548,Male,Mumbai,54.4,3,80259.76,1,1,1,53516.21,0
19549,Male,Kolkata,39.1,9,29554.0,2,1,1,106670.37,0
19550,Male,Delhi,38.3,1,52722.18,1,0,0,21047.87,0
19551,Male,Delhi,28.6,9,19772.2,2,1,0,90447.89,0
19552,Male,Hyderabad,38.9,3,93597.38,2,0,0,56847.21,0
19553,Female,Chennai,28.0,7,64609.28,3,1,0,72364.27,0
19554,Female,Mumbai,42.2,1,68276.08,1,1,0,85056.71,0
19555,Female,Kolkata,41.9,4,94820.36,1,1,1,47353.46,0
19556,Female,Delhi,38.5,6,59245.19,1,0,1,61193.43,0
19557,Male,Hyderabad,54.8,9,71849.83,2,0,1,43602.31,0
19558,Female,Mumbai,46.0,5,92219.12,2,1,1,130903.42,0
19559,Female,Mumbai,29.0,8,44561.49,1,1,1,16709.62,0
19560,Female,Delhi,46.8,1,33824.77,1,1,1,68942.43,0
19561,Female,Pune,51.4,3,109843.85,1,1,1,114463.85,0
19562,Male,Delhi,18.0,6,46517.25,1,1,0,85056.71,1
19563,Female,Hyderabad,27.0,7,5968.69,1,1,0,125613.99,0
19564,Female,Mumbai,34.4,4,46971.15,2,1,1,110312.75,0
19565,Male,Delhi,30.2,4,48093.24,1,1,0,54685.27,0
19566,Male,Mumbai,47.7,3,115490.86,2,1,1,91245.02,0
19567,Female,Chennai,29.4,8,78753.59,1,1,0,23049.0,0
19568,Female,Bangalore,28.1,9,59687.83,1,1,0,58900.17,0
19569,Female,Hyderabad,42.9,3,47752.51,2,0,1,46760.22,0
19570,Female,Kolkata,37.2,2,82074.74,2,1,1,65179.42,0
19571,Male,Kolkata,53.5,8,91294.2,2,0,0,80717.53,0
19572,Male,Delhi,44.5,6,77428.58,1,1,0,41849.04,1
19573,Male,Pune,80.8,8,88024.36,1,0,1,132690.07,0
19574,Male,Pune,26.9,3,103754.17,2,0,1,40752.83,0
19575,Male,Chennai,21.7,2,67345.78,1,1,0,95797.07,0
19576,Male,Kolkata,56.5,9,52313.71,1,1,0,25348.7,0
19577,Female,Hyderabad,76.8,7,54261.36,1,1,1,90333.91,0
19578,Female,Delhi,37.3,3,96322.88,1,1,1,39987.55,1
19579,Male,Pune,36.2,9,83242.22,1,1,1,129136.95,0
19580,Male,Kolkata,41.5,2,68720.37,1,0,0,82266.5,0
19581,Male,Bangalore,29.8,3,51471.83,1,0,1,66871.93,0
19582,Female,Hyderabad,18.0,1,44789.12,1,1,0,102351.12,0
19583,Male,Delhi,42.9,10,65015.67,1,0,0,79700.19,0
19584,Male,Bangalore,40.1,3,40036.25,1,0,1,106103.82,0
19585,Male,Kolkata,23.4,6,59310.79,1,1,1,118102.34,0
19586,Female,Delhi,32.6,2,94827.86,2,1,1,78050.15,0
19587,Male,Chennai,23.1,0,61730.03,1,1,0,82598.2,0
19588,Male,Chennai,44.5,9,59051.44,2,1,1,42298.34,0
19589,Male,Delhi,39.7,7,68565.24,2,1,1,119154.69,0
19590,Female,Bangalore,41.9,5,89153.29,2,1,0,88389.24,0
19591,Female,Kolkata,46.2,2,110079.87,2,1,1,106866.83,0
19592,Male,Kolkata,53.2,7,36067.79,1,1,0,71467.02,1
19593,Female,Delhi,42.1,5,95074.48,2,1,0,21738.45,0
19594,Male,Mumbai,47.4,0,85036.67,1,1,0,57155.41,0
19595,Male,Chennai,61.8,8,34144.6,2,0,1,15000.0,0
19596,Male,Mumbai,51.6,10,40575.22,1,1,0,75468.64,0
19597,Female,Mumbai,42.6,8,88918.98,2,1,0,125801.26,0
19598,Male,Delhi,41.9,8,78851.35,1,0,0,46563.3,1
19599,Male,Mumbai,30.0,5,21652.61,1,1,1,148291.46,0
19600,Male,Mumbai,32.2,5,44225.69,1,0,0,49812.19,0
19601,Male,Delhi,38.8,3,78330.76,2,1,0,21489.54,0
19602,Female,Pune,35.8,7,88212.83,2,1,1,43250.21,0
19603,Male,Mumbai,62.6,8,74964.05,1,1,0,105757.67,0
19604,Male,Chennai,44.5,6,12452.48,2,1,1,76663.3,0
19605,Female,Delhi,43.5,6,46986.27,2,1,0,109500.41,0
19606,Female,Hyderabad,54.1,1,40538.46,2,0,0,127071.97,0
19607,Female,Mumbai,42.2,1,82303.14,1,1,1,49150.44,0
19608,Female,Pune,36.7,9,53338.07,2,0,0,103658.1,0
19609,Male,Chennai,43.1,10,78352.65,2,0,1,34403.64,0
19610,Female,Mumbai,44.9,1,69291.67,1,1,1,50584.29,0
19611,Female,Chennai,56.8,3,35774.59,2,0,1,101024.95,0
19612,Male,Bangalore,23.7,8,87065.55,2,0,0,117856.17,0
19613,Female,Hyderabad,31.1,4,94117.02,1,0,0,68965.67,0
19614,Male,Kolkata,39.1,1,88345.14,1,1,0,98373.06,0
19615,Female,Bangalore,51.2,3,70415.56,2,1,0,71109.33,0
19616,Female,Delhi,49.4,6,62660.88,1,1,0,181572.01,0
19617,Female,Delhi,41.3,4,49720.5,1,0,1,88469.23,0
19618,Female,Kolkata,52.2,10,96647.69,1,1,0,85056.71,0
19619,Female,Delhi,31.9,7,105458.02,2,1,0,51637.83,0
19620,Male,Delhi,62.6,0,48529.53,2,1,1,80463.55,1
19621,Male,Kolkata,30.0,4,37784.05,1,1,1,96201.35,0
19622,Male,Delhi,19.4,3,38936.08,2,1,0,76442.62,0
19623,Male,Chennai,47.3,2,40931.09,2,1,1,63514.99,0
19624,Female,Hyderabad,22.8,6,73232.17,2,1,0,106815.43,0
19625,Male,Pune,33.9,9,32076.89,2,0,0,67857.16,0
19626,Male,Hyderabad,38.3,10,50995.96,1,1,1,117239.47,0
19627,Female,Kolkata,45.0,0,51699.83,2,1,0,62919.59,0
19628,Female,Delhi,52.2,5,69342.37,3,1,1,62461.92,0
19629,Male,Delhi,23.8,7,59870.86,2,1,0,112898.13,0
19630,Male,Delhi,26.5,1,76194.52,1,1,1,107116.45,0
19631,Male,Delhi,81.0,5,62109.33,1,0,0,135305.39,1
19632,Female,Hyderabad,37.5,10,70012.56,1,1,0,53383.52,0
19633,Male,Bangalore,20.3,0,113310.97,4,0,0,88376.32,1
19634,Female,Chennai,27.9,5,68412.99,2,0,0,116499.89,0
19635,Male,Hyderabad,33.7,5,71715.86,1,1,0,130993.14,0
19636,Male,Chennai,40.1,4,125546.93,1,1,1,120178.99,0
19637,Female,Mumbai,54.3,6,61246.26,2,1,0,81950.57,0
19638,Male,Hyderabad,59.6,4,101707.01,2,1,0,102584.03,0
19639,Male,Mumbai,30.1,7,95734.4,1,0,1,85056.71,0
19640,Male,Mumbai,33.2,1,41544.15,3,0,0,171553.53,0
19641,Female,Chennai,41.8,5,68709.18,1,1,0,98092.37,0
19642,Female,Mumbai,31.3,4,80997.56,2,1,0,79554.22,0
19643,Male,Chennai,54.3,9,88531.07,1,1,1,111993.13,0
19644,Male,Kolkata,69.6,1,45275.87,1,1,0,84338.91,0
19645,Male,Mumbai,40.3,10,45198.29,2,1,0,155075.3,0
19646,Female,Delhi,43.9,6,87246.93,1,1,1,161086.13,0
19647,Female,Chennai,33.0,3,39720.83,1,1,0,64137.22,0
19648,Female,Chennai,44.0,5,56877.43,1,1,0,89937.09,0
19649,Female,Pune,27.3,4,29354.03,1,1,1,84107.0,0
19650,Male,Pune,28.6,3,44230.04,2,1,0,19892.66,0
19651,Male,Delhi,18.2,1,58893.43,2,1,0,108464.19,0
19652,Male,Mumbai,49.8,6,61497.02,1,1,1,85754.07,0
19653,Male,Mumbai,56.7,4,68570.6,1,1,1,110661.58,1
19654,Male,Mumbai,52.4,2,61707.78,1,1,0,39538.35,0
19655,Female,Pune,41.1,5,87695.15,2,1,0,130374.12,0
19656,Female,Chennai,36.2,7,96138.32,1,1,0,85843.75,0
19657,Male,Chennai,38.9,10,47552.72,2,0,0,29485.67,0
19658,Male,Mumbai,27.8,9,23149.91,1,0,1,34887.65,0
19659,Female,Mumbai,51.3,9,75473.85,1,0,0,83442.97,1
19660,Female,Bangalore,52.6,1,90536.58,1,1,0,67081.01,0
19661,Female,Kolkata,27.3,10,45595.86,1,1,0,53661.08,0
19662,Male,Mumbai,28.8,9,57334.7,2,1,1,97160.43,0
19663,Male,Delhi,24.1,3,89243.57,1,1,0,100245.9,0
19664,Male,Bangalore,36.9,2,92714.72,1,1,0,93642.79,0
19665,Male,Mumbai,39.7,6,76739.49,1,1,1,38644.85,0
19666,Female,Pune,40.8,9,65938.89,1,0,0,81553.83,0
19667,Male,Mumbai,24.0,7,52879.05,2,1,1,90462.57,0
19668,Male,Bangalore,31.2,7,70559.84,1,1,1,41242.34,0
19669,Female,Kolkata,31.2,3,67164.56,2,1,1,100894.0,0
19670,Female,Chennai,48.8,9,81590.18,1,1,1,93231.49,0
19671,Male,Hyderabad,28.0,1,75092.2,2,1,0,25467.02,0
19672,Female,Pune,40.7,5,30452.09,2,0,0,53329.63,0
19673,Male,Bangalore,31.5,2,61438.91,1,1,0,82285.74,0
19674,Male,Delhi,37.7,7,97655.5,1,0,0,110450.73,0
19675,Male,Delhi,51.3,2,4997.51,1,1,1,15000.0,0
19676,Female,Delhi,25.1,1,31354.93,1,1,0,123987.23,0
19677,Male,Hyderabad,18.0,8,39898.05,2,1,1,72384.57,0
19678,Male,Mumbai,23.9,8,81575.12,3,1,1,124270.15,0
19679,Female,Delhi,45.0,8,52522.58,2,1,1,15000.0,0
19680,Male,Delhi,25.6,2,67919.14,1,1,0,51474.94,1
19681,Female,Mumbai,31.4,1,77355.1,1,1,1,105941.96,1
19682,Male,Delhi,45.4,3,77194.75,2,1,0,121792.62,0
19683,Male,Mumbai,49.6,1,48455.39,3,1,1,131721.3,0
19684,Female,Kolkata,52.4,7,57112.2,1,1,1,117014.04,1
19685,Female,Hyderabad,46.6,9,60024.4,1,1,0,84025.5,0
19686,Male,Pune,26.5,0,106385.81,2,1,0,105294.23,1
19687,Male,Pune,59.3,1,59683.09,1,1,0,131475.78,0
19688,Male,Pune,28.7,5,80421.67,2,0,1,123335.29,0
19689,Male,Delhi,32.4,8,82895.35,1,1,1,69602.0,0
19690,Female,Kolkata,39.9,9,92387.06,2,0,0,110961.55,0
19691,Male,Hyderabad,43.3,4,87055.15,1,1,1,84881.23,0
19692,Male,Bangalore,57.3,4,66411.55,2,1,1,85056.71,0
19693,Male,Mumbai,32.4,2,77350.8,1,0,1,67515.93,0
19694,Female,Bangalore,44.6,7,127276.56,2,1,0,110606.37,0
19695,Male,Pune,32.5,5,46539.48,2,1,0,121554.0,0
19696,Female,Bangalore,59.3,9,52379.34,1,1,1,53443.69,0
19697,Male,Mumbai,45.1,1,36249.14,3,1,1,67343.31,0
19698,Female,Mumbai,55.5,4,69669.99,1,0,0,151084.0,0
19699,Female,Bangalore,26.2,3,53420.53,2,1,1,109838.32,0
19700,Female,Chennai,33.3,10,38497.09,2,1,0,136758.06,0
19701,Female,Delhi,43.0,9,65188.62,2,1,1,64671.13,0
19702,Male,Mumbai,55.7,8,30810.54,2,1,1,56129.83,0
19703,Female,Delhi,51.9,3,96439.4,2,0,1,91576.4,0
19704,Female,Bangalore,58.0,7,91014.0,1,0,1,85056.71,0
19705,Male,Hyderabad,56.1,0,109143.13,2,1,1,15000.0,1
19706,Male,Chennai,49.3,4,131375.58,4,1,1,131444.43,1
19707,Male,Kolkata,41.8,8,24286.46,4,1,0,144057.93,0
19708,Male,Chennai,26.6,2,60974.13,2,1,0,132828.77,0
19709,Male,Mumbai,18.0,10,97310.26,1,1,0,142456.31,0
19710,Female,Hyderabad,41.5,5,96736.94,1,1,0,107751.79,0
19711,Male,Chennai,49.6,10,86496.88,2,0,0,75176.03,0
19712,Female,Delhi,18.0,9,38827.31,2,1,0,164013.01,0
19713,Male,Delhi,25.9,5,72006.76,1,0,0,137950.27,0
19714,Male,Hyderabad,27.8,10,91485.84,2,0,1,113107.83,0
19715,Female,Mumbai,37.7,5,56386.42,1,1,1,15000.0,0
19716,Female,Delhi,41.2,3,45928.76,1,0,0,92555.02,0
19717,Male,Pune,53.0,6,58114.8,2,1,0,74277.53,0
19718,Male,Kolkata,24.2,2,50837.5,1,1,1,97670.67,0
19719,Male,Mumbai,44.1,5,71806.55,4,1,0,57326.99,1
19720,Female,Mumbai,23.4,9,29109.36,1,1,1,99516.33,0
19721,Female,Bangalore,50.0,4,106040.2,1,1,1,58657.17,0
19722,Male,Mumbai,34.2,2,50909.41,1,0,1,111468.15,0
19723,Female,Mumbai,40.1,1,39662.74,2,0,0,49209.46,0
19724,Female,Delhi,31.9,0,54949.78,1,1,1,95619.36,0
19725,Male,Kolkata,26.6,7,71749.12,2,1,1,93798.88,0
19726,Male,Delhi,41.1,0,26086.17,1,1,1,96022.21,0
19727,Female,Mumbai,47.5,4,50672.76,1,0,0,72114.65,0
19728,Male,Hyderabad,52.4,4,63429.26,1,0,1,67169.55,0
19729,Male,Chennai,33.8,0,48151.04,2,1,1,128814.57,0
19730,Male,Kolkata,56.7,8,40956.75,1,1,1,88708.88,0
19731,Male,Chennai,39.7,4,88686.97,1,1,0,71451.33,1
19732,Female,Pune,55.2,8,88166.06,2,0,0,73397.39,0
19733,Male,Delhi,38.1,10,87776.48,2,1,0,104738.42,0
19734,Female,Delhi,37.2,5,79160.15,1,0,1,60422.29,0
19735,Female,Chennai,46.9,6,35277.44,1,1,1,73952.48,0
19736,Female,Delhi,43.7,6,64412.16,2,0,1,66133.46,0
19737,Female,Bangalore,33.4,1,98870.31,2,1,0,141108.03,1
19738,Male,Kolkata,53.9,4,34711.29,1,1,1,73796.44,0
19739,Male,Bangalore,28.5,1,40357.13,1,1,0,46522.3,0
19740,Female,Hyderabad,46.9,3,71744.46,2,1,1,41997.13,0
19741,Male,Bangalore,46.4,2,84010.61,2,0,0,68319.92,0
19742,Male,Delhi,52.8,10,82027.85,2,1,1,72676.16,0
19743,Female,Mumbai,53.0,5,73037.62,2,1,0,89044.21,1
19744,Female,Delhi,37.8,10,39925.4,2,1,0,60050.03,0
19745,Male,Bangalore,40.4,4,77258.41,1,1,0,85777.27,0
19746,Female,Hyderabad,39.6,0,49515.98,1,1,1,140919.09,0
19747,Female,Kolkata,60.9,1,73522.21,2,1,1,80316.48,0
19748,Male,Hyderabad,47.8,6,61949.43,1,0,0,127154.35,0
19749,Male,Delhi,52.5,8,57130.2,2,1,1,90837.32,0
19750,Female,Chennai,37.0,0,123257.78,2,1,0,60942.43,0
19751,Male,Mumbai,26.5,3,35377.52,4,1,1,62072.0,0
19752,Male,Kolkata,28.8,10,46566.63,1,1,0,98096.09,0
19753,Female,Delhi,52.1,2,91715.44,2,1,0,19195.51,0
19754,Female,Mumbai,31.2,10,108550.12,2,1,0,92646.99,0
19755,Male,Hyderabad,78.3,4,81731.74,2,1,0,44592.29,0
19756,Male,Hyderabad,35.1,4,59309.48,2,1,1,123556.69,0
19757,Male,Hyderabad,44.2,9,45239.44,1,0,0,127502.63,0
19758,Female,Mumbai,44.2,9,86561.85,1,0,0,74129.34,0
19759,Male,Bangalore,42.2,10,64802.08,1,0,1,162682.99,0
19760,Female,Delhi,25.4,1,51948.06,2,1,1,58843.28,0
19761,Female,Kolkata,43.0,4,91752.34,2,1,1,50372.72,0
19762,Male,Delhi,42.9,3,61249.28,1,1,1,74921.21,0
19763,Female,Kolkata,36.4,0,32172.2,2,1,0,15000.0,0
19764,Male,Kolkata,62.2,0,67977.79,2,1,1,82420.37,0
19765,Female,Chennai,20.1,0,56347.46,2,1,1,66094.42,0
19766,Male,Hyderabad,21.9,7,40078.38,2,0,1,167963.61,0
19767,Female,Pune,49.0,2,72670.84,2,0,0,43806.46,0
19768,Female,Delhi,39.0,8,76303.32,4,1,1,169809.26,1
19769,Female,Chennai,29.4,9,2005.27,2,1,1,125353.47,0
19770,Male,Hyderabad,42.3,1,92283.52,2,1,1,28952.21,0
19771,Female,Mumbai,51.5,8,90119.54,2,1,0,91950.14,0
19772,Male,Mumbai,20.4,10,62113.42,4,0,0,105488.46,0
19773,Male,Bangalore,48.7,8,45245.14,2,1,1,81554.94,0
19774,Male,Mumbai,44.0,3,78529.65,2,1,1,38933.26,0
19775,Female,Mumbai,37.2,3,65064.43,2,1,0,47997.43,0
19776,Male,Delhi,42.9,3,51701.12,1,0,1,85056.71,0
19777,Female,Hyderabad,43.1,0,52248.07,3,0,1,70558.21,0
19778,Female,Pune,46.6,4,69437.84,1,1,0,76538.07,0
19779,Male,Hyderabad,28.2,5,98193.3,1,1,1,30661.42,0
19780,Female,Mumbai,53.0,3,32111.68,2,1,1,99347.69,0
19781,Male,Pune,51.9,7,72763.23,1,1,1,101082.15,0
19782,Male,Bangalore,52.3,2,42814.83,1,1,0,30758.39,0
19783,Female,Bangalore,19.3,10,72952.39,3,1,0,102678.64,0
19784,Female,Chennai,53.7,8,79400.0,1,0,1,15000.0,0
19785,Female,Delhi,35.6,6,34142.38,1,1,0,44650.32,0
19786,Female,Mumbai,46.4,7,79306.2,1,0,0,43471.69,0
19787,Male,Delhi,18.0,6,71461.44,2,0,1,110389.48,1
19788,Male,Delhi,31.8,8,97600.87,1,0,1,50600.36,0
19789,Female,Chennai,50.1,1,65550.92,1,1,1,60964.82,0
19790,Male,Chennai,46.3,3,72142.26,1,1,1,110759.58,0
19791,Male,Delhi,27.0,1,75689.03,1,0,1,73498.41,0
19792,Female,Delhi,48.2,7,100472.31,3,1,1,63182.92,0
19793,Male,Bangalore,30.2,1,19572.97,2,1,0,15000.0,1
19794,Male,Delhi,36.8,7,26119.09,2,1,0,102238.29,0
19795,Female,Hyderabad,26.0,5,62433.37,2,1,1,123298.96,0
19796,Female,Mumbai,44.1,6,74082.31,2,1,0,85588.66,0
19797,Female,Pune,53.0,10,23604.91,1,1,1,120374.84,0
19798,Female,Bangalore,50.6,5,63428.89,1,1,0,94159.7,1
19799,Male,Bangalore,29.1,8,46158.09,2,1,1,60341.86,0
19800,Female,Kolkata,39.4,3,32666.81,2,0,0,126845.38,0
19801,Female,Bangalore,21.1,0,60664.96,3,1,0,121916.95,0
19802,Male,Chennai,56.4,8,82798.12,1,0,0,76154.7,0
19803,Male,Bangalore,40.2,9,111254.57,2,1,1,102924.21,0
19804,Female,Hyderabad,47.8,7,117862.19,4,0,1,146977.75,0
19805,Female,Bangalore,42.4,0,96118.48,2,0,0,70044.84,0
19806,Female,Chennai,32.5,9,73084.97,1,1,0,114431.27,0
19807,Female,Delhi,33.4,5,62293.52,2,1,0,108342.59,0
19808,Female,Delhi,45.5,9,68728.18,2,1,0,93386.43,0
19809,Female,Mumbai,59.6,3,68702.96,1,0,1,82392.04,0
19810,Female,Mumbai,35.9,10,92977.42,1,1,1,15000.0,0
19811,Male,Mumbai,54.1,1,104994.21,1,1,1,126426.89,1
19812,Female,Mumbai,51.1,2,35884.1,1,1,0,49027.46,0
19813,Male,Bangalore,36.2,8,57569.24,2,1,1,98120.68,0
19814,Female,Delhi,53.2,4,88938.23,2,1,0,65833.2,0
19815,Male,Bangalore,52.2,6,61829.0,1,1,0,141377.32,0
19816,Female,Kolkata,18.0,1,54681.81,2,1,1,56279.29,0
19817,Female,Mumbai,48.4,7,93977.62,1,1,0,65616.75,1
19818,Male,Delhi,55.4,2,52285.01,1,1,0,159945.31,0
19819,Male,Mumbai,26.0,0,81441.38,2,1,0,111732.08,0
19820,Male,Pune,24.2,7,57055.38,2,1,1,61533.95,0
19821,Female,Bangalore,42.5,10,120419.36,2,1,0,74682.65,1
19822,Female,Hyderabad,58.9,10,96289.05,2,1,1,100949.03,0
19823,Female,Pune,26.9,8,56742.94,1,0,0,53982.85,0
19824,Male,Hyderabad,21.1,7,71937.08,1,1,1,66608.36,0
19825,Female,Kolkata,34.6,0,79671.07,2,1,1,79554.29,0
19826,Female,Mumbai,32.9,6,54531.86,1,0,1,95429.26,0
19827,Male,Bangalore,19.9,6,57116.41,1,1,1,107166.27,0
19828,Female,Bangalore,33.0,3,85973.98,2,1,1,29531.15,0
19829,Female,Hyderabad,44.2,7,64863.23,1,1,1,65221.46,0
19830,Female,Bangalore,62.3,4,29867.79,2,1,1,88349.69,0
19831,Male,Kolkata,46.7,3,79112.98,1,0,1,129159.6,0
19832,Female,Chennai,49.7,4,89105.95,1,1,1,88043.71,0
19833,Male,Chennai,26.9,10,56831.88,3,0,0,116602.58,1
19834,Female,Hyderabad,38.9,1,45674.07,2,1,1,65079.21,0
19835,Male,Mumbai,37.4,3,98211.96,1,1,0,126745.24,0
19836,Male,Hyderabad,43.9,9,68857.02,2,0,0,77966.93,0
19837,Female,Delhi,47.2,7,63004.69,1,1,0,117633.44,0
19838,Male,Bangalore,51.4,6,62949.08,1,1,1,82637.0,0
19839,Female,Bangalore,40.4,7,101379.57,1,1,0,116034.64,0
19840,Female,Chennai,33.7,6,71549.44,1,1,0,75848.53,0
19841,Female,Pune,54.7,6,76070.59,2,1,0,96973.97,0
19842,Female,Hyderabad,48.7,10,61097.13,1,0,1,83278.4,0
19843,Male,Mumbai,47.4,6,65378.99,1,1,0,90067.29,1
19844,Female,Chennai,39.5,1,57077.6,1,0,0,110459.56,0
19845,Male,Hyderabad,54.6,2,77236.52,2,1,0,111079.1,0
19846,Male,Delhi,24.9,0,37228.64,1,1,1,39479.57,0
19847,Female,Mumbai,50.7,1,70843.18,2,0,0,124897.24,0
19848,Male,Mumbai,50.7,9,55845.48,1,1,1,38935.17,0
19849,Female,Pune,29.2,5,52157.37,1,1,0,97503.43,0
19850,Female,Kolkata,31.8,1,76155.82,2,1,1,44394.35,0
19851,Female,Mumbai,24.6,0,65015.71,1,0,1,123814.83,0
19852,Female,Bangalore,46.1,7,40168.44,2,1,0,119678.07,0
19853,Male,Hyderabad,18.0,8,42879.16,1,0,1,91279.53,0
19854,Female,Mumbai,42.7,6,70021.22,2,1,1,59758.94,0
19855,Female,Mumbai,30.8,2,45435.51,1,0,0,165485.37,0
19856,Female,Pune,28.2,0,23570.68,2,1,0,74095.38,0
19857,Male,Bangalore,18.0,3,85593.9,2,1,1,63709.04,0
19858,Female,Mumbai,29.4,9,34055.0,3,1,1,15000.0,0
19859,Male,Bangalore,57.2,10,56092.07,2,1,0,32184.88,1
19860,Male,Delhi,31.4,2,42091.89,1,0,0,130229.88,0
19861,Female,Kolkata,45.0,10,41431.6,2,1,0,78044.98,0
19862,Female,Delhi,26.9,2,73503.55,2,1,0,68043.83,0
19863,Female,Kolkata,52.3,1,48611.55,1,1,1,108278.84,0
19864,Female,Mumbai,47.3,10,59415.44,1,1,0,62054.29,0
19865,Female,Bangalore,37.3,9,19705.71,1,1,0,40830.62,0
19866,Male,Kolkata,40.1,2,108743.67,2,1,1,101141.53,0
19867,Male,Hyderabad,43.8,10,73953.52,1,1,0,102350.39,0
19868,Male,Kolkata,28.0,4,99908.59,2,1,1,106198.67,0
19869,Female,Kolkata,30.2,3,96938.45,2,1,1,23880.04,0
19870,Male,Hyderabad,51.0,0,94689.76,1,1,1,112400.74,0
19871,Male,Delhi,58.6,0,58809.31,2,1,1,104414.78,0
19872,Female,Delhi,41.8,0,66146.37,1,1,1,97183.2,0
19873,Male,Hyderabad,48.3,9,40090.44,3,0,1,99988.23,0
19874,Male,Bangalore,54.5,8,67199.12,1,0,0,100120.81,1
19875,Female,Delhi,36.1,8,33892.12,2,0,1,55721.77,0
19876,Male,Mumbai,39.1,8,100315.53,2,1,0,45884.79,1
19877,Male,Pune,48.6,9,87419.66,2,0,1,111243.31,0
19878,Male,Mumbai,66.2,3,80571.36,2,1,1,78233.27,0
19879,Female,Bangalore,49.0,3,50964.88,1,1,1,145866.09,1
19880,Female,Kolkata,43.6,9,94202.69,2,1,0,68837.21,0
19881,Male,Mumbai,33.0,6,25477.79,2,1,0,85970.97,0
19882,Female,Mumbai,39.3,2,62360.64,4,0,0,41194.51,1
19883,Male,Hyderabad,48.3,9,68828.61,2,0,1,45724.6,0
19884,Female,Chennai,47.0,2,105727.38,3,1,0,62167.94,1
19885,Male,Delhi,32.8,3,32601.47,2,1,0,45047.72,0
19886,Female,Delhi,55.7,10,98896.2,2,0,1,118661.14,0
19887,Female,Chennai,55.7,5,93938.26,2,1,0,118211.72,0
19888,Female,Mumbai,38.7,0,95286.73,2,1,1,15000.0,0
19889,Male,Chennai,43.4,10,50664.28,2,1,0,50194.37,0
19890,Male,Pune,32.3,2,76240.11,1,1,1,65099.81,0
19891,Female,Pune,30.3,4,87567.26,1,1,0,101653.32,0
19892,Male,Hyderabad,44.2,10,72354.49,2,1,1,71259.18,0
19893,Female,Kolkata,30.6,3,73921.49,3,1,0,15000.0,1
19894,Female,Mumbai,47.8,7,77151.85,1,1,0,30122.29,1
19895,Female,Delhi,35.2,8,49063.6,2,0,1,137109.92,0
19896,Male,Delhi,52.6,7,48669.98,2,1,1,58699.51,0
19897,Female,Chennai,39.0,10,84407.71,2,1,0,103733.69,0
19898,Female,Chennai,18.0,10,49953.31,1,0,0,112998.4,0
19899,Female,Chennai,35.5,8,73293.9,1,1,0,35016.74,0
19900,Male,Mumbai,41.3,7,32958.32,3,1,0,82437.31,0
19901,Male,Chennai,19.2,9,59657.63,1,0,1,145629.64,0
19902,Male,Kolkata,20.3,0,102659.8,1,1,1,96205.45,0
19903,Male,Mumbai,37.7,6,70432.09,2,1,0,88857.11,0
19904,Female,Bangalore,52.1,8,94804.73,1,1,1,84318.43,0
19905,Female,Bangalore,47.6,0,107060.88,1,1,0,127644.13,0
19906,Male,Kolkata,39.8,9,87632.55,1,0,1,160607.9,0
19907,Female,Pune,29.8,0,75963.87,4,0,0,15000.0,1
19908,Male,Bangalore,29.2,9,62455.66,1,1,1,165191.78,0
19909,Male,Mumbai,47.8,1,59670.56,1,0,0,105097.19,0
19910,Male,Delhi,42.4,4,56975.84,2,1,1,111293.66,0
19911,Male,Mumbai,50.3,7,92533.34,2,1,0,73125.76,0
19912,Female,Delhi,54.4,7,70457.06,1,1,0,152285.79,0
19913,Male,Bangalore,34.6,9,86445.64,1,0,1,84643.96,0
19914,Female,Pune,45.3,3,106220.13,1,1,0,87980.79,1
19915,Male,Chennai,46.9,6,113330.86,2,0,0,55327.94,1
19916,Female,Chennai,31.6,6,82494.08,1,1,1,42684.71,0
19917,Male,Mumbai,32.3,8,82383.23,1,1,1,50268.99,0
19918,Male,Pune,48.7,8,60001.86,4,0,1,122579.96,0
19919,Male,Delhi,40.0,2,88542.98,2,1,0,127915.86,0
19920,Male,Hyderabad,29.5,10,43809.94,1,1,1,119339.58,0
19921,Male,Bangalore,30.2,7,67505.18,2,1,1,81856.39,0
19922,Female,Mumbai,24.6,4,39585.62,1,1,0,116622.6,0
19923,Female,Pune,35.7,4,32729.09,1,1,1,58068.81,0
19924,Female,Delhi,27.7,7,73055.09,1,1,1,84352.8,0
19925,Female,Mumbai,41.2,5,40562.69,2,1,1,65866.49,0
19926,Male,Delhi,67.4,9,51596.99,1,1,0,59917.37,0
19927,Male,Pune,45.5,9,75903.88,1,1,1,91701.27,0
19928,Female,Bangalore,52.8,0,88933.76,1,0,1,105552.16,0
19929,Female,Mumbai,44.8,3,114329.79,2,1,1,74783.23,0
19930,Female,Pune,20.2,8,17797.73,2,0,1,106885.04,0
19931,Female,Kolkata,41.5,4,43503.23,2,1,1,84438.49,0
19932,Male,Mumbai,31.8,3,17952.96,2,1,0,15000.0,0
19933,Male,Pune,30.1,10,33297.58,1,0,0,52770.82,0
19934,Male,Kolkata,37.3,9,78116.45,1,1,1,99578.2,1
19935,Male,Mumbai,47.6,0,64273.22,3,1,0,101152.42,0
19936,Male,Mumbai,36.3,8,24952.37,2,1,1,67559.17,0
19937,Male,Mumbai,50.3,7,73292.44,1,1,1,52661.42,0
19938,Female,Hyderabad,42.2,2,103668.48,1,0,1,132883.51,0
19939,Female,Pune,43.8,8,38690.2,2,1,1,110166.01,0
19940,Female,Kolkata,39.3,0,75543.29,2,1,0,16115.08,0
19941,Female,Chennai,55.4,3,104951.57,1,0,0,88726.38,1
19942,Male,Delhi,31.6,4,42933.96,2,1,1,87218.06,0
19943,Male,Delhi,32.3,3,62916.92,2,1,0,60056.27,1
19944,Female,Kolkata,36.2,3,28235.48,1,1,1,78351.75,0
19945,Male,Chennai,46.0,8,98837.99,2,1,1,39015.34,0
19946,Male,Delhi,47.6,4,75437.92,4,1,0,113959.47,0
19947,Male,Hyderabad,33.3,0,49788.14,1,1,1,136178.76,0
19948,Male,Kolkata,50.8,6,60352.87,2,0,1,54274.57,0
19949,Female,Bangalore,28.2,5,88423.69,1,1,1,76786.03,0
19950,Male,Mumbai,48.6,8,25016.4,1,1,1,46190.23,0
19951,Female,Mumbai,44.3,3,44531.87,1,1,0,70447.26,0
19952,Female,Delhi,40.2,9,70518.06,2,1,1,108119.44,1
19953,Male,Mumbai,45.7,5,87303.92,2,1,0,79297.89,1
19954,Male,Bangalore,38.6,9,76406.27,2,0,0,111081.51,0
19955,Male,Delhi,43.1,6,28830.19,3,1,1,164783.43,0
19956,Male,Chennai,68.9,3,89964.98,2,0,1,64062.69,1
19957,Female,Delhi,50.7,8,94508.21,1,0,0,90748.62,0
19958,Female,Delhi,33.5,0,90126.8,1,0,1,71044.47,0
19959,Female,Mumbai,36.3,0,65508.11,2,1,1,110017.75,0
19960,Male,Chennai,54.5,2,50766.64,2,1,1,87431.76,0
19961,Female,Kolkata,35.3,8,101108.17,1,0,1,93283.82,0
19962,Female,Chennai,60.4,4,53307.99,1,0,0,85744.27,0
19963,Female,Delhi,49.2,0,68377.55,1,1,1,82070.95,0
19964,Female,Delhi,23.7,4,88145.71,2,0,1,98962.53,0
19965,Female,Mumbai,50.4,5,96736.56,2,1,1,91045.7,0
19966,Female,Delhi,18.0,3,46985.96,1,0,1,125253.35,0
19967,Female,Delhi,40.1,6,97556.91,2,1,1,79016.14,0
19968,Male,Delhi,50.3,10,51432.8,2,1,1,145738.11,0
19969,Female,Delhi,18.0,2,85055.57,1,1,1,92336.91,0
19970,Male,Bangalore,64.4,4,81542.13,2,1,0,165125.8,0
19971,Male,Delhi,51.6,5,66751.33,2,1,1,131532.99,0
19972,Female,Hyderabad,28.3,6,30840.97,1,1,1,82071.97,0
19973,Male,Chennai,58.2,9,39797.11,1,0,1,74639.13,0
19974,Male,Hyderabad,18.0,1,89836.97,3,1,1,40962.01,0
19975,Male,Delhi,27.9,4,76538.92,1,1,0,137983.98,0
19976,Male,Pune,23.0,6,78964.53,3,0,1,160702.42,0
19977,Female,Pune,18.0,6,58029.11,1,1,1,61849.52,0
19978,Female,Bangalore,36.0,2,55607.28,1,1,1,85414.46,0
19979,Male,Kolkata,42.3,7,76757.84,1,0,0,95472.02,0
19980,Female,Delhi,41.9,0,56841.18,1,1,0,88406.14,0
19981,Male,Kolkata,41.6,3,76437.79,1,1,1,52095.59,0
19982,Female,Kolkata,40.6,2,35653.07,2,0,1,125578.66,0
19983,Male,Hyderabad,25.8,3,67175.03,1,1,0,86879.48,0
19984,Female,Chennai,34.0,10,46976.5,2,1,1,160319.29,0
19985,Female,Pune,18.0,8,70735.87,2,0,1,76960.93,0
19986,Female,Mumbai,53.0,10,37743.74,2,1,1,86834.81,0
19987,Male,Chennai,40.1,7,97493.17,2,1,1,68103.22,0
19988,Male,Pune,40.8,10,24352.52,1,1,1,30632.6,0
19989,Male,Mumbai,49.4,3,91331.43,2,1,1,82688.2,0
19990,Female,Mumbai,50.2,7,57154.96,2,1,0,85056.71,0
19991,Male,Delhi,35.7,0,80573.86,1,1,0,121342.53,1
19992,Male,Mumbai,38.6,7,76610.41,1,1,0,80366.96,0
19993,Male,Chennai,58.8,9,51990.2,1,0,1,60387.23,0
19994,Female,Bangalore,33.0,1,54703.28,1,1,1,28551.49,0
19995,Male,Chennai,58.7,5,91233.58,1,1,1,109909.49,0
19996,Female,Hyderabad,35.8,5,69034.23,2,1,1,63063.77,0
19997,Female,Mumbai,18.0,2,58180.67,1,1,0,100139.5,0
19998,Male,Mumbai,41.1,4,55021.93,2,0,0,101382.9,0
19999,Male,Mumbai,35.7,1,59169.26,2,1,1,111563.36,0
20000,Male,Mumbai,23.8,10,106408.58,2,0,0,46802.49,0
