CustomerID,Gender,Location,Age,Tenure,Balance,NumOfProducts,HasCreditCard,IsActiveMember,EstimatedSalary,Churn
10001,Male,Hyderabad,18.0,1,"₹ 71,993.87",2,1,1,82042.75902317397,0
10002,M,Chennai,48.04827549242018,2,"₹ 52,803.26",2,1,1,51977.22060473375,0
10003,Female,Delhi,,9,₹ 0.00,1,1,1,64878.93000127044,0
10004,Female,Kolkata,59.352099412137925,8,"₹ 59,252.24",2,0,0,80098.67058400557,1
10005,Male,Bangalore,63.327650215440016,2,"₹ 59,554.13",2,1,1,,0
10006,Male,mumbai,26.805395406023855,7,"₹ 43,195.34",2,1,1,93895.34024412662,0
10007,Male,Pune,58.18593462253775,4,"₹ 51,400.84",1,1,1,63488.61279337305,0
10008,Female,Mumbai,30.99269133314163,6,"₹ 104,044.93",2,1,0,52239.812161802125,0
10009,Female,Bangalore,56.83859930494488,3,"₹ 78,462.77",1,1,0,10000.0,0
10010,Female,Chennai,33.93972963633405,7,"₹ 23,439.06",2,0,0,27391.528657765106,0
10011,Male,mumbai,50.28034688894412,3,"₹ 108,571.06",1,1,1,65353.542680067796,0
10012,M,Pune,68.02780517801352,4,"₹ 26,172.41",2,0,0,80086.82546067506,0
10013,Female,Chennai,58.99404493452548,0,"₹ 98,481.34",1,1,1,45119.7467810977,0
10014,Male,Mumbai,31.165854639545962,9,"₹ 28,277.20",1,1,1,124989.28151450022,0
10015,Male,DELHI,27.916739171448448,7,"₹ 45,458.47",2,1,1,111265.94581623182,0
10016,Male,Delhi,56.64510551875134,6,₹ 0.00,2,1,0,97762.64972147593,0
10017,Male,DELHI,64.79201765932898,10,"₹ 65,820.49",2,1,1,124494.11947242469,0
10018,Female,Pune,51.446992342951454,4,₹ 0.00,1,0,1,128469.2526420081,0
10019,Male,DELHI,37.332405480911895,5,"₹ 56,219.82",1,0,1,,0
10020,Male,Pune,45.62805075400327,0,"₹ 36,961.79",2,1,0,60623.6720348976,0
10021,Female,Kolkata,51.48666197216243,7,"₹ 37,297.95",2,1,0,75786.55532241976,0
10022,Male,Kolkata,,8,"₹ 61,819.74",2,1,0,63801.282157719295,0
10023,Male,DELHI,31.180790407601894,10,"₹ 74,587.67",1,1,1,14679.31864980085,0
10024,Male,Hyderabad,60.95607849244631,4,"₹ 89,263.38",1,0,1,98061.54087251425,0
10025,Male,DELHI,73.17429223467641,9,"₹ 14,909.13",2,0,0,80907.00733455946,0
10026,Female,DELHI,66.39832227777256,6,"₹ 40,664.95",1,1,1,125512.60131176484,0
10027,Male,Hyderabad,18.0,9,"₹ 48,568.86",1,0,0,24080.714680818164,0
10028,Female,Delhi,62.33973061681049,3,"₹ 68,088.69",2,1,0,114400.04343535629,0
10029,Female,mumbai,53.67299599800235,5,"₹ 67,475.70",2,0,1,163735.52299008798,0
10030,Male,Hyderabad,35.14078091667573,1,"₹ 24,658.75",1,0,1,47146.43221802442,0
10031,Female,Pune,18.0,3,"₹ 86,055.82",2,1,1,57761.62269647812,0
10032,Male,mumbai,43.29544721576854,4,"₹ 62,303.52",1,1,0,87748.08942546677,0
10033,Male,Mumbai,50.45522345801438,8,"₹ 103,669.28",1,0,1,98449.28984031969,0
10034,Female,Delhi,28.397176642901563,8,"₹ 59,512.49",1,1,0,10000.0,0
10035,M,Mumbai,63.48386223567641,7,₹ 0.00,3,1,1,114709.72400784135,0
10036,Female,Bangalore,63.12029156811008,3,"₹ 25,298.23",2,1,0,10000.0,0
10037,Male,Kolkata,52.018738885091764,5,"₹ 45,169.63",1,0,1,112580.22695903435,0
10038,Male,Mumbai,24.40777449307896,6,"₹ 24,673.33",2,1,0,10000.0,0
10039,Female,Chennai,41.06886798676086,0,"₹ 23,565.80",2,1,0,51790.81164274444,0
10040,Male,DELHI,55.855393281913535,0,"₹ 107,131.67",1,0,1,118177.51035601611,0
10041,Male,Pune,54.866114725643115,3,"₹ 12,520.41",1,0,1,52897.86874197946,0
10042,Male,Mumbai,34.51456292581637,2,"₹ 34,120.26",3,1,0,122471.72014874752,0
10043,Male,Mumbai,36.71413953148922,9,"₹ 51,985.63",2,1,1,81021.0986684837,0
10044,Female,Bangalore,34.127760565843175,3,"₹ 10,539.46",1,0,1,84183.72386694224,0
10045,Male,DELHI,40.75667378575531,8,"₹ 45,107.51",2,1,0,61048.18249121943,0
10046,Female,DELHI,37.69966131379617,1,₹ 0.00,1,0,0,41194.33387535987,0
10047,Male,Bangalore,34.9660467251702,3,"₹ 33,467.72",2,1,1,151962.73812007176,0
10048,Female,Hyderabad,42.93573480526582,6,"₹ 16,442.55",2,1,0,84005.20232618485,0
10049,Female,Bangalore,45.599873491278345,1,"₹ 40,797.05",2,0,1,18978.061065455317,0
10050,Male,Chennai,61.30579233570819,7,"₹ 48,326.82",2,1,1,103243.20553926239,1
10051,M,mumbai,18.280916173532596,9,"₹ 90,460.97",1,1,1,20144.62271762491,0
10052,Female,Chennai,63.28894969676625,3,"₹ 31,693.01",2,0,0,74941.11535466026,1
10053,Female,Bangalore,33.79026398940036,8,"₹ 114,115.91",2,1,0,27295.925070611338,0
10054,Female,Kolkata,72.90760088004536,0,"₹ 56,367.60",1,1,0,43077.809133141935,0
10055,Female,Hyderabad,55.097955514248284,6,"₹ 21,715.26",2,1,0,86039.96440587874,0
10056,Female,Kolkata,53.21007240865245,0,"₹ 54,054.57",1,0,0,88356.37363348044,1
10057,Male,Chennai,43.4397801500878,10,"₹ 87,065.75",2,0,0,28172.149800333835,1
10058,Male,DELHI,75.9453613531955,9,"₹ 17,967.89",2,1,0,85027.14409408842,0
10059,Male,Chennai,44.540923589946075,10,"₹ 108,266.47",2,1,1,10696.829033620117,0
10060,Male,Delhi,67.67546131081923,8,"₹ 65,964.87",2,1,1,124617.045239293,0
10061,Male,Pune,36.38200668974349,9,"₹ 15,679.10",1,0,1,80394.716980812,0
10062,Male,Delhi,55.74890478268715,9,"₹ 34,333.79",1,1,0,79034.55743142724,0
10063,Female,Bangalore,73.47271162848467,0,"₹ 37,529.86",1,0,1,46390.42164737307,0
10064,Male,Mumbai,32.280397289918,2,"₹ 83,248.71",2,1,0,49111.09250203823,0
10065,Male,Kolkata,52.36890252811741,6,"₹ 14,618.64",1,1,1,113416.76022186848,1
10066,Female,mumbai,34.40437614311196,0,"₹ 96,183.84",1,1,1,94736.77030740993,0
10067,Male,Delhi,51.44493866254729,4,"₹ 84,248.12",1,1,0,117136.48800782539,1
10068,Female,Hyderabad,73.40982777045522,5,"₹ 99,931.20",1,1,1,50835.70592876829,0
10069,Male,Kolkata,30.998713038074172,2,"₹ 51,764.33",1,1,0,70816.08813842629,0
10070,F,Delhi,47.3401201817656,5,"₹ 87,046.57",3,1,1,92257.09107728257,1
10071,Female,DELHI,32.48293112993729,3,"₹ 42,778.49",2,1,0,70890.67640943674,0
10072,Male,Pune,43.06078029873353,5,"₹ 80,649.42",1,1,0,97532.22530397738,0
10073,Male,Chennai,54.31839527682996,5,"₹ 52,626.16",1,1,0,55907.063947050694,0
10074,Female,Chennai,40.52747564322905,3,"₹ 104,032.04",2,0,0,31189.65630195759,0
10075,Female,Delhi,68.60870973593379,0,"₹ 58,049.98",3,1,1,95645.70450421648,0
10076,Female,Bangalore,52.25015447957193,2,"₹ 24,660.54",1,1,0,21378.71683305408,0
10077,Female,Hyderabad,25.14882603824802,10,"₹ 95,386.92",1,0,1,161600.12763849273,0
10078,Male,Bangalore,49.796918023997364,9,"₹ 56,255.31",2,1,1,66917.50155297651,0
10079,Male,Kolkata,66.91676777132744,6,"₹ 33,900.78",2,1,0,63887.755967451216,1
10080,Male,Pune,53.13621317667364,1,"₹ 32,478.27",1,0,1,88641.99668757309,0
10081,Female,Pune,48.91141566908997,3,"₹ 23,297.96",1,0,1,96387.63520184201,0
10082,Female,Chennai,40.53701990965,5,"₹ 7,026.99",1,1,1,60405.34690659372,0
10083,Male,Pune,43.54459918513677,4,"₹ 37,333.25",1,1,0,87741.7428497066,0
10084,Male,Bangalore,45.1626261643048,5,"₹ 56,145.26",1,1,1,58853.19242026865,0
10085,Male,Hyderabad,18.0,4,"₹ 38,563.78",2,1,0,128910.47867358834,0
10086,Male,Hyderabad,51.95547792026288,8,₹ 0.00,2,1,1,113729.27970768441,0
10087,Female,Chennai,59.95046765317038,10,"₹ 3,887.82",1,1,0,59412.521280254936,0
10088,Female,Delhi,33.78105493534743,1,"₹ 78,202.36",2,0,0,63401.052298684095,1
10089,Female,Hyderabad,48.48725433770009,3,"₹ 46,566.57",1,1,1,57016.90148528619,0
10090,Male,Bangalore,50.30417405587597,0,₹ 0.00,2,0,0,77484.5473869832,0
10091,Male,Mumbai,57.154458086649655,6,"₹ 39,333.19",2,1,1,99336.69960838053,1
10092,Female,Delhi,45.18515106181473,0,"₹ 53,738.42",1,1,0,106787.69034734459,0
10093,Female,mumbai,53.09455359723489,5,"₹ 78,660.56",1,1,1,84963.64657158396,0
10094,Female,DELHI,27.57606854712616,9,"₹ 29,408.81",1,0,0,88140.30598963915,0
10095,Female,Pune,29.786154873577676,9,"₹ 69,028.27",1,1,0,76838.5159707489,1
10096,Male,Pune,51.46720512732392,8,"₹ 49,334.16",2,1,0,117356.76460835044,0
10097,Female,Mumbai,41.55608729401391,1,"₹ 38,879.57",2,1,1,66761.13546372115,0
10098,Male,Delhi,21.28933720692394,0,"₹ 76,190.89",1,0,0,157434.79415224813,0
10099,Male,Chennai,50.212452064070405,10,"₹ 21,652.50",2,1,1,134438.3902262601,0
10100,Male,Bangalore,25.878719793194524,10,"₹ 78,420.29",2,1,1,68618.4569232837,0
10101,Male,Mumbai,85.5391607696762,10,"₹ 15,757.83",2,1,1,76180.7459834935,0
10102,Female,DELHI,18.0,9,"₹ 32,710.38",1,1,1,10000.0,0
10103,Male,Hyderabad,45.79017321376754,2,"₹ 38,468.15",2,1,1,30180.180842876558,0
10104,Female,Chennai,28.257774688751653,5,"₹ 46,674.71",2,1,1,62104.89342239685,0
10105,Female,mumbai,58.73802838268442,6,₹ 0.00,1,0,1,63251.91631187685,0
10106,Male,Chennai,38.956736927010965,10,"₹ 53,166.21",1,1,0,100922.92913576934,0
10107,Male,Mumbai,60.19249211669248,7,₹ 0.00,2,1,0,110810.63785001369,0
10108,Female,Mumbai,56.510061199488504,3,"₹ 55,029.02",3,1,1,14155.353558275878,1
10109,Male,Mumbai,28.983718467555928,7,"₹ 58,229.83",2,1,1,34228.68333814333,0
10110,Male,Mumbai,34.090022145344065,6,"₹ 79,299.30",2,1,1,25720.674521211688,0
10111,Male,Chennai,39.83220624755663,10,"₹ 9,940.56",1,1,1,23546.555449175605,0
10112,Male,Mumbai,43.98702862316075,7,"₹ 56,879.85",2,1,1,78964.29675905763,0
10113,Female,Delhi,42.053193263907986,4,"₹ 48,569.11",2,1,0,117942.19878107653,0
10114,Female,Chennai,55.921662455212676,9,"₹ 32,967.70",2,1,0,131606.71344983153,0
10115,Female,Hyderabad,48.50927997973238,6,"₹ 17,754.44",2,1,0,127393.2343562202,0
10116,Female,Delhi,35.81024967784346,3,"₹ 52,425.24",2,1,0,10000.0,1
10117,Female,DELHI,31.313208183043827,0,"₹ 90,107.60",1,1,1,60978.40937695133,1
10118,Male,Hyderabad,32.761588623651974,2,"₹ 42,781.95",2,1,1,87238.84253250505,0
10119,Female,mumbai,49.94989541727982,9,"₹ 87,612.40",1,1,0,110449.45014832135,0
10120,Female,Pune,42.10391351649988,8,"₹ 84,378.60",1,1,0,10000.0,0
10121,Female,Chennai,76.20471387163701,10,₹ 0.00,2,1,1,49063.206539427454,0
10122,Female,Pune,44.996349815662185,3,"₹ 24,223.09",2,1,0,138392.56944797665,1
10123,Male,Chennai,47.83095599157343,4,"₹ 33,537.24",1,0,0,76286.71810579048,1
10124,Male,Hyderabad,18.0,2,"₹ 89,714.38",1,1,1,135175.05391689145,0
10125,Male,mumbai,24.929107493332715,10,"₹ 49,401.84",1,0,1,107026.74121859513,0
10126,Male,Bangalore,28.178978691630874,5,"₹ 88,719.74",1,1,0,55999.92491350978,1
10127,Female,Bangalore,37.00454009791536,3,"₹ 45,907.92",1,1,0,101124.25480373041,0
10128,Female,Delhi,22.766441669364113,4,"₹ 89,561.24",2,0,0,123558.34298138332,1
10129,Male,Mumbai,27.676060274448467,10,"₹ 63,570.03",1,0,1,65473.96898041497,0
10130,Female,Mumbai,54.97405976956001,6,"₹ 47,128.00",3,1,1,51918.98808921421,0
10131,Male,Bangalore,32.10206296274108,6,"₹ 85,241.57",1,1,0,38109.021200739066,1
10132,Male,Hyderabad,44.38481073012168,8,"₹ 34,861.95",1,0,0,114443.22789168905,0
10133,Male,mumbai,53.88210471377927,1,"₹ 110,621.90",2,1,0,115964.12289330855,0
10134,Male,Delhi,59.19929923675866,3,"₹ 6,152.96",2,1,0,45207.045532804084,0
10135,Female,Hyderabad,49.387861958055716,7,"₹ 37,084.10",1,1,1,30109.666095282642,0
10136,Male,Mumbai,50.29111844380397,3,"₹ 53,023.64",2,1,0,56352.934230072395,0
10137,Female,Delhi,59.65915536405772,2,"₹ 27,745.69",2,1,1,70042.62843289155,0
10138,Female,Pune,51.21398679995209,9,"₹ 61,830.91",2,1,1,108201.21014067496,0
10139,Male,Kolkata,60.531381516196674,5,"₹ 46,382.30",2,1,0,143442.98329197703,0
10140,M,DELHI,18.0,2,"₹ 59,896.61",1,1,1,52809.85986979843,0
10141,M,Delhi,43.744806735437976,1,"₹ 23,326.75",2,1,1,146078.9871166973,0
10142,Male,Mumbai,45.835312171223414,8,"₹ 19,516.05",2,1,0,36306.90922191638,1
10143,Male,Hyderabad,43.231736031972105,2,"₹ 49,141.86",2,1,1,105516.9737020111,0
10144,Male,Pune,46.84800739869642,0,"₹ 71,872.68",2,0,1,130104.92318958636,0
10145,Male,DELHI,38.87500913446351,8,"₹ 105,303.36",2,0,1,39560.76696444359,0
10146,Male,DELHI,56.834662791731624,4,₹ 0.00,2,1,1,35639.819864675956,1
10147,Female,Delhi,36.96646959115762,6,"₹ 44,088.58",2,1,1,87745.95818580892,0
10148,Female,DELHI,41.733855192667185,1,"₹ 63,286.09",1,0,0,123742.7683640098,1
10149,Male,Pune,66.66056496353826,0,"₹ 60,957.74",1,0,0,72926.1771762272,1
10150,Male,mumbai,64.56658558023177,5,"₹ 13,373.58",1,1,0,114997.18597450707,0
10151,Female,Hyderabad,47.36451653307983,4,"₹ 28,193.62",1,0,1,,0
10152,Male,Delhi,35.44667682118139,9,"₹ 49,585.55",2,0,0,21213.182322878005,0
10153,Male,DELHI,20.485904373606324,5,"₹ 130,502.02",2,1,1,80138.56705126248,0
10154,Male,mumbai,43.02974143251211,1,"₹ 78,293.16",1,1,0,119873.60364618909,0
10155,F,Hyderabad,52.62269156729507,6,"₹ 60,512.88",1,0,1,43590.65386010631,0
10156,Male,Chennai,34.18257807961497,0,₹ 0.00,2,1,0,50950.33701766562,0
10157,Female,mumbai,45.088931212165825,10,"₹ 10,476.82",2,1,1,125779.77482368906,0
10158,Female,Chennai,39.773414921892375,7,"₹ 13,133.61",1,1,0,73436.11013848479,0
10159,Male,Chennai,19.16707613844131,6,"₹ 60,740.43",1,1,1,97578.18809883662,0
10160,Female,mumbai,46.75749328571895,6,"₹ 45,913.75",2,1,0,10000.0,0
10161,Male,DELHI,51.52634710098165,5,"₹ 30,944.08",2,1,1,101600.54523805568,0
10162,Female,Chennai,47.391290721736105,9,"₹ 60,033.39",2,1,0,50944.353990911644,0
10163,Female,DELHI,69.18746650408511,4,"₹ 4,678.62",2,1,0,16942.06155672238,0
10164,Female,DELHI,40.1719939648629,8,"₹ 25,555.55",2,1,0,70148.38425323133,0
10165,Male,Hyderabad,38.980255556085275,2,"₹ 48,023.36",2,0,1,112859.93927440801,0
10166,Female,Pune,77.49690284569847,8,"₹ 106,076.50",2,1,0,116738.65055525614,1
10167,Male,DELHI,26.268855698374548,4,"₹ 76,869.34",1,0,0,77533.71476134524,0
10168,Male,Hyderabad,35.7026951235417,7,"₹ 62,931.13",1,1,0,60278.69394018127,0
10169,Male,Kolkata,50.41474876541777,10,"₹ 37,978.02",1,1,0,19756.51717142424,1
10170,Female,Chennai,61.87906427135033,2,"₹ 49,455.03",1,1,0,102965.63747766908,0
10171,Female,Delhi,59.02253584519343,6,"₹ 86,482.11",1,1,0,75994.43748349168,1
10172,Male,DELHI,29.401789520213818,9,"₹ 104,772.28",2,0,0,71772.65336138656,0
10173,Female,mumbai,69.41467831172339,3,"₹ 42,801.20",2,1,1,64912.386930050634,1
10174,Male,Chennai,51.96090400705978,4,"₹ 63,518.35",1,1,0,114474.99047463998,0
10175,Female,Chennai,32.70944617381166,3,"₹ 77,422.97",2,1,1,107447.33355283717,0
10176,Male,Kolkata,33.97199314269759,8,"₹ 62,263.89",2,1,1,118911.9305576832,0
10177,Female,Delhi,46.07320060549502,6,"₹ 10,718.97",2,1,0,108475.10690945006,0
10178,Male,Hyderabad,77.28485870915188,5,"₹ 27,650.64",2,1,0,64514.92631672821,1
10179,Female,Kolkata,48.18672086251722,5,"₹ 72,218.95",1,1,1,59277.234310626074,0
10180,Male,Pune,77.1474227703278,10,"₹ 33,095.35",2,1,0,74102.38774664637,0
10181,Male,Chennai,58.1713107761805,9,"₹ 103,808.05",1,0,0,76576.77311528777,0
10182,Male,DELHI,26.065522916674173,6,"₹ 40,772.09",2,1,1,110565.8735350722,0
10183,Female,DELHI,66.11265621333368,4,"₹ 9,984.08",1,1,1,77593.13769172339,0
10184,Female,Kolkata,30.837728969700713,9,"₹ 81,038.30",2,1,0,75010.28086187504,0
10185,Male,Pune,35.77332253334638,2,"₹ 39,200.48",2,1,1,94815.26016568276,0
10186,Female,Bangalore,49.13629602930553,10,"₹ 41,575.34",2,0,0,98196.52714139574,0
10187,Female,Mumbai,44.57347267571326,10,"₹ 76,037.35",2,0,1,49913.66701477785,0
10188,Female,mumbai,58.40121653770884,2,"₹ 20,286.98",2,1,1,63804.51740429143,0
10189,Female,mumbai,52.52582898995734,6,"₹ 52,463.79",1,1,1,42260.33766855211,0
10190,Male,Bangalore,43.23107563797042,10,"₹ 13,659.13",2,0,1,54627.274567841596,0
10191,Male,Chennai,70.48389231940138,9,"₹ 52,277.99",1,1,0,126019.14058236267,0
10192,Female,Hyderabad,37.88192071281271,0,₹ 838.48,3,1,0,109048.61755711371,0
10193,Female,Delhi,29.999630394657345,3,"₹ 24,774.80",2,1,1,104858.42512616138,0
10194,Female,Bangalore,51.949486888984325,9,"₹ 76,949.03",1,0,0,109930.30796297279,1
10195,Male,Pune,44.72724931062971,7,"₹ 88,917.38",2,1,1,10000.0,0
10196,Male,DELHI,48.680643926686265,3,"₹ 23,455.77",1,0,1,71139.02544923661,0
10197,Female,Mumbai,56.07242172612146,0,"₹ 23,130.80",1,1,0,86982.87554586852,0
10198,Female,Chennai,42.22360755492118,4,"₹ 53,070.95",1,1,0,44498.85414625729,0
10199,Female,Mumbai,72.8791334501777,0,"₹ 25,748.56",1,0,1,16567.2312365306,0
10200,Female,Delhi,48.97479794719912,8,"₹ 78,129.88",1,0,1,68345.92367061802,0
10201,Female,DELHI,38.24409553452932,7,"₹ 8,295.13",1,1,0,105238.93104025378,0
10202,Male,Pune,53.843688674409776,6,"₹ 31,188.31",2,1,0,116178.23010905688,0
10203,Male,mumbai,43.717781084294806,4,"₹ 104,369.22",2,1,0,25547.18048184192,0
10204,Female,Delhi,46.69945229451087,3,"₹ 61,345.75",2,1,1,92393.03715822988,0
10205,Female,Bangalore,28.40801356371737,6,"₹ 67,532.80",2,1,0,25099.0644301937,0
10206,Male,mumbai,30.108097872065194,2,"₹ 44,294.39",2,1,0,92991.7320476987,0
10207,Male,mumbai,60.92385505370086,7,"₹ 6,135.51",2,1,0,49447.96567271455,0
10208,Female,Pune,,4,"₹ 96,466.54",2,0,0,101663.16792096708,0
10209,Male,Bangalore,43.16435650487051,4,"₹ 55,854.24",1,1,0,91399.71024697681,0
10210,Male,Kolkata,49.88775956778958,0,"₹ 78,473.26",2,1,1,146994.8173143112,0
10211,Female,Delhi,66.19539022683608,9,"₹ 41,784.70",1,1,0,78818.6009889739,0
10212,Female,Hyderabad,37.7808358186146,10,"₹ 49,231.17",2,1,1,97014.57488653055,0
10213,Female,DELHI,56.383491823132815,7,"₹ 38,000.90",2,1,1,105053.95155810691,0
10214,Male,Pune,43.19212877893627,6,"₹ 56,175.05",1,0,0,60800.63725522975,0
10215,Female,DELHI,18.0,0,"₹ 35,878.78",1,0,1,123850.10410190714,0
10216,Male,Delhi,45.69113681753823,3,"₹ 24,131.75",1,0,1,175733.5012665379,1
10217,Male,Bangalore,43.99638759491343,3,"₹ 44,055.12",2,1,1,,0
10218,Female,Hyderabad,51.37682508631535,8,"₹ 65,834.57",1,0,1,,0
10219,Female,Mumbai,35.36025408044542,9,"₹ 84,909.78",1,1,0,10000.0,0
10220,Female,Hyderabad,36.95962615652731,1,"₹ 9,575.98",1,1,1,168693.75543838227,0
10221,Female,Pune,63.01604187157626,3,"₹ 76,600.76",1,1,1,122358.28903631237,0
10222,Female,DELHI,39.95780102255232,9,"₹ 29,052.15",1,1,1,,0
10223,Male,Hyderabad,18.0,2,"₹ 19,768.59",2,1,0,114159.73007767356,0
10224,Male,Chennai,52.35666672514003,9,"₹ 21,416.17",1,1,0,33716.81659273584,1
10225,Male,Bangalore,57.938468949957326,4,"₹ 128,116.23",2,1,1,131929.3320708857,0
10226,Male,Bangalore,57.80645427182918,6,"₹ 72,331.24",3,1,1,88278.32498618736,1
10227,M,Chennai,35.77000581526278,4,"₹ 15,455.11",2,1,0,68175.91827246422,0
10228,Male,mumbai,45.003434127794435,4,"₹ 33,426.97",1,1,1,84217.363901644,0
10229,Female,mumbai,52.96916385145215,3,"₹ 9,282.09",2,0,1,45299.6976535864,0
10230,Female,Delhi,59.45869021015563,8,"₹ 10,280.06",1,1,1,48541.94542050471,0
10231,Female,Kolkata,52.53120577129961,5,"₹ 9,152.07",2,1,1,29814.130816087134,0
10232,Female,Mumbai,56.634355290948534,9,"₹ 18,732.07",1,1,0,87557.96579147536,0
10233,Female,Chennai,34.01778764850161,5,"₹ 72,975.56",1,1,1,85627.97539558762,0
10234,Male,Delhi,18.0,10,"₹ 81,970.71",1,0,0,10000.0,0
10235,Male,DELHI,60.80542803466631,5,"₹ 22,350.24",3,1,1,18448.09577449542,0
10236,Female,Chennai,30.80973185220598,5,"₹ 37,600.59",2,1,1,118313.54041258206,0
10237,Male,Kolkata,42.42868629433643,0,"₹ 75,158.14",2,0,0,106863.26715891906,0
10238,Male,Chennai,57.117644215925765,10,"₹ 51,098.01",2,1,1,63890.15326613467,0
10239,Female,Kolkata,45.40029075861823,5,"₹ 60,448.41",3,1,0,,1
10240,Male,Kolkata,55.54005287597699,3,"₹ 34,455.57",1,1,1,12333.604461992916,0
10241,Female,Kolkata,81.82287030064417,1,"₹ 95,927.54",2,0,1,117409.58464432649,0
10242,M,Bangalore,53.27273803470116,5,"₹ 101,520.81",2,1,1,10000.0,0
10243,Female,Hyderabad,34.070466426583856,0,"₹ 71,686.42",2,1,1,74718.48295121388,0
10244,Male,Bangalore,23.291798086556106,0,"₹ 31,991.53",1,1,1,119178.64967198225,1
10245,Male,Delhi,55.15019932173003,4,"₹ 10,490.34",2,1,1,94821.27295584578,1
10246,Female,Bangalore,46.2226056162064,5,"₹ 102,358.81",1,1,0,127198.38395512578,0
10247,Male,Bangalore,24.315604091713297,1,"₹ 59,804.14",2,0,1,71804.82885877357,0
10248,M,DELHI,62.68605530064337,9,"₹ 53,561.17",1,1,0,77646.06004953016,0
10249,M,Chennai,55.86222928361458,7,"₹ 71,359.57",1,1,1,129507.14497377913,0
10250,Female,Bangalore,44.82621623054491,3,"₹ 50,819.06",2,1,0,122176.13952091866,0
10251,Male,Kolkata,77.8020974048707,3,"₹ 42,047.61",1,0,0,63656.38928616914,1
10252,Male,Chennai,60.34754953746619,9,"₹ 116,485.93",1,1,1,95707.6018989896,0
10253,Female,mumbai,30.140340744805698,4,"₹ 85,446.26",1,1,1,52110.677494173375,0
10254,Male,DELHI,62.5894809077426,9,"₹ 99,836.66",1,1,1,129543.2291199044,0
10255,Male,Hyderabad,48.82382722938547,3,"₹ 97,442.36",2,1,1,78485.71665825482,0
10256,Female,DELHI,73.39962851699687,10,₹ 0.00,3,0,0,95059.35611968508,1
10257,Female,Kolkata,59.14475931391084,4,"₹ 74,962.13",1,0,0,70850.88805070758,0
10258,Female,Chennai,52.264579353189816,9,"₹ 64,972.04",2,0,0,10000.0,0
10259,Female,Hyderabad,51.41067156770867,2,"₹ 31,540.18",3,0,1,42247.62654972604,1
10260,Male,Mumbai,27.17272472329504,7,"₹ 138,231.44",2,1,1,19716.83771248345,0
10261,Female,Pune,37.31965307507241,5,"₹ 54,599.89",1,0,0,91827.55156287152,1
10262,F,DELHI,48.12529008241674,7,"₹ 34,524.24",2,0,1,10000.0,0
10263,Male,Hyderabad,24.42375254188083,4,"₹ 45,882.36",2,1,1,91428.77095147199,0
10264,Female,Delhi,52.007834156316676,6,"₹ 68,590.19",1,1,0,37971.03731029489,0
10265,Female,Hyderabad,33.85082882762586,9,"₹ 63,409.99",1,1,0,94456.97690440204,0
10266,Female,Pune,39.102302751614495,6,"₹ 34,209.19",2,0,1,81169.70849715782,0
10267,Female,Kolkata,55.66050754905895,5,"₹ 75,210.52",2,1,1,75750.0367887561,0
10268,Female,Chennai,36.66075110670795,9,"₹ 51,006.07",1,0,1,122435.93710681351,0
10269,Male,Mumbai,52.0423139743605,3,"₹ 42,463.38",2,1,0,120921.48914718581,0
10270,Male,Delhi,47.17455038897856,5,"₹ 43,757.43",2,1,0,132088.61440867244,0
10271,Female,Hyderabad,29.120631155743105,8,"₹ 15,033.32",1,1,1,50853.74638139317,0
10272,Female,Bangalore,58.220904598579814,10,"₹ 21,007.10",2,1,1,33733.79479488364,0
10273,Female,Kolkata,58.99129848474389,3,"₹ 18,407.26",2,0,0,121464.71337137796,0
10274,Female,DELHI,59.80656297653189,5,₹ 0.00,2,1,1,51618.58440546692,0
10275,Female,DELHI,73.61520951470969,5,"₹ 60,259.49",2,1,0,22607.709647233678,0
10276,Female,Pune,38.83297347968984,2,"₹ 19,465.81",1,1,0,31253.9850357362,0
10277,Female,Kolkata,18.0,3,"₹ 37,614.68",1,1,1,86574.94533798254,0
10278,Female,Delhi,35.14490580516471,2,"₹ 40,944.28",1,0,1,70923.74341239037,0
10279,Female,mumbai,59.39238008130184,2,"₹ 20,406.85",1,1,1,123303.58275511293,0
10280,Female,Mumbai,43.77945114809329,9,"₹ 39,045.27",2,1,0,25832.28229787828,0
10281,Female,Delhi,23.9284097563132,3,"₹ 52,394.90",2,0,0,20090.68977955482,1
10282,Male,Mumbai,19.748655356037254,3,"₹ 29,138.32",2,0,1,69237.60485885396,0
10283,Male,Chennai,66.30532517525099,5,"₹ 22,510.48",1,0,1,10000.0,0
10284,Male,Chennai,54.128738352425884,3,"₹ 31,702.73",2,0,0,60154.61047562277,0
10285,Female,Kolkata,37.55001411380847,5,"₹ 78,548.37",1,1,0,114533.86212069026,0
10286,Male,Kolkata,73.23773296224151,1,"₹ 32,967.77",1,0,0,164638.65677732963,0
10287,Male,DELHI,84.73355432078938,3,"₹ 55,035.64",1,1,0,63506.65682216063,0
10288,Female,Bangalore,60.52267655083612,1,"₹ 34,979.89",3,1,0,60355.882823459084,1
10289,Male,Pune,56.330148264281746,7,"₹ 46,804.84",2,1,0,84306.02484692314,0
10290,Female,Bangalore,52.92380399013608,8,"₹ 75,427.22",1,1,0,106378.07067653148,1
10291,Male,Delhi,57.83534425167291,6,"₹ 23,067.10",2,1,0,122832.7934959158,0
10292,Male,DELHI,74.37554710176556,5,"₹ 116,842.57",1,1,1,54148.17631930945,0
10293,Female,Mumbai,30.4092257796654,7,"₹ 60,714.77",1,1,0,122131.0764589597,0
10294,Male,mumbai,39.913853845559835,3,"₹ 56,118.15",2,1,0,,0
10295,Male,Hyderabad,44.2831870314883,9,"₹ 18,533.57",2,0,0,143986.48112877307,0
10296,Female,Chennai,53.61462727466416,10,"₹ 69,508.30",2,1,1,117605.97786599252,0
10297,Female,Bangalore,,1,"₹ 99,911.38",1,0,0,,1
10298,Male,Pune,51.19243940369505,3,"₹ 27,335.33",1,1,1,84649.35917941599,1
10299,Female,mumbai,54.37850802700608,4,"₹ 19,881.49",2,1,1,62540.253284216364,0
10300,Male,mumbai,55.150758710254884,8,"₹ 51,410.20",1,1,1,103408.71528528184,0
10301,Male,Chennai,45.34628491043308,4,"₹ 19,693.85",1,0,0,68171.99386668539,0
10302,Female,Kolkata,38.75801866294515,8,"₹ 36,463.08",2,1,0,50758.97955932155,0
10303,Female,mumbai,46.12014910813242,8,"₹ 75,096.75",1,1,0,101286.98017723681,0
10304,Female,Delhi,35.18555971991858,7,"₹ 103,062.23",1,1,0,,1
10305,Female,Delhi,35.44355961903539,4,"₹ 76,418.29",2,0,0,28440.222754513306,0
10306,M,Kolkata,50.52053361825319,1,"₹ 24,191.51",2,1,0,134682.79760713642,0
10307,Female,Mumbai,37.82662880218972,4,"₹ 41,712.70",1,1,1,116169.302711023,0
10308,Male,DELHI,72.70056847991877,10,"₹ 39,524.90",2,1,0,110966.13625447366,0
10309,Female,Kolkata,47.198142966514524,0,"₹ 53,001.88",2,0,1,72198.7009295272,0
10310,Male,Delhi,65.38879154570971,7,"₹ 76,521.70",2,1,0,35870.672716175206,0
10311,Male,mumbai,26.323584153311362,1,"₹ 25,974.04",2,1,0,126835.89602148387,0
10312,Male,Delhi,26.782686587414688,6,"₹ 115,640.41",2,1,0,52562.61682864637,0
10313,Male,Hyderabad,43.333968632192,10,"₹ 18,779.51",2,0,1,45944.19797444055,0
10314,M,DELHI,59.05150172743908,1,"₹ 25,081.70",2,0,1,87445.59965888568,0
10315,Female,Pune,37.649132238201325,10,"₹ 25,990.15",1,1,0,10000.0,0
10316,Female,Hyderabad,43.494347047911326,4,"₹ 123,804.33",2,1,1,91627.95786839412,0
10317,Male,Mumbai,59.99888123702118,9,"₹ 99,022.11",1,0,0,49364.12716004424,0
10318,Male,Chennai,39.179571901312066,6,"₹ 25,545.87",1,0,1,73215.33956176834,0
10319,Male,Hyderabad,33.63722405714701,5,"₹ 36,177.73",2,1,0,111989.55085452473,0
10320,Male,Mumbai,55.62588518964945,4,"₹ 47,140.31",1,1,0,130476.88693902627,1
10321,Female,Mumbai,25.439459689660872,5,"₹ 35,549.75",2,1,0,124147.83406731984,0
10322,Female,Pune,39.39503786566561,1,"₹ 77,028.69",2,0,1,136555.29205130512,0
10323,Female,Chennai,46.71414510609476,9,"₹ 64,707.46",2,1,1,78259.48962663302,0
10324,Male,Bangalore,52.935287078197156,0,"₹ 56,076.17",2,1,0,10000.0,1
10325,M,Kolkata,57.33972032546493,0,"₹ 74,597.65",2,1,1,72021.46761386169,0
10326,Female,mumbai,59.67979433121887,7,"₹ 63,167.93",2,1,0,106268.8950707098,0
10327,Female,Bangalore,40.462892124112955,2,"₹ 70,186.85",2,1,1,55975.454473885795,0
10328,Female,Kolkata,59.362698928826966,10,"₹ 55,194.20",1,0,0,64400.098832832955,1
10329,Male,Kolkata,52.59223884265886,2,"₹ 101,653.10",1,1,1,30975.927454683777,1
10330,Male,mumbai,55.81810966931204,8,"₹ 53,949.15",2,0,0,108090.4571135424,0
10331,Male,Chennai,35.49326856315611,5,"₹ 45,545.74",2,0,0,53046.106081372316,0
10332,Female,Mumbai,54.976620828865514,3,"₹ 73,930.61",1,1,0,68817.60245783403,0
10333,Male,Kolkata,42.70874707988364,3,"₹ 67,042.22",2,1,0,103056.70244706096,0
10334,Male,Mumbai,45.71802490747783,6,"₹ 49,386.84",1,1,0,76732.0365838863,0
10335,Male,Pune,47.477123850650564,5,₹ 852.18,1,1,0,143140.18287107378,1
10336,Male,Hyderabad,76.69777704001265,1,"₹ 92,293.61",1,1,0,64653.226744104344,1
10337,Female,Mumbai,31.277164869611262,8,"₹ 87,272.24",1,1,0,10000.0,0
10338,Female,Chennai,62.83974605351589,1,"₹ 24,494.57",1,0,0,107806.01765815794,0
10339,Male,mumbai,66.4555880103376,7,"₹ 62,474.19",1,0,1,81159.45045155147,0
10340,Male,Mumbai,57.38383375168351,3,"₹ 34,321.00",1,0,0,108122.54404905457,0
10341,Male,mumbai,36.96823666305454,9,"₹ 65,850.05",2,1,0,62600.74522190755,0
10342,Male,DELHI,70.44758372860252,0,"₹ 83,466.84",1,1,0,92537.72367591708,0
10343,Male,Kolkata,40.01979161191776,0,"₹ 46,089.39",1,1,1,69602.7061404617,0
10344,Male,Pune,55.30677999535046,8,"₹ 71,347.17",1,0,0,19473.76170617238,0
10345,Male,Hyderabad,46.81371644169807,3,"₹ 7,724.20",2,1,0,,1
10346,Female,Chennai,39.462750986111224,0,"₹ 24,188.28",3,1,1,102392.48575810701,0
10347,Female,Pune,53.20026095584956,2,"₹ 77,029.77",2,1,0,120897.0703334568,1
10348,Male,Hyderabad,73.19116210982288,2,"₹ 30,830.81",1,1,1,10000.0,0
10349,Male,Pune,48.84518032320847,6,"₹ 25,191.60",1,1,0,79587.57237197357,0
10350,Female,Pune,74.67655380204187,5,"₹ 28,246.91",1,0,1,61753.24410624959,0
10351,Female,Delhi,42.250774852458875,7,"₹ 17,650.06",2,1,0,117096.45696040094,0
10352,Female,Kolkata,46.16122433603021,6,"₹ 80,140.28",1,0,1,85239.6406460813,0
10353,Female,Bangalore,26.61312772228579,0,"₹ 82,355.11",1,1,1,64949.66274270277,0
10354,Male,Hyderabad,36.632426323024525,2,"₹ 27,183.53",1,1,0,144061.8468910721,0
10355,Male,Chennai,41.72444879745423,8,"₹ 16,787.24",4,0,1,157835.91869737313,0
10356,Female,Mumbai,40.06434222213186,3,"₹ 47,185.13",3,1,0,141591.6243846972,0
10357,Male,Pune,30.59636897393751,10,"₹ 14,897.59",1,0,0,94553.29194178387,0
10358,Female,Pune,33.572323545327876,10,"₹ 71,174.45",1,1,0,62493.54512971314,0
10359,Female,Hyderabad,40.70114811644668,2,"₹ 50,306.66",2,1,0,,0
10360,Female,DELHI,62.79807834672205,4,"₹ 39,111.30",2,1,0,134867.69979581336,1
10361,Male,Bangalore,22.566291357200086,7,"₹ 80,644.35",3,0,1,115329.73965996543,0
10362,Female,Pune,18.0,0,"₹ 21,698.35",2,0,1,65546.09183651126,0
10363,Male,Delhi,18.587587005622467,1,"₹ 37,201.99",2,1,0,34995.187471693374,1
10364,Female,mumbai,32.289008111971356,6,"₹ 14,093.19",1,0,0,31560.473962778822,1
10365,Female,Delhi,54.55455117396125,0,"₹ 8,626.16",2,0,1,80852.40251437355,0
10366,Male,Bangalore,39.6553763246651,10,"₹ 22,804.24",2,1,1,102115.87352665878,0
10367,M,Delhi,39.450619559402746,4,"₹ 25,708.08",1,1,1,10000.0,0
10368,Female,mumbai,39.11385061074148,9,"₹ 22,941.07",2,1,0,120231.23756339324,0
10369,Male,Mumbai,18.0,7,"₹ 47,256.54",1,0,0,19412.0599726866,1
10370,Male,Kolkata,57.92136858786834,5,"₹ 47,012.89",1,1,0,70538.38224327398,1
10371,Male,Mumbai,64.65785764900527,2,"₹ 3,448.14",2,0,1,130059.06993214764,0
10372,Male,Kolkata,39.967928087417434,6,"₹ 73,917.16",1,0,0,169154.77163819363,0
10373,Male,DELHI,46.281918191300775,2,"₹ 4,517.45",2,0,1,85203.24472036667,0
10374,Female,DELHI,46.780813788561,4,₹ 0.00,3,1,0,74196.51594244731,1
10375,Male,DELHI,28.982662964577173,6,"₹ 81,081.77",1,1,1,76057.63019441195,0
10376,Male,Delhi,,1,"₹ 16,917.07",2,0,0,75399.03967649779,0
10377,Female,DELHI,71.78635373580087,9,"₹ 60,712.58",1,1,1,112451.65474264201,0
10378,Male,Kolkata,44.940158557781,3,"₹ 32,485.46",1,0,1,56264.93038892885,0
10379,Female,Mumbai,48.35278702493808,1,"₹ 19,847.58",1,1,0,55239.4938860024,0
10380,Male,Hyderabad,34.59538249868183,6,"₹ 14,430.84",2,0,1,53852.883356726954,0
10381,Male,Pune,38.550620313076664,2,"₹ 61,411.40",1,1,0,121095.69674123931,0
10382,Female,Kolkata,54.694378555375536,8,"₹ 21,993.13",2,1,1,98947.0589948117,0
10383,Female,Mumbai,32.405995698783144,10,"₹ 82,858.42",2,1,0,94047.3729344493,0
10384,Female,Mumbai,69.29974296342418,5,"₹ 4,324.33",2,0,1,154722.74964476755,0
10385,Female,Pune,20.756007813493607,0,"₹ 92,450.03",2,0,0,105754.75714973427,0
10386,Female,Hyderabad,35.50255392577793,9,₹ 0.00,2,1,0,162081.7394828698,0
10387,Male,Mumbai,22.801849554355464,7,"₹ 58,552.87",2,0,0,135046.48093527276,0
10388,Male,mumbai,64.86544869774485,6,"₹ 14,736.42",1,1,1,38653.22496517875,0
10389,Female,Chennai,44.45589770551345,0,"₹ 2,254.73",1,0,0,120756.77818016225,0
10390,Female,Kolkata,40.70415982150835,2,"₹ 46,998.79",2,0,1,137645.02475928282,0
10391,F,Delhi,50.96405211818095,2,"₹ 70,276.44",1,1,0,28501.85705694583,0
10392,Male,DELHI,65.98522171075547,2,"₹ 44,130.66",1,0,1,106377.1338371326,0
10393,Male,Delhi,48.24103131080681,6,"₹ 48,680.57",2,1,0,20605.20489379049,0
10394,Female,Bangalore,62.13976028943688,5,"₹ 56,110.84",2,1,1,91960.07451483801,0
10395,Male,mumbai,40.595443606600895,10,"₹ 68,510.70",1,0,1,125267.50302363004,0
10396,Female,Delhi,30.57990624289104,1,"₹ 99,370.48",2,1,1,45486.104517945336,0
10397,Female,Pune,48.48321020820528,4,"₹ 27,660.82",1,0,0,108465.58847440824,0
10398,Male,Chennai,34.53961992012063,5,"₹ 64,352.07",2,1,1,20305.521446816223,0
10399,Female,Hyderabad,55.331213422253,1,"₹ 32,803.26",1,0,1,93927.779970828,0
10400,Female,Pune,38.86007544591458,0,"₹ 44,757.61",2,1,1,94769.99515371089,0
10401,Male,mumbai,43.73186138325019,3,"₹ 70,464.22",1,1,0,85730.41409292111,0
10402,Female,mumbai,18.0,3,"₹ 55,429.81",2,0,1,52205.75864479033,0
10403,Female,Chennai,43.12918128697897,3,"₹ 27,621.58",2,1,0,110158.8259774047,1
10404,Female,Mumbai,41.36122223997351,0,"₹ 53,139.73",2,0,0,111732.22763575417,0
10405,Male,Delhi,62.444457116865905,2,"₹ 60,585.59",1,0,0,155525.85634585388,1
10406,Female,DELHI,58.05160825667701,6,"₹ 68,922.25",2,1,1,,0
10407,Male,DELHI,45.36327550528675,3,"₹ 84,246.69",1,1,1,39080.89121483637,0
10408,Male,Delhi,20.543427696498977,1,"₹ 103,774.02",1,1,0,53607.703065837806,1
10409,Female,Chennai,38.39651470924979,7,"₹ 50,075.70",1,0,1,66829.30160509146,0
10410,Male,Mumbai,62.46036132703285,10,"₹ 16,906.77",1,1,1,82673.43038742842,0
10411,Male,Hyderabad,42.02325971557916,0,"₹ 59,499.78",1,1,1,75511.46034781443,0
10412,M,Chennai,28.99861946119448,8,"₹ 9,860.75",2,1,1,95419.71914926272,0
10413,M,DELHI,62.27735848602154,4,"₹ 107,065.26",2,1,0,48134.43544799372,1
10414,Female,mumbai,20.64728922151455,1,"₹ 33,276.29",1,1,1,61295.76269832635,0
10415,Female,mumbai,43.30594873432592,3,"₹ 79,553.97",2,0,0,10000.0,0
10416,Male,Bangalore,53.3712564261911,2,"₹ 59,465.65",1,1,0,87342.317633323,0
10417,Male,Kolkata,46.89080882140657,6,"₹ 57,331.60",3,1,1,49516.478137823535,0
10418,Male,Pune,26.37721180997681,5,"₹ 2,566.55",1,1,0,63952.597908494834,0
10419,Female,Pune,31.062113259695636,10,"₹ 26,351.60",1,1,1,119455.68568296178,0
10420,Female,DELHI,34.530351881328656,10,"₹ 38,170.41",1,1,0,58476.28242151925,1
10421,Female,Pune,,8,"₹ 38,777.50",1,0,1,93562.05718278562,0
10422,Female,Pune,,3,"₹ 52,784.85",1,1,1,134900.95506141122,0
10423,Male,Chennai,39.186847282264935,2,"₹ 30,158.72",1,1,1,105040.71512223368,0
10424,Male,Hyderabad,51.133659837791946,6,"₹ 64,700.87",2,0,1,136243.3448168083,0
10425,Male,DELHI,33.747197608767365,5,"₹ 47,111.72",2,1,1,148450.36608168276,0
10426,Female,Bangalore,56.07568163274391,4,"₹ 69,723.92",2,0,1,80085.79605018246,1
10427,Male,Hyderabad,51.75836861068338,9,"₹ 5,446.94",1,1,0,87676.20588977486,0
10428,Female,Bangalore,41.632512901854916,6,"₹ 73,427.51",1,1,0,102560.42764366795,0
10429,Male,DELHI,42.5660019136921,4,"₹ 98,878.80",1,1,0,27854.25063424326,1
10430,Male,Mumbai,39.87264857255942,8,"₹ 45,215.67",1,0,1,106691.91723389883,0
10431,Male,Mumbai,59.93913034115771,3,"₹ 86,212.27",1,1,1,115963.5718044648,1
10432,Female,Pune,48.24137769173933,0,"₹ 49,167.34",2,1,1,15365.099044896997,0
10433,Female,mumbai,41.752697269245395,9,"₹ 37,446.67",2,1,0,50590.0386799556,0
10434,Male,Chennai,30.44533645406157,4,"₹ 56,327.37",1,1,1,28041.32842195966,0
10435,Male,Pune,53.84237317077142,0,"₹ 97,075.99",1,1,0,100408.33306376266,1
10436,Female,Kolkata,53.14132781175357,0,"₹ 94,666.14",1,0,0,52818.61424054847,0
10437,Male,Mumbai,37.11536373149693,0,"₹ 4,065.82",1,0,0,135929.4052138949,0
10438,Female,Pune,38.69764587116093,0,"₹ 19,139.46",2,0,1,112741.21782704839,0
10439,Female,mumbai,43.2447861697714,7,"₹ 47,387.05",1,1,1,146310.66233240208,0
10440,Male,Bangalore,27.695615086643585,1,"₹ 28,787.52",2,1,0,64428.72609116867,0
10441,Male,Bangalore,46.105602283566874,8,"₹ 61,470.83",1,1,0,164731.33954425712,0
10442,F,Delhi,20.318432426073038,6,"₹ 45,844.54",1,1,0,10000.0,0
10443,Male,Chennai,25.807958438560664,10,"₹ 36,397.30",1,1,1,,0
10444,Male,Bangalore,37.35608392325751,2,"₹ 109,322.10",1,0,1,92099.02103322775,0
10445,Female,Delhi,35.57557368572961,8,"₹ 73,481.18",2,1,1,120045.28503511386,0
10446,Female,Mumbai,51.77086389534088,3,"₹ 71,446.35",3,1,1,63918.76523240852,0
10447,F,Bangalore,49.2449607153369,6,"₹ 25,783.64",1,0,0,118016.40860620167,1
10448,Female,Pune,65.64936140963619,2,"₹ 48,884.39",2,1,0,43189.38962700398,0
10449,Male,mumbai,46.392717281793026,4,"₹ 45,889.17",1,1,0,61641.45734953876,1
10450,Male,Kolkata,48.09194952346611,3,"₹ 52,814.87",4,1,1,,0
10451,Female,Bangalore,27.554185976198376,5,"₹ 36,791.88",3,1,1,106467.42196410356,0
10452,Female,Kolkata,27.585349115277793,8,"₹ 77,676.23",1,1,0,26976.314643902988,0
10453,Male,Kolkata,45.96640010598331,4,"₹ 89,933.63",3,1,1,,1
10454,Female,Kolkata,46.22567889390329,0,"₹ 72,963.23",2,1,1,26374.120506528947,0
10455,Male,Hyderabad,49.343855494342094,4,"₹ 46,999.43",4,1,1,41175.83801181471,0
10456,Male,Kolkata,64.04450921050945,4,"₹ 37,912.82",2,1,0,132339.11128230358,0
10457,Male,Hyderabad,28.247888453407267,8,"₹ 82,473.66",1,0,1,121124.80628585152,1
10458,Male,mumbai,70.34867992397994,7,"₹ 59,714.09",2,1,1,135106.67043171657,0
10459,Male,Kolkata,22.64984560102576,4,"₹ 66,694.13",2,1,1,42607.3587868108,0
10460,Male,Delhi,50.594107327608356,4,"₹ 59,177.22",1,0,1,46772.3105605962,0
10461,Male,Kolkata,26.30469157258872,1,"₹ 27,711.29",2,1,0,50624.412241105645,1
10462,Female,DELHI,55.862056984149135,8,"₹ 96,901.68",2,0,1,91828.63216523072,0
10463,Female,Chennai,22.742480191839867,10,"₹ 123,612.99",4,1,0,,1
10464,Female,Delhi,18.0,3,"₹ 37,037.68",2,0,0,82394.6306161527,1
10465,M,Bangalore,47.18804930968885,6,"₹ 48,820.10",1,1,1,10000.0,0
10466,Male,mumbai,43.125296856703834,9,"₹ 38,581.44",3,1,1,83651.26965417147,0
10467,Male,mumbai,61.59105661396619,5,"₹ 30,113.58",2,1,0,77737.91522181293,0
10468,Female,DELHI,46.16798678738663,4,"₹ 67,888.66",1,0,0,129956.1798856233,0
10469,Male,DELHI,33.8271827595574,10,"₹ 32,627.57",1,1,1,94721.92770172004,0
10470,M,DELHI,36.902849157062846,10,"₹ 21,344.07",2,1,1,93176.21261677597,0
10471,Male,DELHI,90.0,4,"₹ 63,386.81",1,1,1,84434.89186181757,0
10472,M,DELHI,31.881379108381456,6,"₹ 23,759.89",2,0,1,38617.82217378207,0
10473,Male,Mumbai,52.868237760981465,1,"₹ 31,519.76",3,1,1,77986.481689195,1
10474,Female,Pune,51.032997035826774,8,"₹ 29,711.94",1,1,1,94657.99439964205,0
10475,Female,mumbai,53.217914813507186,1,"₹ 63,875.60",1,1,1,,1
10476,F,DELHI,51.993208960657725,8,"₹ 52,224.86",2,0,1,10000.0,0
10477,Male,Bangalore,40.98573417148809,10,₹ 0.00,1,1,0,117031.11235173512,0
10478,Female,Mumbai,18.56926836689597,3,"₹ 58,572.41",2,1,0,90714.7781357786,1
10479,M,Delhi,47.334463297497436,9,"₹ 25,244.96",1,1,0,125697.40973754792,0
10480,Female,Delhi,44.80769082635406,10,"₹ 96,129.78",2,0,1,72575.75296797763,0
10481,Female,Hyderabad,46.858978780554125,9,₹ 0.00,4,1,0,93411.90500131853,1
10482,Female,Pune,53.478479233148256,5,"₹ 61,279.61",1,1,1,13710.88103531691,0
10483,Male,Delhi,38.79573628653364,0,"₹ 73,346.83",2,0,1,68125.19909677553,0
10484,Female,DELHI,35.69563672188958,4,"₹ 13,797.44",1,0,1,138342.0643983787,1
10485,Female,mumbai,58.5126468392089,5,"₹ 41,640.04",2,1,0,113890.32939165129,0
10486,Female,Hyderabad,40.06729775011048,8,"₹ 52,860.01",1,0,0,55601.69784023348,0
10487,Male,Chennai,37.59422261817954,8,"₹ 45,489.22",1,0,0,55374.45679596378,0
10488,Male,Mumbai,36.29635731233338,8,"₹ 64,618.27",1,1,1,114757.8030097759,0
10489,M,Chennai,53.91853330372997,2,"₹ 54,731.85",1,1,1,22743.325386560704,1
10490,Female,Chennai,41.85351233328181,3,"₹ 73,591.87",2,0,0,103675.15978115414,0
10491,Male,DELHI,78.19211684168747,7,"₹ 59,893.70",1,1,1,141801.74275611754,1
10492,Female,Chennai,45.86171872649881,7,"₹ 53,278.25",1,1,0,31547.738255958502,0
10493,Male,Chennai,26.900968215289836,1,"₹ 41,710.06",1,0,0,93492.24982748309,0
10494,Male,Delhi,38.44688962233144,7,"₹ 57,420.16",1,0,1,96455.29769836355,0
10495,Male,Hyderabad,54.829811933299595,6,"₹ 102,449.22",1,0,0,100033.04289959412,0
10496,Male,Chennai,35.9974308675842,8,"₹ 47,410.32",2,0,1,88656.24591692149,0
10497,Female,Pune,44.74172282647505,4,"₹ 11,797.32",2,1,1,129802.59804232742,0
10498,Male,Bangalore,59.67683106468871,1,"₹ 82,875.68",1,1,0,49067.919011714504,0
10499,M,Hyderabad,61.93301329425106,4,"₹ 112,270.01",1,1,0,55066.37449719233,0
10500,F,Pune,37.13373237701015,1,"₹ 67,326.13",1,0,1,15472.5407247794,0
10501,Female,Bangalore,41.147654793523664,4,"₹ 108,948.18",1,0,0,74265.85977528273,1
10502,Female,Chennai,46.45236992535801,8,"₹ 54,289.20",1,0,0,121610.39969522395,0
10503,Male,Kolkata,65.13489689224785,6,"₹ 138,469.43",1,1,1,85091.61356297991,0
10504,Female,mumbai,28.50295065533699,6,"₹ 5,946.36",2,1,1,119975.70542885296,0
10505,Female,Pune,50.39587194692467,0,"₹ 45,480.11",2,1,1,75994.00438937423,1
10506,Male,Chennai,45.83161276248324,8,"₹ 67,973.87",1,1,1,10856.161988239415,0
10507,Female,Hyderabad,31.54469742380291,5,"₹ 27,058.50",1,0,1,78129.66540755847,0
10508,Female,Delhi,63.560075412720664,6,"₹ 85,483.84",1,1,1,44815.130836507225,0
10509,Female,Chennai,59.85510541920782,1,"₹ 66,409.27",1,1,0,62858.44729347763,1
10510,Female,Kolkata,68.0741505646875,0,"₹ 43,533.33",1,1,1,21080.541628835184,0
10511,Female,Chennai,62.70304060001884,10,"₹ 62,892.97",2,1,1,112004.31648923109,0
10512,Male,Chennai,45.15299314265505,3,"₹ 55,971.36",1,0,1,112863.7443698661,0
10513,Female,mumbai,54.29136855085836,8,"₹ 69,491.32",1,1,0,98154.11603438604,0
10514,Female,Delhi,49.97750980858261,8,"₹ 43,010.97",2,1,1,43011.93625593193,0
10515,Male,Pune,31.393767318153184,10,₹ 0.00,2,1,0,66652.59983494897,0
10516,Male,DELHI,25.43391207909889,2,"₹ 75,917.11",2,0,1,30444.174674335438,0
10517,Male,DELHI,50.535144535756785,0,"₹ 48,045.65",1,1,0,13543.776557656238,0
10518,Female,Hyderabad,46.44709498402365,1,"₹ 26,426.56",2,1,0,90771.69672190853,1
10519,F,Chennai,39.953798494382504,8,"₹ 38,757.08",2,1,0,112188.59433458441,0
10520,Male,Hyderabad,43.61446695396275,8,"₹ 44,102.14",1,1,0,97224.34540786626,0
10521,Female,Pune,71.5419574310414,0,"₹ 5,384.37",2,0,0,39653.16736238221,0
10522,Male,Pune,18.0,8,"₹ 23,352.88",2,0,1,118151.10828584465,0
10523,M,Delhi,54.59844490280442,0,"₹ 46,551.74",2,1,0,144911.41645767793,1
10524,Female,DELHI,57.637817116057306,9,"₹ 44,892.90",1,1,1,85809.93191925753,1
10525,Female,DELHI,59.515861450104836,3,"₹ 21,992.93",1,1,0,125755.855488518,0
10526,Male,Hyderabad,,4,"₹ 11,352.02",1,0,0,55131.88126150891,0
10527,Male,mumbai,40.60210866895434,7,"₹ 24,409.32",2,1,1,42487.636751233884,0
10528,Male,DELHI,39.852858197553196,4,"₹ 58,901.75",2,1,1,10000.0,0
10529,Male,mumbai,49.379787643140865,4,"₹ 30,607.61",3,1,1,97300.33661803642,1
10530,Female,mumbai,28.058891184556998,3,"₹ 76,161.23",1,1,1,93299.82092993421,0
10531,Female,Pune,50.67716298653559,8,"₹ 84,863.57",1,1,1,63151.61862500389,0
10532,F,Delhi,31.72850676110375,7,"₹ 102,315.63",1,1,1,80184.2404095092,0
10533,F,Hyderabad,40.53630000879762,8,"₹ 68,736.15",2,1,1,19399.925688372103,0
10534,Female,Bangalore,65.1757956609167,6,"₹ 62,672.29",2,0,1,70744.14972485215,0
10535,Female,Hyderabad,57.63230650839045,6,"₹ 91,321.33",1,1,1,68870.17496932301,0
10536,Female,mumbai,46.85740619644392,4,"₹ 13,453.33",2,1,1,,0
10537,Female,Delhi,24.116110689057987,9,"₹ 68,789.90",2,1,0,88840.80571690689,0
10538,Male,Pune,49.98570557074062,0,"₹ 78,477.07",2,1,1,78016.18122445735,0
10539,Male,Pune,50.99389994531812,5,"₹ 49,689.42",1,1,1,99907.84850341323,0
10540,Male,mumbai,18.0,9,"₹ 74,678.57",2,0,0,78094.48390987363,0
10541,M,mumbai,50.262734644605764,5,"₹ 39,982.80",2,0,0,43694.54863362738,0
10542,Female,Kolkata,28.859006718705455,9,"₹ 51,183.97",1,0,1,114169.98983651062,0
10543,Male,Kolkata,22.80637159471246,3,"₹ 60,995.35",1,1,0,48892.54324060411,0
10544,Female,mumbai,28.170278666453658,1,"₹ 60,104.83",2,1,0,144541.36354445847,0
10545,Female,DELHI,18.0,0,"₹ 8,311.21",1,1,1,105437.2463871703,0
10546,Male,Hyderabad,38.886201081176736,2,"₹ 34,589.27",1,1,1,184670.8921105269,1
10547,Male,DELHI,29.920800234203746,10,"₹ 51,270.11",1,0,1,47474.47393367811,0
10548,Female,Pune,62.108761884554504,8,"₹ 61,764.05",1,1,1,75646.0621008062,0
10549,Female,Bangalore,39.61407888200419,0,"₹ 70,197.48",1,1,0,69722.91822366082,0
10550,Female,Hyderabad,34.20259122477798,4,"₹ 50,732.59",1,1,0,74043.5389559962,0
10551,Female,DELHI,21.10502489093806,9,"₹ 83,241.35",2,0,0,73124.72311642561,0
10552,Female,DELHI,38.58107566047787,5,"₹ 41,224.76",3,1,1,96293.87249259008,1
10553,Female,Mumbai,65.30173429049216,8,"₹ 75,705.37",2,1,0,108363.44285138694,1
10554,Female,Hyderabad,68.20978532555462,0,"₹ 45,500.64",2,1,1,112101.24492767786,1
10555,Female,Bangalore,39.52889388296646,4,"₹ 22,488.33",2,1,0,124216.48354663758,1
10556,Male,Delhi,43.957374606494795,0,"₹ 128,555.00",2,1,0,10000.0,0
10557,Male,Delhi,55.54354029454368,1,"₹ 64,975.95",2,1,0,139158.37822161557,0
10558,Male,DELHI,29.616885605639403,1,₹ 0.00,2,1,1,63822.702386594625,0
10559,Female,mumbai,50.53592073326149,10,"₹ 77,105.91",2,1,0,121014.6471804459,0
10560,Female,Bangalore,80.50093955630015,4,"₹ 54,936.32",2,1,1,83860.76086304289,0
10561,Female,Bangalore,56.47670801095432,9,"₹ 76,010.95",1,1,1,145523.20137685485,0
10562,Male,Pune,55.99826300321365,3,"₹ 66,258.13",1,0,0,145543.9892254192,0
10563,Male,Mumbai,65.15719670191928,5,"₹ 27,091.94",1,0,0,122654.47088842627,0
10564,Male,Pune,58.556762067364005,4,"₹ 77,603.09",1,1,0,146124.4109612185,0
10565,Male,Bangalore,41.20771027008239,1,"₹ 30,117.31",2,1,0,41213.47551848558,0
10566,Female,Chennai,27.30303586046291,8,"₹ 25,780.19",3,0,0,166471.72862038293,1
10567,Male,mumbai,42.99758879898233,9,"₹ 39,951.71",1,0,0,70521.24056551678,0
10568,Male,Bangalore,30.45477951079699,7,"₹ 18,858.89",1,1,0,50394.38206556659,0
10569,Female,Mumbai,40.771822073324195,8,"₹ 65,033.32",1,1,1,23211.056767058646,0
10570,Male,Bangalore,31.931287887798497,10,"₹ 112,568.82",2,0,1,67354.73681583111,0
10571,Female,Hyderabad,39.15193300670578,5,"₹ 16,881.47",2,1,1,10000.0,0
10572,Female,Hyderabad,22.72011102336545,4,"₹ 91,245.67",1,0,0,,0
10573,Male,Kolkata,34.60029350982507,4,"₹ 32,038.06",2,1,0,78156.27621383581,0
10574,Female,Mumbai,51.08269678982582,1,"₹ 32,190.32",2,1,0,102621.48379273403,0
10575,Female,DELHI,54.869068612246615,10,"₹ 15,754.98",1,0,0,59189.97680078284,0
10576,Female,DELHI,51.61416280791111,3,"₹ 60,288.91",1,1,1,37240.42573720136,0
10577,Male,Delhi,39.3602651849309,1,"₹ 10,288.95",1,1,1,84159.97590632431,0
10578,Female,Bangalore,46.87233878126749,1,"₹ 35,779.72",1,1,1,111520.50355995861,0
10579,Male,Chennai,74.15950235662694,7,"₹ 83,265.57",2,0,1,89330.18965669136,0
10580,Male,Mumbai,34.18877876478286,3,"₹ 96,909.35",1,0,1,10000.0,0
10581,Male,Chennai,69.07381188986453,3,"₹ 21,494.53",2,1,0,109506.11964226203,0
10582,F,Kolkata,23.342108008415398,6,"₹ 40,873.29",1,0,1,137636.1437082389,0
10583,Male,Bangalore,19.367437912178417,3,"₹ 45,742.80",1,1,1,118740.91597082344,0
10584,Male,Delhi,42.790777119305325,8,"₹ 5,854.15",1,1,0,130039.78547335701,0
10585,Female,Pune,44.43827452365456,8,"₹ 32,783.14",2,0,0,122980.39398118388,0
10586,Male,DELHI,28.040529502481856,2,"₹ 30,965.21",2,0,1,79935.88698559199,0
10587,Male,Hyderabad,40.06330317488225,5,"₹ 64,661.08",3,1,1,72681.5890734342,0
10588,Male,Mumbai,51.039275970136906,6,"₹ 57,358.72",1,1,0,104196.92269440608,0
10589,Male,Chennai,30.376984862895156,2,"₹ 53,715.85",2,1,1,90866.34085048828,0
10590,Male,Bangalore,60.238681756657726,3,"₹ 43,667.59",1,1,1,107611.61572805654,1
10591,Male,Pune,61.87742811021499,0,"₹ 89,341.94",1,1,1,55724.92995204199,0
10592,Female,mumbai,63.67577529800508,10,"₹ 49,347.51",1,1,1,76114.62734328667,0
10593,Male,mumbai,31.38150066291813,8,"₹ 79,805.11",1,0,0,99205.96682155007,0
10594,Male,Hyderabad,33.33199960884984,6,"₹ 67,690.82",1,1,1,91827.7233536632,0
10595,Female,mumbai,42.406903869304124,9,"₹ 54,582.62",1,1,0,10000.0,0
10596,Male,DELHI,40.91636223815942,6,"₹ 76,680.29",1,1,1,140487.35520100864,0
10597,Female,Kolkata,40.11464125766517,8,"₹ 40,757.26",3,1,1,151838.8664078968,0
10598,Male,mumbai,56.336370704367646,5,"₹ 23,162.55",2,1,0,63243.1219703686,0
10599,Male,Hyderabad,54.175065914667954,7,"₹ 49,114.06",1,0,0,57007.96840009323,0
10600,Male,Kolkata,31.881525034492093,4,"₹ 95,073.62",2,1,0,56530.73030632514,0
10601,Male,DELHI,27.882555512892214,7,"₹ 56,420.74",1,1,1,71956.67441634703,0
10602,Male,Hyderabad,26.413905406948057,9,"₹ 34,866.50",1,1,0,77383.27380236772,0
10603,Male,mumbai,31.814128620025656,0,"₹ 25,667.83",2,1,1,56098.41143578118,0
10604,Male,Mumbai,57.68834460349542,2,"₹ 4,344.93",1,0,0,158012.74993477343,0
10605,Male,mumbai,47.14993457508898,3,"₹ 25,398.95",1,0,0,91664.49083677548,0
10606,Male,Hyderabad,58.88773756065823,10,"₹ 59,012.24",2,1,1,111235.28822517947,0
10607,Male,Mumbai,19.499707716544826,8,"₹ 42,875.67",1,1,1,120707.36327887408,0
10608,Male,Mumbai,49.10086655977935,7,"₹ 56,666.35",2,1,0,,0
10609,Female,Kolkata,48.908867177100895,7,"₹ 22,638.15",1,1,0,107993.68949660269,0
10610,Female,DELHI,63.00477462300404,1,"₹ 80,798.96",2,1,1,74689.74610627003,0
10611,Male,mumbai,38.86361336765263,6,"₹ 72,574.23",1,0,0,78541.61786155375,0
10612,Female,Pune,37.80261844304661,2,"₹ 33,133.94",2,1,1,114561.90184812555,0
10613,Female,DELHI,,5,"₹ 7,650.00",1,0,1,124324.38567577535,0
10614,Male,Pune,42.43480108435768,3,"₹ 57,506.71",1,1,1,20087.02558219123,0
10615,Female,Pune,47.65906072059444,5,₹ 0.00,1,1,0,134652.49994034713,1
10616,Female,Chennai,52.14448068540119,3,"₹ 10,541.74",1,1,0,173230.2087107127,0
10617,Male,Kolkata,19.983643444412085,2,"₹ 37,892.60",1,1,0,61681.08838802048,0
10618,Male,Delhi,45.616532035783926,1,"₹ 23,553.94",1,1,1,80632.93272012818,0
10619,Female,Bangalore,26.322934833701012,3,"₹ 88,847.44",1,1,0,123632.37301600652,0
10620,Female,Bangalore,43.685559570426165,9,"₹ 40,116.56",2,1,1,32172.901259308062,0
10621,Male,Kolkata,40.58154365920274,1,"₹ 64,624.46",2,0,1,99969.42505826743,0
10622,Male,Kolkata,37.40446681193286,6,₹ 0.00,1,0,0,95806.3096705307,0
10623,Male,Pune,54.400090253530614,0,₹ 0.00,2,1,1,13228.389972882287,1
10624,Male,Kolkata,46.46095233112208,10,"₹ 29,722.52",1,1,1,24630.770580716984,0
10625,Female,Pune,29.086462998532156,0,"₹ 56,402.64",2,0,0,163322.89728040504,0
10626,Male,DELHI,28.577343821599406,4,"₹ 11,887.41",1,0,0,97999.09227045895,0
10627,Male,Delhi,57.60225987155465,6,"₹ 60,883.28",1,1,0,91414.9515650115,0
10628,Female,Chennai,44.433321776916095,0,"₹ 90,450.51",2,1,1,144940.1133919101,0
10629,Male,Pune,23.638487254083508,3,"₹ 26,341.03",2,1,0,144656.3816400647,0
10630,Male,Kolkata,38.752564334107596,4,"₹ 49,656.08",2,0,1,31364.86545040412,0
10631,Female,Mumbai,42.63826606176025,1,"₹ 41,775.18",1,0,0,61136.09370851176,0
10632,Female,mumbai,26.491171673088452,6,"₹ 37,282.06",1,0,1,71990.2736256656,0
10633,Female,Bangalore,35.446166426706654,3,"₹ 59,550.76",1,1,1,100276.94372653423,0
10634,Female,Delhi,58.76781829867678,7,"₹ 50,262.57",2,0,1,49193.159084810046,0
10635,Male,mumbai,82.34442390579585,0,"₹ 44,525.76",1,1,1,,0
10636,Male,Hyderabad,49.53993389899922,9,"₹ 54,243.32",2,0,0,10000.0,0
10637,Female,Kolkata,24.67693179551798,0,"₹ 75,883.84",3,1,0,16141.442196459146,1
10638,Male,Pune,41.73512377151216,0,"₹ 68,112.80",1,1,0,63044.378366354256,0
10639,Male,Chennai,46.83044877253639,3,₹ 0.00,2,1,1,89021.35348131851,0
10640,Male,Mumbai,56.795154759755576,0,"₹ 23,423.86",1,1,0,174440.29838390043,0
10641,Male,Chennai,57.14988208698525,4,"₹ 67,531.07",1,1,0,93868.1508994516,0
10642,Male,mumbai,65.46379185512663,5,"₹ 127,447.40",2,1,1,93453.6915648762,0
10643,Male,Mumbai,44.97673804528226,6,"₹ 30,352.32",1,0,1,115816.3495431079,0
10644,Male,Bangalore,45.265177527553156,7,"₹ 5,048.61",1,1,1,83269.14470554213,0
10645,Male,Kolkata,18.0,7,"₹ 118,349.74",2,1,1,73186.8602650673,0
10646,Female,Hyderabad,29.80831269119198,1,"₹ 88,002.09",2,1,0,,0
10647,Female,mumbai,24.566223281461006,3,"₹ 86,031.69",1,1,0,80824.35975719133,0
10648,Female,Pune,32.39037674215635,6,"₹ 53,305.30",1,1,1,135663.40448558558,0
10649,Female,Bangalore,27.7219217741348,8,"₹ 48,475.75",1,1,1,69360.13835393036,0
10650,Male,Hyderabad,28.73711236581791,8,"₹ 45,726.55",3,1,1,75128.75044128293,1
10651,Male,Chennai,61.33917350542972,10,"₹ 72,823.68",2,0,1,62462.70474058129,0
10652,Female,Bangalore,18.0,2,"₹ 87,567.70",2,1,0,76062.01776809733,1
10653,Female,Hyderabad,42.02472867716187,6,"₹ 54,893.04",1,1,1,99227.33198623499,0
10654,Female,Hyderabad,57.962358877017095,3,"₹ 73,251.20",1,0,1,37837.19623774836,0
10655,Male,Chennai,40.47760666504699,8,"₹ 91,761.10",1,1,0,110246.13309975786,0
10656,Male,Hyderabad,64.90662641878481,6,"₹ 78,150.35",1,1,0,87276.1671270602,1
10657,Male,Delhi,,5,"₹ 67,475.22",1,0,0,107442.91683611652,1
10658,Male,Mumbai,71.26114860952758,8,"₹ 28,346.13",1,1,1,108070.51200018378,0
10659,Female,Delhi,21.470743650951018,6,"₹ 30,482.34",2,1,1,48598.52084644826,0
10660,Female,Chennai,64.93463380211637,10,₹ 0.00,2,1,1,65346.901469019314,0
10661,Male,DELHI,31.586425674285035,7,"₹ 61,571.52",1,1,0,31182.618145382265,1
10662,F,Bangalore,66.67347636239072,10,"₹ 53,395.28",2,1,1,58075.90305182585,0
10663,Female,Pune,37.97893831595062,4,"₹ 88,183.72",2,0,1,67646.11258603317,0
10664,Male,Pune,61.568866483546174,3,"₹ 63,699.80",2,0,0,149144.20015347766,0
10665,Male,mumbai,64.10701209730186,0,"₹ 40,283.20",1,1,1,108027.26011841572,0
10666,Male,mumbai,36.3307116273388,7,"₹ 35,457.33",2,1,1,32502.78705854155,0
10667,Male,Chennai,60.328452028274086,5,"₹ 60,363.77",2,1,0,32905.49559600061,0
10668,Male,mumbai,44.58050911834418,3,"₹ 57,572.11",2,1,1,174539.44744926135,0
10669,Male,Pune,23.060966592402146,2,"₹ 104,691.65",1,1,0,92293.8484568049,0
10670,Male,Delhi,52.62464558490676,4,"₹ 46,739.88",2,1,0,15597.977664236292,0
10671,Male,Pune,29.751432936323038,3,"₹ 64,597.20",1,0,0,49353.58433657879,1
10672,Female,Delhi,35.2047795287946,10,"₹ 99,043.08",1,0,0,18158.815430623523,1
10673,Male,DELHI,31.608235440772162,10,"₹ 45,608.19",1,1,1,74789.05624708609,0
10674,Female,Chennai,50.67325921517182,6,"₹ 40,082.39",1,0,1,86619.72227689144,0
10675,Male,Kolkata,30.216318882186734,5,"₹ 9,982.86",1,0,1,132232.2476598369,0
10676,F,DELHI,26.604684218296622,2,"₹ 39,189.13",2,0,1,29066.831767729993,0
10677,Male,DELHI,29.34942408305107,9,"₹ 61,335.93",4,1,0,56616.07913837326,1
10678,Male,Pune,34.353309641808075,10,"₹ 91,224.75",1,1,1,93649.37165900366,0
10679,M,Chennai,52.450031897709586,0,"₹ 8,771.61",2,1,1,108061.90040920222,0
10680,Female,Mumbai,58.63608364328216,6,"₹ 23,073.91",1,0,0,125867.43025351632,0
10681,Female,Hyderabad,58.4212132494728,4,₹ 0.00,1,1,0,10000.0,0
10682,Male,DELHI,44.478661889303055,0,"₹ 104,080.11",1,1,0,87544.01647382104,0
10683,Male,mumbai,44.0916331118491,0,"₹ 54,833.93",2,0,1,99726.84067851934,0
10684,Female,Delhi,42.24413316479324,5,"₹ 36,999.59",1,1,0,113744.04852691427,0
10685,Female,Mumbai,51.66228031231597,3,₹ 0.00,2,0,0,78076.04804657493,0
10686,Female,Chennai,61.79390333843455,7,"₹ 49,941.44",1,1,1,99711.89085063087,1
10687,Female,Kolkata,42.733532924860846,1,"₹ 37,880.55",2,1,1,138210.37082952648,0
10688,Male,Mumbai,52.9895361495352,3,₹ 0.00,1,1,1,74112.36166846668,0
10689,Female,Kolkata,26.39354313251643,7,"₹ 41,366.25",2,1,0,85877.87978553146,0
10690,Male,Pune,57.790122654226224,7,"₹ 86,755.98",1,1,1,77375.77087980366,1
10691,Male,Bangalore,48.241021383803286,4,"₹ 42,190.31",2,1,0,66175.01661412408,0
10692,Male,Hyderabad,29.511263430092093,2,"₹ 85,295.90",1,0,1,26844.525615971863,0
10693,Female,Pune,61.03926825251026,3,"₹ 96,702.75",2,0,1,66461.89857219424,0
10694,Male,Chennai,26.381729639654456,2,"₹ 41,947.98",2,1,1,108079.94512442344,0
10695,Male,Bangalore,18.0,10,"₹ 47,318.83",1,1,1,105778.72503216562,0
10696,Female,Kolkata,57.70175022292614,1,"₹ 65,043.91",2,1,0,77178.17933393187,0
10697,Male,Bangalore,50.78053366753945,3,"₹ 80,679.45",2,1,0,80260.82050706907,1
10698,Female,mumbai,26.834724724466955,8,"₹ 92,673.08",1,1,1,10000.0,0
10699,Male,mumbai,50.330293218592814,5,"₹ 95,556.37",4,1,0,124115.43115216987,0
10700,Male,Pune,62.548173774691946,3,"₹ 27,993.43",2,1,1,10000.0,0
10701,Female,Pune,48.91766319649997,0,"₹ 93,639.94",1,1,0,27487.32726737848,0
10702,Male,Chennai,81.57825709613888,6,"₹ 65,437.21",2,1,0,80172.27903895229,0
10703,Male,Chennai,32.234786191962996,1,"₹ 34,343.87",1,0,1,102857.53179660777,0
10704,Male,Delhi,18.0,5,"₹ 15,674.35",2,1,0,139729.64521243557,0
10705,Male,Chennai,23.835485162205774,9,"₹ 26,046.78",1,0,0,118902.17667989041,0
10706,F,DELHI,18.0,0,"₹ 60,931.12",2,1,1,108989.2374256829,0
10707,Male,Delhi,77.08346785745094,6,"₹ 35,258.61",1,1,0,96997.26853657103,0
10708,Female,mumbai,44.9258919295988,3,"₹ 60,874.16",2,1,0,10000.0,0
10709,Male,Mumbai,74.08653080841668,10,"₹ 16,188.55",1,0,1,98733.5531134051,0
10710,Female,Delhi,39.68169750956009,2,"₹ 27,386.26",1,1,0,123549.95742773269,0
10711,Female,Delhi,31.423674617533514,9,"₹ 47,302.97",1,1,0,19767.038737138166,0
10712,Female,Pune,19.04887682658394,6,"₹ 44,837.28",2,0,1,87669.32393249882,0
10713,Male,Hyderabad,39.048698544263885,2,"₹ 11,690.27",1,1,1,17250.986256769313,0
10714,Male,Bangalore,57.66312973252204,7,"₹ 31,128.55",2,1,0,110891.37411487976,0
10715,Male,mumbai,41.63081651295751,10,₹ 0.00,1,1,1,41954.461843412966,0
10716,Female,Kolkata,21.037386378707932,3,"₹ 51,989.43",1,1,1,175057.79607058916,1
10717,Female,Kolkata,54.79686922572046,2,"₹ 95,833.07",2,1,1,114703.6668493319,0
10718,M,Chennai,57.581964315016414,6,"₹ 27,016.65",2,1,1,87003.3032975384,0
10719,Male,mumbai,37.05217934109388,6,"₹ 21,398.29",2,0,1,81303.87466922897,0
10720,Female,DELHI,35.17417934589506,8,"₹ 79,478.59",2,0,1,111670.54542697557,0
10721,Female,Chennai,19.359814217371603,9,"₹ 14,878.26",1,1,0,107529.12564550112,0
10722,Male,Chennai,54.42101995397954,6,"₹ 80,165.98",1,1,1,92397.0338072434,0
10723,Male,Delhi,38.06506474382334,5,"₹ 13,941.66",1,1,0,35233.78146269335,0
10724,Female,mumbai,18.0,2,"₹ 39,335.44",3,0,0,111495.47175012346,0
10725,Female,Bangalore,22.723694192634365,3,"₹ 42,766.03",2,1,1,59086.218980506615,0
10726,Female,Chennai,,7,"₹ 71,132.12",1,0,0,17729.85841172975,0
10727,Male,Hyderabad,39.87129441692507,5,"₹ 106,169.45",2,0,1,75654.14657835773,0
10728,Female,DELHI,27.96813163519907,8,"₹ 39,607.55",2,1,0,64427.064969469124,0
10729,Male,DELHI,45.80689316771098,7,"₹ 49,443.46",1,0,1,89814.36044735461,0
10730,Male,Chennai,32.3992890872686,7,₹ 0.00,1,1,1,69306.66490220327,0
10731,Male,Hyderabad,35.35838777959627,10,"₹ 48,775.28",1,1,0,56607.16895655652,0
10732,Female,Mumbai,40.95705869032254,9,"₹ 84,643.56",3,1,1,100321.20013752344,0
10733,Female,Pune,70.28237657564105,9,"₹ 120,885.95",1,1,1,101999.7928096528,1
10734,Female,Pune,70.2114300389075,6,"₹ 39,219.41",2,0,0,12275.324537334396,0
10735,Male,Pune,18.0,9,"₹ 71,504.28",2,1,0,69290.31831864634,0
10736,Female,Delhi,44.030862823800675,10,"₹ 84,725.16",2,1,1,86950.02516371361,0
10737,Male,DELHI,23.216901226191034,0,"₹ 6,849.81",1,1,1,44938.74058317926,0
10738,Female,Kolkata,29.05142297081888,4,"₹ 92,557.71",1,1,1,97800.89652873955,0
10739,Male,Kolkata,18.0,6,"₹ 25,790.39",2,1,0,80871.36343940218,0
10740,Male,Delhi,31.984009018193888,9,"₹ 57,937.53",1,0,0,73135.95663010335,0
10741,Male,Chennai,27.101829676027503,8,"₹ 12,113.35",2,0,1,52743.38986457765,0
10742,Male,mumbai,60.38310866015445,3,"₹ 39,005.12",2,1,1,64134.55213256875,0
10743,Female,mumbai,32.37104634188019,7,₹ 0.00,2,1,1,122787.12690149926,0
10744,Female,Pune,18.0,0,"₹ 57,995.63",1,1,1,134909.08504603436,0
10745,Male,mumbai,44.95763995366052,3,"₹ 96,044.64",1,1,0,47532.01755161518,1
10746,Female,Chennai,42.34608188663006,3,"₹ 50,985.37",1,0,0,73006.26691909488,0
10747,Male,Mumbai,41.04676193868343,1,"₹ 6,739.46",3,1,0,41783.222465933,0
10748,Female,Delhi,54.14998005056562,10,"₹ 39,847.84",2,1,1,76702.41358457252,1
10749,Female,Mumbai,63.47840760318364,10,"₹ 56,408.54",1,1,0,90316.19184066981,0
10750,Female,DELHI,40.82753880462559,2,"₹ 45,630.12",1,1,1,82590.50634098593,0
10751,Male,mumbai,48.98525021512943,2,"₹ 70,362.51",2,1,0,10000.0,0
10752,Female,Pune,41.209260830253555,8,"₹ 110,468.05",1,1,1,128831.43522757367,0
10753,Female,Delhi,52.597383507097035,6,"₹ 48,234.50",2,1,0,60715.18846924124,0
10754,Male,Pune,22.954603859925562,1,"₹ 46,092.54",2,1,0,31146.317808818792,0
10755,Male,mumbai,54.26016630382688,8,"₹ 28,364.85",1,1,1,46274.67671123677,0
10756,Female,Bangalore,49.24531722155893,7,"₹ 80,903.73",2,0,0,122267.00288478991,0
10757,Female,mumbai,30.60725023395153,5,"₹ 107,320.25",1,1,1,108440.75341520368,0
10758,Female,Delhi,78.12521679719333,5,"₹ 44,304.88",1,1,1,78052.64491585923,0
10759,Female,Kolkata,24.60851703974708,1,"₹ 57,638.97",1,1,1,77276.88292835135,0
10760,Female,Delhi,49.94660126550644,2,"₹ 54,879.06",2,1,1,29194.122722705666,0
10761,Male,Hyderabad,30.64185578093712,5,"₹ 26,952.77",1,1,1,120024.13969712309,0
10762,Male,mumbai,53.67003938219595,2,"₹ 71,978.71",2,1,0,116623.32102475326,1
10763,Male,Hyderabad,74.99460707712375,10,"₹ 48,784.66",2,0,1,131944.60441394994,0
10764,Female,Kolkata,56.633313256350995,10,"₹ 56,811.47",1,0,1,88110.8889584356,0
10765,Male,Chennai,43.25930929628007,6,"₹ 78,975.07",1,1,1,127743.67538369275,0
10766,Female,Chennai,58.929082770983506,4,"₹ 40,198.56",2,1,1,44114.69602445598,1
10767,Female,DELHI,36.143267013363605,3,"₹ 52,813.51",2,1,0,82665.77378426354,0
10768,Female,Mumbai,52.33466614070008,7,"₹ 28,237.41",1,1,0,117106.49637836545,0
10769,Male,Kolkata,46.316253043231306,10,"₹ 17,249.23",3,1,1,109233.50425884909,1
10770,Female,Delhi,26.7512629740768,10,"₹ 53,639.95",2,0,0,144458.4622307826,0
10771,Male,mumbai,70.62913940125281,1,"₹ 56,231.30",3,1,0,55449.74671873824,1
10772,Female,Hyderabad,63.65733324565133,2,"₹ 77,693.60",3,0,1,114294.78660077657,0
10773,Male,DELHI,32.157850408902114,9,"₹ 27,101.03",2,0,0,31973.830655811405,0
10774,Male,Pune,60.38501822573931,3,"₹ 18,504.34",2,1,1,,0
10775,Female,mumbai,27.33782125988288,9,"₹ 103,327.25",1,0,1,94801.89489566401,0
10776,Male,Pune,51.94386389173155,5,"₹ 53,935.62",2,1,1,151293.93461455853,0
10777,Male,Hyderabad,45.71276947641266,4,"₹ 8,687.33",2,1,1,139040.3448062944,0
10778,Female,Hyderabad,70.17592221163402,4,"₹ 48,337.33",2,1,0,45331.775403746215,0
10779,Female,mumbai,49.978507500926085,6,"₹ 30,294.08",1,1,0,79953.97107693617,0
10780,Female,DELHI,21.822597068225328,7,"₹ 60,746.93",2,0,1,35374.91840976598,0
10781,Female,Mumbai,60.28901217183792,5,"₹ 37,479.23",1,0,1,85782.69907048917,0
10782,Female,Chennai,38.39128741696528,2,"₹ 87,107.49",2,1,1,105509.48774537588,0
10783,Male,Hyderabad,37.68400138025385,3,"₹ 11,000.38",1,1,0,64766.102739460846,0
10784,Male,DELHI,45.43797225299896,0,"₹ 88,349.39",2,1,1,89926.85211188492,0
10785,Male,Hyderabad,36.37972789191558,10,"₹ 72,293.25",2,1,0,52445.34692776553,0
10786,Female,Bangalore,71.9222329003767,4,"₹ 59,684.80",1,1,0,56261.88698053597,0
10787,Female,Chennai,57.07781443333394,9,"₹ 81,033.83",1,1,0,42325.983394254035,0
10788,Male,Hyderabad,27.84187176752066,7,"₹ 86,464.52",1,1,1,44889.29337144592,0
10789,Male,DELHI,34.08672133271558,2,"₹ 50,040.27",2,1,1,150167.71213415966,0
10790,Female,Hyderabad,25.355736122189384,9,"₹ 98,889.29",1,1,0,101672.28293729562,0
10791,Male,Pune,59.515900287522285,3,"₹ 68,535.20",1,1,0,10000.0,0
10792,Female,mumbai,43.99662782913574,3,"₹ 33,568.72",2,1,0,97619.07475161552,0
10793,Female,mumbai,30.35044465806052,5,"₹ 9,599.62",1,1,0,99618.4509158893,0
10794,Female,Hyderabad,68.5773195866588,8,"₹ 82,220.20",2,1,0,153676.51183232805,0
10795,Male,DELHI,52.57318083401215,9,"₹ 49,982.96",1,0,0,31820.623207890734,0
10796,Female,Pune,47.7828866045742,2,₹ 0.00,1,1,0,103141.99321290245,0
10797,Female,Mumbai,47.07538023537111,3,"₹ 60,004.23",2,1,0,76185.13562744611,0
10798,Female,Mumbai,24.630203251235873,5,"₹ 42,258.38",2,1,0,90179.26527592425,0
10799,Female,Pune,53.39031832602539,5,"₹ 29,890.69",1,1,1,107061.67796074726,1
10800,Female,Delhi,38.71687938263089,6,"₹ 80,273.67",1,1,1,10000.0,0
10801,Female,DELHI,58.059756876178895,0,"₹ 26,368.47",1,1,1,101421.92767497338,0
10802,Male,Mumbai,54.58848698674514,8,"₹ 36,398.67",1,0,1,102793.7203872796,0
10803,Female,Delhi,44.08386278217551,1,"₹ 43,527.24",1,1,0,90699.45260159126,1
10804,Female,DELHI,43.0227521838308,3,"₹ 80,504.63",1,0,0,37270.513103130346,0
10805,Male,Pune,69.88396007994052,2,"₹ 14,765.45",1,1,1,74422.02865725225,0
10806,Female,Delhi,24.947129318525608,2,"₹ 31,018.43",1,1,1,136708.38213767152,0
10807,Female,Delhi,36.39901370312392,10,"₹ 62,755.54",2,1,0,78373.22045629653,1
10808,Female,Hyderabad,62.04799545259242,4,"₹ 64,881.01",2,1,0,111716.4318447217,0
10809,Male,Kolkata,67.27762973909056,6,"₹ 16,216.33",1,0,0,100709.18240731959,0
10810,Male,Kolkata,42.93172672738786,6,"₹ 38,180.96",2,1,0,125810.41203771715,0
10811,F,DELHI,34.51021432901932,6,"₹ 46,480.39",1,0,0,145296.88415331527,0
10812,Female,Hyderabad,34.81418167915641,2,"₹ 58,639.21",1,1,1,10000.0,1
10813,Male,mumbai,23.483591212784603,8,"₹ 43,707.88",1,1,0,53849.47829626358,0
10814,Female,Chennai,75.02624833954968,5,"₹ 96,162.95",2,1,0,81719.67823582308,0
10815,Female,Chennai,42.77912409433662,10,"₹ 47,043.64",2,1,0,164733.0945244974,0
10816,Female,Delhi,51.973126392185826,10,"₹ 95,275.24",2,1,1,123931.75088827434,0
10817,Female,Bangalore,52.12539921832443,9,"₹ 36,051.81",2,1,0,101905.90623220726,0
10818,Male,Mumbai,67.25750669960475,10,"₹ 1,976.06",2,1,1,102590.22595856516,0
10819,Male,Mumbai,38.71116569500626,7,"₹ 125,326.72",1,1,0,41533.90718568385,1
10820,Male,Hyderabad,39.76863281106364,0,"₹ 47,394.67",1,1,0,102383.16725004789,0
10821,Female,Kolkata,57.463763200500175,3,"₹ 61,088.77",1,1,1,,0
10822,Male,Bangalore,18.076306701550077,6,"₹ 6,495.37",1,1,0,86553.98474008971,1
10823,Male,Hyderabad,67.35467916533023,8,"₹ 57,858.11",1,1,0,99897.37677506615,0
10824,Male,Delhi,71.07200128423524,2,"₹ 74,647.06",2,0,0,116800.99431734269,0
10825,Female,Bangalore,48.68676279563359,10,"₹ 15,631.36",2,0,0,21198.562238485865,0
10826,Female,Mumbai,30.933844051102934,5,"₹ 45,722.02",2,1,1,66234.51869683649,0
10827,Male,DELHI,57.79684314637963,7,"₹ 48,183.77",2,1,1,30268.04275661666,0
10828,Male,Delhi,42.134481342198036,10,"₹ 11,568.05",2,1,1,133292.9343989707,0
10829,Female,Hyderabad,47.13319293987104,2,"₹ 98,737.63",1,0,0,149478.44644285733,0
10830,Male,mumbai,48.27713479478174,5,₹ 0.00,2,1,1,116830.27491863232,1
10831,Male,Pune,35.12497056957767,8,₹ 0.00,1,0,1,30662.787863992802,0
10832,Male,Delhi,50.20894234251167,8,"₹ 53,189.45",1,1,1,79035.45197159667,0
10833,Male,Delhi,23.050847818713564,5,"₹ 20,153.19",1,0,1,102527.69846179319,0
10834,Male,mumbai,18.0,4,"₹ 70,313.17",2,1,0,91234.22068204536,0
10835,Male,DELHI,50.46573045833986,0,"₹ 39,630.87",2,1,1,101739.1593371106,0
10836,Male,mumbai,60.65451924276366,2,"₹ 61,954.50",2,1,0,88728.79500817579,0
10837,Female,Chennai,37.29694871075257,2,"₹ 8,988.70",3,1,0,91038.53574691058,0
10838,Male,Chennai,36.454479187269044,3,"₹ 38,074.37",2,1,1,39965.49794454365,0
10839,Female,Delhi,54.7128927142749,4,"₹ 36,724.34",2,1,0,114713.03492525907,0
10840,Female,Mumbai,44.68941416546435,10,"₹ 120,321.10",1,1,0,10000.0,0
10841,Male,Chennai,36.50858296090796,7,"₹ 36,411.55",1,0,0,117000.37107647548,0
10842,Female,DELHI,49.57927209645321,10,₹ 0.00,1,1,0,10000.0,0
10843,Male,Delhi,45.09548833587456,8,"₹ 83,033.60",1,1,0,127831.27220656796,0
10844,M,DELHI,26.26060184300008,6,"₹ 42,674.65",2,0,1,80487.894333345,0
10845,Male,Mumbai,43.36762033177445,9,"₹ 58,083.89",1,0,1,64714.76344662368,0
10846,Male,Mumbai,47.744051217314336,5,"₹ 39,639.90",2,1,0,127136.14786261137,0
10847,Male,Chennai,36.99324986670966,2,"₹ 11,712.66",2,1,0,109557.82599841198,0
10848,F,Hyderabad,58.88628845555428,8,"₹ 89,208.67",2,1,1,61552.42305963588,0
10849,Female,mumbai,52.249937715997504,9,"₹ 20,661.47",1,1,0,142511.04561032617,1
10850,Female,Kolkata,40.84389342662736,0,"₹ 5,529.64",1,1,1,80231.19926481538,0
10851,Male,Delhi,47.00474706708698,8,"₹ 64,109.65",1,0,1,80816.14811973141,0
10852,Female,Hyderabad,39.35323985995735,2,"₹ 54,671.37",1,1,1,92995.09124856339,0
10853,Male,Delhi,41.635464408785175,8,"₹ 82,081.31",2,0,1,92228.2558818521,0
10854,Female,mumbai,42.18733429177028,9,"₹ 58,413.92",1,1,1,86179.98353425278,0
10855,Male,mumbai,18.447966905446815,0,"₹ 47,745.09",1,1,0,115025.96009247305,0
10856,Male,Bangalore,45.411016117291176,7,"₹ 77,229.52",1,0,1,68642.70241518471,0
10857,Male,DELHI,49.77511819516568,5,₹ 564.85,2,1,0,116465.81052312627,0
10858,Male,Chennai,81.92240236099953,8,"₹ 44,549.16",2,1,0,42177.2727413026,0
10859,Female,Bangalore,51.59824643082703,3,"₹ 21,604.00",2,1,0,85072.79456447843,1
10860,Male,Mumbai,35.20625878938276,4,"₹ 57,591.74",1,0,0,95594.58760729164,0
10861,Female,Kolkata,20.38780890635782,5,"₹ 74,471.04",1,1,1,52514.02875341999,0
10862,Male,Chennai,29.15544871296707,8,"₹ 58,366.47",2,1,0,71938.17394689858,0
10863,Female,Mumbai,37.51063637270445,5,"₹ 71,263.30",2,1,1,105843.87085581737,0
10864,Male,DELHI,37.778111866515836,8,"₹ 87,168.88",1,1,1,46256.69811045177,0
10865,Male,DELHI,41.438594978884296,1,"₹ 65,102.77",2,1,1,110352.45314879523,0
10866,Female,DELHI,38.965386343520436,3,"₹ 72,238.91",2,1,1,101654.26257668492,0
10867,Male,Bangalore,41.53649887791761,2,"₹ 106,237.89",1,0,0,76011.40006874624,0
10868,Male,Pune,38.66535711678591,3,"₹ 129,191.97",1,1,0,63003.51479003084,0
10869,Female,Hyderabad,45.276236073494644,0,"₹ 45,293.64",2,1,0,45828.13909720664,0
10870,Female,mumbai,31.449003077577178,1,"₹ 21,798.80",2,0,0,150608.79496046383,0
10871,Male,Kolkata,26.11844767636375,3,₹ 0.00,1,0,0,64338.46476824959,0
10872,Male,mumbai,41.429077670510004,9,"₹ 107,742.91",1,0,1,23266.780401402662,0
10873,Female,Pune,51.509424637839615,3,"₹ 32,951.12",2,0,0,32517.124679303837,0
10874,Male,Chennai,28.214423468045492,4,"₹ 63,879.65",2,1,0,90317.08090882534,0
10875,Male,Mumbai,36.38101046288225,8,"₹ 69,801.39",2,1,0,56195.78726670462,1
10876,Male,Mumbai,42.80782131901992,0,"₹ 74,163.46",2,1,1,22311.79161301023,0
10877,Female,Kolkata,42.44559090387152,7,"₹ 42,473.98",1,1,1,42507.745633498096,0
10878,Female,Bangalore,56.29270773797413,2,"₹ 73,838.12",2,0,0,,1
10879,Male,Kolkata,59.097433032538035,8,"₹ 66,263.77",2,0,0,116432.04370758923,0
10880,Male,Kolkata,48.33029841871881,10,"₹ 29,659.55",2,0,1,21512.75205418731,0
10881,Male,Mumbai,63.14127451523442,7,"₹ 98,792.50",2,1,0,10000.0,1
10882,Female,DELHI,39.46466577948569,7,"₹ 70,305.49",2,0,0,143099.71922171768,0
10883,Male,Kolkata,57.60297453833109,8,"₹ 11,486.45",2,1,1,26399.376664629737,0
10884,Male,Kolkata,35.804807687815156,3,"₹ 38,852.32",2,1,1,59433.91488307546,0
10885,Female,mumbai,49.44020137841437,4,"₹ 38,178.95",2,1,1,79962.22581285116,0
10886,Male,DELHI,54.66184310940275,6,"₹ 32,897.51",1,0,0,,1
10887,Female,Mumbai,45.84218915926431,1,"₹ 68,338.23",2,1,0,92138.24188531192,0
10888,Male,Bangalore,30.52507927195126,6,"₹ 88,734.32",2,1,0,25892.19516149639,0
10889,Male,Hyderabad,19.91165443202302,2,"₹ 17,171.99",2,1,0,56566.215322168384,0
10890,Male,Mumbai,53.353659908224564,5,"₹ 39,286.14",2,0,0,163217.41183256166,0
10891,Female,Mumbai,40.904650556712035,5,"₹ 84,387.24",1,1,0,67032.14023273654,1
10892,Female,Kolkata,41.95635386577679,5,"₹ 24,799.20",2,1,1,76347.16627635977,0
10893,Female,mumbai,67.50163422260661,9,"₹ 28,589.11",1,1,1,26536.96184349699,0
10894,Male,Pune,30.806568599457265,1,₹ 0.00,1,0,0,10000.0,0
10895,Female,Delhi,56.10528820590978,8,"₹ 73,062.49",1,1,0,121156.01064818248,0
10896,Male,mumbai,33.93431803421713,7,"₹ 56,067.48",1,1,0,116214.6554243993,0
10897,Male,Pune,42.34039276210016,6,"₹ 39,976.38",4,1,0,94650.31139450327,1
10898,Female,Kolkata,28.711477809592825,10,"₹ 1,832.97",2,1,1,77690.29452050361,0
10899,Male,Kolkata,33.82962527758144,8,"₹ 39,717.11",1,1,1,87616.97270191368,0
10900,Male,Bangalore,51.198653125749765,3,₹ 0.00,2,0,0,141965.64086531074,0
10901,Male,Pune,64.40993218910957,1,"₹ 44,739.42",1,0,1,111155.048765902,0
10902,Male,Chennai,51.35254959351777,3,"₹ 107,622.00",2,1,1,112184.72394639131,0
10903,Male,Delhi,49.58754874390404,9,"₹ 55,886.10",2,1,1,84911.86096358715,0
10904,Female,Bangalore,83.2360530853126,10,"₹ 86,973.06",2,1,1,29584.558190441006,0
10905,Male,mumbai,53.40848266693747,2,"₹ 89,161.39",1,1,1,53461.68785203631,0
10906,Female,mumbai,30.995684591052317,1,"₹ 34,154.23",2,0,0,10000.0,0
10907,Female,Pune,19.75081010980367,1,"₹ 68,554.08",2,1,0,64417.25932625785,0
10908,Male,mumbai,50.687246175558045,7,₹ 0.00,1,0,1,35056.34669420596,0
10909,Male,Chennai,23.902185395006022,4,"₹ 58,436.81",1,1,0,159313.01301124835,1
10910,Male,Kolkata,29.97815139526798,5,"₹ 82,269.61",2,1,0,88089.88753505278,0
10911,Female,Pune,49.549522776224414,7,"₹ 65,673.00",3,1,1,154482.13188168476,0
10912,Male,mumbai,60.598837313579914,6,"₹ 39,238.76",1,1,0,,0
10913,Female,Kolkata,40.71457597318765,6,"₹ 87,670.90",1,1,1,127515.07232606292,0
10914,Male,DELHI,26.90795789200951,6,"₹ 84,119.71",2,1,1,97845.39167253583,0
10915,Female,Mumbai,,10,"₹ 48,523.01",1,1,1,120411.93121994997,0
10916,Male,Kolkata,40.91867767935787,10,"₹ 94,723.48",1,0,1,70769.14535419422,0
10917,Male,Mumbai,46.765403018470266,6,"₹ 65,541.84",1,1,1,75585.26112549914,0
10918,Female,Pune,26.96254751172889,7,"₹ 1,705.59",2,1,1,102767.7982324394,0
10919,Female,Hyderabad,32.442760795337215,0,"₹ 59,606.46",1,1,1,86641.50200613086,0
10920,Male,Kolkata,60.35336795062055,2,"₹ 28,494.66",1,1,0,60570.90621015936,1
10921,Female,Mumbai,56.418757495191336,0,"₹ 64,908.78",1,0,1,25215.803400186203,0
10922,Male,Pune,62.461308335572795,7,₹ 0.00,1,1,1,140238.32893712568,0
10923,Female,Kolkata,18.0,1,"₹ 97,824.14",1,1,0,10000.0,1
10924,Female,Pune,31.708041255062923,6,"₹ 83,503.43",1,1,1,95413.54595254084,0
10925,Male,Hyderabad,59.86363914777756,5,"₹ 97,701.91",1,0,0,83866.70092964673,0
10926,Male,Hyderabad,53.88497840390123,10,"₹ 49,693.39",2,1,1,10000.0,0
10927,Male,Delhi,51.1095842316323,0,"₹ 84,685.19",2,1,0,88698.29795087967,1
10928,Female,Bangalore,39.564177767390625,5,"₹ 56,347.03",2,1,1,80033.28899821405,0
10929,Female,Pune,35.6974308667249,8,"₹ 20,489.44",2,1,1,83125.92639490029,0
10930,Male,Bangalore,45.48346448845487,2,"₹ 25,660.02",2,1,0,101125.19767287547,1
10931,Male,Delhi,38.27231632588494,6,"₹ 39,644.08",2,1,0,20094.363584906845,1
10932,Female,Chennai,52.92167282745068,3,"₹ 87,502.68",4,0,1,109378.17722428801,1
10933,F,Kolkata,45.556956198744466,0,"₹ 86,490.94",2,1,0,49123.71909023671,0
10934,Female,mumbai,30.43266703536704,6,"₹ 30,595.41",2,0,0,63202.13083309732,0
10935,Male,Bangalore,54.52411010227595,0,"₹ 71,528.58",1,0,0,77401.55151349102,0
10936,Male,Bangalore,63.81418864438312,10,"₹ 50,487.20",2,0,1,131498.0392410048,0
10937,Male,Pune,64.8155103857772,3,"₹ 21,665.85",1,1,1,75002.90443789818,1
10938,Female,Kolkata,55.10131118138585,8,"₹ 14,551.31",2,1,0,43893.02732163602,0
10939,Male,Pune,55.30619394958412,4,"₹ 43,067.51",1,0,0,131296.52030203943,1
10940,Female,Hyderabad,27.58179280827234,6,"₹ 77,999.39",2,0,0,36947.59835738404,0
10941,Male,Bangalore,34.92996193139528,6,"₹ 34,791.47",1,1,1,59508.044798934,0
10942,Female,Kolkata,42.4748205228062,2,"₹ 73,704.67",1,1,1,133106.64116975956,0
10943,Female,DELHI,53.88861231109603,10,"₹ 59,304.25",1,0,1,103080.2346110584,0
10944,Female,Chennai,35.99488018670762,7,₹ 862.64,1,0,0,53094.07724166419,0
10945,Male,Delhi,40.395565218357746,0,"₹ 110,238.16",2,1,0,38958.15547788319,0
10946,Male,Chennai,53.39419966706166,3,"₹ 85,848.05",2,0,1,104630.90506201537,0
10947,Male,Delhi,47.05663589406429,9,"₹ 7,745.04",1,1,1,26064.77293607926,0
10948,Female,Bangalore,50.00802749162236,3,"₹ 61,978.04",2,1,0,133335.29719145756,0
10949,Female,Chennai,33.32946785894419,1,"₹ 94,277.99",1,1,1,89638.90544324109,0
10950,Female,Chennai,40.19298151765528,5,"₹ 62,315.06",2,1,0,48705.03391687371,0
10951,Female,mumbai,37.956902124430435,0,"₹ 37,560.65",1,1,1,103100.60814856812,0
10952,Female,Pune,44.98596094711521,2,"₹ 46,314.05",1,0,0,164233.7506326379,1
10953,Male,mumbai,38.50309346934295,8,"₹ 42,466.06",1,1,0,106724.56754111752,1
10954,Female,Chennai,36.46760184307043,9,"₹ 45,754.16",1,1,0,70241.31624735655,0
10955,Male,mumbai,46.87541368037202,5,"₹ 83,732.02",2,1,0,102836.60572000821,0
10956,Male,mumbai,76.45094524775554,1,"₹ 64,179.59",3,1,1,155696.0683286101,1
10957,Female,Pune,53.75352057547193,8,"₹ 24,108.27",1,1,0,128934.36941222817,1
10958,Male,Kolkata,18.296785122508428,1,"₹ 41,830.27",1,1,1,77294.57519808275,0
10959,Male,Bangalore,50.26942915996447,6,"₹ 38,103.20",2,1,1,82662.13558943385,0
10960,Female,Kolkata,37.27647507493562,0,"₹ 58,679.59",2,1,1,101450.21144857374,1
10961,Male,Bangalore,30.883908921896143,4,"₹ 16,491.49",2,1,1,79498.66074691749,0
10962,Female,Kolkata,55.55779745923402,6,"₹ 4,795.44",1,1,1,54219.691701374075,0
10963,Male,Kolkata,46.157728420831596,2,"₹ 22,163.14",1,0,1,123558.14031685141,0
10964,Male,Delhi,82.29557548318236,3,"₹ 3,192.66",2,0,0,99961.14799823596,1
10965,Male,mumbai,43.28588917594694,4,"₹ 4,177.26",1,0,1,124229.51212841208,0
10966,Male,Hyderabad,41.60661345528583,2,"₹ 86,732.37",2,0,0,32515.412421965048,0
10967,Female,Pune,62.95723032555952,5,"₹ 46,141.91",1,1,0,74650.31940769483,1
10968,Male,Kolkata,45.329568257759234,2,"₹ 61,156.65",1,1,0,63660.39395132388,0
10969,Female,Chennai,29.141397666045393,7,"₹ 51,823.95",2,1,0,59378.660479745566,0
10970,Male,DELHI,31.78856328646473,6,"₹ 53,504.09",2,1,1,69995.73682069198,0
10971,Female,Delhi,40.07342963985539,0,"₹ 58,955.73",1,1,0,42700.27491386416,0
10972,Female,DELHI,54.86457417842806,1,"₹ 67,628.59",1,1,1,137265.87012913718,0
10973,Female,Mumbai,64.08191272362707,3,"₹ 61,078.19",2,1,0,60101.586181355146,0
10974,Male,Mumbai,57.02923825188563,4,"₹ 133,651.37",1,1,0,64091.94007155544,0
10975,Male,Bangalore,53.520480188826006,10,"₹ 19,241.78",4,1,0,82401.59204025604,1
10976,Male,Kolkata,61.45313378646706,9,"₹ 18,200.00",2,1,1,124577.09406895385,0
10977,Female,Pune,54.3175894841791,10,"₹ 33,587.51",1,1,1,10000.0,1
10978,Male,Chennai,31.451575780386023,3,"₹ 10,310.03",2,1,1,101985.02181330514,0
10979,Male,Hyderabad,41.68862904309522,3,"₹ 41,353.69",2,0,0,44036.44531755313,0
10980,Female,Hyderabad,37.271314174391705,8,"₹ 21,303.79",1,0,1,34395.63672649271,0
10981,Male,Delhi,63.93414666913886,3,"₹ 52,443.78",1,0,0,52388.96820307577,0
10982,Female,Delhi,30.680913479527185,3,"₹ 52,202.57",1,1,0,49062.64232909765,0
10983,Male,Delhi,30.97233355327468,3,"₹ 10,851.04",2,0,1,95963.65174827077,0
10984,Male,Delhi,47.548943490312574,1,"₹ 72,992.95",1,1,1,10000.0,0
10985,Female,mumbai,73.93531035595355,7,"₹ 25,935.18",2,1,0,42350.92568065214,0
10986,Male,Kolkata,56.02336093402366,3,"₹ 21,862.87",1,1,0,123155.80039798435,0
10987,Female,DELHI,60.62514284954504,4,"₹ 63,180.47",1,0,1,129304.02092523559,0
10988,Male,Kolkata,28.3979801102311,7,"₹ 50,001.09",2,1,0,58326.376064299824,1
10989,Male,Kolkata,55.03202267514756,3,"₹ 50,039.02",2,0,0,35973.73429128112,0
10990,Female,Mumbai,28.332163504623,4,"₹ 20,218.52",2,0,1,53360.93438904053,0
10991,Female,Pune,55.96403348154215,4,"₹ 16,608.14",1,1,1,90260.02954380622,0
10992,Female,Chennai,21.437384687821666,5,"₹ 73,926.64",1,0,0,106022.58231867602,0
10993,Male,Bangalore,39.91318930721309,6,"₹ 47,787.59",2,1,0,82074.77095626679,0
10994,Female,Pune,18.0,2,"₹ 56,874.30",2,0,1,96221.88770797262,0
10995,Male,Delhi,31.729317000987436,9,"₹ 54,577.81",2,1,1,98515.48488711887,0
10996,Male,DELHI,23.630901188761282,10,"₹ 70,330.04",2,0,1,81604.11243392181,0
10997,Female,Mumbai,54.76774458911849,2,"₹ 48,276.28",2,1,0,92927.86337676978,0
10998,Male,mumbai,46.41582824567826,8,"₹ 43,041.79",2,1,1,177100.82502107474,0
10999,M,DELHI,37.986982735220714,0,"₹ 71,514.06",1,0,1,55575.786402980186,0
11000,Male,Mumbai,46.75683772984651,9,"₹ 117,040.03",2,0,1,25486.148039482934,1
11001,Male,mumbai,32.53591281289803,7,"₹ 12,738.21",2,1,0,155517.2455358907,0
11002,Female,Delhi,49.827910571941544,9,"₹ 33,540.80",1,0,0,152919.39801135886,0
11003,Female,Bangalore,,2,"₹ 58,789.11",3,1,1,155651.27729716623,1
11004,Female,Delhi,79.21341202538666,4,₹ 0.00,2,1,0,62213.34142665805,0
11005,Female,DELHI,69.50270783726441,2,"₹ 83,311.13",2,1,1,110192.55986254796,0
11006,Female,Delhi,59.1083982602288,9,"₹ 73,847.93",2,1,1,102115.70810177023,0
11007,Female,Delhi,49.384844406311004,0,"₹ 50,901.57",1,1,1,10000.0,0
11008,Female,Mumbai,51.30535966166475,9,"₹ 63,991.12",1,0,1,61373.04943503806,0
11009,Male,Hyderabad,63.6133384130445,4,"₹ 95,205.69",2,0,0,53000.704938437644,1
11010,Male,Delhi,49.322135465696306,7,"₹ 58,675.78",1,1,1,60764.252360244805,0
11011,Male,Kolkata,50.244979063442365,4,"₹ 12,045.75",1,1,1,113402.39212901903,0
11012,F,Kolkata,36.3528169760758,3,"₹ 78,812.96",1,1,1,48568.178057565296,0
11013,Female,Bangalore,34.690242854401035,8,"₹ 77,793.95",2,1,0,69689.14986317817,0
11014,Male,Bangalore,43.3915249303073,0,"₹ 56,247.27",1,1,1,108238.27516289247,0
11015,Female,Bangalore,18.0,4,"₹ 128,451.75",3,1,0,40070.19322139891,1
11016,Female,Pune,44.56398210526775,0,"₹ 46,854.18",2,0,1,38568.6383370758,0
11017,Male,Chennai,41.36766082946188,5,₹ 0.00,1,0,0,55694.90463126106,0
11018,Female,Bangalore,58.185448486903425,9,"₹ 57,783.16",1,0,0,81835.27872163753,0
11019,Female,Delhi,63.36952933398394,8,"₹ 54,403.47",2,1,0,111351.41196911313,0
11020,Male,Bangalore,83.57146117215648,10,"₹ 116,801.93",1,0,0,85569.0329870465,1
11021,Female,Chennai,53.69310169862848,1,"₹ 60,702.22",1,0,1,10000.0,0
11022,Male,Pune,47.280401704005044,3,"₹ 42,760.47",1,1,1,72522.52185754225,0
11023,Female,Chennai,36.507786830687714,7,"₹ 12,341.51",1,1,0,82295.04857251247,0
11024,M,DELHI,29.265884078364298,2,"₹ 104,234.68",1,0,0,57858.360210900486,0
11025,Female,Bangalore,58.713134915983936,6,₹ 0.00,1,1,1,75297.06751533967,0
11026,Male,Bangalore,44.58822304476045,6,"₹ 64,079.08",2,1,1,35491.49729815577,0
11027,Female,Bangalore,51.37374398235552,1,₹ 0.00,1,1,0,36217.88081401538,1
11028,Female,DELHI,45.278544430745356,9,"₹ 41,246.63",1,1,0,45022.22422862733,0
11029,Male,Chennai,45.669998739964974,3,"₹ 39,337.05",1,1,1,65724.53915500191,1
11030,Female,Mumbai,48.28828331345609,0,"₹ 29,403.28",1,0,1,50440.38823944976,0
11031,Male,Delhi,51.33124355523983,7,"₹ 38,897.56",2,1,0,115114.68627585145,0
11032,Female,Delhi,59.110803352308736,9,"₹ 54,206.02",1,1,0,102070.02147357323,0
11033,Male,Bangalore,26.515422245884135,9,"₹ 36,171.84",2,0,0,117458.9379424871,0
11034,Male,Pune,53.79121275787696,8,"₹ 46,457.09",3,1,1,82480.61105634141,0
11035,Male,DELHI,25.67790152640338,0,"₹ 29,158.29",2,0,1,54265.41346068256,0
11036,Female,Mumbai,55.52133754381608,10,"₹ 42,735.83",1,0,1,71596.0687268915,0
11037,Male,mumbai,49.80342474973277,6,"₹ 79,185.63",1,1,0,75014.2178506305,0
11038,Female,Mumbai,43.85091978784461,0,"₹ 36,156.83",2,1,0,105523.33628857725,0
11039,Male,Delhi,44.437256813177186,0,"₹ 96,842.47",2,1,0,65633.18227532081,0
11040,Male,Bangalore,47.05372829876208,8,"₹ 79,141.56",1,0,1,71280.58748081925,0
11041,Female,Hyderabad,61.36475696883954,9,"₹ 74,639.81",2,1,0,61345.85021822801,1
11042,Female,mumbai,60.03678037837631,9,"₹ 50,221.68",2,1,1,104932.23487457499,0
11043,Male,Bangalore,58.28099064443784,5,"₹ 21,469.37",3,0,0,169056.50784909521,0
11044,Female,DELHI,24.803967015429816,0,"₹ 52,967.56",2,1,0,114405.30255182556,0
11045,Female,mumbai,53.64312936899484,6,"₹ 102,765.98",2,1,1,74557.86798285236,0
11046,Female,Hyderabad,18.0,2,"₹ 25,246.29",1,0,0,103396.25670272305,0
11047,Male,Chennai,18.0,9,"₹ 58,815.14",1,1,0,10000.0,0
11048,Male,Chennai,61.859057974680056,3,"₹ 22,764.93",2,1,0,80545.76617474284,1
11049,Female,Chennai,23.29605751001689,3,"₹ 37,914.54",2,0,0,71284.58372664038,0
11050,Male,Pune,42.313144766231495,7,"₹ 59,000.17",2,1,1,79406.23583606258,0
11051,Female,Chennai,66.06512186513118,0,"₹ 60,930.58",2,1,1,113028.06182390751,1
11052,Female,Kolkata,53.75650987728147,7,"₹ 53,515.18",2,0,0,41724.71978078654,0
11053,Female,mumbai,50.550002989956155,8,"₹ 68,194.55",1,1,1,131659.44096205448,0
11054,Female,Hyderabad,,10,"₹ 63,631.73",1,0,1,109045.3251096644,0
11055,F,DELHI,46.88837844819725,6,"₹ 40,163.25",1,1,1,111393.33732028879,0
11056,Male,Kolkata,35.622277742944966,0,"₹ 71,700.12",2,1,0,80384.13804763362,0
11057,Female,Kolkata,37.806268766537926,6,"₹ 20,995.20",2,1,1,70690.66426352007,0
11058,Male,Hyderabad,46.29695205594382,5,"₹ 42,246.11",1,1,1,76382.6004646274,0
11059,Male,DELHI,48.486078204805246,4,"₹ 36,068.58",1,1,1,70833.86030270213,0
11060,Female,mumbai,42.63238200458079,4,"₹ 61,169.74",2,0,1,80921.01817467263,0
11061,Female,Delhi,18.0,0,₹ 0.00,1,1,1,94542.0289149695,0
11062,F,Bangalore,68.4731159689826,5,"₹ 38,017.33",3,1,0,131101.27405510857,0
11063,Female,Delhi,59.05929832447902,3,"₹ 63,698.33",2,1,0,56388.66899265343,0
11064,Male,Hyderabad,41.93925665942798,0,"₹ 124,099.21",2,1,1,86387.89071063639,0
11065,Male,Delhi,59.526421873601926,7,"₹ 51,491.95",2,1,0,30475.531913807485,0
11066,Female,Delhi,39.62210620866479,7,"₹ 17,538.54",2,1,0,93275.83396920424,0
11067,Male,Delhi,49.7630931226697,10,"₹ 70,231.56",1,1,0,,0
11068,Male,Chennai,18.0,3,"₹ 29,592.10",1,1,1,44222.12548428094,0
11069,Male,Mumbai,48.85100587551117,6,"₹ 9,263.02",2,1,1,66755.8152804782,0
11070,Male,Delhi,40.7799254143694,2,"₹ 55,480.36",2,1,1,16516.140224475428,0
11071,Male,Bangalore,48.27084270921264,7,"₹ 89,677.78",1,1,0,49222.23915878718,0
11072,Male,Hyderabad,70.64832546977914,6,"₹ 25,947.75",2,1,0,110218.79768257003,0
11073,Male,Mumbai,44.728694147753146,4,"₹ 43,657.57",1,1,1,10000.0,0
11074,Male,Pune,38.13727646213614,4,"₹ 70,785.44",2,0,0,86512.0677744405,0
11075,F,Bangalore,38.303892497057426,8,"₹ 80,681.43",2,0,1,113311.36241693408,0
11076,Male,Bangalore,23.75788014916751,5,"₹ 92,786.83",1,0,0,156588.49747382812,0
11077,Male,Chennai,51.06369899979675,5,"₹ 29,082.47",1,0,0,41642.931106179356,0
11078,Female,Chennai,53.01645566318853,1,"₹ 46,245.45",2,0,0,80674.90646434529,0
11079,Male,Hyderabad,45.98125819302884,10,₹ 0.00,1,1,0,132631.21488336552,0
11080,Female,Bangalore,58.79860838361959,4,"₹ 38,159.35",2,0,1,45363.63001255214,0
11081,Female,DELHI,58.94111090578622,3,"₹ 18,540.99",1,0,0,92587.02192193196,1
11082,Male,DELHI,46.04750712903178,9,"₹ 54,215.31",1,1,0,125519.1784710288,1
11083,Male,Hyderabad,53.782436895753065,2,"₹ 76,572.10",1,0,1,128229.53024039845,0
11084,Female,Delhi,77.59021386028381,8,"₹ 70,707.26",1,0,0,77215.12734043089,0
11085,Female,Kolkata,32.66919156898335,10,"₹ 15,210.20",3,1,1,73593.77264841966,0
11086,Male,Pune,56.59746795328482,6,"₹ 38,050.17",1,0,1,63902.79245470402,0
11087,Female,Chennai,46.30236549444821,3,"₹ 63,833.41",2,1,0,78336.71308352117,0
11088,Male,Kolkata,60.68619844664809,8,"₹ 53,750.46",2,0,1,150302.35786966403,0
11089,F,mumbai,33.09766884179468,8,"₹ 28,894.81",1,1,1,95232.28491581073,0
11090,Male,Hyderabad,48.004181127992666,6,"₹ 61,238.93",2,1,1,10000.0,0
11091,Female,Delhi,34.805998116018,4,"₹ 72,984.24",1,0,0,68400.95545427616,1
11092,Female,Mumbai,18.495189289706687,8,"₹ 44,312.72",2,1,0,168521.29178118554,0
11093,Female,Delhi,66.06581498577668,6,"₹ 20,288.16",2,0,0,92956.45515598178,0
11094,Female,Bangalore,38.48304730071989,8,"₹ 61,319.17",2,0,1,62775.31163115348,0
11095,Male,Delhi,32.36275204588725,10,"₹ 24,126.59",2,0,1,10000.0,0
11096,Male,Bangalore,36.34656814083,2,"₹ 89,670.38",2,0,1,133157.34492044811,0
11097,Male,mumbai,72.36658980626302,10,₹ 0.00,2,0,0,184430.8886098175,0
11098,Male,Chennai,64.65791606222119,8,"₹ 40,253.85",2,1,1,117616.1578605723,1
11099,Female,mumbai,41.727032396103944,0,"₹ 23,291.87",1,1,1,79904.74262809759,0
11100,Male,Bangalore,57.920612748952166,4,"₹ 71,368.54",1,0,0,52691.34555360171,0
11101,Male,Mumbai,28.86920680563399,1,"₹ 92,997.70",2,1,0,77749.8219896281,0
11102,M,Kolkata,52.853144297969166,0,"₹ 30,372.41",2,1,0,68515.36677838826,0
11103,Female,Delhi,38.5415365368757,2,"₹ 21,864.91",1,0,1,114062.53935255279,0
11104,Female,Chennai,,6,"₹ 69,317.59",1,0,0,108030.05135334098,0
11105,F,Delhi,24.393344106427275,2,₹ 0.00,2,0,1,91976.39593761884,0
11106,Male,Delhi,36.07291197161115,9,"₹ 57,394.90",2,1,0,96550.4376230872,1
11107,Male,Bangalore,47.72862898215033,9,"₹ 48,987.19",1,0,1,45700.859872160494,0
11108,Female,Kolkata,47.57001533956459,10,"₹ 43,433.98",2,1,0,146917.7725101413,0
11109,Female,Chennai,23.057736632023303,8,"₹ 24,833.93",1,1,1,42655.04990183854,0
11110,Male,Delhi,30.422315835769496,2,₹ 0.00,1,1,0,55820.05198339553,0
11111,Female,Delhi,51.35124065965775,10,"₹ 79,215.16",2,1,0,112852.25230855223,1
11112,Male,Pune,49.59028951105534,5,"₹ 68,882.02",2,0,1,66244.36998368955,0
11113,Male,Hyderabad,54.83223410866604,1,"₹ 48,264.64",1,0,1,82369.91927976388,0
11114,Female,Pune,47.853025571679304,7,"₹ 56,885.32",3,1,0,75352.55893134468,0
11115,Female,Hyderabad,29.202103580055468,9,"₹ 45,479.07",1,1,1,104231.34827459036,0
11116,Female,Mumbai,39.692359790098806,4,"₹ 79,466.09",2,1,0,38149.97210259634,0
11117,Male,Pune,52.965335904266844,1,"₹ 44,037.99",1,1,1,105963.08530240545,0
11118,Female,Bangalore,29.974845895499435,6,"₹ 49,050.96",1,0,0,28690.395783484993,0
11119,Male,Mumbai,28.109563001207253,2,"₹ 54,419.07",2,0,1,165637.4744519267,0
11120,Male,DELHI,40.45538123671289,4,"₹ 38,452.80",2,1,0,51877.10800580477,0
11121,Female,Chennai,49.071748658329625,10,"₹ 47,217.35",1,1,1,74257.41614565221,0
11122,M,DELHI,,8,"₹ 46,050.99",1,0,1,31429.202621181037,0
11123,Female,Chennai,41.36263835062485,0,"₹ 29,444.17",1,1,1,49499.2697439681,0
11124,Female,Chennai,52.77838053010531,1,"₹ 21,413.62",2,1,0,10000.0,0
11125,Female,Chennai,55.73039757280926,4,"₹ 44,071.42",2,1,1,49198.37434990371,1
11126,Female,Pune,29.943453075755613,3,"₹ 40,915.54",2,1,1,,0
11127,Male,mumbai,50.57909765990653,0,"₹ 81,754.66",2,1,0,129138.34581850702,0
11128,Male,Kolkata,59.905402733331876,6,"₹ 21,134.50",2,1,1,128487.94370111314,0
11129,Male,DELHI,54.100577575216796,8,"₹ 33,261.41",1,0,0,100853.64265016856,0
11130,Male,DELHI,38.82156397309678,0,"₹ 55,535.72",1,1,0,16324.798441617626,0
11131,Female,Chennai,18.0,7,"₹ 61,945.91",1,1,1,81773.47839393256,0
11132,Male,mumbai,48.14003109388215,8,"₹ 45,827.44",1,1,1,102053.17825600055,0
11133,Male,mumbai,68.67845861275043,1,"₹ 74,554.63",1,1,1,34543.27899642698,0
11134,Male,Kolkata,57.3609271879368,0,"₹ 46,866.18",2,0,1,35834.15906461376,1
11135,Female,Pune,56.3187359535943,5,"₹ 23,950.15",3,1,0,78215.71248367541,0
11136,Male,Kolkata,47.52717924840715,6,"₹ 48,823.33",1,1,0,131264.7411560039,0
11137,Female,Bangalore,58.45173645838407,1,"₹ 72,355.57",2,1,0,110340.04996801054,1
11138,Male,DELHI,49.54873090690957,4,"₹ 79,171.87",2,1,1,25125.705909650263,0
11139,Male,mumbai,18.805741105787735,4,"₹ 78,335.06",2,1,1,,0
11140,Female,Chennai,58.37368519643619,6,"₹ 55,810.51",1,1,1,106389.96139039598,0
11141,Female,mumbai,32.08302155660239,10,"₹ 57,877.93",2,0,0,70043.17714736203,0
11142,Male,mumbai,46.008494794642104,0,"₹ 67,693.99",1,1,0,53988.46480376389,0
11143,Female,Hyderabad,56.08795151608616,9,"₹ 1,149.07",2,0,1,66636.20825087684,0
11144,Female,DELHI,33.76237877790682,7,"₹ 28,468.24",1,1,1,131123.31932128614,0
11145,Male,Bangalore,30.21814818319079,4,"₹ 58,960.45",1,1,1,76460.08094257217,0
11146,Female,Kolkata,52.15754863784741,2,"₹ 20,423.51",2,0,0,115570.22619091683,1
11147,Female,Bangalore,28.296906582775115,8,"₹ 84,544.27",1,1,1,75058.33765244778,0
11148,Female,Hyderabad,42.108056532395565,10,"₹ 82,024.84",1,1,0,107378.60673896097,0
11149,Female,Pune,61.92560189908836,2,"₹ 33,741.64",2,1,1,175390.81095882086,0
11150,Female,Bangalore,69.39738439446576,6,"₹ 22,808.18",2,1,1,10000.0,0
11151,Female,mumbai,18.27555095054335,9,"₹ 62,900.64",1,1,0,62230.22578583579,0
11152,Female,Mumbai,41.71937452497718,6,"₹ 11,687.08",2,1,0,106829.38490816331,0
11153,Female,Bangalore,64.05073944622507,9,"₹ 54,193.96",2,1,0,24794.78834511787,1
11154,Female,Hyderabad,39.02822569902264,7,"₹ 134,907.87",1,1,1,109273.31537842838,0
11155,Female,Bangalore,56.87829499842358,9,"₹ 19,747.32",1,1,0,126476.1163396745,0
11156,Female,Bangalore,58.0094604723885,7,"₹ 26,535.82",2,1,0,14098.223826208778,1
11157,Male,Delhi,35.83531972654393,3,"₹ 31,476.16",2,0,0,129936.85940643787,0
11158,Female,mumbai,51.42927737261715,0,"₹ 23,060.10",2,0,1,44314.050099962755,1
11159,Female,Chennai,52.34190124936686,3,"₹ 24,580.75",1,1,1,145075.73550078052,0
11160,Male,Pune,58.65279921564686,5,"₹ 101,569.71",2,1,0,84193.40133988825,1
11161,Female,Delhi,20.62275359416946,9,"₹ 51,881.84",1,0,1,104099.59050686349,0
11162,Male,mumbai,64.3925001300229,10,"₹ 77,280.52",1,1,1,32444.42344884522,0
11163,Male,Hyderabad,55.30288885990804,5,"₹ 85,983.01",1,1,0,37318.97201631182,0
11164,Female,Kolkata,28.044215706965442,5,₹ 0.00,1,1,1,25754.07831058352,0
11165,Male,Hyderabad,43.082972007823244,6,"₹ 26,920.66",1,1,0,69703.20750315175,1
11166,Female,Chennai,57.56755441818352,10,"₹ 22,793.96",1,1,1,71312.83541384598,0
11167,Female,Hyderabad,28.843395792366973,0,₹ 0.00,1,1,0,135751.4858981003,0
11168,Female,Delhi,31.131713418833108,9,"₹ 62,778.58",2,1,1,57481.9239647498,0
11169,Male,Hyderabad,45.27912047868689,0,"₹ 59,110.67",4,0,0,64676.25150843155,0
11170,Male,Chennai,38.456443449489534,6,"₹ 89,670.35",1,0,1,92985.85405384425,0
11171,Female,Chennai,48.762991705472515,3,"₹ 64,223.62",2,1,1,112540.43423783226,0
11172,F,Mumbai,57.344366966514116,5,₹ 0.00,1,1,1,67619.84692151671,0
11173,Female,Bangalore,49.08363211454357,5,"₹ 28,939.35",3,1,1,127550.59340713489,1
11174,Male,Kolkata,44.84551951985809,8,"₹ 31,111.58",1,1,1,61132.69692117347,0
11175,Female,Kolkata,57.413147282241326,1,"₹ 65,340.88",2,1,1,49789.34747955226,1
11176,Female,Delhi,43.42649618109191,3,₹ 0.00,3,1,1,105035.88181629466,1
11177,Female,Chennai,33.813934395993,3,"₹ 66,318.90",2,0,0,10000.0,0
11178,Male,Mumbai,62.329226835383565,6,"₹ 73,643.06",4,1,0,101790.32138104766,1
11179,Female,mumbai,18.0,0,"₹ 42,494.44",1,0,1,97518.50646420379,0
11180,Female,Mumbai,45.96044932557739,4,"₹ 26,029.72",1,0,1,99111.6685779262,0
11181,M,Pune,39.54863717849995,10,"₹ 85,344.78",1,1,1,84473.36040911719,0
11182,Male,Hyderabad,31.15491454321645,3,"₹ 8,493.00",3,1,0,134912.89701634037,0
11183,Female,Bangalore,49.47871126801283,1,"₹ 84,371.27",1,0,1,104603.98402811852,0
11184,Female,Mumbai,51.89568948808497,4,"₹ 77,257.58",1,1,0,112417.31439130714,0
11185,Male,Hyderabad,32.564717167614916,8,"₹ 66,820.64",2,0,1,141812.87715739882,0
11186,Female,Bangalore,24.060401065426905,7,"₹ 104,504.77",2,1,0,85611.3537273586,0
11187,Female,Pune,25.41055080071381,8,"₹ 50,507.96",1,1,0,131359.8592900824,0
11188,Male,Pune,72.19856174942498,6,"₹ 68,630.12",1,0,1,57397.357322728814,0
11189,Male,Chennai,73.85548702945223,9,"₹ 48,557.91",2,0,1,119222.99344851455,0
11190,Female,Pune,,6,"₹ 40,363.80",1,1,1,93372.09371193447,0
11191,Male,Chennai,24.426399297579955,1,"₹ 65,860.14",1,1,0,70145.79404644377,1
11192,Female,DELHI,42.81973428131109,2,"₹ 40,899.97",2,1,1,114746.52951608744,0
11193,Male,mumbai,18.0,10,"₹ 51,876.96",2,1,1,39596.04789307965,0
11194,Female,Delhi,49.72017819275206,9,"₹ 52,039.77",1,1,1,41023.21900215061,0
11195,Male,Hyderabad,30.08908136705429,7,"₹ 37,854.99",2,0,0,65620.69866683419,0
11196,Female,mumbai,26.84700231610881,10,"₹ 72,039.14",2,0,0,74435.04092116145,0
11197,M,mumbai,59.664494502021434,1,₹ 0.00,2,0,1,78610.09869089349,0
11198,M,Kolkata,42.68631340463679,6,"₹ 29,146.20",1,1,1,122255.83890850603,0
11199,Female,Mumbai,,5,"₹ 20,790.73",1,1,0,65884.38524512952,0
11200,Male,Pune,63.10365734791346,9,"₹ 59,215.25",1,0,0,128734.4988211972,0
11201,Female,DELHI,43.65882557456659,3,"₹ 42,868.67",1,1,0,97963.81647988928,1
11202,Male,Mumbai,44.92262668151722,10,"₹ 7,435.49",1,0,1,76628.76067212978,0
11203,Male,Delhi,60.87409811969388,3,"₹ 64,102.30",2,1,1,41958.73841237182,0
11204,Male,Mumbai,36.91833339092163,2,"₹ 56,824.50",1,1,1,10095.495768417168,0
11205,Male,Kolkata,62.319504868581404,5,"₹ 51,094.10",2,1,1,84883.96826049278,0
11206,Female,Delhi,18.0,2,"₹ 73,419.60",2,1,1,10000.0,0
11207,Female,Chennai,39.67786413198267,8,"₹ 65,660.15",2,0,0,,0
11208,Male,Mumbai,47.808645335042065,3,"₹ 43,008.42",1,1,0,123305.63925431584,0
11209,Male,Hyderabad,26.924982836619396,3,"₹ 62,486.70",2,0,1,62367.49808036706,0
11210,F,DELHI,50.54308424844132,1,"₹ 91,086.50",3,0,0,40748.19481302685,1
11211,Male,Kolkata,47.58311957978528,1,"₹ 45,398.37",2,0,1,30330.590034291658,0
11212,Male,Delhi,34.01711234528551,6,"₹ 87,393.83",2,1,1,57977.10170778565,0
11213,Male,DELHI,33.44328436218854,4,"₹ 106,856.27",2,1,1,69264.8193021432,0
11214,Female,Mumbai,31.91937756332868,2,"₹ 59,900.71",1,1,1,10000.0,0
11215,Female,Hyderabad,21.50207255816394,5,"₹ 19,836.22",1,0,1,57945.5395185934,0
11216,Male,Mumbai,69.15130654022317,5,"₹ 41,080.86",2,1,0,64226.64994903964,0
11217,Male,Pune,41.84418354433716,0,"₹ 54,884.78",2,1,0,118174.95733223791,0
11218,Female,Pune,24.705958921189257,2,"₹ 50,604.66",1,1,1,90772.82444238523,0
11219,Female,Kolkata,43.165351767208335,4,"₹ 53,866.09",1,0,0,57423.767363040155,0
11220,Male,Delhi,48.59830029238715,10,"₹ 86,449.57",1,0,1,57800.62654855389,0
11221,M,Delhi,32.728906672740415,10,"₹ 24,497.36",2,1,0,34047.74291281278,0
11222,Male,mumbai,39.52989894985225,6,"₹ 61,043.47",1,1,0,121715.57278015527,0
11223,Male,Kolkata,64.55978988166362,3,"₹ 77,638.26",1,1,0,78774.88452219029,0
11224,Female,Kolkata,27.482817298468312,7,"₹ 42,476.73",2,0,0,77156.24202029906,1
11225,Male,Hyderabad,36.27569309263147,2,"₹ 19,221.00",1,1,0,54261.031924888244,1
11226,Female,Pune,18.0,5,"₹ 43,839.49",2,1,0,36793.90232290929,1
11227,Male,Delhi,72.34921414931884,5,"₹ 18,756.22",1,0,0,102218.57890011197,1
11228,Male,Mumbai,54.872348414309606,8,"₹ 28,803.81",1,1,0,120314.83995644558,0
11229,F,Kolkata,44.25652278947806,3,"₹ 67,441.97",2,1,0,53628.57507868254,0
11230,Male,Chennai,34.22894855272084,6,"₹ 57,930.98",1,1,0,16412.393428402793,0
11231,Female,Bangalore,33.479861474348006,9,"₹ 71,360.68",1,0,0,90841.21459078375,0
11232,Male,Delhi,40.96378037493744,0,"₹ 64,514.59",1,0,1,22162.04490447636,0
11233,Male,Delhi,52.442250834612786,10,"₹ 43,819.58",2,1,1,117096.0198557684,0
11234,Male,Chennai,29.046255499040253,0,"₹ 19,700.84",2,0,1,39721.99430781533,0
11235,Female,Delhi,38.05324794069077,1,"₹ 59,710.30",2,0,0,114914.04621334047,0
11236,Male,Chennai,57.85890880367716,3,"₹ 33,966.93",1,0,0,70592.76419612199,0
11237,Female,Bangalore,69.1369978023112,5,"₹ 45,820.59",2,0,0,123914.4817848228,0
11238,Male,mumbai,53.15288386802539,3,"₹ 28,552.96",1,0,1,31606.614619084707,0
11239,M,Hyderabad,35.066616098197315,5,"₹ 77,117.55",2,1,1,13820.777335434163,0
11240,Male,Bangalore,42.67484365943459,1,₹ 0.00,1,1,0,84253.00658876357,1
11241,Female,DELHI,51.1843070081463,8,"₹ 65,455.75",1,1,1,128464.66994893596,0
11242,Female,mumbai,40.62789573515439,10,"₹ 54,473.87",1,1,1,99796.82561602925,0
11243,Female,Hyderabad,55.67752324615823,2,"₹ 76,605.80",1,1,0,75178.55052117657,0
11244,Female,Pune,34.049316092602524,6,"₹ 13,323.01",1,1,0,95169.32384295661,1
11245,Female,Chennai,69.19922878262406,0,"₹ 48,618.53",1,1,1,17389.003772439384,0
11246,Female,Kolkata,,7,"₹ 37,165.30",3,1,1,97694.86900509556,0
11247,Male,DELHI,35.533285424009854,3,"₹ 45,254.49",2,1,0,80796.51229357473,0
11248,Male,Bangalore,53.87407502923091,10,"₹ 50,528.70",2,1,0,59009.879132474,0
11249,Female,Delhi,30.312811323382718,4,"₹ 35,613.11",2,1,1,16861.249831521884,0
11250,Female,Bangalore,47.218785387041635,6,"₹ 46,754.14",1,1,1,105470.04322850936,0
11251,Female,Hyderabad,66.02105533566825,2,"₹ 87,170.44",2,1,0,49242.52214924691,1
11252,Male,DELHI,26.75190172442614,8,"₹ 93,416.47",2,0,1,42416.78759989645,0
11253,Male,Mumbai,62.870687532720815,8,"₹ 57,161.76",2,0,1,159678.52566163606,0
11254,Male,Hyderabad,25.634306731660615,7,"₹ 93,995.26",1,1,0,90741.89411106292,0
11255,Female,mumbai,57.3071288259063,0,"₹ 6,685.39",1,1,0,41175.183454853075,0
11256,Male,Bangalore,30.8004713966386,1,"₹ 74,143.20",1,1,0,118432.32126706885,0
11257,Male,Bangalore,62.87733782733018,1,"₹ 56,372.36",1,0,0,78077.90177973168,0
11258,Male,DELHI,36.35860080191502,2,"₹ 38,868.24",1,0,0,126476.3710632143,0
11259,Male,Chennai,39.6522703797033,1,"₹ 68,392.18",2,0,1,19261.172203531736,1
11260,Female,DELHI,30.92337894344829,0,"₹ 54,693.73",1,1,1,90761.10153084071,0
11261,Male,Kolkata,18.0,10,"₹ 32,020.05",2,1,1,58635.97400023478,0
11262,Female,Bangalore,27.86486938922606,4,"₹ 70,985.05",1,1,1,74433.26593473816,0
11263,Male,Chennai,,5,"₹ 48,646.53",2,1,0,141675.9172191,1
11264,Male,Chennai,18.0,6,"₹ 28,568.77",1,0,1,99149.03285346915,0
11265,Male,DELHI,49.40909772429347,9,"₹ 74,315.48",1,1,1,10000.0,0
11266,Male,Pune,67.87300566614735,6,₹ 0.00,1,0,0,99737.77733457586,0
11267,Male,Hyderabad,71.96027808925061,1,"₹ 99,292.93",1,1,1,22558.057600015367,1
11268,Male,mumbai,27.561040680781907,6,"₹ 77,199.51",1,1,0,55382.085319599326,0
11269,Female,Pune,43.351240961955725,1,₹ 0.00,2,0,0,58608.015404441845,0
11270,Male,Bangalore,62.4718098723925,1,"₹ 86,415.46",1,1,0,89267.71766651947,1
11271,Female,Bangalore,25.326005314201343,5,"₹ 52,549.97",1,1,1,82270.13022977773,0
11272,Female,Bangalore,63.05406592172855,5,₹ 0.00,1,0,0,59997.48747206315,1
11273,Female,Delhi,63.30068338175043,7,₹ 0.00,1,1,0,71488.37189922882,1
11274,Male,Mumbai,18.0,4,"₹ 67,174.28",2,0,0,146322.4322391186,0
11275,Male,Mumbai,18.0,4,"₹ 17,224.39",3,0,1,79521.48087474614,0
11276,Male,Chennai,38.99626295020579,9,"₹ 23,750.97",2,1,1,10000.0,0
11277,Male,Bangalore,59.071122554595995,0,"₹ 53,157.80",2,1,1,29344.746349468558,1
11278,F,Kolkata,22.204093033188776,3,"₹ 65,173.79",1,0,0,39798.608831215046,1
11279,Male,mumbai,18.0,0,"₹ 56,380.38",1,1,1,165294.4289498225,0
11280,Male,DELHI,45.96550270711936,9,"₹ 22,806.37",2,0,1,40481.70838456076,0
11281,Female,mumbai,54.491389635996164,4,"₹ 27,502.03",2,1,0,42863.790222530384,0
11282,Female,Kolkata,34.79725167133669,7,"₹ 18,181.12",2,1,0,87455.72512170319,0
11283,Female,DELHI,36.02318923281739,0,"₹ 56,912.11",1,0,0,139907.88649803746,0
11284,Male,Chennai,54.40032338001983,2,"₹ 55,395.79",1,1,0,66284.27033464113,1
11285,Male,Kolkata,31.951189085324486,0,"₹ 61,949.96",1,1,1,52758.96586339302,0
11286,Female,Bangalore,33.077003010144644,5,"₹ 55,520.09",2,1,0,134518.0932239064,0
11287,Male,Kolkata,49.15930359529654,9,"₹ 53,386.19",3,1,0,82572.15441402912,1
11288,Male,Bangalore,50.83496918226619,0,"₹ 76,802.72",2,1,1,88652.00082620986,0
11289,Male,Kolkata,41.64111262624578,9,"₹ 52,925.41",1,1,0,114747.01921940455,0
11290,Male,Kolkata,67.2672588434768,2,"₹ 76,514.97",1,1,0,84899.43457185765,0
11291,Male,Pune,56.24659538600573,4,"₹ 38,224.82",1,1,0,,1
11292,Male,mumbai,39.7359317024102,4,"₹ 26,403.72",2,0,1,61928.77707031421,0
11293,Female,Mumbai,25.63934560178443,1,"₹ 86,023.51",1,1,0,55310.19911773652,1
11294,Female,Pune,59.871339183547946,2,"₹ 35,907.96",1,1,1,92763.40211857935,0
11295,Female,Mumbai,60.39713880612292,8,"₹ 46,718.34",1,1,1,118000.11892219006,0
11296,Male,Pune,43.514605909679204,0,"₹ 25,177.50",2,1,1,68603.092595515,0
11297,Male,Delhi,49.15323062085627,0,"₹ 109,617.42",2,0,1,56083.258862073126,0
11298,Male,DELHI,55.518653141925164,1,"₹ 4,079.49",2,1,0,148406.92757887498,1
11299,Female,Bangalore,69.04655404785467,7,"₹ 79,478.78",1,1,0,104830.69008775412,1
11300,Female,Pune,58.30889241842243,5,₹ 0.00,1,1,1,,0
11301,Male,Pune,51.675263968521286,3,"₹ 38,655.71",1,1,0,24294.64130221022,0
11302,Female,Chennai,58.94624560991429,6,"₹ 72,207.67",1,0,1,99968.71639361154,0
11303,Male,Kolkata,62.266855494101144,5,"₹ 100,380.78",2,0,1,31986.451187838284,0
11304,Female,Delhi,49.060791561839075,8,"₹ 42,836.55",2,1,1,114779.65938309692,0
11305,Female,DELHI,58.762939030366766,5,"₹ 33,785.27",3,0,0,141208.75215907156,0
11306,Female,Hyderabad,34.85536718264754,1,"₹ 56,109.70",1,1,0,130389.81268862479,0
11307,Female,Pune,60.52898658797547,2,"₹ 99,537.06",1,1,1,133181.74380863574,0
11308,Female,Hyderabad,34.9800349573203,8,"₹ 55,093.04",2,0,1,49403.8644661038,0
11309,Male,Mumbai,29.875032358129715,6,"₹ 65,324.89",2,0,1,116509.36634769324,0
11310,Female,Kolkata,43.067359803789984,5,"₹ 30,801.20",2,1,0,64949.84930255548,0
11311,Male,Hyderabad,24.873629852116682,4,"₹ 77,274.44",2,1,1,125211.03609451794,0
11312,Female,Mumbai,36.05247653218271,2,"₹ 3,010.46",2,1,0,89946.42711530592,1
11313,Female,Delhi,50.67710724984886,3,"₹ 87,581.69",1,1,0,70202.91949708448,1
11314,Female,mumbai,49.16886292465159,0,"₹ 89,867.24",2,1,1,68148.15683286011,1
11315,Male,Bangalore,54.593378482520166,4,"₹ 110,623.62",1,1,1,98493.53738554959,0
11316,Female,Pune,54.82504701929176,6,"₹ 89,803.28",2,1,0,58246.99734605473,0
11317,Female,Hyderabad,50.61315380685038,1,"₹ 33,813.86",2,1,0,16564.769019513944,0
11318,Female,mumbai,32.22527288575106,10,"₹ 93,963.71",1,1,1,123503.56510789774,0
11319,Male,Kolkata,58.84904835818182,7,"₹ 83,906.00",2,1,0,66669.13304591217,0
11320,Male,Chennai,43.35573510534028,9,"₹ 28,257.86",2,1,0,137905.51464414177,0
11321,Male,Delhi,48.6040698414532,5,"₹ 56,253.94",2,0,1,121160.70898336693,0
11322,Male,Bangalore,46.56160720391516,9,₹ 0.00,1,0,0,93414.5781170339,1
11323,Female,Kolkata,68.61901215791622,2,"₹ 8,618.58",2,0,1,141457.4398463273,0
11324,Male,Delhi,27.07687446243813,1,"₹ 74,628.85",1,1,1,61790.263349750116,0
11325,M,Chennai,39.85314430717061,7,"₹ 99,048.23",2,1,0,114547.48042570363,1
11326,Male,Mumbai,,3,"₹ 74,744.66",2,0,0,85562.53974023927,0
11327,Male,Chennai,45.32862886383671,6,"₹ 51,660.52",1,1,1,10000.0,0
11328,Female,Hyderabad,37.72952562917611,6,"₹ 19,007.87",1,1,0,63739.72016893931,0
11329,Female,Bangalore,,9,"₹ 69,330.71",2,1,0,47331.33511978394,0
11330,Male,DELHI,40.69604473428022,8,₹ 0.00,2,1,0,55633.447067978166,0
11331,Female,Pune,50.43636786920353,9,"₹ 65,448.80",2,0,0,44220.36742623325,0
11332,Female,Pune,53.15272261946352,7,"₹ 22,950.86",2,0,1,10000.0,0
11333,Male,Mumbai,42.47888680071657,7,"₹ 72,659.32",2,1,0,96341.4038167844,0
11334,F,Kolkata,47.66965067781679,6,"₹ 74,112.72",2,1,1,54736.85239941574,0
11335,M,Bangalore,27.84774744572606,9,"₹ 33,036.48",1,1,1,74699.9278702346,0
11336,Female,Mumbai,50.841044408833895,4,"₹ 78,014.66",1,0,0,106336.04067377406,0
11337,Male,DELHI,45.141574386541684,8,₹ 0.00,2,0,1,74494.07140768472,0
11338,Female,Hyderabad,47.47814016958101,10,"₹ 45,693.16",1,0,1,110014.56620573836,0
11339,Male,Hyderabad,41.7083384378014,6,"₹ 73,731.69",2,0,0,99329.13309072542,0
11340,Male,Chennai,48.192344912263536,10,"₹ 68,651.16",2,1,0,64941.094354270834,0
11341,Male,Pune,54.51917879476715,2,"₹ 33,329.15",1,1,0,90542.89150289186,0
11342,Male,mumbai,48.83187536757343,5,"₹ 76,463.14",2,1,1,110522.47192742833,0
11343,Female,Bangalore,18.0,2,"₹ 77,576.08",1,0,1,71137.92640654338,0
11344,Female,mumbai,49.1424817233155,5,"₹ 14,798.98",2,0,0,104750.3299073734,0
11345,Female,Chennai,39.18199207750484,7,"₹ 46,641.08",1,1,0,113937.18154797472,0
11346,Male,Kolkata,34.377083626736386,8,"₹ 55,851.37",1,1,0,62664.82882232781,0
11347,Male,Hyderabad,65.23759468609157,1,"₹ 55,422.47",2,1,1,107313.21662183711,0
11348,Male,Pune,31.012273049990526,5,"₹ 74,343.20",2,1,1,63654.5164114828,0
11349,F,DELHI,32.70480575191593,2,"₹ 37,602.79",3,1,0,111224.63530917004,1
11350,Male,DELHI,18.0,6,"₹ 99,074.51",1,0,0,38087.6354455548,0
11351,Female,DELHI,66.60772308338267,10,"₹ 38,181.52",1,0,0,89939.94867294628,0
11352,Female,Bangalore,58.36718190929071,3,"₹ 15,979.78",1,1,1,88597.59034940414,1
11353,Male,Pune,40.016569998703154,4,"₹ 43,199.03",1,0,0,103404.61194025217,0
11354,Female,Hyderabad,54.19199709718463,9,"₹ 57,624.03",2,1,0,82264.71334685848,0
11355,Male,mumbai,18.0,5,"₹ 14,638.81",2,1,1,72146.91228099997,0
11356,Female,Chennai,52.12928661843492,10,"₹ 40,782.10",2,1,0,33944.05073647488,0
11357,Female,Kolkata,32.143981053803486,7,"₹ 12,794.93",2,0,0,70194.56934959348,0
11358,Male,DELHI,70.10628747001908,1,"₹ 71,094.59",1,1,0,55068.85331672709,0
11359,Male,Mumbai,50.513135981089206,3,"₹ 44,675.75",1,0,1,118086.62188645964,0
11360,Female,Pune,46.965101580227696,10,₹ 0.00,1,0,0,103418.64878842121,1
11361,Female,Chennai,32.68942671129763,3,"₹ 81,141.17",2,1,1,10000.0,0
11362,Male,Kolkata,32.78324116177423,5,"₹ 14,882.65",2,1,1,152940.81280081766,0
11363,Female,Kolkata,53.88830307962405,3,"₹ 130,007.82",1,1,1,107542.92081792776,0
11364,Female,Delhi,32.548981084783264,10,"₹ 29,496.98",2,1,0,69341.32354611822,0
11365,Female,DELHI,31.959264522151834,4,"₹ 32,649.77",2,1,0,104437.83182858821,0
11366,Male,Delhi,66.10627250283652,4,"₹ 54,812.38",2,1,0,39859.15244301524,0
11367,Female,Chennai,49.313250846961765,7,₹ 0.00,2,1,0,45775.50486915556,0
11368,Female,Kolkata,,3,"₹ 63,212.58",2,1,0,22919.02889588121,0
11369,Male,Mumbai,53.27619832303951,5,"₹ 71,036.19",1,1,0,77237.55661224823,0
11370,Male,Pune,40.814097806741856,6,"₹ 77,188.29",1,0,1,120061.65385116049,0
11371,M,Delhi,18.512661955239093,7,"₹ 58,421.89",1,0,1,99813.68251576615,0
11372,Male,Kolkata,37.514872423564015,8,"₹ 52,732.35",1,1,1,84725.7943030992,0
11373,Female,Pune,29.271280317872204,9,"₹ 4,476.25",1,0,0,86340.77149264916,0
11374,Male,DELHI,48.83666346427908,7,"₹ 64,794.59",1,1,1,156911.1475232108,0
11375,Male,mumbai,35.16626968257583,3,"₹ 48,745.43",1,0,0,129739.51207804945,0
11376,Female,Pune,46.363533756657255,3,"₹ 37,188.67",1,0,0,47271.52195363966,0
11377,Male,Kolkata,54.99389526144844,9,"₹ 19,012.82",1,1,0,28843.01743150261,0
11378,Female,Chennai,80.41439524440997,10,"₹ 64,396.59",2,1,1,80731.5373568347,0
11379,Male,Delhi,74.69851758080019,4,"₹ 40,321.02",1,1,1,67133.18867700886,0
11380,Female,Delhi,48.34874128212063,2,₹ 0.00,2,0,1,119999.28707255896,0
11381,Male,Hyderabad,44.2109377848593,1,"₹ 43,308.80",1,1,1,52734.95435703549,0
11382,Male,Kolkata,36.0736243666908,1,"₹ 26,887.37",1,1,1,128252.28951000446,0
11383,M,Hyderabad,20.353530501261268,8,"₹ 76,279.44",2,1,1,94038.4194680521,0
11384,Male,Mumbai,18.0,7,"₹ 45,026.14",1,0,1,48447.19642840199,0
11385,Female,Mumbai,32.3594400950888,5,"₹ 42,118.25",3,0,0,33043.71284719479,1
11386,Male,Kolkata,69.5616722382407,8,"₹ 59,261.94",1,1,0,86142.52799802418,0
11387,Female,Delhi,69.04646346010743,4,"₹ 100,247.69",1,1,0,58887.05211068043,0
11388,Male,DELHI,46.074649343563706,9,"₹ 62,181.73",1,1,0,115233.81852409452,1
11389,M,Bangalore,51.978242365216495,0,"₹ 26,310.96",1,0,1,73240.55114407888,0
11390,Male,Mumbai,35.9292437990648,7,"₹ 3,291.65",2,1,0,10000.0,1
11391,Male,Delhi,44.54774348565505,2,"₹ 89,906.93",1,0,1,80532.96993467586,0
11392,Male,Hyderabad,33.35739893615698,8,₹ 0.00,1,1,0,14094.466628997063,0
11393,Male,Pune,33.33044950365585,10,"₹ 49,350.31",1,1,0,46107.07210196842,0
11394,Female,DELHI,54.18806787938318,0,"₹ 120,481.37",2,0,0,25961.830858618516,1
11395,Male,Hyderabad,35.92059643274,2,₹ 0.00,1,0,1,72359.87976678353,0
11396,Female,DELHI,52.382487440764685,0,"₹ 16,489.53",1,1,0,14385.538013453988,0
11397,Male,Bangalore,42.792128169303034,0,"₹ 55,976.67",1,0,1,29753.110648380964,0
11398,Male,Pune,66.26808329209616,5,"₹ 25,827.21",1,0,0,131688.07667986042,1
11399,Female,Hyderabad,53.28511949865509,3,"₹ 46,529.45",2,1,1,84310.06184842237,1
11400,Female,Mumbai,48.66489452390106,9,"₹ 62,753.60",2,1,1,65092.82523340148,0
11401,Male,Mumbai,23.545145014041793,3,"₹ 67,077.53",3,1,1,51691.38946231513,1
11402,Male,Hyderabad,37.642357946563926,4,"₹ 83,239.55",3,0,1,40998.31490182612,0
11403,Male,Bangalore,44.24573511776725,2,"₹ 2,552.69",2,1,1,153881.28804906528,0
11404,Female,Bangalore,45.818417875892365,1,"₹ 87,988.15",1,1,1,63703.89898372489,0
11405,Female,Kolkata,54.948431729587504,9,"₹ 90,399.06",1,1,0,10000.0,1
11406,Male,Pune,48.090302102165204,7,"₹ 75,371.21",1,0,1,,0
11407,Female,Delhi,29.50157975706193,10,"₹ 16,051.74",2,1,1,123167.85970885507,0
11408,Female,Bangalore,53.881713870324226,6,"₹ 14,512.79",1,0,1,134726.86770971032,0
11409,Female,Pune,38.08099384471956,9,"₹ 58,898.08",2,1,1,10000.0,0
11410,Female,Bangalore,35.28702785035939,3,"₹ 69,315.54",2,1,1,45379.36807270112,0
11411,Male,Kolkata,28.45930478763987,1,"₹ 85,263.77",1,1,0,,1
11412,Male,mumbai,39.730074586945726,8,"₹ 35,573.49",1,1,0,11833.97968794404,0
11413,Male,Bangalore,36.64184942277142,7,"₹ 68,798.11",1,1,0,102052.5004149239,0
11414,Male,Pune,62.411120040134136,3,"₹ 67,166.31",1,0,0,87999.2881369026,0
11415,Female,Kolkata,40.98734614850194,10,"₹ 30,367.17",1,1,0,69657.09456711862,0
11416,Female,Kolkata,52.98242347867225,4,"₹ 36,779.63",1,1,0,63034.26950188026,0
11417,Male,Pune,18.0,9,"₹ 2,100.87",1,0,1,100502.97285849786,0
11418,Male,Pune,56.16647912147622,5,"₹ 18,081.28",1,1,0,97858.79010021217,0
11419,Male,Mumbai,54.62075249404158,3,"₹ 31,100.03",1,0,1,88490.64318746628,0
11420,Female,mumbai,23.164081624918776,1,"₹ 65,657.46",2,1,1,91713.29286007292,0
11421,Male,Kolkata,31.92236201342637,4,"₹ 117,878.89",2,1,1,172857.27509519114,0
11422,Female,Mumbai,35.055086842727384,10,"₹ 64,543.51",2,1,0,24131.2016140403,0
11423,Male,DELHI,41.95957339771613,0,"₹ 12,662.13",1,1,1,35797.747761666855,0
11424,Male,Hyderabad,34.42636423286365,6,"₹ 35,678.76",2,0,1,112376.95704722022,0
11425,F,Hyderabad,41.32557622759773,8,"₹ 81,507.29",1,1,0,118107.7004414823,0
11426,M,Kolkata,54.803452855629935,2,"₹ 25,906.55",1,0,0,196692.73903392738,0
11427,Male,Mumbai,36.6274860386911,5,"₹ 94,976.02",2,1,1,49933.4518406891,0
11428,M,mumbai,49.458705163958676,8,"₹ 70,535.81",1,1,0,110177.45198615913,0
11429,Female,mumbai,47.633076943769,10,"₹ 42,454.22",2,1,1,72243.46842217112,0
11430,Female,DELHI,18.0,3,₹ 0.00,2,1,0,108804.17679884474,1
11431,Male,Kolkata,,5,"₹ 80,225.01",2,1,1,10000.0,0
11432,Female,Bangalore,59.78495818121995,2,"₹ 69,310.47",1,1,1,76986.74957299737,0
11433,Male,DELHI,31.57898854871062,8,"₹ 64,178.60",2,1,1,74329.38753017898,0
11434,Female,Mumbai,28.937519942591102,6,"₹ 130,253.01",1,1,1,40187.139734338605,0
11435,Male,Bangalore,60.53839945456339,6,"₹ 21,918.03",3,0,1,92624.25836590742,1
11436,Male,Hyderabad,47.30166075415729,3,"₹ 95,647.63",2,1,0,40143.39865882134,0
11437,Male,Chennai,66.85890353774604,5,"₹ 44,404.89",2,1,0,82053.77422057425,0
11438,Female,Hyderabad,38.02800513720736,10,"₹ 57,654.50",2,1,0,63847.46759695704,0
11439,Male,Kolkata,63.03201280623669,10,"₹ 59,364.12",1,1,0,58621.97461884182,0
11440,Female,Pune,31.667349170143286,7,"₹ 75,037.92",2,0,0,89521.93338238067,1
11441,M,Hyderabad,18.0,5,"₹ 28,564.53",1,1,1,96550.0771953945,0
11442,Male,Hyderabad,55.09909473236206,5,"₹ 121,813.98",1,1,0,58781.08869659502,0
11443,Female,Hyderabad,53.59848559690815,3,"₹ 16,833.05",2,0,1,46178.16825723725,0
11444,Male,Hyderabad,55.09322431957624,7,"₹ 39,297.36",1,1,0,73443.20130314244,1
11445,Female,Hyderabad,,9,"₹ 105,301.29",2,1,0,96609.2346909942,0
11446,Male,Bangalore,67.00426310282785,7,"₹ 85,394.59",1,1,1,105403.91930219458,0
11447,Female,Bangalore,57.982629407783854,8,"₹ 39,299.39",2,0,1,58890.88172066094,0
11448,Female,Hyderabad,57.37378472003989,5,"₹ 70,409.29",2,1,0,36761.95004638521,0
11449,Female,Delhi,46.82481117420323,1,"₹ 17,678.41",2,1,1,65362.98356580656,0
11450,Female,Delhi,24.795022126412867,3,"₹ 25,682.58",2,1,0,82079.12509365445,0
11451,Male,Bangalore,46.01470797580264,3,"₹ 39,076.09",3,1,1,10000.0,0
11452,Female,Chennai,50.39184686973643,7,"₹ 92,792.26",1,0,0,74558.4738059988,0
11453,Female,Pune,75.49205908454331,4,₹ 0.00,2,0,0,34727.652884381845,1
11454,Female,DELHI,48.990660368419015,3,"₹ 76,415.90",3,1,0,66395.98610026104,0
11455,Male,Hyderabad,29.30873669712646,7,"₹ 38,133.18",1,1,0,64408.36038363657,0
11456,Female,Chennai,52.00932867257514,2,"₹ 68,634.94",1,1,0,53683.87778528308,1
11457,Female,Delhi,63.86283125082298,1,"₹ 67,515.49",2,1,0,62014.66968150834,1
11458,Female,Delhi,70.62847051538948,3,"₹ 49,194.92",1,0,1,126492.50091447003,0
11459,Male,Chennai,43.39648789406118,10,"₹ 27,334.38",1,1,0,67517.76956394612,0
11460,Female,Pune,42.00617803414801,0,"₹ 29,993.42",1,0,0,201559.54578433651,0
11461,Male,Bangalore,23.82968567511324,0,"₹ 40,592.80",1,0,0,57173.70637095261,0
11462,Female,Pune,35.94983805133286,4,"₹ 1,222.06",2,1,1,31686.88787108403,0
11463,Male,Kolkata,51.49221940011508,10,"₹ 52,683.15",2,0,0,120528.32844802542,0
11464,Female,Kolkata,22.14207592466372,0,"₹ 28,826.76",2,0,0,39494.571339979615,0
11465,F,Delhi,75.71328249462906,3,"₹ 36,110.08",1,0,0,59619.10324354893,1
11466,Male,DELHI,39.64998763272115,7,"₹ 43,822.73",2,0,1,10000.0,0
11467,M,Kolkata,46.80539316170182,7,"₹ 72,508.47",2,1,1,70650.14284871277,0
11468,Male,Delhi,50.13212838586753,1,"₹ 87,146.33",2,0,1,165109.06692642724,1
11469,Female,Hyderabad,61.937173894121784,2,"₹ 91,182.56",3,1,0,99774.58804960523,0
11470,Female,mumbai,49.0006764724115,2,"₹ 62,318.92",2,0,0,73402.80044097778,1
11471,Female,mumbai,28.978434816255948,0,"₹ 38,309.30",1,1,0,54698.93881359727,1
11472,Female,Mumbai,51.327072082600615,10,"₹ 10,764.86",2,1,0,22727.322514674182,0
11473,Female,Hyderabad,61.90566895194506,2,"₹ 123,226.56",1,1,1,161890.78725997277,0
11474,Male,mumbai,31.57956219521752,7,"₹ 103,428.58",2,1,1,10000.0,0
11475,Male,Pune,57.00048734739942,5,"₹ 76,758.77",1,1,0,113472.55017575414,0
11476,Female,Mumbai,48.81373738726354,4,"₹ 69,741.90",2,1,1,77555.07995372973,0
11477,Female,Delhi,46.427244074882104,9,"₹ 39,380.05",1,1,0,91769.14933700315,1
11478,Female,Chennai,35.40017966194543,8,"₹ 53,913.76",1,0,1,146301.893219162,0
11479,Female,Chennai,41.666330005962585,6,"₹ 77,618.85",1,1,1,33273.69623490173,0
11480,Male,Delhi,51.57859853140931,5,₹ 0.00,3,1,1,99702.46162865327,1
11481,Female,DELHI,38.63735470882497,4,"₹ 31,634.99",1,1,1,25134.640610872935,0
11482,Male,Delhi,30.31072243328078,4,"₹ 50,317.49",1,1,0,169654.47095453236,0
11483,Female,Bangalore,29.69805166107497,9,₹ 0.00,2,1,1,74136.1019509657,0
11484,Male,Chennai,49.21380391764877,8,"₹ 5,374.59",2,1,1,26375.705895608655,0
11485,Male,mumbai,52.339063837381254,9,"₹ 30,253.88",2,1,0,69440.35911811212,0
11486,Male,Mumbai,43.98464618350393,5,"₹ 52,580.19",1,1,0,94835.21062699796,1
11487,Male,DELHI,72.22683933824194,10,"₹ 95,309.31",1,1,0,149746.90428863553,1
11488,Female,Kolkata,19.489889929020492,3,"₹ 36,584.42",1,0,1,66405.94327012451,1
11489,Male,Hyderabad,50.69559618554925,3,"₹ 106,433.87",1,1,1,51069.7299225648,0
11490,Male,DELHI,18.0,3,"₹ 28,181.88",2,1,1,121848.0834485791,0
11491,Male,Kolkata,43.44290953895127,10,"₹ 46,227.08",2,1,1,80547.54876426594,0
11492,Male,DELHI,48.750681606954565,5,"₹ 5,570.46",2,1,1,77896.72740822173,1
11493,Male,DELHI,42.35223769920403,0,"₹ 36,922.80",1,1,0,89595.69271583178,1
11494,Male,mumbai,18.0,8,₹ 0.00,1,1,0,10000.0,0
11495,Female,Delhi,43.57320932318837,1,"₹ 151,573.39",1,1,0,73616.43042561451,0
11496,Female,Bangalore,,1,"₹ 18,647.93",1,0,1,54475.70111013518,0
11497,Female,Mumbai,58.46223750976308,4,"₹ 60,770.31",2,1,1,51977.36851422532,1
11498,Male,Chennai,23.59463307242892,10,"₹ 35,691.12",2,0,1,88817.5592202677,0
11499,Male,Kolkata,66.61444606984787,3,"₹ 42,943.47",1,0,1,10000.0,1
11500,Female,Mumbai,18.0,2,"₹ 47,706.85",1,1,0,35771.689235374004,0
11501,Female,DELHI,25.560029950226745,4,"₹ 78,483.93",2,1,0,79599.57067207716,0
11502,Male,Delhi,47.64206499975677,6,"₹ 65,245.56",1,1,0,98328.62014006107,0
11503,Male,Mumbai,49.65986062462201,9,"₹ 57,253.73",2,1,0,74092.31497490454,1
11504,Male,Delhi,67.67932966071609,1,"₹ 67,390.39",2,1,0,25642.70247295685,0
11505,Male,Kolkata,47.89882917569296,5,"₹ 61,133.74",1,1,0,62998.48982039794,0
11506,Male,mumbai,43.47692018381405,3,"₹ 11,715.32",1,0,1,118099.59591076866,0
11507,Female,mumbai,51.66655127418882,1,"₹ 42,554.84",1,0,0,122926.6598014125,0
11508,Female,Delhi,18.0,0,"₹ 70,514.16",1,0,0,57920.75109123488,0
11509,Female,Delhi,29.885005137216382,7,"₹ 32,143.10",3,1,1,29129.629137804004,0
11510,Female,Bangalore,27.36997239914133,4,"₹ 60,714.11",1,1,1,148798.18009716706,0
11511,Female,Hyderabad,59.279053809741626,9,"₹ 83,071.98",2,0,1,180705.7557515373,0
11512,Female,Bangalore,64.50010976346317,1,"₹ 29,182.32",2,1,0,99866.38712651408,0
11513,M,Mumbai,72.97448465348094,7,"₹ 80,547.40",1,1,1,76652.73510719214,1
11514,Male,Pune,53.54329030297213,2,"₹ 46,822.49",2,1,1,30349.785390398472,0
11515,Male,Bangalore,58.38016060352927,6,"₹ 52,197.30",1,1,0,87258.9086604924,1
11516,Male,Mumbai,46.40907519665597,1,"₹ 75,393.69",1,1,0,80338.93096684612,0
11517,Female,Chennai,37.51036879320034,6,"₹ 67,798.02",2,1,0,46335.144990914225,1
11518,Female,Mumbai,28.805875573426988,3,₹ 0.00,2,1,0,46967.8661669613,0
11519,Male,Mumbai,27.461830008034646,9,₹ 0.00,1,1,0,50306.19078906679,0
11520,Female,Delhi,24.43204856548938,0,"₹ 65,951.96",1,1,1,126974.76449455606,0
11521,Male,DELHI,55.96663716331362,4,"₹ 45,765.50",2,1,0,97105.04364018257,0
11522,Female,Delhi,38.851029631128576,3,"₹ 1,906.64",2,1,1,128291.90043889295,0
11523,Male,Delhi,34.146872043880414,7,"₹ 30,222.41",4,1,1,72230.37458481322,0
11524,Male,DELHI,18.0,0,₹ 0.00,2,1,1,89745.18959128812,1
11525,Male,Pune,31.30240908954135,1,"₹ 46,838.55",2,0,0,70463.65306074455,0
11526,Male,Chennai,40.69341701699965,4,"₹ 87,747.54",3,0,0,26957.495981233667,1
11527,Male,Bangalore,21.953857331396705,9,"₹ 28,551.48",2,1,0,97483.93440754521,0
11528,Male,Mumbai,84.89993907148255,9,"₹ 57,371.78",2,1,1,51412.12583331964,0
11529,Female,Bangalore,24.894782881186526,1,"₹ 46,867.20",1,1,0,94729.03181238087,1
11530,Female,mumbai,62.28880865380651,10,"₹ 98,034.85",1,1,1,14595.30614504082,0
11531,Male,Kolkata,43.1921521408973,0,"₹ 88,046.51",2,1,0,111572.09676701529,0
11532,Female,Pune,36.502998794819995,5,"₹ 2,331.94",2,1,0,99863.03653996227,0
11533,Female,Kolkata,41.25853892371668,9,"₹ 44,258.20",1,1,1,43239.555098847406,0
11534,Male,Mumbai,45.210911057819374,3,"₹ 23,426.93",2,0,1,85229.22764922236,0
11535,Male,Mumbai,48.397744149475535,4,"₹ 31,972.59",1,1,0,80426.23665893455,0
11536,Male,Chennai,30.27107280729745,2,"₹ 73,561.07",2,1,0,157869.16374283674,0
11537,Male,Bangalore,53.389812456999444,9,"₹ 55,793.02",2,1,1,66577.56341230456,0
11538,Female,DELHI,40.81039158618479,5,"₹ 73,145.36",1,1,0,85883.40526139982,0
11539,Male,Hyderabad,25.031060438071357,3,₹ 0.00,2,1,0,29292.865908219756,1
11540,Female,Hyderabad,38.582514103437354,5,"₹ 77,913.33",1,0,1,90797.7223217589,0
11541,Female,DELHI,66.29535991869422,4,"₹ 62,842.60",2,1,1,121858.40722071979,0
11542,Male,Hyderabad,48.29145733878438,10,"₹ 98,208.69",1,1,0,121299.62971129287,0
11543,Female,Delhi,45.06852297108417,1,"₹ 31,675.61",2,1,1,85026.33542177895,0
11544,Male,Chennai,39.03440533290836,3,"₹ 82,283.28",2,1,0,87810.77557165244,0
11545,M,Pune,40.21341390324188,1,"₹ 58,761.62",1,0,1,92307.47236337025,0
11546,Male,Bangalore,48.30156987232473,4,"₹ 53,991.44",2,1,1,92429.73520538305,0
11547,Female,Bangalore,41.017781776031875,2,"₹ 35,363.49",2,1,1,87908.40597851474,0
11548,Female,Pune,51.811678105192954,5,"₹ 47,162.17",1,1,0,10000.0,0
11549,Male,Mumbai,49.84886898361118,10,"₹ 20,620.87",2,1,1,110527.10522928133,0
11550,Female,Mumbai,27.105419856234374,4,"₹ 38,067.58",2,1,1,83483.4820368509,0
11551,M,Kolkata,52.918092948269454,1,"₹ 32,277.00",2,0,1,69081.1648706203,0
11552,Female,Mumbai,30.681069434523767,9,"₹ 41,414.88",2,1,1,23883.68160090952,0
11553,Female,DELHI,30.064128502654434,10,"₹ 44,548.06",2,1,0,112985.10554437203,0
11554,Female,Delhi,44.620981179380124,7,"₹ 45,300.27",1,0,1,158752.8732740232,0
11555,Male,Pune,48.87312814090299,5,"₹ 49,765.10",1,1,1,128574.630563743,0
11556,Male,Kolkata,54.223887108553946,8,"₹ 49,473.84",1,1,1,56969.96481091176,0
11557,Female,Chennai,18.0,2,"₹ 53,241.99",1,1,1,10432.391939377994,0
11558,Male,Mumbai,56.838712291118526,10,"₹ 49,099.75",1,1,0,24686.286367098503,1
11559,Female,Bangalore,51.189930588337496,3,"₹ 41,885.79",1,0,0,79813.20822035057,1
11560,Female,Chennai,34.10847346406345,10,"₹ 62,907.72",1,1,1,99551.2734900409,0
11561,Male,Delhi,41.45511170797722,7,"₹ 86,371.64",1,0,0,118362.35256225301,0
11562,Male,Delhi,47.9714881253706,6,"₹ 39,931.95",2,1,1,88140.55433963689,0
11563,Female,Delhi,18.0,7,"₹ 33,950.05",1,1,0,48786.41325417643,0
11564,Male,Mumbai,26.23462826862493,8,"₹ 61,296.83",1,1,0,81745.9849175459,1
11565,Female,Delhi,62.41912866679873,7,"₹ 53,233.20",1,1,0,54601.286870184515,0
11566,Male,Pune,35.96429757482518,7,"₹ 20,994.54",3,1,0,96773.72719786476,0
11567,Female,Bangalore,43.71117709728282,5,"₹ 27,462.45",2,0,0,118398.64383129773,0
11568,Male,Kolkata,43.250275170434314,10,"₹ 32,162.52",2,1,0,62497.29733148675,0
11569,Female,Mumbai,55.71979157306688,1,"₹ 18,896.34",1,1,0,91045.30947803972,0
11570,Male,DELHI,38.90037271703851,6,"₹ 63,149.12",1,0,0,74348.03523878999,0
11571,Female,Chennai,40.16760400588793,3,"₹ 72,942.25",2,1,1,67445.16994719715,0
11572,Male,mumbai,47.85865934591627,2,"₹ 25,655.87",2,1,1,55835.37684771414,0
11573,Female,Chennai,57.6997603287413,3,"₹ 9,186.73",2,1,0,105528.79610269559,0
11574,Female,Delhi,62.44628567922351,3,"₹ 55,180.19",1,1,1,122857.77798916801,0
11575,Male,Bangalore,40.215412720451916,2,"₹ 50,924.63",1,0,1,99708.42654688758,0
11576,Male,Kolkata,37.636578959007764,8,"₹ 119,055.68",1,1,1,93963.77181231878,0
11577,Male,Pune,42.80611472837702,2,"₹ 70,025.44",2,0,1,85676.52378941127,0
11578,Female,Hyderabad,65.02564820996287,1,"₹ 16,181.92",2,1,0,41646.0269349936,1
11579,Female,Chennai,56.67437437887715,0,"₹ 21,450.85",2,1,1,137473.41436752462,1
11580,Female,Hyderabad,37.80355776292982,10,"₹ 59,460.63",2,1,0,77184.62731066145,0
11581,Male,Bangalore,20.789308124165785,0,"₹ 48,355.76",2,1,0,73906.7913605225,0
11582,Male,Hyderabad,61.60453301512373,4,"₹ 46,687.93",1,0,0,111509.79952987212,0
11583,Female,Chennai,63.28875203662774,4,"₹ 52,006.40",1,0,0,79183.69988258755,0
11584,Male,DELHI,,8,"₹ 73,260.57",2,1,1,77442.69414057337,0
11585,F,mumbai,38.32196474194081,3,"₹ 105,622.21",2,1,0,37645.631696323384,0
11586,Male,Hyderabad,58.147827078917025,4,"₹ 89,882.89",2,0,0,46939.297853774195,0
11587,Female,DELHI,50.786991266663904,5,"₹ 19,564.90",1,1,1,72659.80473013491,0
11588,Male,DELHI,18.0,9,"₹ 33,962.31",2,1,1,130641.1709044376,0
11589,Male,Delhi,28.079468665370054,6,₹ 0.00,2,1,0,35822.336473252784,0
11590,Female,mumbai,53.724330196198615,8,"₹ 56,328.25",2,0,0,35358.55899977797,1
11591,Female,Pune,48.738122870713255,5,"₹ 34,247.48",2,1,0,44986.919919327636,0
11592,F,Chennai,54.99015740857414,0,"₹ 49,418.06",2,1,0,107532.49117990355,0
11593,Male,Kolkata,56.70850921230945,7,"₹ 25,313.53",1,1,0,68907.628476907,1
11594,Male,Kolkata,48.62561613898032,1,"₹ 24,995.41",2,1,1,45102.154754782074,0
11595,Female,Hyderabad,51.30567643629802,8,"₹ 3,789.01",2,0,1,106617.0753323769,0
11596,Female,mumbai,36.45619336811263,10,"₹ 40,423.74",2,0,0,41484.94237722403,0
11597,Male,Hyderabad,46.713673722570384,6,"₹ 67,067.97",2,1,0,83796.43943114122,0
11598,Male,mumbai,49.70197502114793,6,"₹ 29,781.37",1,1,0,27922.711261030992,0
11599,Male,Chennai,70.5893533536409,9,"₹ 69,549.13",1,1,0,136665.744254889,0
11600,Female,Chennai,32.63121042185768,9,"₹ 29,260.91",2,1,0,125955.00409431611,0
11601,Male,Pune,55.857695598828926,4,"₹ 50,020.61",1,0,1,80698.08414889092,0
11602,Male,DELHI,43.26666669199838,7,"₹ 90,666.93",1,0,1,143594.89933751454,0
11603,Male,mumbai,56.17036742958409,9,"₹ 35,364.53",4,1,0,55001.27147328662,0
11604,Male,Mumbai,43.19448878511442,0,"₹ 56,752.38",1,0,1,,0
11605,Male,Mumbai,62.66107716794708,2,"₹ 57,791.41",1,1,1,,0
11606,Female,DELHI,33.861829837122464,8,"₹ 58,184.81",1,0,1,41137.86326196758,0
11607,Male,Hyderabad,47.13323902535986,0,"₹ 65,905.22",1,1,1,76287.75394020992,0
11608,Female,mumbai,51.590564623192954,10,"₹ 57,388.67",1,1,1,173865.5092636451,0
11609,Male,Bangalore,34.780171069326,7,"₹ 19,190.69",2,1,0,51613.856348715344,0
11610,Female,Kolkata,49.56968868511596,5,"₹ 37,595.94",1,1,1,78281.39656105536,0
11611,Female,Bangalore,60.10382258768131,9,"₹ 67,268.69",2,1,0,119167.65067778186,0
11612,Female,Kolkata,43.99322068105723,4,"₹ 71,138.44",1,1,1,104424.61458814584,0
11613,Female,Mumbai,56.257275980601705,5,"₹ 27,714.63",1,1,0,30201.917454797644,0
11614,Male,Chennai,34.885493836305876,10,"₹ 79,177.49",2,1,1,116678.02795447948,0
11615,Male,Pune,28.553303691876305,4,"₹ 35,683.11",1,1,0,67990.42696310561,0
11616,Female,Delhi,55.432132535976976,8,"₹ 59,977.25",2,1,1,110909.68183703782,0
11617,F,Hyderabad,36.612216869884826,1,"₹ 55,855.80",2,1,1,20280.12838937684,0
11618,Female,DELHI,19.84921448221132,9,"₹ 22,608.04",1,0,0,161956.03674708336,0
11619,Female,Mumbai,33.59625690823573,5,"₹ 41,772.02",2,1,1,67028.61366890573,0
11620,Female,Chennai,65.21368121643246,3,₹ 0.00,1,1,1,100692.54572235177,1
11621,Male,Chennai,60.90400086567296,2,"₹ 38,191.04",1,1,0,42558.72817988451,0
11622,Male,Kolkata,28.19369594911003,4,"₹ 87,008.69",2,1,1,11351.995313904146,0
11623,Female,Chennai,23.074725693279397,1,₹ 0.00,1,1,1,62636.126180161664,0
11624,M,mumbai,38.861464459417746,2,"₹ 23,934.84",1,0,1,113884.23593669891,0
11625,Male,Hyderabad,60.60688883720889,6,"₹ 36,158.31",1,1,0,116720.86610576365,0
11626,Female,Delhi,42.06399598445474,0,₹ 0.00,2,1,0,53785.214930219794,0
11627,Male,Mumbai,42.188916228545004,1,₹ 0.00,2,1,0,143373.20587737494,0
11628,Female,mumbai,35.788007162644924,2,"₹ 111,806.50",1,1,1,36835.784586554335,0
11629,Male,Mumbai,40.927188649139744,9,"₹ 67,606.28",1,1,0,67317.69834477648,0
11630,Male,Pune,57.711123531325114,6,"₹ 79,987.27",2,1,1,97356.85182040607,0
11631,Female,Delhi,46.27886334002211,3,"₹ 60,508.53",1,0,0,35885.28003980371,1
11632,Male,Chennai,41.972055788505834,7,"₹ 67,387.10",1,1,1,10000.0,0
11633,Female,Pune,54.760345762287045,7,"₹ 40,448.85",2,1,0,112058.48168899215,1
11634,Female,Kolkata,46.07390321753453,0,"₹ 81,286.11",1,1,1,85230.84022892664,0
11635,Female,Pune,59.25347538537824,4,"₹ 93,020.07",1,1,0,83392.8344886896,0
11636,Male,Bangalore,34.79981214537716,0,"₹ 29,705.24",4,1,1,38964.81022190759,1
11637,Male,Kolkata,49.08104847954022,6,"₹ 42,564.73",1,1,0,80614.5752520818,0
11638,Male,Delhi,58.31357404200068,3,"₹ 32,591.74",2,1,1,56020.136320910526,0
11639,F,Hyderabad,68.3005565743788,7,"₹ 47,434.13",2,1,0,47004.1896320574,1
11640,Female,Bangalore,28.595234940826813,7,"₹ 72,225.59",1,0,0,121949.7080411062,0
11641,Female,Mumbai,42.39417016998636,8,"₹ 44,636.95",2,0,1,43290.68861128629,0
11642,Female,DELHI,25.261051014006394,10,₹ 0.00,2,0,1,77217.21531093851,0
11643,Female,DELHI,30.45298737166743,5,"₹ 79,092.01",2,1,0,82381.30951527896,0
11644,Female,Bangalore,45.27774259789211,6,"₹ 27,073.24",2,0,0,49614.47224854427,0
11645,Male,Hyderabad,18.0,6,"₹ 62,177.71",1,0,0,63089.30353681007,0
11646,Female,mumbai,51.290071698430246,4,"₹ 65,105.05",2,0,1,101665.04287771086,0
11647,Male,DELHI,53.357573752747754,6,"₹ 37,170.03",1,1,1,127730.52812112236,0
11648,Female,Bangalore,43.853807235704465,8,"₹ 22,534.83",2,1,1,77216.19630147822,0
11649,Female,Delhi,32.394054914845746,10,"₹ 35,653.15",2,0,0,98670.51000150184,0
11650,Female,Hyderabad,41.341249264024015,3,"₹ 97,897.72",1,0,1,56596.91860416191,0
11651,Male,Hyderabad,76.74941749758986,1,"₹ 21,538.17",1,1,1,59172.44003964335,0
11652,Male,mumbai,37.19437829746305,7,"₹ 16,968.18",1,1,1,44693.31445578753,0
11653,Male,Kolkata,33.18204331518259,6,"₹ 55,721.92",2,0,0,94481.25868553182,0
11654,Male,Chennai,18.0,5,"₹ 43,608.76",1,0,0,48859.33809759982,0
11655,Male,DELHI,60.65823683885074,6,"₹ 37,702.88",2,1,1,59737.046864770935,0
11656,Female,Chennai,26.396873653204878,2,"₹ 22,918.10",1,1,0,67588.73854916368,0
11657,Female,Chennai,46.3232753745385,5,"₹ 49,374.86",1,1,1,,0
11658,Male,Delhi,76.60018410554683,9,"₹ 45,157.13",2,1,1,47752.68223322884,0
11659,Male,Mumbai,50.539744503184245,6,"₹ 90,106.26",2,1,0,89071.93019356727,0
11660,Male,Chennai,50.372827483807406,6,"₹ 23,421.49",1,1,0,55580.690789599365,0
11661,Female,Hyderabad,40.1131463377711,4,"₹ 35,407.34",1,0,1,156077.25456048048,0
11662,Female,mumbai,49.707163989563064,2,"₹ 88,529.71",1,1,1,117565.05153010416,0
11663,Female,mumbai,46.13516307574263,1,"₹ 34,475.24",2,1,1,121306.32875846868,0
11664,Male,Mumbai,53.10492303464966,6,"₹ 28,348.45",2,0,0,30977.481127763916,1
11665,F,Kolkata,18.0,3,"₹ 63,401.57",1,1,0,52360.77026912579,0
11666,Female,Hyderabad,50.692565021765446,1,"₹ 54,753.85",4,1,0,62888.530756717024,1
11667,Male,Hyderabad,51.50203348385938,7,"₹ 40,723.26",1,1,1,75459.08109614377,0
11668,Female,Pune,83.2100881469801,1,"₹ 52,267.26",2,1,0,148002.2748301081,0
11669,Male,Chennai,44.935772180780276,5,"₹ 64,233.26",1,1,1,13600.81730866067,0
11670,Female,Bangalore,48.32462369255815,3,"₹ 54,823.39",1,1,1,74518.3021119534,0
11671,Male,mumbai,50.94494604851785,8,"₹ 67,309.47",1,1,1,56152.1495149439,0
11672,Female,Chennai,51.367605349488706,4,"₹ 44,356.32",2,1,1,80258.85715198173,0
11673,Female,DELHI,26.495677219693466,3,"₹ 19,107.18",1,1,0,81788.69759306914,0
11674,Female,Mumbai,57.275949514824475,7,"₹ 66,993.97",1,1,1,57261.14159604119,0
11675,Female,Hyderabad,31.239187983294137,2,"₹ 41,869.51",1,0,1,76790.89616293332,0
11676,Male,Pune,51.099768883916504,8,"₹ 41,091.02",2,0,0,79012.46718423479,0
11677,Male,Mumbai,32.1132191980209,7,"₹ 72,380.52",1,0,1,36483.974977080725,0
11678,Male,Chennai,41.6632453343872,7,"₹ 99,806.59",3,1,1,164369.80323938356,0
11679,Male,Kolkata,37.943588208027535,9,₹ 0.00,1,1,0,73687.63907904587,0
11680,Female,DELHI,41.265154926934315,4,"₹ 40,530.49",1,1,1,149995.73137266358,0
11681,Male,Chennai,43.75458003862783,0,"₹ 47,695.76",1,1,1,108506.73605617115,0
11682,M,Bangalore,50.5847084790003,10,"₹ 53,278.04",2,1,1,79021.05229917707,0
11683,Female,Delhi,43.5574159922163,9,"₹ 44,535.26",3,1,1,62889.75268604215,1
11684,Female,Chennai,58.117765118120545,8,"₹ 47,343.11",1,1,0,89670.79342404698,0
11685,Male,Chennai,36.99654976776056,1,"₹ 61,009.03",3,1,1,10000.0,1
11686,Female,Kolkata,51.44567517631145,0,"₹ 44,151.18",2,0,0,18171.101874855856,0
11687,Female,Hyderabad,32.512674545258186,5,"₹ 34,019.44",2,0,0,46892.54469649593,0
11688,Male,mumbai,71.73930305130727,0,"₹ 33,136.37",1,1,1,22724.58811490215,0
11689,Female,Delhi,51.509473386370495,9,"₹ 89,845.88",2,0,0,77745.2052057871,0
11690,Female,Kolkata,34.54241933245273,9,"₹ 109,499.33",2,1,1,81747.11407984221,0
11691,Male,mumbai,71.01787069482208,9,"₹ 39,854.05",2,1,1,151418.96266276372,0
11692,Female,Bangalore,52.77746762599928,6,"₹ 40,490.67",1,1,1,93256.31157520495,0
11693,Male,Mumbai,34.596224826948614,6,"₹ 61,758.22",1,1,0,85421.36255527487,0
11694,Male,Delhi,43.031265083087646,0,"₹ 54,004.63",2,1,1,84413.1335255974,0
11695,Male,Pune,27.930426308751418,9,"₹ 45,578.89",1,1,0,89163.67488414288,0
11696,Male,Kolkata,27.925945950604,4,"₹ 12,499.40",1,1,1,64293.37275607487,0
11697,Male,Mumbai,63.126205866486984,2,"₹ 25,537.06",1,1,1,71890.85182957634,1
11698,Male,Mumbai,31.52286921175665,10,"₹ 70,756.13",1,0,1,46003.166597388,0
11699,M,Chennai,24.93644464084753,1,"₹ 41,632.30",2,1,0,10000.0,1
11700,Female,Chennai,54.53611698556489,10,"₹ 108,989.20",2,1,0,62277.43613145455,0
11701,M,Pune,69.89591434990533,4,"₹ 107,702.61",1,1,0,89994.80304756352,0
11702,Male,Pune,62.35928841242871,4,"₹ 22,472.94",2,1,0,122047.92798486516,1
11703,Male,Pune,79.36690869741496,1,"₹ 89,651.15",2,1,1,66102.06872151492,1
11704,Female,Mumbai,81.32384463540551,5,"₹ 45,997.19",2,1,0,,0
11705,Male,mumbai,31.49424967095368,6,"₹ 54,351.86",2,0,0,79573.88045002833,0
11706,Male,Hyderabad,40.32892623760258,0,"₹ 71,084.82",1,0,1,46876.128723880756,0
11707,Female,Hyderabad,21.44076997902242,2,"₹ 80,076.82",2,0,1,25318.876839222496,0
11708,Male,Hyderabad,27.55648293449828,3,"₹ 28,365.79",2,1,1,35449.039823462146,0
11709,Female,Delhi,61.08637855383249,1,"₹ 115,681.88",1,0,1,88131.49980328404,0
11710,Female,Delhi,49.152880606057984,9,"₹ 58,384.60",2,0,1,87980.68545974721,0
11711,Male,Pune,66.84707216708178,10,₹ 0.00,1,1,0,102307.3740600362,1
11712,Male,Hyderabad,32.01845586108304,4,"₹ 42,145.73",2,1,1,89543.30947817405,1
11713,Female,Bangalore,36.769652885408675,3,"₹ 113,464.58",1,1,0,127308.73177761104,0
11714,Male,Chennai,53.9036798801194,10,"₹ 32,257.58",2,1,1,141499.90864491754,0
11715,Male,Bangalore,60.84966297528596,1,"₹ 118,688.24",1,1,0,105369.16616038217,0
11716,F,Hyderabad,20.4758253645121,10,"₹ 53,716.41",1,0,1,54334.52954801754,0
11717,Male,Hyderabad,41.39281794701112,0,"₹ 49,877.24",1,1,0,93756.87647459624,0
11718,Female,Chennai,50.99010391052024,7,"₹ 18,528.87",1,1,1,66414.52523266655,0
11719,F,Hyderabad,56.744773078870296,1,"₹ 68,508.59",1,1,1,89321.44136255923,0
11720,Male,Kolkata,59.710499268410715,3,"₹ 40,182.47",1,0,0,77650.50558184694,0
11721,Male,Mumbai,43.881615751863286,9,"₹ 49,407.26",2,0,1,76094.18284668321,0
11722,Male,Chennai,26.467893785059285,4,"₹ 43,648.72",1,1,0,90865.00366192925,0
11723,Male,Hyderabad,18.0,1,"₹ 75,266.99",1,1,0,154779.25494271622,0
11724,Male,Delhi,42.26610997961481,9,"₹ 43,858.20",1,0,1,104897.53764915545,0
11725,Female,Delhi,40.66756683332222,8,₹ 0.00,1,1,1,87195.56891714527,0
11726,Male,Mumbai,,1,"₹ 24,588.62",3,1,1,82118.44211757893,0
11727,Female,Delhi,58.396417173281904,5,"₹ 10,431.39",1,1,0,133884.99197877914,1
11728,F,DELHI,27.786194569738246,6,"₹ 94,472.85",1,1,1,46391.18143894734,0
11729,Female,DELHI,35.070164538791516,5,"₹ 67,928.00",1,1,0,106376.98625254804,0
11730,Female,DELHI,62.502001938272414,10,"₹ 51,438.74",2,0,0,183699.4400146818,0
11731,Male,Mumbai,33.375573427453105,10,"₹ 44,134.86",1,0,0,97670.94315583716,1
11732,Female,Mumbai,49.847412564617144,3,"₹ 7,549.07",1,1,1,55499.20342269816,0
11733,Female,Chennai,44.85611786120435,0,"₹ 43,227.91",3,1,0,40503.51288609729,1
11734,Male,Pune,48.64800127523645,1,"₹ 78,583.32",2,0,1,69086.91261139396,0
11735,Male,DELHI,58.223175294383466,9,"₹ 74,559.52",2,1,1,123440.91457515229,1
11736,Female,Delhi,49.879367067910266,9,"₹ 62,854.36",3,1,0,113248.61284211607,1
11737,Male,Bangalore,24.2018901527107,5,"₹ 8,257.12",2,0,1,71609.36213811797,0
11738,Male,Pune,26.739083379967138,7,"₹ 28,026.37",1,1,1,115563.53463445816,0
11739,Male,Chennai,49.42235190686228,2,"₹ 61,163.29",1,1,1,122437.36006471785,0
11740,Male,Delhi,31.20817984889467,6,"₹ 15,559.31",2,0,0,83281.54208367893,0
11741,Female,Hyderabad,59.32927679479532,8,"₹ 71,653.42",1,1,0,58818.37597663158,0
11742,Female,Chennai,49.63717541212791,3,"₹ 10,054.89",1,0,1,168807.60274596285,0
11743,Female,DELHI,19.263413633032478,10,"₹ 16,918.81",2,0,1,23466.066308014248,0
11744,Male,DELHI,73.33624261923208,6,"₹ 10,261.28",2,1,1,87429.65572933381,0
11745,Male,Hyderabad,39.50638385899017,6,"₹ 35,171.67",1,1,0,67430.20889477288,0
11746,Male,mumbai,41.860691558093514,9,"₹ 4,370.99",2,0,1,103249.23016191133,0
11747,Male,Chennai,51.33818473957569,8,"₹ 35,413.34",2,0,0,97108.48843733384,0
11748,Male,Hyderabad,43.70045249017186,2,"₹ 22,664.58",1,1,0,50457.250741110765,1
11749,Female,Mumbai,59.424595512553495,10,"₹ 29,457.28",1,1,0,50549.87444710269,1
11750,Male,Chennai,29.729891361533127,0,"₹ 70,073.12",2,1,0,77900.51583616523,1
11751,Female,Delhi,62.20604820529563,7,"₹ 49,682.62",1,1,1,122263.76568404437,0
11752,Male,mumbai,55.21496005210169,3,"₹ 70,047.81",2,1,1,56983.84634538587,0
11753,Male,Kolkata,33.38402667234713,1,"₹ 116,587.82",2,0,1,67671.31110578582,0
11754,Male,Bangalore,48.77489302049891,4,₹ 0.00,2,1,0,97708.58779492659,1
11755,M,Chennai,63.18273233460407,3,"₹ 33,650.59",1,1,1,138473.12727658302,0
11756,Female,Pune,52.823359841966415,0,"₹ 19,123.23",1,0,0,89737.41891931332,0
11757,M,Mumbai,47.210929615324815,6,"₹ 29,138.06",1,1,0,10000.0,0
11758,Male,Hyderabad,54.336746090677636,3,"₹ 61,297.71",1,1,0,22522.00010270707,1
11759,Male,DELHI,55.599621856450824,7,"₹ 103,097.77",1,0,1,39514.97249858246,0
11760,Female,Hyderabad,37.413431674010916,8,"₹ 69,332.13",1,1,0,33600.574000043154,0
11761,Male,Hyderabad,47.351351181865944,7,"₹ 64,556.38",1,0,0,135450.12870671807,0
11762,Female,mumbai,57.729998204520115,0,"₹ 81,214.27",1,1,0,86755.18169556504,0
11763,Male,Chennai,46.99387052563348,7,"₹ 94,756.94",2,0,1,117994.14594152116,0
11764,Male,Hyderabad,34.23760513042643,4,"₹ 103,905.42",1,1,0,68852.61660225052,0
11765,Male,mumbai,49.201815601941725,0,"₹ 64,611.70",1,1,0,72473.04342565902,0
11766,Male,Kolkata,39.14303260012535,8,"₹ 21,131.69",2,0,0,57680.014108372576,0
11767,Female,Delhi,53.73333368670431,8,"₹ 39,816.42",2,1,0,75309.45395764938,0
11768,Male,Kolkata,66.4034884173797,6,₹ 0.00,2,1,0,68087.7427552423,0
11769,Male,Chennai,55.15735207129148,6,"₹ 72,989.63",2,1,0,98895.3498521852,0
11770,Male,DELHI,32.644929703204475,10,"₹ 24,451.02",2,1,0,69899.36286081161,0
11771,Male,Kolkata,49.52530534862342,0,"₹ 28,503.12",1,0,1,85451.3748017806,0
11772,Female,mumbai,18.0,8,"₹ 60,608.48",1,1,1,92433.54952157143,0
11773,Female,mumbai,43.50535130241081,0,₹ 0.00,1,0,1,79707.85911586741,0
11774,M,Bangalore,59.102947835704896,6,"₹ 80,956.10",1,1,0,162966.3013761104,0
11775,Female,Pune,51.03302721223963,8,"₹ 66,661.69",1,0,1,58165.16350216587,0
11776,Male,Pune,46.65104056698906,8,"₹ 37,006.32",2,1,0,60292.23572011044,0
11777,Female,Chennai,76.94720241165938,4,"₹ 48,526.18",2,1,1,37557.668813702716,1
11778,Male,Bangalore,19.427622436825022,5,"₹ 29,873.22",2,0,0,86872.65520630022,0
11779,Male,Mumbai,22.787991118592494,1,"₹ 128,132.30",1,1,0,113420.7577252824,1
11780,Female,Hyderabad,52.23139986294902,1,"₹ 22,491.46",1,1,0,83941.25565004576,0
11781,Male,Kolkata,58.47138585171961,9,"₹ 59,684.88",2,1,0,170444.7398679552,0
11782,Female,Hyderabad,59.0827319441476,8,"₹ 42,110.03",2,0,1,62822.30805498977,0
11783,Male,Mumbai,36.40835981454533,0,"₹ 51,617.92",1,1,0,27332.33182365542,0
11784,Female,DELHI,32.33816604469933,9,"₹ 65,377.88",1,0,1,69510.44366947358,0
11785,Female,Bangalore,30.12891230111553,4,"₹ 66,546.28",1,1,1,17231.63165401949,0
11786,Female,Hyderabad,49.8338054792434,6,"₹ 39,291.57",1,0,1,98987.74446149683,0
11787,Female,Bangalore,30.25188886844272,9,"₹ 15,136.01",2,1,1,23945.67224695513,0
11788,Female,Bangalore,61.719285476035665,5,"₹ 28,037.23",1,1,0,67708.77028166455,1
11789,Male,mumbai,44.67175552372405,5,"₹ 36,181.35",1,0,0,48460.00857884788,0
11790,Female,Delhi,34.44410915611184,5,"₹ 32,098.23",2,1,1,,0
11791,Male,Chennai,,7,"₹ 18,746.58",2,1,0,40950.7943300561,0
11792,Female,Pune,22.021395627150543,6,"₹ 63,442.52",2,1,1,46550.70735713779,0
11793,Female,Bangalore,33.08738357326185,4,"₹ 9,328.11",1,1,0,84845.67427468623,1
11794,Female,Hyderabad,36.70819837338632,9,"₹ 48,457.70",1,1,0,103434.93564624156,1
11795,Male,Hyderabad,51.12120566864299,1,"₹ 1,035.99",2,1,0,25399.157888032758,0
11796,Male,Kolkata,,9,"₹ 82,731.47",2,1,1,128401.22304214526,0
11797,Female,Bangalore,32.104123650853765,5,"₹ 31,556.31",2,0,1,67637.23687856304,0
11798,Male,Delhi,26.62144215485574,9,"₹ 28,171.86",2,1,1,76475.28560887568,0
11799,Male,Chennai,41.44522742140887,4,"₹ 23,132.10",1,0,0,87537.5499228934,0
11800,Male,Chennai,18.0,3,"₹ 101,156.07",2,1,0,61957.341489669474,0
11801,M,DELHI,40.232063448758424,9,"₹ 89,823.70",2,0,1,134125.33702640314,1
11802,Female,DELHI,61.73330587614372,10,"₹ 51,630.80",2,0,1,71085.72784591402,1
11803,Male,Kolkata,41.99474262949355,4,"₹ 34,941.18",2,0,0,29485.036288451614,0
11804,Male,Pune,47.38982432413577,8,"₹ 112,268.83",2,1,1,151472.59780344035,0
11805,Male,DELHI,45.571391052565566,1,"₹ 64,930.50",2,0,0,157810.16755107092,0
11806,Female,Mumbai,24.221525088243723,5,"₹ 42,342.70",1,1,0,47357.78027472798,1
11807,Female,Kolkata,71.36234900426672,10,"₹ 33,168.48",2,1,0,109397.14314100302,0
11808,Male,Chennai,38.88651875960424,8,"₹ 74,533.88",2,1,0,158914.34788227655,0
11809,Male,Chennai,44.94976600644392,9,"₹ 43,382.94",1,0,0,,0
11810,Male,Delhi,35.165652841200746,4,"₹ 9,833.08",2,1,1,94660.95346991767,0
11811,Female,Mumbai,62.070980505478985,10,"₹ 55,156.84",3,0,1,125572.02766457398,1
11812,Female,Pune,23.119802051315343,5,"₹ 57,162.32",1,1,1,133090.5408041646,0
11813,Male,Hyderabad,64.53446747964603,9,"₹ 51,330.33",2,0,1,107291.00678668024,0
11814,Male,Kolkata,40.43552513685367,3,"₹ 65,155.44",1,0,1,25707.32489166702,0
11815,Male,DELHI,36.99704731952859,4,"₹ 40,295.14",1,0,0,34498.706250040355,0
11816,M,mumbai,35.58372157295183,7,"₹ 50,210.45",2,1,0,69530.56016811408,0
11817,Male,Delhi,72.1297286219147,0,"₹ 49,700.74",1,1,1,135774.67927332502,1
11818,Female,Chennai,20.928340512653282,0,"₹ 9,834.27",1,1,1,31877.2277286749,0
11819,Female,mumbai,36.9774836525362,9,"₹ 71,083.41",2,1,1,73207.16030617103,0
11820,Male,Kolkata,25.638482575027325,3,"₹ 66,506.30",2,0,0,121200.20105840007,0
11821,Male,Bangalore,18.0,9,"₹ 79,676.74",2,1,1,47656.486087335885,0
11822,Male,Pune,64.57930417756407,2,"₹ 19,725.92",1,1,1,59960.956066046914,0
11823,Female,Bangalore,44.59307843649171,4,"₹ 37,320.40",2,1,0,16842.753156741812,0
11824,Female,Kolkata,27.587331465018448,10,"₹ 83,272.90",1,1,0,51568.943003578956,0
11825,Female,Bangalore,57.436332786216845,9,"₹ 32,715.13",2,1,1,43111.685870251444,0
11826,Female,Pune,38.98973999040244,7,"₹ 103,893.80",2,1,0,75121.0924313444,0
11827,Male,Kolkata,35.30149830133299,0,"₹ 3,217.33",2,1,1,37336.023395675584,0
11828,M,mumbai,53.63071897775783,4,"₹ 33,040.86",2,0,0,124034.7716867688,0
11829,Female,Bangalore,38.667169314163075,4,"₹ 36,054.10",1,1,0,37436.72534605351,0
11830,Male,Pune,30.558359525830298,1,"₹ 72,912.08",1,1,0,61781.077274847514,0
11831,M,DELHI,55.43103479775365,4,"₹ 99,961.60",1,1,1,50464.69727519635,0
11832,Female,Hyderabad,42.87946214946328,7,"₹ 59,117.22",2,0,0,61852.54413115201,0
11833,Female,Pune,,9,₹ 0.00,1,1,0,190604.09901219845,0
11834,Female,Delhi,38.95766102184799,6,"₹ 47,569.49",1,1,1,47310.66624588105,0
11835,Female,Hyderabad,60.28534676169111,1,"₹ 53,693.98",1,0,0,102527.11299162291,0
11836,Female,DELHI,45.21044912591654,5,"₹ 61,793.43",2,1,1,35950.916407315424,0
11837,Male,Mumbai,60.89046459902037,9,"₹ 47,642.94",2,0,1,127947.41330706576,0
11838,Male,mumbai,60.39975641893908,10,"₹ 89,191.24",2,1,1,87379.91535858116,1
11839,Female,Chennai,63.54377618365256,10,"₹ 23,351.67",1,1,0,91126.96293653165,0
11840,Male,DELHI,46.024308730883924,0,"₹ 19,077.19",2,1,1,103255.75451392506,0
11841,Male,Hyderabad,50.74080315697069,9,"₹ 31,628.98",1,1,1,132609.81968467106,0
11842,Male,Hyderabad,41.53910776295739,9,"₹ 128,056.10",2,1,0,145029.6101914582,1
11843,Male,Delhi,31.5344338686675,2,"₹ 44,604.35",2,1,0,135818.53076279492,1
11844,Female,Mumbai,75.04945850222877,10,"₹ 84,464.19",1,1,0,39235.09147046118,0
11845,Female,Chennai,33.71842808855199,10,"₹ 83,899.88",1,1,1,115850.88144976144,0
11846,Male,Delhi,58.57301263837128,5,₹ 0.00,2,0,0,74719.65494272075,0
11847,Male,DELHI,55.88718501630106,8,"₹ 48,303.87",1,1,0,133546.63911855378,0
11848,Male,Hyderabad,47.71579452816085,0,"₹ 83,606.55",1,1,0,10000.0,0
11849,Female,DELHI,42.67517096568654,5,"₹ 135,851.49",2,1,1,89196.27954958993,0
11850,Female,Pune,42.824363548052034,1,"₹ 82,350.74",1,0,1,26815.06968350641,0
11851,Male,Mumbai,35.143808434642715,8,"₹ 39,727.09",2,0,1,103733.98572153617,0
11852,Female,mumbai,46.41662729275858,1,"₹ 93,807.16",1,1,0,56031.90146379651,0
11853,Female,Pune,27.279204098991794,2,"₹ 37,064.57",2,1,0,36844.50124984107,0
11854,Female,Mumbai,56.20878834563491,1,"₹ 16,055.64",1,1,0,10000.0,0
11855,Female,Mumbai,41.57193028002444,10,"₹ 70,994.91",1,1,1,52235.533284645906,0
11856,Male,DELHI,30.569684381768255,3,"₹ 6,435.99",2,1,1,89409.0317103629,0
11857,Female,Pune,25.853379970561928,3,"₹ 32,136.19",1,0,0,97899.16139156274,0
11858,Male,DELHI,43.02148825833201,9,"₹ 94,602.21",2,1,1,72349.67565853063,0
11859,Female,DELHI,43.54324500800359,0,"₹ 71,370.04",2,1,0,64682.37204628254,1
11860,Female,DELHI,37.22903744041396,7,"₹ 24,081.36",1,1,0,100636.34163497465,0
11861,Female,Hyderabad,52.536061354257384,4,"₹ 54,210.63",2,1,0,185495.36795954645,1
11862,Female,Hyderabad,50.22663706584614,7,"₹ 47,147.17",2,1,0,96251.25895335735,1
11863,Male,Chennai,45.851599961711926,5,"₹ 77,220.14",1,1,1,39441.106825890434,0
11864,Female,mumbai,31.110580492279723,1,"₹ 61,399.82",1,0,1,27197.572764445693,0
11865,F,Delhi,33.899789262460565,6,"₹ 54,643.08",2,0,1,70144.79335704153,0
11866,Female,mumbai,24.05114662308222,9,"₹ 48,903.58",2,1,0,107812.91396218509,0
11867,Male,Bangalore,42.12944667218737,8,"₹ 17,005.17",2,0,1,48235.42153677878,0
11868,Male,Delhi,53.41112710527274,6,"₹ 91,404.60",2,0,0,45386.9112389291,0
11869,Male,Chennai,26.833971948383695,10,"₹ 62,565.01",4,1,1,40423.255495456244,0
11870,Female,Kolkata,36.58260676772555,4,"₹ 40,145.59",1,0,1,,0
11871,Female,Delhi,44.20652618439252,3,"₹ 42,324.91",2,0,0,106825.1357578632,0
11872,Male,Mumbai,53.3886553742765,10,"₹ 46,935.90",1,1,1,60735.30360496297,0
11873,Female,Kolkata,22.846516343583332,7,"₹ 25,331.48",2,1,1,106159.59950996444,0
11874,Female,mumbai,78.29847251585265,5,"₹ 32,966.20",2,1,1,63212.29511766403,1
11875,Female,Kolkata,56.28905285859338,4,"₹ 79,495.30",2,1,0,19179.392804944117,1
11876,Female,mumbai,36.014187295617695,6,"₹ 3,056.75",2,0,0,170285.4031631163,0
11877,Female,Pune,,10,"₹ 105,753.32",3,0,1,61322.53423311328,0
11878,Female,Bangalore,49.254951024819114,2,"₹ 50,114.20",1,1,1,113775.55755519656,0
11879,Male,Chennai,52.07923995701219,8,"₹ 26,255.64",1,1,0,74175.25303848498,1
11880,Female,Chennai,30.145990722952995,3,"₹ 39,622.21",2,0,1,143307.2209737162,0
11881,Female,Mumbai,28.28815131519487,3,"₹ 62,629.68",1,1,1,124145.77587472255,1
11882,Female,Bangalore,31.598299617432314,7,"₹ 35,566.90",2,1,0,155395.81246046792,0
11883,Female,Bangalore,45.967708913424154,5,"₹ 69,784.37",1,1,1,85340.59902027286,0
11884,Female,Mumbai,46.15779766223682,10,"₹ 18,131.72",2,1,0,53617.76803889152,0
11885,Male,mumbai,77.46496273800358,0,"₹ 26,074.57",2,1,0,58346.37706252774,0
11886,Male,Mumbai,18.0,1,"₹ 57,330.95",1,1,0,113517.45993039076,0
11887,Male,mumbai,34.924500368572815,8,"₹ 31,398.70",1,1,0,27562.47512544106,0
11888,Male,Mumbai,37.0625592805351,5,"₹ 108,775.56",1,0,0,62704.34944163231,0
11889,Female,Delhi,52.29699394606793,6,"₹ 74,881.17",2,1,1,53411.4385444846,0
11890,F,Delhi,,10,"₹ 65,364.63",1,1,1,39982.46586982666,0
11891,Male,Pune,42.00609096883367,8,"₹ 53,342.74",1,1,0,75160.62310239594,0
11892,Male,Hyderabad,67.66305611601064,2,"₹ 39,596.49",1,1,1,145582.55254771688,0
11893,Female,Mumbai,28.25790460763806,4,"₹ 42,319.43",2,1,1,96338.3158764173,0
11894,Male,Bangalore,34.56114109363334,4,"₹ 24,950.16",1,1,1,87171.10583421799,0
11895,Female,Delhi,25.267401475597474,9,"₹ 56,360.15",2,1,1,49069.428750345854,0
11896,Female,DELHI,42.800931629853785,6,"₹ 12,623.64",1,1,1,136174.6937974015,0
11897,Female,mumbai,40.024336419119294,1,"₹ 93,750.40",2,1,0,10000.0,0
11898,Male,Delhi,56.79356254701657,3,"₹ 51,830.65",2,1,1,83480.90455444173,0
11899,Male,Delhi,72.80246210926313,10,"₹ 91,092.90",1,0,0,87706.70392826624,0
11900,Female,mumbai,67.35826097687206,3,"₹ 76,797.41",1,0,1,59841.376794328724,0
11901,Female,Chennai,26.657438019658997,7,"₹ 47,920.93",1,0,0,116064.84616271747,1
11902,Male,Kolkata,45.80039796788513,9,"₹ 63,378.69",1,1,1,96384.78774936941,0
11903,Female,mumbai,56.61570716864397,2,"₹ 37,215.30",2,1,0,,0
11904,Male,Pune,55.02679514548299,1,"₹ 47,112.35",1,1,0,86537.76400796248,1
11905,Female,mumbai,79.71626938731228,8,"₹ 26,717.01",2,0,0,66679.1184280134,0
11906,Male,mumbai,41.70266652028606,10,"₹ 99,968.93",1,0,1,134960.02024247943,0
11907,M,Hyderabad,46.17138491065866,3,"₹ 55,642.33",2,1,0,96356.65077499194,0
11908,Male,mumbai,78.61258911459677,8,"₹ 75,388.39",1,0,0,106173.55848550882,0
11909,Male,Kolkata,51.298753223488305,5,"₹ 36,863.94",2,1,0,45729.1607951384,0
11910,Male,Kolkata,36.0435561915992,0,"₹ 97,333.31",2,0,0,74365.24486666174,1
11911,Male,DELHI,30.378115094256515,10,"₹ 28,261.67",2,1,0,35899.1656207764,0
11912,Female,Chennai,48.13611926365349,2,"₹ 46,551.68",1,0,0,113411.61742395813,0
11913,F,mumbai,60.9990703345494,6,"₹ 35,868.78",2,1,1,42452.24823369893,0
11914,Male,Hyderabad,60.80643975134726,8,"₹ 58,247.62",2,1,1,101351.83947127488,0
11915,Male,Hyderabad,31.917761406911367,7,"₹ 29,273.59",1,1,1,108297.55855192851,0
11916,Female,Bangalore,46.54917429061418,4,"₹ 67,717.80",2,1,0,73098.49289266858,0
11917,Female,Chennai,38.237319024716754,7,"₹ 57,894.63",2,1,1,44427.19484360699,0
11918,Female,Hyderabad,42.78095100594333,1,"₹ 45,227.35",1,1,0,69309.4224175305,0
11919,Male,Kolkata,58.58355593402716,2,"₹ 18,034.83",2,1,1,50065.60928174484,0
11920,Male,Bangalore,44.25125383466615,7,"₹ 47,574.85",1,1,0,10000.0,1
11921,Female,Mumbai,54.78708818159049,8,"₹ 46,839.76",2,0,0,152423.20656666422,0
11922,Male,Hyderabad,55.23641253692052,9,"₹ 76,892.31",2,1,0,65625.25671050319,0
11923,Female,Pune,35.835438136507165,7,"₹ 41,317.45",1,0,0,,0
11924,Male,Hyderabad,63.43400739025512,3,"₹ 20,618.75",2,1,0,37764.801452904685,0
11925,Female,Delhi,28.571453690997046,5,₹ 0.00,1,1,1,65440.27532542782,0
11926,Male,Chennai,26.048938333198645,10,"₹ 84,474.46",1,0,0,15445.065496141673,0
11927,Female,Delhi,37.83733593292478,4,"₹ 44,645.26",1,1,0,59070.28465145765,1
11928,Male,DELHI,30.3737389020224,3,"₹ 59,865.39",3,1,1,54132.0166148546,0
11929,Female,Hyderabad,54.079561391714066,8,"₹ 34,534.53",1,0,1,10000.0,1
11930,Male,Mumbai,83.45249802192404,9,"₹ 32,033.57",1,0,0,99379.70935411446,0
11931,Female,Delhi,61.92097886083905,2,"₹ 47,127.53",1,1,0,95151.01453302811,0
11932,Female,Delhi,32.74517178987184,0,"₹ 24,935.67",1,0,0,36888.32189816806,0
11933,Female,Chennai,30.02989228452816,6,"₹ 38,971.72",2,1,1,94819.11495116187,0
11934,Female,Bangalore,59.66204488042766,9,"₹ 71,434.12",2,0,0,95513.8825753584,1
11935,Female,Mumbai,27.243977971953623,7,"₹ 71,054.76",1,1,1,42359.31489928029,0
11936,Female,Delhi,30.22795799147876,10,"₹ 34,918.87",2,0,1,116402.05182806448,0
11937,Male,mumbai,50.536030445783624,2,"₹ 43,120.90",1,1,1,43307.83703054084,0
11938,Female,Mumbai,36.87167541897348,2,₹ 0.00,2,1,1,187024.93843727314,0
11939,Male,mumbai,46.78999161675426,5,₹ 0.00,2,1,0,150035.08397090685,0
11940,Male,Hyderabad,40.04200709868489,1,"₹ 34,566.52",1,1,1,67109.97336677137,0
11941,Male,Delhi,44.58186979934042,5,"₹ 51,312.73",1,1,1,98488.44288819755,0
11942,Male,Delhi,58.11624221974098,4,"₹ 11,875.94",2,0,1,80252.29754477875,1
11943,Female,Kolkata,54.32279794339323,6,"₹ 71,114.93",2,1,0,73221.15878226726,0
11944,Female,Kolkata,58.75502323912323,8,"₹ 75,536.88",1,1,0,57041.01712994529,0
11945,Female,Chennai,54.589072055791405,8,"₹ 24,707.62",2,1,1,76118.33378104195,0
11946,Female,Bangalore,55.626430507496096,0,"₹ 23,386.57",2,1,0,80068.81300815928,0
11947,Male,Chennai,44.96734515520696,6,"₹ 62,343.98",2,1,0,,0
11948,Male,Chennai,23.182794610688987,2,"₹ 100,072.84",2,1,0,66652.94948924718,1
11949,Male,Delhi,43.38953199001348,3,"₹ 37,473.58",1,1,1,59064.94465271742,0
11950,Male,Kolkata,49.73890377579944,1,"₹ 78,093.18",1,1,1,150577.40317764942,0
11951,Male,Kolkata,46.11331422193208,0,"₹ 49,205.73",1,1,0,134766.8580530701,0
11952,Male,Kolkata,51.298571304163936,9,"₹ 51,834.59",1,1,0,145585.30635310363,0
11953,Female,Mumbai,75.91464744238665,2,"₹ 44,365.02",2,1,0,67043.39189462272,0
11954,Female,Pune,37.477253051204826,9,"₹ 78,090.58",1,1,1,76033.00857375427,0
11955,F,Delhi,38.92717289826249,8,"₹ 109,451.40",1,1,1,74348.44053094304,0
11956,Female,Hyderabad,63.130288547404106,0,"₹ 75,647.75",2,1,0,10333.031193284987,0
11957,Female,Chennai,46.86855721536404,2,"₹ 14,612.55",2,1,1,10000.0,0
11958,Male,Kolkata,,10,"₹ 42,373.32",2,0,0,38208.959837488335,0
11959,Female,Kolkata,36.12274706356776,4,₹ 0.00,1,0,0,67380.66323791994,0
11960,Female,Kolkata,34.01314225454554,2,"₹ 111,658.92",1,1,0,57876.74563531391,0
11961,Male,Delhi,26.89392795661427,3,"₹ 60,561.03",1,1,0,130237.54292709798,0
11962,Male,Kolkata,47.58585652046436,3,"₹ 25,926.42",2,0,1,92341.94683751234,0
11963,Female,Bangalore,30.321111922014587,0,"₹ 57,871.27",1,1,1,108888.57775147297,0
11964,Male,Chennai,28.479412534431052,5,"₹ 106,561.55",1,0,1,122674.64351499258,0
11965,Female,Delhi,54.91569853777162,10,"₹ 24,914.83",1,0,0,117413.77939685748,0
11966,Female,Chennai,35.47891907444468,6,"₹ 32,892.32",1,1,0,105304.93429923228,0
11967,Male,mumbai,26.996400889781967,6,"₹ 14,794.59",1,0,1,112736.12448489887,0
11968,Male,DELHI,25.449544734840902,5,"₹ 67,014.61",2,1,1,52935.58614834369,0
11969,Male,Bangalore,58.675843284771936,6,"₹ 45,814.00",1,0,1,94224.20154076001,0
11970,Male,Mumbai,43.40248824838955,2,₹ 0.00,1,0,0,152526.96211149282,0
11971,Male,Mumbai,39.01004449700046,4,"₹ 60,124.52",1,0,1,151716.03836822804,0
11972,Female,Pune,47.571927730394165,6,"₹ 78,486.35",2,1,0,98697.42868467246,0
11973,Male,Bangalore,46.14410332960606,9,"₹ 34,019.13",1,1,0,88184.04932518816,0
11974,Female,Chennai,37.059977596113356,4,"₹ 48,637.74",2,1,0,62474.69281299763,0
11975,Male,Mumbai,39.994760296390304,9,"₹ 43,943.79",1,1,0,32965.85914977345,0
11976,Female,DELHI,55.96094523123131,1,"₹ 70,623.45",1,1,1,53086.12311864211,0
11977,Male,Mumbai,57.37159811210001,5,₹ 314.45,2,1,0,156625.91698782478,0
11978,Male,Kolkata,32.42716296860719,6,"₹ 30,297.24",1,1,1,43769.52027991762,0
11979,Female,Pune,64.19510932488414,10,"₹ 40,816.75",1,0,0,39441.35797301632,1
11980,Female,Delhi,75.13586084700373,1,"₹ 73,120.73",1,1,1,10000.0,1
11981,Male,Hyderabad,40.62974918998227,9,"₹ 50,067.18",1,1,0,46824.63390552769,0
11982,Female,Hyderabad,40.270189002800834,7,"₹ 10,725.29",2,1,0,147552.36394567593,0
11983,Male,Mumbai,31.52660504627001,4,"₹ 32,725.96",1,0,1,105692.79113834078,0
11984,Male,Chennai,34.97118026052453,10,"₹ 87,793.08",1,1,0,129351.41156731412,0
11985,Male,Chennai,49.85207642611677,7,"₹ 10,306.18",1,1,0,122705.53259338028,0
11986,Male,Kolkata,79.75430844869337,2,"₹ 80,827.59",2,1,1,141349.7545044413,0
11987,Female,Mumbai,55.92509577656182,1,"₹ 78,074.53",1,1,1,94305.11157443353,0
11988,Male,Mumbai,40.01792205011249,6,"₹ 86,566.99",1,1,1,50447.54582392471,0
11989,Male,Hyderabad,38.62909190423918,4,"₹ 82,996.76",2,1,0,140216.01325751122,0
11990,Female,mumbai,35.04214597061977,4,"₹ 90,877.39",2,1,1,154784.15372509617,0
11991,Female,Mumbai,60.8984648780159,7,₹ 0.00,1,1,1,86173.78360462553,0
11992,Male,Delhi,41.35149722390462,8,"₹ 89,267.94",4,1,0,81246.97927656215,1
11993,Female,Pune,51.81403810001648,7,"₹ 64,852.64",1,1,1,42507.02901330329,0
11994,Male,Pune,41.448795407940636,9,"₹ 32,838.47",2,1,1,73914.3631094806,0
11995,Female,Delhi,76.77063767667242,1,"₹ 14,584.12",2,1,0,32310.253314079382,0
11996,Female,mumbai,36.98717451734309,9,"₹ 50,908.55",1,0,0,81753.80917646759,0
11997,M,Chennai,34.44966553062118,10,"₹ 121,433.34",2,1,0,55507.160052243766,0
11998,Male,Hyderabad,37.77419404935945,6,"₹ 65,646.40",2,0,0,109969.15294868493,0
11999,Male,Pune,51.36014837894976,10,"₹ 35,429.62",2,1,1,39296.83236066948,0
12000,Male,Bangalore,66.52041856131756,4,"₹ 121,061.72",2,1,0,65969.04328517208,1
12001,Male,DELHI,51.392513698249786,6,"₹ 69,364.11",1,1,1,59188.134452938866,0
12002,Male,Hyderabad,55.5986366997159,2,"₹ 70,327.63",1,1,0,10000.0,0
12003,Female,mumbai,53.51370675982812,3,"₹ 58,700.59",1,1,0,49471.83463129935,0
12004,Male,Bangalore,20.02475051907735,6,"₹ 65,433.22",2,0,1,44281.359042838216,0
12005,Male,Mumbai,44.757929571965526,1,₹ 0.00,1,1,0,18325.480418334657,0
12006,Female,Delhi,40.243640312734755,1,"₹ 54,596.97",3,0,0,107849.68404220394,1
12007,Male,Mumbai,42.88153063002968,0,"₹ 73,878.91",1,1,0,10000.0,0
12008,Female,Kolkata,32.65720349589249,0,"₹ 97,411.74",1,1,0,10000.0,0
12009,Male,Delhi,58.024617260664485,0,"₹ 118,831.38",1,1,0,89807.10502683076,0
12010,Male,Bangalore,45.72710125630136,5,"₹ 83,138.80",1,1,0,88099.51562293133,0
12011,Male,DELHI,45.636479174556,4,"₹ 56,373.30",1,1,0,61005.64067261923,0
12012,Male,Kolkata,42.791524157116086,9,"₹ 52,112.37",1,0,0,101056.32409017225,0
12013,Female,Chennai,35.56049977866934,7,"₹ 29,056.94",1,1,0,106744.6917249769,0
12014,Male,Kolkata,18.269382670947596,4,"₹ 66,385.78",4,0,0,117315.85802079499,0
12015,Female,Pune,49.075260274006226,0,"₹ 109,406.31",3,0,1,29223.345206703852,1
12016,Male,Hyderabad,46.703783186451275,7,"₹ 38,924.34",1,1,1,88713.76475446775,0
12017,Male,mumbai,53.01362668608957,5,"₹ 55,574.39",2,1,1,,0
12018,Female,Mumbai,46.08470760087731,7,"₹ 28,755.10",1,1,1,104019.419459459,0
12019,Male,Chennai,28.81065279214923,1,"₹ 81,146.96",1,1,1,143198.83949773863,0
12020,Female,mumbai,33.07805085069387,9,"₹ 87,440.68",1,1,1,82242.59469868612,1
12021,M,Kolkata,65.09180123843294,7,"₹ 29,220.84",1,0,1,92591.37034243836,0
12022,Female,DELHI,49.78404243106509,5,"₹ 67,529.32",2,0,0,89794.91029631133,1
12023,Female,Mumbai,57.04824405305908,0,₹ 0.00,1,1,1,43250.84829458528,0
12024,Male,Chennai,58.78374589915937,0,"₹ 41,845.32",2,1,1,62321.933754126236,0
12025,Male,mumbai,30.244084662239374,9,"₹ 88,547.10",2,1,0,90037.07853338988,1
12026,Male,Mumbai,39.892427000840165,4,"₹ 35,949.69",1,1,1,115599.8036711466,0
12027,Female,Mumbai,55.215199315973386,6,"₹ 10,987.68",1,1,0,136506.62981867878,1
12028,F,Chennai,32.76697384478248,3,"₹ 70,710.74",1,0,0,157576.35463555928,0
12029,Male,Bangalore,38.87632662401991,9,"₹ 46,710.59",1,0,1,75053.03649644954,0
12030,Female,Hyderabad,37.209496792556564,4,"₹ 55,897.81",1,1,0,81826.84353338348,0
12031,Male,Bangalore,33.92823461703523,9,"₹ 60,143.30",1,0,1,58195.138735165325,0
12032,Female,Mumbai,43.047769119598655,2,"₹ 77,292.09",2,0,1,85175.24322646402,0
12033,Male,Delhi,37.71251855426779,1,"₹ 82,455.03",2,1,0,69693.40104240457,0
12034,M,Chennai,39.021814004377575,1,"₹ 61,616.63",1,1,0,100175.33438591039,0
12035,Female,Mumbai,49.026950266739405,4,"₹ 85,336.98",2,1,1,53158.80648371328,0
12036,Male,Mumbai,59.97132287246683,3,"₹ 49,431.03",1,1,0,10000.0,1
12037,Male,DELHI,56.468685595484104,1,"₹ 59,594.19",2,1,1,10204.622129867115,0
12038,Male,Hyderabad,47.64614123508205,4,"₹ 50,994.33",1,0,0,37901.703598549706,0
12039,Male,DELHI,69.59068247178462,9,"₹ 14,811.45",2,1,0,143263.29381779736,1
12040,Male,Chennai,54.885122357008875,8,"₹ 94,685.82",2,0,0,119950.49948763271,1
12041,Female,Pune,57.067505515159716,7,"₹ 51,803.10",2,1,1,82391.69280531965,0
12042,Female,Bangalore,42.5542663237988,8,"₹ 97,979.83",2,1,0,83220.23027483995,0
12043,Female,DELHI,39.20077547083055,8,"₹ 63,950.83",1,1,1,44489.1511369242,0
12044,Male,Chennai,50.64045995393544,7,"₹ 62,802.94",1,1,0,54260.35721067011,0
12045,Female,Bangalore,58.593238248285985,8,"₹ 78,515.39",2,0,1,72261.75026491392,0
12046,Female,Chennai,47.61665004145756,3,"₹ 58,957.36",1,0,1,41093.99722833086,0
12047,Male,Pune,35.5026217018027,7,"₹ 31,589.21",1,1,0,166218.19725771272,1
12048,Female,Hyderabad,25.746020345195223,1,"₹ 45,983.07",2,0,0,141953.11837433057,0
12049,Female,Hyderabad,21.277096476455174,8,"₹ 85,280.14",2,1,1,149250.3700409693,0
12050,Male,Chennai,45.638207219211,8,"₹ 71,698.66",1,1,1,48896.49003319225,0
12051,Male,DELHI,57.239435541927996,10,"₹ 24,573.98",3,0,0,85397.0332538699,1
12052,Male,Hyderabad,18.0,2,"₹ 59,224.28",2,1,0,154646.79174167325,0
12053,Male,Delhi,35.88789683041284,5,"₹ 20,754.56",1,1,1,25364.6103031124,0
12054,Female,DELHI,33.44057452585662,6,"₹ 52,985.41",1,0,0,89257.15237901539,0
12055,Female,mumbai,50.68899070935716,2,"₹ 80,600.53",2,0,0,48736.934690237526,0
12056,Female,Kolkata,34.99787500571779,4,"₹ 32,043.32",1,0,0,83970.73060419275,0
12057,Male,Chennai,26.543187381080646,0,"₹ 47,151.93",1,1,1,156667.95336315478,0
12058,Male,Chennai,35.86520927497257,10,"₹ 22,003.92",2,1,0,117923.77094127206,1
12059,Female,Chennai,33.51451544657557,2,"₹ 68,327.26",1,0,1,78048.73567991219,1
12060,Female,Pune,45.1948379085257,7,"₹ 54,398.14",3,1,0,92530.18154723478,0
12061,Male,Chennai,41.77812157371038,2,"₹ 30,800.79",2,1,1,10000.0,0
12062,Female,Hyderabad,51.63722161152708,7,"₹ 62,627.23",2,0,1,69091.55228780834,0
12063,Female,Hyderabad,44.90624401744775,8,"₹ 49,291.77",2,1,1,63306.645734052516,0
12064,Male,Kolkata,60.22451227785067,5,"₹ 65,064.96",1,1,0,70114.66165214339,0
12065,Male,Kolkata,38.28088185097069,6,"₹ 22,288.93",2,1,0,55434.9494391943,0
12066,Female,DELHI,,5,"₹ 40,276.38",2,1,1,88071.5018293651,0
12067,Male,Hyderabad,49.76776377321702,7,"₹ 54,110.44",1,1,0,71270.71604148246,0
12068,Male,Hyderabad,40.56903045520456,6,"₹ 70,669.16",1,0,0,78751.5118134326,1
12069,Male,Pune,55.319760160734404,9,"₹ 20,727.09",2,1,1,86131.57983041031,0
12070,Male,Hyderabad,32.96664238285928,0,"₹ 53,439.36",2,1,0,93680.20623940887,1
12071,Female,Hyderabad,63.597550383226945,2,"₹ 79,765.39",2,1,0,50689.87275630525,0
12072,Female,Delhi,33.3544167263933,2,"₹ 51,853.76",2,1,1,43747.705397176585,0
12073,Male,Delhi,24.890280915835994,2,"₹ 40,482.42",1,1,1,88657.79299835619,0
12074,Female,Hyderabad,23.718929666472487,3,"₹ 33,858.04",2,1,0,10000.0,0
12075,Female,Hyderabad,46.36636179726889,0,"₹ 34,359.24",2,1,1,53536.01713352472,0
12076,Female,Hyderabad,36.537521206140326,10,"₹ 56,733.11",2,1,1,88236.58651484341,0
12077,Male,Kolkata,47.71859667047351,1,₹ 0.00,2,1,0,56948.86297547069,0
12078,Male,Mumbai,28.459777836153833,4,"₹ 33,581.94",2,1,0,88685.4162311386,0
12079,F,Delhi,52.30476951452426,10,"₹ 62,532.66",2,1,1,79774.84997314289,0
12080,Female,mumbai,47.76100115712497,5,"₹ 72,365.40",2,1,0,114776.84934567029,1
12081,Male,DELHI,38.13769843296255,8,"₹ 21,925.21",2,0,0,87533.9154897907,0
12082,Male,DELHI,54.37280620213695,1,"₹ 31,160.69",2,1,1,102939.63629732988,0
12083,Male,Mumbai,53.62589697586448,8,"₹ 52,231.57",2,0,1,134050.54731848498,0
12084,Female,Pune,46.38113467695897,6,"₹ 68,635.43",2,0,1,61117.572619512706,0
12085,Female,mumbai,58.309230547431824,8,"₹ 38,897.18",1,0,0,85619.49980974283,0
12086,Male,DELHI,61.65748480853668,3,"₹ 46,216.72",2,1,0,52110.22055135353,0
12087,Male,Bangalore,33.171647734751566,6,"₹ 60,165.63",1,1,1,107322.9206098911,0
12088,Female,Chennai,61.9868444501574,0,"₹ 15,389.78",2,0,1,60681.12356759998,1
12089,Female,Bangalore,31.513980027301752,7,"₹ 98,750.07",1,1,1,88083.12537700552,0
12090,Male,Pune,56.573107516243525,6,"₹ 52,480.86",1,1,1,116944.05716115097,0
12091,Female,mumbai,59.20814861888451,6,"₹ 39,492.16",1,0,0,53047.55223487311,0
12092,M,DELHI,42.38022307867853,1,"₹ 84,217.49",1,1,1,21951.68257270757,0
12093,Male,Chennai,44.2010512017913,9,"₹ 53,818.76",1,0,0,32653.03559480774,0
12094,Female,Delhi,40.514573176697105,8,"₹ 44,772.56",2,1,0,156313.86076453433,1
12095,Male,DELHI,32.63385728316765,10,"₹ 61,158.70",1,1,1,56072.76529142138,0
12096,Female,DELHI,35.43325821287615,7,"₹ 51,249.85",2,1,0,130586.47486254256,0
12097,Female,Pune,52.44928606918828,0,"₹ 31,533.35",1,1,0,24887.854005902533,0
12098,Female,DELHI,57.835437601546914,10,"₹ 82,017.07",2,0,0,80970.6281189967,0
12099,Female,mumbai,44.78343617142364,0,"₹ 5,070.03",2,0,0,110297.75832815925,0
12100,Male,Mumbai,29.84834961806552,4,"₹ 37,849.30",1,0,0,,0
12101,Female,mumbai,27.806358148607554,1,"₹ 105,630.35",1,0,0,97784.28281741173,0
12102,Female,Delhi,43.408239026561624,0,"₹ 53,167.54",2,1,0,74783.58990229313,0
12103,Male,Mumbai,37.08608461060279,9,"₹ 2,434.88",2,1,1,16756.26053555811,0
12104,Female,DELHI,62.79319971063764,10,"₹ 83,882.08",2,0,0,10000.0,0
12105,Female,DELHI,34.46569894131357,7,"₹ 41,476.15",3,1,1,90825.43749159598,0
12106,Male,Chennai,53.9606897938644,3,"₹ 18,209.57",1,1,1,88203.23808576909,1
12107,Female,DELHI,35.69075963945953,1,"₹ 81,606.17",1,0,0,119376.4614431952,0
12108,Female,Hyderabad,40.74752457831227,4,"₹ 82,917.65",2,0,1,24116.27454256612,0
12109,Male,Delhi,47.58218112993403,10,"₹ 92,814.34",4,0,0,28448.99733082285,1
12110,F,Kolkata,52.79374241527519,5,"₹ 20,933.46",2,1,0,88252.67397249803,1
12111,Male,Chennai,51.33839966899031,7,"₹ 45,802.26",1,1,1,54529.136881800056,0
12112,Male,Bangalore,36.60181311633401,6,"₹ 41,215.53",2,1,0,67333.3865934793,1
12113,Male,Mumbai,46.50521387627029,6,"₹ 22,015.23",2,1,1,26553.420052324072,0
12114,Female,Kolkata,39.37820715660642,0,"₹ 67,162.69",2,1,1,94254.98786366508,0
12115,Female,DELHI,23.53092199516316,2,"₹ 82,798.68",2,1,0,70933.82059145963,0
12116,Male,mumbai,48.43391149989129,2,"₹ 36,319.49",1,0,0,91959.78342235734,0
12117,Male,Hyderabad,63.94056925309271,6,"₹ 54,661.59",1,1,1,114088.62647398263,0
12118,Female,Mumbai,68.16275180934784,1,"₹ 54,327.07",1,0,0,29955.424366580526,1
12119,Male,Mumbai,,9,"₹ 82,517.67",1,1,0,,0
12120,Female,Mumbai,48.77887893013889,6,"₹ 50,230.43",2,1,1,41048.271079664664,0
12121,Female,Delhi,18.0,8,"₹ 50,982.90",2,0,1,117544.0724079427,0
12122,Female,Mumbai,85.90991771326863,0,"₹ 77,464.65",1,0,1,21274.129171206558,0
12123,M,Chennai,66.46452686857333,1,"₹ 53,706.24",2,0,1,61911.75762241399,0
12124,Male,mumbai,56.38703871594087,10,"₹ 32,930.39",3,1,1,131016.89252954404,0
12125,F,Chennai,46.07996333535189,5,"₹ 17,188.62",1,0,1,31381.157679842807,0
12126,Female,Chennai,18.0,1,"₹ 31,435.87",1,0,0,31462.90564583527,0
12127,Female,Hyderabad,47.73458173710723,1,"₹ 57,277.96",1,1,0,128221.71278346013,0
12128,Male,mumbai,45.476524971136136,4,"₹ 11,009.43",1,1,0,55801.47239728683,0
12129,Female,Hyderabad,23.86113738584819,6,"₹ 58,198.19",2,1,1,148062.56477817614,0
12130,Male,Mumbai,51.72242805946151,3,"₹ 4,642.68",2,1,0,57870.98664482426,0
12131,Male,Mumbai,63.549208047125475,5,"₹ 20,108.17",2,1,0,89254.72921004925,0
12132,Male,Chennai,50.10843291709746,2,"₹ 69,564.81",1,1,0,147508.47349899472,0
12133,Female,Chennai,50.05935202666732,3,"₹ 36,650.69",2,1,0,10000.0,1
12134,Female,Mumbai,51.022408976046435,3,"₹ 56,904.80",2,1,1,47922.99020534129,0
12135,Female,Pune,40.15843059601616,3,"₹ 48,342.83",1,1,0,88027.2682184613,1
12136,Female,Delhi,56.37506031625822,0,"₹ 96,731.43",1,1,0,166023.70757271472,0
12137,Male,Kolkata,67.85692628609586,3,"₹ 54,078.08",2,1,1,91596.57169178082,0
12138,Female,DELHI,45.61890785338279,3,"₹ 19,315.04",3,1,0,10000.0,0
12139,Male,Bangalore,33.66942767412602,5,"₹ 68,248.19",2,1,1,102908.92703816104,0
12140,Female,mumbai,24.21704756197843,8,"₹ 18,405.61",3,1,0,161254.92990150073,0
12141,Female,Hyderabad,52.51421290181887,9,"₹ 79,762.34",1,0,0,48032.59634447826,0
12142,Female,mumbai,54.213277697173666,5,"₹ 73,803.89",2,1,1,112026.46405754774,0
12143,Female,Mumbai,50.45918985805019,5,"₹ 58,887.49",2,0,1,110935.96657690361,0
12144,Male,Kolkata,41.465664156112034,6,"₹ 72,650.17",2,1,1,110117.76573586978,0
12145,Male,Bangalore,49.15692406832438,6,"₹ 85,202.07",1,1,1,146332.06090537252,0
12146,Female,Chennai,36.96584083450972,0,"₹ 49,182.03",2,0,1,133672.67157895592,0
12147,Male,Chennai,34.33820072774206,7,"₹ 55,120.91",1,1,0,,1
12148,Male,Hyderabad,30.05552889788589,0,"₹ 57,267.23",2,1,1,37482.44360554219,0
12149,Male,DELHI,,8,"₹ 28,014.93",2,0,1,49924.96008464201,0
12150,Female,Kolkata,52.95662282467119,3,"₹ 32,714.71",2,1,0,86272.75278254772,1
12151,Male,Hyderabad,40.96095863471057,8,"₹ 51,732.70",2,1,1,111491.28651114722,0
12152,Male,Bangalore,34.77916170864619,7,"₹ 49,820.75",1,1,0,72655.47071542495,0
12153,Female,Bangalore,24.571297072615,8,"₹ 57,627.12",2,1,1,140230.04710410803,0
12154,Female,Bangalore,55.065924876656524,5,"₹ 35,194.09",1,1,1,49053.06132811329,1
12155,Male,Chennai,61.04616492296614,8,"₹ 5,830.07",1,1,0,120020.01964980374,1
12156,Male,Pune,29.63791884323707,3,"₹ 94,098.80",1,1,0,147647.51887618503,0
12157,Male,Kolkata,43.13014290392702,2,"₹ 8,196.27",2,1,0,95372.03347489086,1
12158,Male,DELHI,31.01156494577459,2,"₹ 74,408.53",2,1,0,61027.72794349521,0
12159,Male,Kolkata,42.873213944797705,7,"₹ 40,876.07",3,0,1,105622.93598236324,0
12160,Female,Kolkata,54.118606203586545,1,"₹ 55,993.92",1,1,0,88125.27737677566,1
12161,Female,Delhi,69.27506440511664,5,"₹ 69,873.87",1,0,0,148713.80528586474,1
12162,Female,Kolkata,38.29451962265365,8,"₹ 36,309.38",1,1,1,10000.0,0
12163,Male,Hyderabad,55.49869027465198,8,"₹ 8,969.05",2,1,1,34827.46300635339,0
12164,Female,Delhi,55.864933710460946,7,"₹ 80,000.19",1,1,0,97332.32995127635,1
12165,Male,Pune,42.733043272161154,7,"₹ 70,059.78",2,0,0,62794.825535863594,0
12166,M,Hyderabad,62.4014968886036,0,"₹ 52,163.53",3,1,0,55094.47739817611,1
12167,Female,Kolkata,40.08428602873682,10,"₹ 74,747.52",1,0,1,69612.17107132346,0
12168,Male,mumbai,51.53102312226391,6,"₹ 59,844.78",2,0,0,10000.0,0
12169,Female,Chennai,36.39566200027483,0,"₹ 48,354.89",2,1,0,,0
12170,Male,Mumbai,52.9727152704804,8,"₹ 43,983.07",1,0,1,72954.19224959896,0
12171,Female,DELHI,51.46815959874967,2,₹ 0.00,1,1,1,66477.26924730008,0
12172,Male,DELHI,62.810418290078864,0,"₹ 58,027.51",2,1,0,42269.301312727584,0
12173,Male,Hyderabad,72.53360958574243,7,"₹ 19,522.70",1,1,1,153980.92348882335,0
12174,Female,DELHI,58.73738648294425,6,"₹ 63,191.86",1,0,1,14409.634279017992,0
12175,Male,Delhi,55.05990196816722,1,"₹ 41,262.62",2,1,1,10000.0,0
12176,Female,Bangalore,39.139774603211244,6,₹ 0.00,2,0,1,56250.44034048318,0
12177,Male,mumbai,18.0,4,"₹ 48,109.10",2,0,1,74903.05104443087,0
12178,Female,Mumbai,64.4745463193976,6,"₹ 36,515.96",2,1,0,74374.42809101571,1
12179,Female,DELHI,72.84275459728461,9,"₹ 91,348.64",1,1,1,44347.60713852504,0
12180,Female,DELHI,49.694721129933576,6,₹ 0.00,1,1,1,23982.003538853103,0
12181,Male,Hyderabad,29.908381627525372,1,"₹ 25,103.59",1,1,0,99230.60658739929,0
12182,Male,Kolkata,65.66794121037606,1,"₹ 14,658.98",3,0,0,18251.680557478867,1
12183,Male,Chennai,61.57624567093178,6,"₹ 73,694.14",1,1,1,58823.643223672785,1
12184,Male,Pune,18.0,2,"₹ 56,374.71",2,0,1,84575.3186358036,0
12185,Female,Mumbai,47.106147825829396,3,"₹ 72,410.72",2,1,1,61568.553300065345,0
12186,Female,Kolkata,48.6420289380548,6,"₹ 16,558.88",1,0,1,165050.64150025178,0
12187,Female,Chennai,20.933718305742605,1,"₹ 21,096.09",2,1,0,118341.46110367318,0
12188,Female,Chennai,28.816982652055295,1,"₹ 51,745.93",1,1,0,84584.95845382495,0
12189,Female,Hyderabad,61.373412629802985,8,"₹ 102,046.91",1,1,0,65144.59468754889,0
12190,Female,mumbai,46.04600553245818,10,"₹ 66,309.72",1,1,0,30767.91948952307,1
12191,Male,DELHI,30.750859039351695,0,"₹ 23,679.37",2,1,0,182711.57965503135,1
12192,Female,DELHI,34.95885275571849,2,"₹ 56,537.40",3,1,0,63214.24641898978,1
12193,Female,Kolkata,26.983302792226283,9,"₹ 67,875.97",1,1,1,,0
12194,Female,Pune,46.13129296253118,3,"₹ 9,215.40",2,1,0,95298.36310875672,0
12195,Male,Delhi,56.28455701211102,4,"₹ 42,347.44",2,0,0,47826.19405802815,0
12196,Male,Bangalore,62.65009058556274,2,"₹ 44,580.82",1,1,0,108715.92579082416,1
12197,Male,Kolkata,34.98025086400328,8,"₹ 103,870.29",2,1,1,92409.86321939742,0
12198,Female,Delhi,39.693243909185156,4,"₹ 52,886.09",1,1,1,25359.676085398067,0
12199,Female,Bangalore,52.517387679125186,6,"₹ 99,911.87",1,0,0,118538.22726743326,1
12200,Male,Chennai,59.28911737657214,10,"₹ 27,555.40",2,1,0,116322.12333104617,0
12201,M,Pune,50.561697862592304,6,"₹ 66,434.22",2,1,1,84013.273653978,0
12202,Male,Kolkata,64.01299600390249,10,"₹ 8,394.68",1,0,1,70348.75079744485,0
12203,Male,Chennai,72.25358527280747,8,"₹ 68,468.26",1,0,1,10000.0,0
12204,Male,Delhi,20.549786969101607,1,"₹ 38,392.51",1,1,0,78446.12969724694,0
12205,Female,Kolkata,67.78525238527584,2,"₹ 40,256.11",2,1,1,36432.81015996106,0
12206,Female,Kolkata,64.47853573467643,3,"₹ 71,384.06",2,0,1,113119.16372919054,0
12207,Male,Hyderabad,27.366721566086778,7,"₹ 74,403.78",1,0,0,129022.24990221797,0
12208,Female,Mumbai,51.95669523694511,0,"₹ 59,149.21",1,1,0,143387.03637421565,0
12209,Male,Chennai,54.539609095485076,8,"₹ 104,231.13",2,1,1,114780.11583826895,0
12210,Female,Kolkata,28.65275844769161,4,"₹ 52,057.28",2,0,1,176405.6205017248,0
12211,Female,DELHI,44.083718250834636,3,"₹ 59,813.77",1,1,1,45951.4905368203,0
12212,Female,DELHI,47.34597899011369,7,"₹ 57,939.12",2,1,1,54095.4722306755,0
12213,Male,Mumbai,28.801035375734823,8,"₹ 71,039.22",2,0,0,93496.51049168778,0
12214,M,Kolkata,39.916250421874466,2,"₹ 50,724.17",2,1,1,76650.8929548405,0
12215,Female,Mumbai,66.01766204233044,3,"₹ 19,316.04",2,0,1,59355.664101853385,0
12216,Male,Mumbai,70.24986139704404,0,"₹ 61,361.21",2,1,1,131332.9145044338,1
12217,Female,Delhi,28.446256053246692,2,"₹ 3,930.33",2,1,1,34168.86278424477,0
12218,Male,Delhi,18.0,9,"₹ 75,708.06",1,1,1,118401.07980755295,0
12219,Female,mumbai,63.56036694640904,4,"₹ 85,171.97",1,1,1,96201.97949003495,0
12220,Male,Chennai,72.3361928268642,7,"₹ 35,433.47",2,0,0,24636.954845208922,0
12221,Female,Bangalore,58.151484092723884,0,"₹ 34,419.51",2,0,1,92537.17164513562,1
12222,Female,Mumbai,40.69497212442884,0,₹ 0.00,1,0,0,14239.53800350157,0
12223,Male,Delhi,28.744097239661237,2,"₹ 48,383.80",2,1,0,75960.85785742974,0
12224,Male,Pune,54.25163519723638,8,"₹ 61,490.98",2,1,0,79015.85128315436,0
12225,Male,mumbai,60.82018467452694,8,"₹ 59,974.05",2,1,1,82258.82928514708,0
12226,Male,Kolkata,35.10286685506281,0,"₹ 58,075.69",2,1,1,102837.58084018194,0
12227,Male,Chennai,49.12587102474456,3,"₹ 42,071.67",2,0,0,44550.83034325547,0
12228,Female,Kolkata,38.47934205141832,7,"₹ 77,327.46",2,1,1,19386.374409678712,0
12229,Male,mumbai,56.309034074751835,1,"₹ 21,013.42",2,0,0,71684.98146781088,0
12230,Male,Hyderabad,18.0,3,"₹ 21,769.69",1,0,1,24953.953801517317,1
12231,Female,DELHI,50.95008789811153,6,"₹ 9,518.03",2,1,1,53934.10492884184,0
12232,Male,Chennai,39.510776291624396,6,"₹ 30,300.31",2,0,1,64790.69432201107,0
12233,Female,DELHI,72.48103304989559,4,"₹ 15,659.41",3,0,0,72649.02015363361,1
12234,Female,Pune,49.679845307943694,6,₹ 0.00,1,1,1,67285.68271117791,0
12235,Female,Kolkata,55.61611754464205,5,"₹ 28,341.50",1,1,1,74708.48051802067,0
12236,Female,Hyderabad,30.8527016449068,1,"₹ 74,349.86",2,1,0,125974.23581847444,1
12237,Female,Pune,41.67858745359792,8,"₹ 58,691.54",1,1,0,108816.05398368,0
12238,Male,Bangalore,50.91760117231347,4,"₹ 68,868.70",2,1,0,57895.91592181042,1
12239,Male,Kolkata,39.60867642840805,1,"₹ 65,839.98",2,0,1,105437.51668830561,0
12240,Male,mumbai,41.36603592997014,5,"₹ 40,306.15",1,1,0,135216.31440178226,0
12241,Female,Hyderabad,48.944447454252334,9,"₹ 43,144.46",1,1,1,118801.0700381608,0
12242,Male,Chennai,19.30118217579826,4,"₹ 28,464.19",1,1,1,48405.26906745278,0
12243,Female,Hyderabad,37.13376815822161,1,"₹ 57,432.29",1,1,1,64464.60798415537,0
12244,F,Kolkata,56.83194662629171,9,"₹ 135,759.04",1,0,0,101128.23304805151,1
12245,Female,Delhi,39.09533461345822,9,"₹ 10,888.43",2,0,1,65391.51822221805,0
12246,Female,Pune,80.04858333835773,6,"₹ 79,933.45",1,1,0,171352.7491132057,1
12247,Male,Hyderabad,46.36116678302005,9,"₹ 34,009.69",1,0,0,151698.1011905758,0
12248,Female,DELHI,18.0,1,"₹ 93,604.43",1,1,1,52670.26067516224,0
12249,Female,Pune,51.65812201339853,6,"₹ 61,039.94",1,1,0,79896.59611266817,0
12250,Male,DELHI,29.161158281947312,5,"₹ 32,792.55",1,0,0,57465.157344255495,0
12251,Male,Hyderabad,,3,"₹ 42,924.28",2,1,0,143314.9950818744,0
12252,Female,Delhi,,3,"₹ 71,499.40",1,0,0,64862.79521203694,0
12253,Female,Pune,37.50863781402099,5,"₹ 100,693.27",2,0,0,114760.94858899046,0
12254,Female,mumbai,60.527365235442794,8,"₹ 74,197.02",2,1,0,73677.6393421858,0
12255,Female,Pune,21.2477114918393,9,"₹ 36,672.79",2,1,0,106279.04308438665,0
12256,Female,Chennai,37.72117864054598,5,"₹ 64,629.76",1,0,1,115862.99970547858,0
12257,Female,Hyderabad,36.04470154338172,5,"₹ 97,914.55",1,1,1,137168.84350273342,0
12258,Male,Bangalore,65.05558688857529,10,"₹ 63,949.63",1,1,1,92121.66623490356,0
12259,Male,Kolkata,39.76628398336464,0,"₹ 46,121.25",1,1,1,98319.63380398696,0
12260,Male,Mumbai,30.876341241006273,4,"₹ 7,591.72",1,1,1,84080.57104727419,0
12261,Female,Bangalore,48.468652759390366,0,"₹ 86,885.97",2,1,0,87403.09993244943,1
12262,Female,DELHI,31.585707240770596,10,"₹ 46,126.25",1,1,1,117724.44631454462,0
12263,Female,mumbai,33.75943866350158,8,"₹ 28,754.15",2,0,1,26710.811176096307,0
12264,Male,mumbai,55.351773248397755,9,"₹ 71,977.59",2,0,1,66802.1450532144,0
12265,Female,Delhi,18.0,3,"₹ 73,160.51",1,0,1,48935.69338490219,0
12266,Female,Chennai,30.539575015056975,1,"₹ 22,308.76",1,1,1,51802.035722963075,0
12267,Female,Kolkata,34.84847546093786,8,"₹ 27,367.25",1,1,0,126833.81813617561,0
12268,Female,Bangalore,68.17690300537065,5,"₹ 66,889.09",1,0,1,38277.98786422124,0
12269,Male,Mumbai,51.67996223782358,10,"₹ 86,269.04",1,1,1,86757.78924464068,0
12270,Female,Pune,44.524100213226376,9,"₹ 40,111.45",1,1,0,38706.10384495916,1
12271,Male,Delhi,43.45197075114907,2,"₹ 43,788.46",3,1,1,88546.83829281267,1
12272,Male,mumbai,46.852028072074354,1,"₹ 29,283.64",2,1,0,76195.09836210497,1
12273,Male,Mumbai,48.684036934903496,5,"₹ 86,949.85",2,0,0,50629.83087462714,0
12274,Female,mumbai,46.88303306985824,9,"₹ 69,701.33",2,1,1,122366.63547345912,0
12275,M,Hyderabad,74.19860889694877,5,"₹ 16,551.59",2,0,1,47922.06640586641,0
12276,Female,Delhi,38.411948424662064,8,"₹ 99,826.32",1,1,0,52971.40117907847,1
12277,Female,Pune,47.61581443511526,4,"₹ 153,516.64",1,1,0,15261.856015078221,0
12278,Female,DELHI,45.56988159702314,10,₹ 0.00,1,0,1,68009.23467187096,0
12279,Female,Delhi,59.089185622246184,8,"₹ 60,467.04",2,1,1,30018.310442481714,0
12280,Male,Kolkata,34.60163579134219,4,"₹ 3,606.93",2,1,0,112710.74916274112,0
12281,Male,Pune,39.497754048601855,1,"₹ 41,103.82",1,1,0,155116.13678041045,1
12282,Male,Bangalore,22.32519426098662,0,"₹ 5,990.28",2,1,1,159657.86957113355,0
12283,Male,Delhi,59.80522254095664,8,"₹ 94,108.80",1,0,0,135253.95890122774,0
12284,Male,Pune,22.156541302712913,9,"₹ 38,959.05",2,1,1,44264.832990854826,0
12285,Male,Bangalore,53.09334679675207,6,"₹ 80,325.57",2,0,1,76767.33292576595,0
12286,Male,Delhi,70.21643539993053,2,"₹ 55,167.78",1,0,0,61807.841796285866,0
12287,M,Mumbai,73.88603130687899,5,"₹ 101,124.68",2,0,0,38959.08185041171,1
12288,Male,DELHI,40.410472542821694,9,"₹ 13,692.74",2,1,0,72802.30031795758,1
12289,Male,Mumbai,39.81183599993995,3,₹ 0.00,2,0,0,80950.67336199887,0
12290,Male,Kolkata,43.888216189582344,8,"₹ 32,641.85",1,0,1,66510.20642470849,0
12291,Female,Pune,58.51108995409788,1,"₹ 38,788.01",2,1,1,95163.50181796463,1
12292,Male,Bangalore,43.018560676895675,10,"₹ 2,215.12",2,1,1,72796.46229540797,0
12293,Male,Hyderabad,40.89392480394454,3,"₹ 62,877.94",1,0,0,59437.496726920384,0
12294,Female,Delhi,61.090585104406394,0,"₹ 61,453.57",2,1,1,90268.62305695865,1
12295,Male,Hyderabad,45.655129265172576,6,"₹ 89,999.40",2,1,1,113693.68928256218,0
12296,Male,Delhi,42.70366826059425,3,"₹ 81,044.71",1,0,0,93956.87997728589,0
12297,Male,Kolkata,31.858023572712803,4,"₹ 35,027.96",1,1,0,76609.3579575097,0
12298,Male,Hyderabad,60.405455751960986,0,"₹ 15,283.57",1,1,0,88270.59305093026,0
12299,Male,Bangalore,48.70617202283867,1,₹ 0.00,2,0,0,158976.13998377265,0
12300,Male,Chennai,44.824161762995814,3,"₹ 44,078.42",1,1,0,46280.50230878304,0
12301,Female,Mumbai,18.0,1,"₹ 43,555.94",1,1,1,90711.04698981941,0
12302,Female,Bangalore,59.31747593087498,0,"₹ 61,556.04",1,1,0,104913.65401566052,1
12303,Female,mumbai,27.986281967218414,9,"₹ 1,071.07",2,0,0,49151.15471507302,0
12304,Male,Kolkata,51.778784415293465,0,"₹ 54,211.58",1,1,1,71285.40950991896,0
12305,Female,DELHI,33.32198527927086,5,"₹ 65,827.92",2,1,0,86134.89605523276,0
12306,Male,Delhi,28.903515850398108,1,"₹ 30,553.18",2,1,0,34362.82525367141,0
12307,Male,Bangalore,58.92227226709006,2,"₹ 66,913.92",1,1,1,67990.94201787925,1
12308,Female,Hyderabad,46.524868488644806,4,"₹ 42,782.37",2,1,0,17681.128961124516,0
12309,Male,Chennai,45.615601779767076,2,"₹ 85,549.58",1,1,1,138488.4948119548,0
12310,Male,mumbai,74.25764233589291,5,"₹ 93,013.97",1,0,0,10000.0,1
12311,Female,Hyderabad,,6,"₹ 50,824.45",2,1,1,60935.1418822169,0
12312,Female,Mumbai,41.295688478206756,9,"₹ 75,788.34",2,1,1,10000.0,0
12313,Male,Chennai,25.392805999054005,5,"₹ 9,449.65",2,1,0,151061.40824575088,0
12314,Female,Pune,66.20717733341897,1,"₹ 35,751.38",1,1,0,141915.08837573233,0
12315,F,Pune,24.83087170389797,8,"₹ 61,010.39",1,1,0,152379.71884402176,0
12316,Male,Pune,52.127984141482436,1,"₹ 36,585.98",2,1,0,69140.62810237081,1
12317,Male,Kolkata,40.98161337452544,5,"₹ 41,674.57",1,1,1,131998.10034773542,0
12318,Male,Bangalore,46.139991309779276,8,"₹ 20,772.76",2,1,1,60179.226183626844,0
12319,Male,Delhi,63.39437356272862,8,"₹ 101,970.58",1,0,0,97031.64694022364,0
12320,Male,Bangalore,33.197334046842315,1,"₹ 21,318.71",2,0,0,92806.71853927302,0
12321,Female,mumbai,35.87758913779503,8,"₹ 73,136.88",3,0,0,85720.36744479738,1
12322,Female,Bangalore,56.370786000469636,7,"₹ 34,849.07",1,1,0,42901.22076083367,0
12323,Female,Bangalore,71.8322746055538,6,"₹ 68,639.17",2,1,0,104137.1138488262,1
12324,Male,Mumbai,82.11260944955667,10,"₹ 31,143.77",2,1,1,89990.3603451037,0
12325,Female,Delhi,23.23783991185351,7,"₹ 39,382.60",2,1,1,65011.104858155835,0
12326,M,Bangalore,38.70584060600532,9,"₹ 62,103.32",3,1,0,125089.30845093873,1
12327,Female,Delhi,29.52685707980188,7,"₹ 68,200.68",1,1,0,34853.27035244346,0
12328,Male,DELHI,57.6982751309783,0,"₹ 76,347.77",1,1,0,38350.37391183955,1
12329,Female,Pune,45.91301120291362,8,"₹ 50,858.52",1,1,0,46916.77174003547,0
12330,Male,Hyderabad,58.16681062445623,5,"₹ 82,243.14",1,1,0,36681.527174888826,0
12331,Male,Mumbai,39.073283960771356,0,"₹ 56,973.43",2,1,1,57859.665267060176,0
12332,Male,Pune,55.492920066454325,0,"₹ 45,495.74",1,1,1,93483.03987675229,0
12333,Female,Delhi,42.315896523755484,6,"₹ 75,359.77",2,0,1,47610.626662187206,0
12334,Female,Pune,47.13345726310302,9,"₹ 53,220.72",2,0,1,,0
12335,Male,Bangalore,36.35638545674493,1,"₹ 57,139.80",2,1,1,132718.34782207216,0
12336,Male,Hyderabad,65.40065422837593,5,"₹ 20,374.21",1,0,1,148119.04302021494,0
12337,Male,Bangalore,26.05923945595593,4,"₹ 30,726.10",2,1,1,13208.49215386674,0
12338,Male,mumbai,43.294048530483934,4,"₹ 62,228.23",2,1,1,112674.98726784645,0
12339,Male,Bangalore,71.71325974408379,9,"₹ 23,517.29",1,1,1,95583.78571584976,0
12340,Male,Hyderabad,64.13972602843259,5,"₹ 50,854.86",2,1,1,61314.760969640076,0
12341,Female,Chennai,32.35173267427105,10,₹ 0.00,1,1,0,72160.77905666978,1
12342,Male,DELHI,33.11455544627579,7,"₹ 107,158.19",1,1,0,75185.94745520188,0
12343,Male,Delhi,52.71112047918741,4,"₹ 70,229.43",1,1,0,119348.96241739913,0
12344,Male,DELHI,54.74900599035574,7,"₹ 36,518.58",2,1,1,114476.99585009931,0
12345,Female,mumbai,62.84855580681799,4,"₹ 95,230.35",2,1,0,127104.87316959779,1
12346,Female,DELHI,23.861103801065376,9,"₹ 23,242.01",2,1,0,51166.144668473615,0
12347,Female,Pune,64.73690119079401,5,"₹ 33,166.85",1,1,1,76642.885924068,0
12348,Male,Mumbai,31.478546988405096,7,"₹ 65,225.67",2,1,0,129719.71406982395,0
12349,Female,Hyderabad,65.02010676203514,1,"₹ 77,940.85",1,1,1,80632.8048368479,0
12350,Male,Mumbai,20.76865375651335,6,"₹ 32,827.04",2,1,0,132129.64604307426,0
12351,Female,Hyderabad,28.290687418530865,2,"₹ 63,762.40",1,1,1,69825.9633496913,0
12352,Female,Delhi,70.81523211637571,8,"₹ 60,096.43",2,0,0,133450.1269442364,1
12353,Female,DELHI,71.64056455890233,9,"₹ 49,247.69",1,0,1,58110.98519085355,0
12354,Female,Delhi,46.50503011242168,6,"₹ 33,721.36",1,1,0,10000.0,0
12355,Female,Bangalore,40.060657739935834,2,"₹ 75,270.91",2,1,0,97603.29159496084,0
12356,Male,Bangalore,44.7591940568542,7,₹ 0.00,1,1,1,79056.58532919244,0
12357,Female,Mumbai,51.22091926383736,9,"₹ 54,173.56",1,1,1,10000.0,0
12358,Male,Kolkata,52.57215935522584,1,"₹ 29,494.32",2,1,0,62535.22732421142,0
12359,Female,Kolkata,40.579011460579345,9,"₹ 46,347.42",1,1,1,113467.86956955306,0
12360,Male,Kolkata,18.0,7,"₹ 29,180.42",1,0,1,67919.38072272105,0
12361,Male,mumbai,36.844446477603974,6,"₹ 13,796.31",2,0,1,131727.53476703173,0
12362,Male,Pune,21.674950744963233,4,"₹ 30,636.99",3,1,1,59123.40029779933,0
12363,Male,Pune,56.487159324839894,3,"₹ 33,358.22",2,0,1,62396.66782235683,0
12364,Male,Bangalore,50.53340252370543,10,"₹ 43,056.32",1,0,1,17882.07294671588,0
12365,Female,Kolkata,43.33126828467505,9,"₹ 49,644.10",2,1,0,147128.5330761295,0
12366,Male,Hyderabad,41.23848862969177,9,"₹ 68,808.64",1,1,1,156951.19128106406,0
12367,Male,Bangalore,74.49156360875901,0,"₹ 94,457.51",2,1,0,142511.0565648371,0
12368,Female,Delhi,62.19590513308708,3,"₹ 52,032.60",1,0,1,100607.3403807108,0
12369,Male,Kolkata,48.07981601331006,5,"₹ 18,682.38",1,1,1,26003.03833904182,0
12370,Female,Bangalore,36.929262757575216,5,"₹ 73,270.91",2,1,1,81724.13391332579,0
12371,Female,Kolkata,64.34995855543929,1,"₹ 57,950.39",2,0,1,12294.047197706575,0
12372,Female,mumbai,46.65750589119828,8,"₹ 20,075.11",1,1,1,107175.2235168928,0
12373,Female,Mumbai,35.27507037978857,0,"₹ 52,265.35",1,0,1,50888.536991003435,0
12374,Male,Chennai,36.141213889691095,3,"₹ 70,280.01",2,1,1,64365.22902824265,0
12375,Female,Kolkata,54.927925775865845,3,"₹ 24,640.00",1,0,1,41145.337118503965,0
12376,Male,Delhi,59.28480212647595,1,"₹ 33,070.06",1,0,0,133248.6851652465,0
12377,Male,Delhi,54.53400612404596,7,"₹ 52,272.60",1,0,0,76521.46801936463,0
12378,Female,Mumbai,54.86335175948647,10,"₹ 41,277.11",1,0,0,148276.7325700197,0
12379,Male,DELHI,40.435937319931114,1,"₹ 3,575.46",1,1,1,93748.65381147483,0
12380,Female,Delhi,36.837274812391705,1,"₹ 120,349.96",3,1,1,148581.04178227426,0
12381,Female,Bangalore,47.22871997223607,1,"₹ 31,925.61",1,1,0,115143.31767899083,0
12382,Female,Delhi,43.769630240936266,0,"₹ 28,984.19",1,1,0,109959.66794735829,0
12383,Female,Chennai,29.98810408202928,4,"₹ 38,671.04",1,1,0,48346.27055979498,0
12384,Male,Mumbai,44.51625161001682,10,"₹ 46,645.31",1,1,1,20300.262656728497,0
12385,Male,Bangalore,55.34950755957161,3,"₹ 59,317.79",1,1,1,24598.58049694269,0
12386,Female,Kolkata,39.14424468951579,1,"₹ 17,601.42",2,1,0,80795.43687053873,0
12387,Male,Mumbai,68.80878117863054,0,"₹ 87,393.02",1,1,1,53677.385515149275,0
12388,Female,Chennai,26.22275361905244,0,"₹ 6,984.09",2,1,0,104164.68583048362,0
12389,Female,Pune,32.63769909750576,1,"₹ 36,297.37",2,1,1,110918.52669668292,0
12390,Female,Chennai,36.40821306270013,0,"₹ 72,605.56",2,0,0,76605.4239662595,1
12391,Male,Hyderabad,57.337354758084196,8,"₹ 70,752.66",1,1,1,19053.743963109155,0
12392,Male,Hyderabad,48.18571968864076,1,₹ 0.00,1,1,0,139693.5927812789,0
12393,Male,Pune,31.709185659654228,2,"₹ 47,841.74",1,0,0,32926.969617330324,0
12394,Male,mumbai,18.0,8,"₹ 51,300.67",2,0,1,,0
12395,Female,Delhi,27.198857795197643,4,"₹ 56,726.86",1,1,0,146294.2999773508,0
12396,Male,DELHI,18.700762850169816,7,"₹ 31,579.08",2,0,0,79138.45098724017,0
12397,Male,DELHI,58.102134841207075,6,"₹ 42,096.22",2,0,1,36823.90065499875,0
12398,Male,Chennai,29.113748694871866,5,"₹ 65,224.01",2,1,1,64222.388580595274,0
12399,Female,Pune,55.208442644062416,1,"₹ 72,117.81",1,1,0,197224.25538575574,0
12400,Female,Pune,53.15704834897387,3,"₹ 6,653.11",1,1,0,103006.919265903,0
12401,Male,Kolkata,62.8738259447268,8,"₹ 63,698.25",2,0,0,,0
12402,Male,Mumbai,34.280143255202795,6,"₹ 60,257.41",1,1,1,69732.30253944991,0
12403,Male,Bangalore,51.07089022400563,2,"₹ 75,118.38",1,1,1,81952.62961970382,0
12404,Male,Hyderabad,46.82525140699807,5,"₹ 23,825.99",1,0,1,75726.79428302037,0
12405,Female,DELHI,46.86699975894553,7,"₹ 63,077.06",2,1,0,66556.19856848096,0
12406,Female,Delhi,44.714760713247145,7,₹ 0.00,1,1,1,113515.60941967453,0
12407,Male,Bangalore,57.628723016555796,7,"₹ 38,755.73",1,0,1,128558.10420170925,0
12408,Male,Chennai,55.9884692680146,7,"₹ 40,180.34",2,1,0,37070.81415409748,0
12409,F,Kolkata,44.962200980054476,9,"₹ 52,356.27",2,1,1,149885.55459852755,0
12410,Male,Bangalore,38.109026710055346,5,"₹ 71,731.12",2,1,1,142641.40960888803,0
12411,Female,Kolkata,36.384487005812076,10,"₹ 17,142.63",2,0,0,86484.97082160744,0
12412,Male,DELHI,45.53142221876293,9,"₹ 86,018.79",1,0,0,175449.9241938606,0
12413,Male,DELHI,48.32733877901725,10,₹ 0.00,1,1,1,43704.91995776518,0
12414,Male,Delhi,43.62808943464367,2,₹ 0.00,1,1,0,82768.45645492643,0
12415,Female,Pune,25.623056635036995,8,"₹ 78,219.45",2,1,0,139636.46655072382,0
12416,M,Chennai,40.43011943133558,2,"₹ 53,117.23",1,1,0,75896.55001768997,0
12417,Male,mumbai,37.09378431898844,3,"₹ 101,200.38",1,1,1,45595.89403581682,0
12418,Male,Delhi,45.22619242489196,9,"₹ 72,979.06",1,1,0,87076.73691092708,0
12419,Male,DELHI,83.04237151308982,0,"₹ 50,370.89",1,1,0,115500.69280428658,1
12420,Male,Mumbai,51.45230714242966,1,"₹ 35,236.01",1,0,0,84854.86394531449,1
12421,Male,Pune,63.9336203561011,5,"₹ 31,177.65",1,1,0,131578.96743182326,1
12422,Male,Mumbai,34.738746567598994,0,"₹ 61,014.39",1,1,1,102524.76572207117,0
12423,Female,Delhi,45.3283093696706,8,"₹ 32,551.47",2,1,0,10000.0,0
12424,Male,Bangalore,63.430137231554525,7,"₹ 57,484.49",2,1,0,64665.17413213992,0
12425,Male,mumbai,21.29336504451039,1,"₹ 29,726.46",1,1,0,97453.17218068635,0
12426,Female,Kolkata,41.49877765614032,1,"₹ 56,075.25",2,1,1,65011.77691415001,0
12427,Male,Delhi,54.3098191738109,7,"₹ 96,185.36",1,1,0,45163.61118638404,1
12428,M,Kolkata,43.91126824250877,10,"₹ 66,634.92",1,1,0,102334.77798766494,0
12429,Male,Kolkata,36.481602382877846,7,"₹ 35,943.18",1,1,1,151162.12395156926,0
12430,Female,Mumbai,37.32416676250386,0,"₹ 60,522.66",1,1,1,97554.97485878563,0
12431,Female,Bangalore,49.73094660764263,4,"₹ 58,295.53",2,0,0,104403.47710679691,0
12432,Female,Kolkata,21.44267803633862,10,"₹ 56,201.45",2,1,0,83693.76861317932,0
12433,F,mumbai,46.869413622801005,1,"₹ 61,519.51",2,1,1,103433.42826805025,0
12434,Male,Mumbai,55.88780477691117,0,"₹ 77,220.87",1,0,0,45540.20859348893,1
12435,M,DELHI,39.568026645685,2,"₹ 82,243.04",2,0,1,108803.3326131747,0
12436,Male,Mumbai,21.600326956295923,2,"₹ 50,065.90",1,1,1,88011.40926783702,0
12437,Male,mumbai,37.31943970737487,9,"₹ 8,660.64",2,1,0,94970.03534059394,0
12438,Male,Pune,43.14351187241855,8,"₹ 52,544.12",1,1,0,116560.60710715938,0
12439,Female,Mumbai,28.852024533523288,9,"₹ 45,271.53",2,1,1,31563.35795724373,0
12440,Male,DELHI,45.45948460835581,0,"₹ 66,525.40",1,1,0,70765.50520497208,1
12441,Female,Kolkata,47.58070830909911,10,"₹ 13,675.86",1,1,0,100185.00851212814,0
12442,Female,Hyderabad,63.038798262740066,1,"₹ 65,013.49",2,1,0,98842.35839644368,0
12443,Female,Hyderabad,42.52614631628624,8,"₹ 53,829.97",1,0,1,30021.765623796484,0
12444,Female,Hyderabad,46.675855954844515,4,"₹ 20,774.56",1,0,0,54824.54313536406,0
12445,Male,Pune,36.73572781429417,8,₹ 0.00,2,1,1,77815.96885427434,0
12446,Male,DELHI,37.84239047030471,5,"₹ 76,077.06",1,1,0,110311.235995916,0
12447,Male,mumbai,55.56283116017958,9,"₹ 20,326.37",1,1,0,109129.48348862032,0
12448,Male,Delhi,41.48255761080929,9,"₹ 5,602.36",2,1,0,136546.56667553922,0
12449,Male,Hyderabad,57.39903411287242,2,"₹ 33,062.28",2,1,1,113445.37039349697,0
12450,Male,Delhi,44.298170509046535,7,"₹ 85,139.26",1,1,0,165027.91163908737,0
12451,Male,Pune,27.842502918316203,8,"₹ 55,859.14",2,0,1,71258.8200006673,0
12452,M,Delhi,34.60647306576919,1,"₹ 63,340.50",1,1,1,129875.33061591066,0
12453,Female,Pune,81.27584899846204,8,"₹ 48,563.74",2,1,0,22496.806944387696,0
12454,Male,Delhi,43.49307574725862,3,"₹ 59,046.44",1,1,0,101023.73386740872,0
12455,Female,Mumbai,20.770060826149297,7,"₹ 43,874.83",2,0,1,83882.89633299773,0
12456,Male,Hyderabad,27.92536620747263,4,"₹ 35,874.97",1,1,0,73352.68031742833,0
12457,Male,Bangalore,34.30715831634122,5,"₹ 30,785.92",2,1,0,76694.42559205306,0
12458,Female,Chennai,31.60071957955511,3,"₹ 40,806.10",1,1,0,77343.2162429316,0
12459,Male,Pune,28.51189318032062,4,"₹ 122,402.72",2,1,1,92933.7700451534,0
12460,Male,Kolkata,66.93548828155934,0,"₹ 67,112.02",2,1,0,73588.31751787564,0
12461,F,Chennai,54.969938523136996,2,"₹ 24,267.54",2,1,0,115407.83368053746,0
12462,Female,mumbai,42.00267523446337,3,"₹ 10,084.82",2,1,0,29164.679466125235,0
12463,Female,Pune,36.19096135843583,0,"₹ 47,293.44",2,1,0,94333.24030873191,0
12464,Female,Pune,42.574580894229214,2,₹ 0.00,2,1,0,94536.87612051737,0
12465,Female,Delhi,71.71161285507426,3,"₹ 77,184.00",1,0,1,73575.57796611283,0
12466,Male,Pune,32.02442331976995,8,₹ 0.00,2,1,1,100721.09541712822,0
12467,Male,Hyderabad,21.342520661460018,2,"₹ 40,638.64",2,1,0,15889.10477093295,0
12468,Male,DELHI,55.01029965224495,10,₹ 0.00,2,0,0,77063.51641880117,0
12469,Male,DELHI,60.12200844251345,2,"₹ 63,436.96",1,0,0,64014.37603034613,1
12470,Female,mumbai,66.77451418996225,3,"₹ 27,260.16",1,1,1,111687.39953228305,0
12471,Male,Bangalore,39.71492612281544,8,"₹ 71,138.61",2,1,0,101664.47470291708,1
12472,M,Hyderabad,39.87179382582563,8,₹ 0.00,2,1,1,99048.86789194937,0
12473,Female,Hyderabad,75.18421507116169,0,"₹ 83,888.08",1,0,0,107716.40929831873,0
12474,Female,Mumbai,53.93249592124643,7,"₹ 60,533.33",1,0,1,10000.0,0
12475,Female,DELHI,43.72385851053983,9,"₹ 48,957.11",2,1,1,95972.08063167398,0
12476,Female,Chennai,52.550506264957704,0,"₹ 24,728.80",1,1,1,132766.8077652732,0
12477,Male,Kolkata,38.46000245929339,1,"₹ 40,708.01",2,1,0,86953.55384401401,0
12478,Female,Pune,49.51837215091148,9,"₹ 71,513.86",2,1,0,76135.0580049481,0
12479,Male,Bangalore,49.27485393227134,10,"₹ 24,933.87",2,1,0,80301.34264704674,0
12480,Female,Kolkata,57.5126019530192,4,"₹ 46,648.76",2,1,0,73985.4720613138,0
12481,Male,Kolkata,30.226044672559574,10,"₹ 40,980.45",2,1,1,85089.82753030398,0
12482,Female,Mumbai,50.331419603238736,10,"₹ 55,448.38",1,1,1,,0
12483,Female,Bangalore,27.50116880203265,5,"₹ 8,177.39",1,0,1,159077.44523747126,0
12484,Male,Bangalore,73.13279167224033,1,"₹ 93,559.69",3,1,0,77119.48871355693,1
12485,Male,Mumbai,38.711939084753794,9,"₹ 78,096.77",1,1,1,112486.00326487038,0
12486,F,Hyderabad,20.176588448611827,4,₹ 0.00,1,0,0,73798.28390053849,0
12487,Male,Mumbai,86.66041285258086,2,₹ 0.00,2,1,0,76297.64253391171,0
12488,Female,Hyderabad,37.183877163087956,6,"₹ 92,176.10",1,1,1,110821.30791290675,0
12489,Female,Chennai,46.42446436847279,0,"₹ 51,992.18",2,1,1,91204.71197341345,0
12490,Male,mumbai,19.5698221261566,4,₹ 0.00,1,1,1,82390.51757961354,0
12491,Male,Hyderabad,44.204893076140365,2,"₹ 35,166.32",1,1,1,70280.41674117601,0
12492,Male,Kolkata,70.09070745763104,10,"₹ 41,305.78",2,1,0,88551.81568781922,0
12493,Female,Hyderabad,55.57411599735862,1,"₹ 69,171.93",1,0,0,84787.99252340916,0
12494,Male,mumbai,19.487465593689063,2,"₹ 78,349.22",2,1,0,50391.46225004655,0
12495,Female,Pune,33.55231647765368,9,"₹ 53,762.37",2,0,0,98878.09351653491,0
12496,Male,Mumbai,58.77271767463167,3,"₹ 44,825.37",1,1,1,105149.63381196522,0
12497,Female,Pune,54.5496397679927,10,"₹ 35,765.14",2,1,1,123251.2523271878,0
12498,Female,Mumbai,37.70977109185126,1,"₹ 92,236.30",2,0,1,96344.29238054118,0
12499,F,Chennai,50.95603539777411,1,"₹ 37,330.69",1,1,1,76563.45395912853,0
12500,Male,DELHI,27.027640427166965,2,"₹ 65,506.25",1,1,0,36428.51751298863,1
12501,Female,Kolkata,25.39487578365508,1,"₹ 17,793.80",4,1,0,59505.039458220424,1
12502,Female,Kolkata,18.0,5,"₹ 11,995.55",1,0,0,97436.17298703559,0
12503,Female,DELHI,58.88080511014168,1,"₹ 55,724.67",1,0,1,51766.97988397524,1
12504,M,DELHI,43.42236794847002,0,"₹ 38,615.15",1,1,1,10000.0,0
12505,Male,Mumbai,45.06333179637886,7,"₹ 8,754.42",2,1,1,116274.71493180637,0
12506,Male,Kolkata,18.0,9,"₹ 40,342.85",1,1,1,80679.08855228878,0
12507,Female,Kolkata,44.2554939199584,3,"₹ 124,632.37",1,1,0,73434.3059027849,0
12508,Male,DELHI,53.26583261871218,1,"₹ 48,877.61",1,0,1,58928.836884351535,1
12509,Female,Mumbai,18.0,3,"₹ 41,003.82",1,0,0,87982.79659693138,0
12510,Female,Hyderabad,45.662998775223855,10,"₹ 41,054.24",1,1,0,78249.04014535478,1
12511,Male,Hyderabad,44.00240182046411,1,"₹ 85,960.30",2,0,0,61611.98840647076,0
12512,Female,mumbai,38.02047241693105,10,"₹ 45,644.36",2,1,1,124146.16446511223,0
12513,Male,Delhi,64.61434190668581,4,"₹ 57,449.62",1,1,1,28952.999889220024,0
12514,Female,Bangalore,61.015159199218886,6,"₹ 71,502.49",1,1,1,10000.0,0
12515,Female,Chennai,90.0,5,"₹ 89,124.91",2,0,1,119341.04808706365,0
12516,Female,Mumbai,26.80608786485628,1,"₹ 28,174.82",2,0,1,89441.49904662228,0
12517,Male,Hyderabad,51.42962151152213,10,"₹ 21,129.22",2,1,1,50103.000591392236,0
12518,Male,Bangalore,67.49809737942131,3,"₹ 28,581.18",2,0,1,48218.542863525494,0
12519,Female,Bangalore,34.617073154896374,7,"₹ 69,591.77",2,1,1,,0
12520,Female,Bangalore,70.36883781473705,6,"₹ 73,030.38",1,1,1,91040.23958091928,0
12521,Female,DELHI,50.473558920192,6,"₹ 55,879.53",3,1,1,119463.76255823993,1
12522,Male,mumbai,18.79955355833036,3,"₹ 79,373.49",2,1,1,103610.1059689105,0
12523,Male,Delhi,25.711910722414896,0,"₹ 73,060.12",1,1,0,65443.38304963717,1
12524,Male,Mumbai,36.29468188606654,6,"₹ 31,345.84",1,1,0,79677.93519907013,0
12525,Female,mumbai,43.676535006624015,5,"₹ 5,012.97",2,0,1,100245.73908470962,0
12526,Male,Pune,63.57661548373851,7,"₹ 36,821.77",1,0,1,140815.2553731653,0
12527,Male,mumbai,43.65495205821106,10,"₹ 66,120.60",2,0,0,89329.90085154126,0
12528,M,Pune,62.98940272281416,4,"₹ 64,813.59",2,0,1,91721.87111615104,0
12529,Male,Delhi,46.61927472254037,7,₹ 0.00,1,0,0,60373.889182638035,0
12530,F,Mumbai,45.18569502381156,9,₹ 0.00,1,0,0,75492.68958085946,0
12531,Female,DELHI,40.62085047088557,10,"₹ 70,715.61",1,1,1,94479.03306257799,0
12532,Female,Bangalore,59.73036841348271,7,"₹ 71,448.96",1,0,0,81497.64185859247,1
12533,Male,Mumbai,46.942165848253346,8,"₹ 60,784.05",1,0,1,81139.81744528489,0
12534,Male,DELHI,34.011679765116476,0,"₹ 77,162.59",1,0,1,28187.762072823833,0
12535,Female,Mumbai,49.981194089388715,2,"₹ 56,309.24",1,1,0,85835.15813032525,0
12536,Female,DELHI,38.14012934283453,10,"₹ 10,135.32",1,1,1,131347.26733199708,0
12537,Female,Mumbai,37.31116993508995,5,"₹ 40,684.97",1,0,1,135294.87171257832,0
12538,Male,mumbai,62.73972792743484,3,"₹ 47,683.55",1,1,0,132579.58519588108,0
12539,Female,mumbai,42.6095057107134,7,"₹ 32,896.09",1,1,1,30141.30551401159,0
12540,Female,mumbai,77.01893327133367,9,"₹ 32,368.87",1,1,0,119995.88009874085,0
12541,Female,Bangalore,56.02896569783187,0,"₹ 47,222.24",1,0,0,112666.74714079278,0
12542,Female,Chennai,33.513325750349516,4,"₹ 25,146.56",2,1,1,161402.08554232935,1
12543,Female,Kolkata,32.48356524867744,3,₹ 0.00,1,1,1,97076.3561431401,0
12544,Female,Pune,26.388602735446124,0,"₹ 53,210.89",1,1,0,93589.65800569233,0
12545,Male,mumbai,54.08914306767214,9,"₹ 87,353.95",1,1,0,91014.64335250712,0
12546,Male,Chennai,32.15077159032367,5,₹ 0.00,2,1,0,169926.74755491095,1
12547,Male,Pune,18.0,9,"₹ 54,977.47",1,1,1,73207.79213985655,0
12548,Male,Mumbai,20.228462942828102,2,"₹ 19,669.39",2,1,1,125160.0853517916,0
12549,Male,Delhi,28.437909356967427,10,"₹ 70,399.51",1,0,0,65315.17270492804,0
12550,Male,DELHI,50.05280124170906,10,"₹ 61,426.90",1,1,0,79305.28654946633,1
12551,Male,Chennai,43.76065203206767,4,"₹ 81,580.46",1,0,1,75110.03152096408,0
12552,Male,Hyderabad,59.14263262998733,5,"₹ 24,671.98",2,0,0,50269.31001160803,1
12553,Female,Chennai,31.392140643030057,3,"₹ 51,971.83",1,1,1,122136.44303344228,0
12554,Female,mumbai,40.134642261044434,9,"₹ 124,688.41",2,1,1,138726.3704512627,0
12555,Male,mumbai,71.21000190810743,9,"₹ 56,087.06",2,1,1,130157.60803684348,0
12556,M,Chennai,39.88231353262764,5,"₹ 71,280.96",2,1,1,90311.45062467695,0
12557,Female,DELHI,48.36681755463004,6,"₹ 92,095.43",3,1,1,136046.00623265587,0
12558,Male,Pune,35.15558222870504,1,"₹ 23,522.81",1,1,1,31401.13939766951,0
12559,Male,Mumbai,41.61684461412075,6,₹ 0.00,1,1,0,134407.8002403864,0
12560,Female,Hyderabad,52.12902183172018,6,₹ 0.00,2,1,0,129397.87104767679,0
12561,Female,Mumbai,54.856402840923295,1,"₹ 15,205.71",2,1,1,,0
12562,Female,Bangalore,46.771937311253915,2,"₹ 37,425.88",2,1,0,103935.27116876628,0
12563,Male,DELHI,41.102466937631945,2,"₹ 64,898.46",1,1,0,118034.77265170525,0
12564,Male,mumbai,46.953088218375086,0,"₹ 78,595.39",1,0,1,90949.52932257544,0
12565,Male,Bangalore,33.95807144434291,0,"₹ 17,736.87",1,1,0,96401.23019914984,0
12566,Male,Mumbai,41.76753333808349,9,"₹ 114,342.08",1,1,1,77493.82346605905,0
12567,Male,Mumbai,49.98509104251538,10,"₹ 89,000.42",1,1,0,75128.76951553463,0
12568,Male,Hyderabad,59.80487523699799,5,"₹ 34,822.82",1,0,1,47146.5700853794,0
12569,Female,Kolkata,31.327244565656812,8,"₹ 121,434.83",1,1,1,25314.646212754247,0
12570,Female,Mumbai,42.341981401109834,8,"₹ 67,807.02",2,1,0,163653.6986183541,0
12571,Male,Pune,29.923773447208724,10,"₹ 47,995.95",1,1,0,53597.00023168088,0
12572,Female,Pune,38.33335813481014,0,"₹ 21,889.43",1,1,1,51439.04231979251,0
12573,Male,Chennai,60.00756265696765,6,"₹ 16,550.44",1,0,0,130036.83615541324,0
12574,Male,Hyderabad,36.95210098239009,5,"₹ 78,118.21",1,0,1,182296.81957008157,0
12575,Male,Hyderabad,43.560071007161106,3,"₹ 52,888.85",2,1,0,131947.32270521362,0
12576,Female,mumbai,26.44809690192267,10,"₹ 62,734.47",1,1,1,102600.87882002145,0
12577,M,Mumbai,36.583190702748446,2,"₹ 15,898.45",2,1,0,49230.11262866266,1
12578,Female,Kolkata,21.774475448479446,8,"₹ 66,327.92",2,0,0,141449.1936173654,0
12579,Male,Bangalore,49.18098640798771,9,"₹ 52,228.78",2,1,1,85274.71719492327,0
12580,Female,Hyderabad,50.52140258678626,4,"₹ 17,446.35",2,0,1,13128.163944807558,0
12581,Male,Chennai,50.053336663789196,7,"₹ 7,328.34",2,1,0,68271.59717074115,1
12582,Female,Chennai,51.016535532038574,3,"₹ 51,157.36",1,1,1,121667.29518543859,0
12583,Female,Mumbai,50.080699612535284,3,"₹ 70,541.18",2,1,1,50592.82616845992,0
12584,Male,Mumbai,22.10565853417212,5,"₹ 81,834.71",1,1,1,114557.35337267924,0
12585,Female,Delhi,33.18322279962975,5,"₹ 56,987.09",1,1,0,43127.61351211454,1
12586,Female,Delhi,18.0,2,"₹ 25,808.64",1,1,1,48904.33271892076,0
12587,Male,Mumbai,38.046383298500885,1,"₹ 50,620.15",1,1,1,112900.80234318627,0
12588,Female,DELHI,31.939025359043132,10,"₹ 60,657.88",2,1,1,54698.22954771062,0
12589,Male,Pune,44.41967806966544,8,"₹ 27,070.10",2,1,1,113038.94262771931,0
12590,Female,Pune,81.89193972125457,1,"₹ 35,857.62",1,0,1,13209.56858650125,0
12591,Female,mumbai,56.73416218793197,8,"₹ 50,867.35",1,1,1,63096.28756467848,0
12592,Female,Kolkata,67.94369176551561,10,"₹ 56,654.94",1,1,0,113425.18395391392,0
12593,Female,Chennai,57.321226058199386,7,"₹ 12,260.14",1,1,0,161218.48156436457,0
12594,Female,Pune,43.4988745868857,10,"₹ 33,447.27",1,0,0,128600.76291749472,0
12595,Male,DELHI,44.854496444019816,9,"₹ 54,205.35",1,1,0,76905.80267198507,0
12596,Female,Mumbai,57.968778658774625,6,"₹ 64,904.08",2,1,0,123396.0327110378,0
12597,Male,Hyderabad,48.72526496804454,4,"₹ 54,187.89",1,1,0,81749.49957849075,0
12598,Male,DELHI,40.68058797712386,2,"₹ 58,759.33",1,1,1,124351.82656018464,0
12599,Male,mumbai,66.39698153210752,1,"₹ 57,694.00",2,1,0,119311.73638218519,0
12600,Male,DELHI,51.670953987712934,10,"₹ 25,345.53",1,1,0,174348.02360948938,0
12601,Female,Hyderabad,23.622435312994337,7,"₹ 91,340.79",2,1,0,113150.76133862256,0
12602,Male,Bangalore,42.29446135112172,1,"₹ 38,462.99",1,1,1,60747.348900819125,0
12603,Female,Delhi,45.753565327891565,7,"₹ 27,351.87",2,0,1,92450.65035751507,0
12604,Male,Bangalore,38.93446772673474,4,"₹ 6,254.00",1,1,1,50635.93092295152,0
12605,Male,Chennai,39.2225929145419,8,"₹ 34,497.83",2,1,0,43863.452374056506,0
12606,Female,Chennai,38.740789056454844,3,"₹ 29,167.88",2,1,1,74977.18606589444,0
12607,Male,Pune,18.22941937384503,7,"₹ 38,703.25",2,1,1,86516.82261444272,0
12608,Male,Hyderabad,18.0,10,"₹ 59,552.49",1,0,1,65566.35477490521,0
12609,Female,Chennai,35.199101084199484,6,"₹ 85,687.96",2,1,1,14833.151361518627,0
12610,Male,Pune,38.992548929609235,7,"₹ 74,392.34",2,1,1,23401.51124233377,0
12611,Female,mumbai,24.910566875768957,4,₹ 0.00,1,0,0,98887.7194687748,1
12612,Male,Pune,29.636584115457346,1,"₹ 80,246.79",2,1,1,26933.65569227455,0
12613,Male,Bangalore,41.20305944692473,6,"₹ 65,635.34",1,1,1,108958.25962533998,0
12614,Female,Mumbai,60.46587819614822,2,"₹ 104,041.27",1,1,0,141768.53395417042,0
12615,Male,Kolkata,59.47949047070852,9,"₹ 30,866.99",2,1,0,63041.82982929499,0
12616,Male,Bangalore,59.98228810872078,9,"₹ 19,770.89",2,0,0,,0
12617,Male,DELHI,29.845132269321397,9,"₹ 75,947.35",2,1,0,111586.67667399647,0
12618,Male,Mumbai,41.6657632820842,10,"₹ 72,612.35",3,1,1,68991.5764121206,0
12619,Female,Delhi,63.53464621224728,9,"₹ 29,694.88",3,1,0,46878.29953680814,0
12620,Male,Bangalore,18.52962847246602,1,"₹ 42,378.38",2,1,0,66653.89901107074,1
12621,Female,Bangalore,38.10826934202245,2,"₹ 64,362.37",1,0,1,67146.61781038925,0
12622,Female,DELHI,48.33251011491008,3,"₹ 60,462.00",1,1,0,108562.90843996209,1
12623,Male,Kolkata,19.42305529602181,9,"₹ 48,912.97",1,0,1,49906.391372979466,0
12624,Female,DELHI,51.432907354884506,10,"₹ 52,770.55",2,1,1,116071.75814124677,0
12625,Male,Pune,68.20489611869442,6,"₹ 25,450.52",1,0,0,114227.78075154003,0
12626,M,Delhi,63.36877112384566,9,"₹ 43,946.11",4,1,0,42862.28485616608,1
12627,Male,Chennai,42.33365510460877,0,"₹ 8,443.16",2,1,1,121700.79510408404,0
12628,Female,mumbai,57.21592544218281,5,"₹ 49,836.31",1,1,0,10000.0,0
12629,Male,Chennai,19.25504804296835,5,"₹ 8,905.30",2,0,0,46085.99538783813,0
12630,Male,Kolkata,49.175292843704,7,"₹ 16,895.14",1,0,1,25496.096770584292,0
12631,Female,Kolkata,40.42988494717798,1,"₹ 145,609.56",1,1,1,131762.7577698523,0
12632,Female,DELHI,42.758473508607935,1,₹ 0.00,2,1,0,98846.216601508,0
12633,Male,Pune,46.557450412930024,0,"₹ 79,247.58",1,0,0,68421.08150047467,0
12634,Male,Hyderabad,50.8144779300636,2,"₹ 58,167.15",2,1,1,112150.2432513998,0
12635,Female,Pune,23.218657783293907,6,"₹ 59,008.48",1,1,0,78553.45808549116,1
12636,Female,Kolkata,30.29314113265128,7,"₹ 17,990.91",2,1,1,172728.29452047904,0
12637,M,Kolkata,41.156080395134474,6,"₹ 71,895.85",2,0,1,127313.64765176117,0
12638,Female,Bangalore,18.320083194592616,8,₹ 0.00,2,1,0,140688.03351654392,0
12639,M,Hyderabad,47.058741043241,7,"₹ 35,188.65",2,1,0,37262.45358545672,0
12640,Female,Kolkata,57.490773674145764,7,"₹ 50,558.69",1,1,1,160637.0000033961,0
12641,Male,Hyderabad,65.88214239380738,10,"₹ 99,897.24",2,1,0,54234.42161557133,1
12642,Male,Delhi,46.44629445516373,1,"₹ 69,667.71",1,1,0,12455.393530000089,0
12643,Female,mumbai,73.29577512974944,0,"₹ 37,049.18",2,1,1,61611.44425815681,0
12644,Female,DELHI,44.474343983703506,5,"₹ 41,632.53",2,1,1,119444.54833035015,0
12645,Male,Kolkata,26.148175672303065,6,"₹ 67,201.13",2,0,0,73089.42777272277,0
12646,Male,Delhi,44.16069208415464,5,"₹ 13,639.50",1,0,0,87484.0058217027,0
12647,M,Pune,41.91490692037285,6,"₹ 83,298.26",1,1,1,41427.924019365244,0
12648,Female,DELHI,52.7423645501063,7,"₹ 47,155.40",1,1,1,85302.50157151087,0
12649,Male,Hyderabad,49.05939027637675,1,"₹ 23,743.90",1,1,1,98336.39231323419,0
12650,Male,DELHI,47.98911618776334,0,"₹ 8,152.13",2,1,0,77757.65320862546,0
12651,Male,Chennai,59.503652391079086,9,₹ 0.00,1,0,1,75689.59876541322,0
12652,Male,Bangalore,38.55062592460902,7,"₹ 102,554.25",1,0,1,81129.23447189423,0
12653,Male,Hyderabad,53.08086780580574,7,₹ 0.00,2,0,0,80090.41183951961,1
12654,Male,Delhi,49.212997788063944,7,"₹ 64,385.73",2,1,0,132969.85556479497,1
12655,Female,Kolkata,46.70918175967956,9,"₹ 63,013.87",2,0,1,125890.91692205927,0
12656,Male,Hyderabad,44.01442781541893,6,"₹ 35,698.40",1,1,0,135389.74157999325,1
12657,Female,Mumbai,25.930791842636236,1,"₹ 46,599.23",1,0,1,64794.7563663537,0
12658,Female,Chennai,41.191310466010144,3,"₹ 37,975.33",1,0,0,29842.97683577623,0
12659,Male,Delhi,42.153092024513576,8,"₹ 56,686.09",2,1,1,56692.80990477523,0
12660,Female,Pune,34.159129650657185,7,"₹ 38,326.98",2,0,0,59326.105066414326,0
12661,Male,Mumbai,24.631724827597736,3,"₹ 41,323.48",2,1,1,24184.47885812987,0
12662,Female,Hyderabad,36.65212938153722,7,"₹ 47,517.02",2,0,0,90742.03232254654,0
12663,Male,Bangalore,37.89861990424916,9,"₹ 68,750.02",2,1,0,100543.77639807668,0
12664,Female,Mumbai,24.895315966186416,5,"₹ 67,980.88",1,1,0,31529.26023383782,0
12665,Female,DELHI,24.879627232136755,10,"₹ 46,255.52",1,0,1,27996.1072477641,0
12666,Male,Hyderabad,18.0,8,"₹ 42,410.48",1,0,1,62887.14832721734,0
12667,Male,Delhi,49.426097582708685,0,"₹ 66,895.43",2,1,0,130748.48625070475,0
12668,Female,Hyderabad,,5,"₹ 24,207.30",3,1,1,10000.0,0
12669,Female,Bangalore,45.24153368972928,10,"₹ 15,032.48",2,1,1,114563.16211605073,0
12670,Male,mumbai,38.93528034710375,3,"₹ 9,752.00",1,0,0,88574.78036456436,0
12671,Female,DELHI,24.14986703765618,2,"₹ 57,175.32",1,1,0,10000.0,1
12672,Male,Kolkata,18.0,4,"₹ 82,828.68",1,0,0,59208.84270635604,0
12673,Female,Hyderabad,44.505398195217936,9,"₹ 52,125.95",3,0,1,52665.46098589258,1
12674,Male,Bangalore,,10,"₹ 57,924.12",1,0,1,103771.09630921498,0
12675,Female,Mumbai,32.51387289138497,7,"₹ 34,416.66",3,0,0,57285.955087539965,0
12676,Male,Mumbai,60.83114572338452,10,"₹ 57,809.34",1,1,0,61797.77035963362,0
12677,Male,Delhi,34.666678522493605,9,"₹ 54,107.02",2,1,0,44820.208561436935,0
12678,Male,DELHI,61.27497424280517,5,"₹ 64,486.25",2,0,1,109984.06264540003,0
12679,Male,Mumbai,33.28806069380265,0,₹ 0.00,2,0,0,17444.22784650042,0
12680,Female,Kolkata,18.0,5,"₹ 62,855.58",2,0,0,59088.7458065103,0
12681,Male,mumbai,54.3953355912993,6,"₹ 68,919.66",1,1,1,54974.59682887305,0
12682,Female,mumbai,31.157301301567472,5,"₹ 68,209.68",2,1,0,66028.5478437047,0
12683,Male,Delhi,21.863040138757285,2,"₹ 46,362.91",2,1,0,28378.832451420145,1
12684,Male,Hyderabad,52.223895226910116,10,"₹ 102,652.58",2,1,1,70076.89546435307,0
12685,Male,Mumbai,31.659449395393466,8,"₹ 78,123.23",1,1,1,59179.29073463283,0
12686,Male,Bangalore,23.806501423764505,9,"₹ 93,548.65",1,1,1,46192.57565128963,0
12687,Male,Pune,64.67113793480993,9,"₹ 63,602.10",2,1,0,76356.13198682926,0
12688,Male,mumbai,41.92877958215283,3,"₹ 50,035.09",1,0,0,96966.54289203277,0
12689,Male,Delhi,23.473613636970953,4,"₹ 67,749.17",2,1,1,54356.55727710223,0
12690,Male,Hyderabad,38.05308069438772,4,"₹ 31,218.98",1,1,0,36706.769190259794,0
12691,Female,Chennai,76.98844632940214,2,"₹ 74,848.20",1,1,0,48670.728678605024,0
12692,Female,Delhi,46.68540812519355,1,"₹ 36,379.99",2,0,0,78371.77859647348,0
12693,Male,Bangalore,35.37231778432234,7,"₹ 32,324.04",2,0,0,48080.402807807506,0
12694,Male,Pune,52.520648936057256,6,"₹ 10,512.36",2,1,0,62554.544803861805,1
12695,M,mumbai,38.184917262162045,4,"₹ 80,180.27",3,1,1,43523.78603579855,0
12696,Female,DELHI,37.358887495296685,0,"₹ 110,425.79",1,1,1,52930.30017508183,0
12697,Female,mumbai,35.15447201031036,9,"₹ 91,042.20",1,1,0,67625.33670129428,0
12698,Male,Chennai,57.80923434799553,0,"₹ 77,031.02",1,1,1,85602.24881570446,0
12699,Female,Chennai,47.92131610820842,7,"₹ 77,878.80",1,0,1,45566.22254521101,0
12700,Female,mumbai,66.33365758697657,3,"₹ 76,847.52",1,1,1,45774.13088909252,0
12701,Female,DELHI,49.60327978437248,3,"₹ 46,205.87",1,0,0,91482.20248112257,1
12702,M,Delhi,67.91400570299692,8,"₹ 38,557.38",1,0,0,119405.4437299665,0
12703,Male,DELHI,54.751299556652896,1,"₹ 20,790.70",2,1,0,10000.0,0
12704,Male,Mumbai,41.10077546894218,4,"₹ 105,858.41",2,1,1,68482.2362018486,0
12705,Female,mumbai,42.96936582699964,5,"₹ 43,984.51",1,1,1,82626.75517068898,1
12706,Female,mumbai,,5,"₹ 54,273.90",1,0,0,31630.108183517717,1
12707,Male,DELHI,64.55725877257731,9,"₹ 16,303.39",1,0,0,93565.01673849075,0
12708,Male,Kolkata,68.20136752798939,2,"₹ 26,780.10",1,1,1,10276.596746129071,1
12709,Male,Kolkata,29.888246878997336,9,"₹ 20,464.31",1,0,0,85707.98494546725,0
12710,Male,Bangalore,18.0,5,"₹ 39,222.46",1,1,1,,0
12711,Female,Kolkata,32.35250016274757,9,"₹ 69,130.44",1,1,0,97007.82109637566,0
12712,Female,Chennai,47.482236492118076,9,"₹ 63,989.41",4,1,0,55607.88479369903,0
12713,Male,Mumbai,35.31656367724311,4,"₹ 68,054.88",1,1,1,67511.48593828417,1
12714,Male,mumbai,45.411127909549,7,"₹ 49,523.54",1,1,1,115389.18334046756,0
12715,Male,Chennai,38.23184536895302,3,"₹ 72,463.94",1,1,0,50539.6684724279,0
12716,Male,Bangalore,18.52951224265753,9,"₹ 45,577.08",1,1,1,80929.77212941315,0
12717,Female,Pune,51.43343780937168,9,"₹ 63,682.73",1,1,0,55577.62786231171,1
12718,M,Mumbai,45.46301061817225,2,"₹ 38,219.35",1,1,1,82573.28879235071,0
12719,Female,Kolkata,64.94028636110721,5,"₹ 83,127.65",1,1,1,27210.707597076063,0
12720,Male,Hyderabad,47.39783628657784,9,"₹ 23,149.91",1,0,1,44783.78712497163,0
12721,Female,Delhi,56.739750695244524,8,"₹ 83,796.47",1,1,0,93616.4891457129,0
12722,Female,mumbai,32.71093541651659,7,"₹ 60,857.84",1,0,0,67770.3971624439,0
12723,Female,Pune,50.20512259018415,9,"₹ 95,514.61",2,1,1,145151.05952032312,0
12724,Male,Delhi,57.12868596585863,7,"₹ 30,180.15",1,1,0,117848.19319404202,0
12725,Male,DELHI,53.345480834620126,2,"₹ 43,077.54",2,0,1,,0
12726,Male,DELHI,41.601776006325466,0,"₹ 42,249.76",1,1,1,77920.6096253027,0
12727,Male,Mumbai,50.256747168754536,2,"₹ 24,101.60",1,1,1,43126.33030571703,1
12728,Male,Mumbai,54.341203237170234,2,"₹ 109,181.20",1,1,1,10000.0,0
12729,Male,Mumbai,63.0208285732829,5,"₹ 28,628.47",1,0,1,70145.00312523797,0
12730,Male,Chennai,36.583267647926235,2,"₹ 22,267.70",3,0,1,57221.93523582704,0
12731,Female,Chennai,28.247698030044035,1,"₹ 93,567.16",1,1,0,78192.79007450024,1
12732,Male,DELHI,,8,"₹ 72,988.55",1,0,0,41175.04293265586,0
12733,Male,Mumbai,47.18102271852852,5,"₹ 44,286.77",2,1,0,10000.0,0
12734,M,Bangalore,45.065866461052885,4,₹ 0.00,1,1,1,57555.47361772531,0
12735,Female,Mumbai,54.40976143676427,2,"₹ 101,420.74",1,1,0,,1
12736,Female,mumbai,57.46165116916542,6,"₹ 108,379.06",2,0,1,10000.0,0
12737,F,mumbai,18.0,6,"₹ 68,311.73",1,1,1,49928.54102971998,0
12738,Female,Hyderabad,37.783902647154875,3,"₹ 65,622.73",2,1,1,32220.062989624566,0
12739,M,DELHI,48.183506693717426,9,"₹ 56,133.13",1,1,0,129450.10909907552,0
12740,Male,Mumbai,61.72768284582904,1,"₹ 37,110.40",2,0,1,78880.56496321001,0
12741,Male,Kolkata,44.19929177366638,1,"₹ 86,304.67",3,1,0,72124.57569780505,0
12742,Male,Delhi,65.48177917687069,7,"₹ 38,497.15",2,1,0,46533.67328272748,0
12743,Male,Mumbai,53.27069542579477,3,"₹ 66,736.65",2,1,0,100218.01460158674,1
12744,Male,Bangalore,,6,"₹ 56,544.52",2,1,0,34321.87156506471,0
12745,Female,Hyderabad,43.34663680929597,2,"₹ 49,646.15",1,1,0,153787.06117510758,0
12746,Female,Mumbai,44.63083779042687,8,"₹ 24,429.60",2,1,0,147526.94456516468,0
12747,Female,Delhi,49.96173849145581,9,"₹ 14,151.56",1,1,1,148671.5719869021,0
12748,Male,Delhi,42.069302941081055,8,"₹ 64,834.30",2,1,1,89630.19492545768,0
12749,Female,Chennai,61.68842388895561,6,"₹ 37,048.43",2,1,1,66017.820585691,0
12750,Female,Bangalore,58.19366695933361,6,"₹ 54,335.15",2,1,1,64605.1692337956,0
12751,Male,Bangalore,62.96992471945797,0,"₹ 56,013.20",1,1,1,51615.71195286595,0
12752,Female,Kolkata,29.401530814718434,9,"₹ 59,287.63",1,1,1,96102.80462094734,0
12753,Male,Bangalore,,7,"₹ 46,402.26",2,1,0,49604.34312899763,0
12754,Male,Hyderabad,52.31856550279759,1,"₹ 69,450.99",3,1,0,100558.83655908407,0
12755,Female,Kolkata,43.79075542108779,7,"₹ 47,547.87",2,1,0,51533.286998322335,0
12756,Male,Chennai,48.882610621903716,10,"₹ 42,792.20",2,1,0,109356.30675244692,0
12757,Male,Bangalore,28.23869883898822,1,"₹ 72,161.78",2,0,1,104371.71427744608,0
12758,Female,Chennai,23.130493617189654,0,"₹ 50,800.88",1,1,1,69562.15246458461,0
12759,Female,Delhi,48.488701069406694,10,"₹ 56,967.95",2,1,0,42088.63963377545,0
12760,Male,Mumbai,33.60172754592279,7,"₹ 78,373.93",1,1,0,20373.991691642957,0
12761,Male,Bangalore,55.71158898518725,3,"₹ 62,664.51",1,1,1,88631.18107515379,0
12762,Male,Delhi,35.76942986158197,10,"₹ 77,956.74",2,0,0,43874.56569506741,0
12763,Female,Mumbai,31.687908333169013,9,"₹ 2,569.93",2,0,0,44714.592538007964,0
12764,Male,Mumbai,18.0,5,"₹ 129,293.79",1,1,0,70402.42891756914,0
12765,Male,Delhi,63.71319810471706,9,"₹ 71,616.28",1,1,1,33516.70841358453,0
12766,M,mumbai,55.463256733168976,10,"₹ 67,964.48",2,1,1,85925.69354389494,0
12767,Female,Kolkata,22.56453821498396,9,"₹ 45,860.42",2,1,1,61667.66353651391,0
12768,Male,mumbai,18.0,0,"₹ 5,001.37",1,0,0,86944.44344290414,0
12769,Female,DELHI,36.04385007413168,8,"₹ 71,560.30",2,1,0,138789.71462156728,0
12770,Female,Pune,59.20981559554649,10,"₹ 83,271.96",2,1,0,75149.11981119183,0
12771,Male,Mumbai,37.093739345079165,6,₹ 0.00,1,1,1,62164.80090093892,0
12772,Male,Kolkata,41.893250752537334,4,"₹ 76,576.08",2,1,1,110934.08911718927,0
12773,Female,Mumbai,59.8587936797111,5,"₹ 96,320.28",2,1,0,108350.68333748657,0
12774,Male,Hyderabad,30.175978337661014,2,"₹ 95,111.81",2,1,0,38393.0311315301,0
12775,Female,DELHI,34.768254960939686,8,"₹ 65,936.87",2,1,1,127343.44474555281,0
12776,Male,DELHI,48.2937863601201,1,"₹ 47,660.65",2,0,1,48136.657122078,0
12777,Male,Hyderabad,40.79712048842556,9,"₹ 78,436.46",2,1,0,42562.69680729576,0
12778,Male,Delhi,31.842105791266597,0,"₹ 62,415.93",2,0,0,124490.62794423659,0
12779,Male,Kolkata,55.60874215993513,0,"₹ 60,938.49",2,0,1,123477.74762013703,0
12780,Male,Chennai,52.76756164477587,9,"₹ 34,194.08",1,0,0,65519.08499387045,1
12781,Male,Kolkata,57.48266086077618,1,"₹ 1,605.67",2,0,1,,0
12782,Female,mumbai,42.700466988431224,5,"₹ 75,713.69",1,0,1,46100.38730087204,0
12783,F,Chennai,18.58669003387395,5,"₹ 40,268.13",1,1,1,95505.53757246815,0
12784,Female,DELHI,45.16131987934911,8,"₹ 20,595.81",2,1,0,,0
12785,Female,DELHI,27.42303696435956,9,"₹ 16,633.92",1,1,1,119622.61812215079,0
12786,Male,Delhi,18.0,3,"₹ 44,555.09",2,1,0,68544.94168867017,0
12787,M,Pune,40.87929689516175,7,"₹ 13,311.26",2,0,1,34293.50290405946,0
12788,Male,Kolkata,46.526441218739805,3,"₹ 82,359.01",2,1,1,78409.07239649764,0
12789,M,Delhi,68.9741650162367,2,"₹ 66,246.84",1,1,1,22454.016119208907,0
12790,F,Chennai,26.915931636664396,3,"₹ 83,516.78",2,0,0,92132.93650973002,0
12791,Female,Hyderabad,55.15579506876705,0,"₹ 19,074.88",2,1,0,83847.89290079923,0
12792,F,Mumbai,21.016239590820387,8,"₹ 8,135.31",1,1,0,93085.7736924438,0
12793,Female,mumbai,64.0516751097919,10,"₹ 102,710.38",1,1,1,61052.799918286764,0
12794,Male,Mumbai,34.49031254733078,4,"₹ 25,985.37",1,1,1,21038.37956824845,0
12795,Male,Kolkata,39.977531442363635,6,"₹ 52,864.27",1,1,1,56660.99574404999,0
12796,Female,Hyderabad,40.16971275205412,2,"₹ 27,092.65",2,1,0,16128.980650734615,1
12797,Male,DELHI,56.38438341888803,4,"₹ 25,340.21",2,1,1,119459.79334396386,0
12798,Female,Delhi,23.242898858171827,9,"₹ 67,846.47",1,0,0,39503.171301243914,0
12799,F,Chennai,42.33892223448973,3,"₹ 46,137.95",1,0,0,11308.041741352208,0
12800,Male,Delhi,35.38028437144206,6,"₹ 89,409.98",1,1,0,83757.90322628281,1
12801,Female,Chennai,77.97071775379166,4,₹ 0.00,2,0,1,153717.48541733337,0
12802,Female,Pune,28.72532467159919,1,"₹ 49,466.88",2,1,1,66574.18386574749,0
12803,Female,Pune,18.0,2,"₹ 34,663.28",2,1,1,88991.54325160371,1
12804,M,Delhi,70.41893080550938,7,"₹ 42,628.95",2,0,1,31645.394697334923,0
12805,Female,Chennai,52.3700865767047,2,"₹ 44,717.70",2,0,0,79266.92303556658,0
12806,M,Chennai,33.18937671626395,6,"₹ 69,295.15",1,0,1,10000.0,0
12807,Female,Mumbai,44.51684447948304,4,"₹ 44,436.93",1,1,0,10809.379986343134,0
12808,Male,Delhi,32.98509063952393,6,"₹ 44,746.09",2,1,0,126440.28005418698,1
12809,Male,Bangalore,18.0,9,"₹ 102,257.89",1,1,0,66617.96143380558,0
12810,Female,Kolkata,42.53588124168614,8,"₹ 13,400.36",2,1,0,97487.47760443765,0
12811,Male,DELHI,42.428471077828796,6,"₹ 17,424.37",2,1,1,157582.72823027935,0
12812,Female,Pune,50.09020517079784,5,"₹ 105,718.15",2,1,1,39206.551628670204,1
12813,Female,Bangalore,30.405067593450703,0,"₹ 101,267.84",1,1,1,100814.69492869577,0
12814,Male,Pune,33.37909299438649,3,₹ 0.00,2,0,0,33386.40785989349,0
12815,Female,Hyderabad,39.35150271599869,7,"₹ 114,291.09",2,1,0,49288.45357630179,0
12816,Female,Pune,30.287294300694064,0,"₹ 67,368.16",2,1,0,104434.47782717732,0
12817,Male,Pune,62.051446318570946,5,"₹ 28,743.98",2,0,1,61259.77316317079,0
12818,Male,Mumbai,57.73683903601092,1,"₹ 50,164.38",3,0,1,65751.30270873944,0
12819,Male,Bangalore,37.26172653395852,8,"₹ 37,115.73",1,0,1,38154.903913667535,0
12820,Male,Hyderabad,53.01875443348108,7,"₹ 50,019.65",1,1,1,57460.520647930505,0
12821,Female,Chennai,26.425695975219405,8,"₹ 37,550.15",2,1,0,61249.57218627588,0
12822,Male,Chennai,38.0797202612026,8,"₹ 14,677.08",2,0,0,94055.96917048392,0
12823,Female,Hyderabad,66.9536702927348,1,"₹ 10,345.26",1,1,1,79728.6456369977,0
12824,Male,mumbai,54.688113162528765,1,"₹ 56,455.38",2,1,0,79125.70287345847,0
12825,Male,Delhi,49.33623279272244,8,"₹ 25,983.49",2,1,0,104864.5555345179,0
12826,Female,mumbai,39.62178548828956,1,"₹ 7,289.77",2,1,0,126792.83390657048,1
12827,Female,Bangalore,44.3709325377817,3,"₹ 65,945.27",1,1,1,10000.0,0
12828,Male,Pune,22.97417851704778,1,"₹ 65,626.13",1,0,0,150725.92133109237,0
12829,Male,Chennai,40.14919009435343,0,"₹ 65,642.92",3,0,0,75411.00010936896,0
12830,Male,Mumbai,50.64046592550296,10,"₹ 52,335.08",2,1,0,167739.57212389426,1
12831,Male,mumbai,44.603679235772525,9,"₹ 23,702.68",2,1,0,98940.10514867894,0
12832,Female,Pune,44.60377823014205,6,"₹ 86,105.75",2,0,1,94206.51106859864,0
12833,Male,DELHI,35.18404900873914,10,"₹ 76,443.16",1,1,0,59139.393500998965,0
12834,Male,Delhi,31.38378619863181,4,"₹ 116,880.34",1,1,1,54599.27074710292,0
12835,Male,Hyderabad,30.011621567906033,2,"₹ 87,809.94",2,1,0,124644.86003570961,0
12836,Female,Pune,41.221797962016495,7,"₹ 59,554.49",1,1,0,81667.04624856194,0
12837,F,Delhi,56.01365374929124,4,"₹ 102,998.00",2,1,0,121064.2970924513,1
12838,Male,Delhi,32.12199456386727,0,"₹ 52,216.40",2,1,1,50015.99667556354,0
12839,Female,Chennai,45.61141742602379,8,"₹ 52,462.71",1,1,1,61300.714425124606,0
12840,Male,Chennai,45.232190408615736,4,"₹ 48,578.43",1,0,0,10000.0,0
12841,Male,Bangalore,58.951948739176544,2,"₹ 34,878.81",1,0,1,10000.0,0
12842,Female,DELHI,45.20072864680256,5,"₹ 116,764.50",4,0,1,89347.21713186109,0
12843,Female,Hyderabad,22.682259326528005,7,"₹ 25,069.54",3,1,1,18653.07861103778,1
12844,M,Delhi,76.87315868220276,1,₹ 270.05,1,1,1,110157.15442353356,0
12845,Female,Bangalore,59.57536089357216,10,"₹ 36,010.06",2,0,1,68321.90053674384,0
12846,Male,mumbai,52.247863814224665,2,"₹ 60,957.98",2,1,1,61518.2756019867,0
12847,Female,Kolkata,36.36754793526812,6,"₹ 33,772.05",1,0,1,60698.22744139661,0
12848,Male,Delhi,40.21605040574963,1,"₹ 39,333.76",1,1,1,106003.90379063567,0
12849,Female,Bangalore,23.664182431883066,10,₹ 0.00,1,1,0,128956.49409127895,0
12850,Male,DELHI,39.99400108167359,10,"₹ 12,519.20",1,1,0,10000.0,0
12851,Female,Chennai,47.635447494386135,4,"₹ 10,453.45",2,1,0,93590.96774076296,1
12852,Male,Delhi,44.6218486432733,8,"₹ 75,119.72",1,0,0,101536.19747818317,0
12853,Male,Delhi,71.288352414399,6,"₹ 7,973.77",4,1,0,84535.10675396713,1
12854,Female,Pune,55.064801032626455,2,"₹ 30,504.70",1,1,1,82231.26139453985,1
12855,Male,DELHI,59.60404032822483,1,"₹ 44,327.49",2,0,0,91568.17757302382,1
12856,Female,Hyderabad,53.1024854417472,9,"₹ 17,640.61",1,1,1,129652.02868576621,0
12857,Male,Chennai,47.439584396402466,8,"₹ 58,279.24",1,1,1,82315.93295590697,0
12858,Male,Delhi,51.822202333229214,8,"₹ 63,497.67",2,0,0,16817.82936683795,0
12859,Male,mumbai,18.0,8,"₹ 93,856.45",1,0,0,78898.36976281008,0
12860,Male,Chennai,41.09446166784152,9,"₹ 50,081.42",2,1,1,41689.05397985685,0
12861,Female,mumbai,24.033461209507376,2,₹ 0.00,2,1,0,36208.45867397668,0
12862,Male,Kolkata,27.30077894028648,0,"₹ 32,685.81",2,1,1,68332.86543633539,0
12863,M,Hyderabad,62.90434178137765,8,"₹ 41,469.85",1,0,0,77474.71509328361,0
12864,Female,Kolkata,28.851870171376415,6,"₹ 88,663.87",3,1,0,52556.148509144776,0
12865,Male,Delhi,25.145149018950196,1,"₹ 43,148.11",1,0,0,137744.7595795753,0
12866,Female,Pune,50.843693836922654,5,"₹ 62,217.72",2,1,1,,1
12867,Female,Hyderabad,43.96981219209191,10,"₹ 40,923.32",2,0,0,130924.5922910028,0
12868,Female,Pune,51.69396677946895,8,"₹ 66,243.10",1,1,1,54159.120830260414,1
12869,Male,Bangalore,71.33858031164053,7,"₹ 31,065.29",2,1,1,147799.29640472183,0
12870,Male,DELHI,53.59138043425576,10,₹ 0.00,2,1,0,42538.843767912906,0
12871,Female,Bangalore,21.740851362729742,5,₹ 0.00,2,0,1,109975.46091413703,0
12872,Female,Kolkata,58.99345729868547,5,"₹ 65,249.20",2,1,1,142373.4663890625,0
12873,Female,mumbai,41.70113925497609,7,"₹ 59,842.46",1,0,0,73760.47992168888,0
12874,Male,Kolkata,47.51917839569949,8,"₹ 62,059.57",1,1,1,59123.12168897335,0
12875,Female,Hyderabad,20.198841584112202,7,"₹ 53,564.59",1,1,1,88220.45327357178,0
12876,Male,Hyderabad,52.548772117912634,0,₹ 0.00,1,0,1,82822.84112041691,0
12877,Male,Kolkata,25.47787884771298,1,"₹ 30,604.66",1,1,1,53189.326268579694,0
12878,Male,Delhi,53.013740162029286,5,"₹ 46,986.69",2,0,0,63364.18047388822,0
12879,Female,Kolkata,34.15702793024502,7,"₹ 28,102.92",1,0,0,128220.07080224795,0
12880,Male,Hyderabad,55.83246537985735,3,"₹ 67,069.19",2,1,0,33407.370210352616,1
12881,Male,Hyderabad,25.57417311892236,3,"₹ 45,351.75",2,0,0,144270.71967732703,0
12882,Female,Chennai,21.58847659954964,1,"₹ 69,741.41",2,0,0,35772.60860235796,1
12883,Male,Mumbai,36.87917677939439,9,"₹ 84,654.56",2,1,0,114462.64284054775,0
12884,Male,Pune,48.994795526932954,0,"₹ 63,310.73",3,1,0,141071.08308718418,1
12885,Male,Bangalore,27.8226329618028,9,"₹ 55,073.40",1,1,0,51858.420455366555,0
12886,Female,Kolkata,48.05746101079148,8,"₹ 10,570.61",1,1,1,109406.13106004552,0
12887,Female,Chennai,58.11609284235586,6,"₹ 51,771.28",1,0,0,,0
12888,Male,Delhi,25.145909513509043,8,"₹ 1,906.26",2,1,1,16045.224732785027,0
12889,Female,Hyderabad,48.08060994776355,1,"₹ 13,804.67",2,1,1,87277.52716212727,1
12890,Female,Kolkata,53.096759503555184,9,"₹ 58,690.15",1,1,1,60659.552006363956,0
12891,Male,Hyderabad,42.10681675978144,4,"₹ 12,030.71",2,0,0,107558.8142562294,0
12892,Female,mumbai,43.76274358071204,1,"₹ 118,052.52",2,1,0,88001.01577379733,0
12893,Female,Chennai,23.866566973686073,9,"₹ 77,411.08",2,0,1,147396.38917333342,0
12894,Female,Kolkata,51.56183926563514,6,"₹ 51,489.09",2,0,0,83406.95856078665,0
12895,Male,mumbai,45.91819608100121,8,₹ 0.00,2,1,1,87706.34500946026,0
12896,Female,Chennai,47.25999746542757,2,₹ 0.00,2,1,1,102707.3332962275,0
12897,Female,Kolkata,75.97011975877138,0,"₹ 118,368.20",2,1,0,181468.40334954642,0
12898,Male,Kolkata,41.900016357109564,3,"₹ 33,560.46",1,1,0,112840.99282538041,0
12899,Male,DELHI,49.83981079532147,3,"₹ 85,509.86",1,0,0,65039.122258108204,1
12900,Male,Chennai,64.32168215785131,10,"₹ 34,389.30",1,1,0,74266.99250741044,0
12901,Male,Chennai,44.27559067439783,5,"₹ 20,027.67",2,1,1,21367.12099987694,0
12902,Female,Hyderabad,34.251339330957364,4,"₹ 18,009.70",1,1,0,56232.28847446375,0
12903,Male,Kolkata,50.975676290810945,4,"₹ 3,951.89",2,0,1,10000.0,0
12904,Male,Pune,34.7248902793537,8,"₹ 67,020.41",2,1,0,101643.57321182775,0
12905,Female,Pune,62.99010333435556,10,"₹ 61,415.64",2,1,1,24550.384723683914,1
12906,Male,Pune,52.72078873583242,0,"₹ 33,784.38",1,0,0,70967.47469853965,1
12907,M,Kolkata,32.0840799633733,7,₹ 0.00,1,1,1,53435.295869950554,0
12908,Male,Kolkata,26.29233059641932,7,"₹ 42,508.34",1,0,0,72730.86757863016,0
12909,Male,mumbai,47.34523049850722,10,"₹ 66,817.29",2,1,1,118731.17315393712,0
12910,Male,DELHI,48.832475157075685,7,"₹ 116,278.88",1,1,0,93017.90529950843,0
12911,Male,Chennai,26.32875278357921,2,"₹ 80,741.47",1,0,0,47060.39172155375,0
12912,Male,Hyderabad,56.78616071939347,9,"₹ 55,766.50",2,1,1,10000.0,0
12913,Female,DELHI,54.97875844953812,7,"₹ 24,629.60",2,1,0,73148.09807830933,0
12914,M,mumbai,50.12344220962931,1,"₹ 87,398.83",2,1,0,95755.43659075348,1
12915,Male,Kolkata,56.367118843642416,7,"₹ 53,437.47",2,1,1,50963.39079287197,0
12916,Female,Bangalore,30.15429633120872,7,"₹ 54,748.15",2,1,1,107650.7913018351,0
12917,Female,Chennai,31.028470648348108,2,"₹ 85,426.07",1,1,0,80517.03296518423,0
12918,Female,Pune,41.10406323913375,3,"₹ 42,694.96",1,1,0,127046.41834962717,0
12919,Male,Kolkata,35.483361158522854,8,"₹ 76,910.78",1,1,0,110528.36253760947,0
12920,Male,mumbai,52.53240378039489,8,"₹ 13,981.84",1,1,0,80547.7951090348,0
12921,Male,Bangalore,57.08274626268309,9,"₹ 28,577.01",1,0,1,75025.90084756959,0
12922,Female,Delhi,34.44769176504471,8,"₹ 64,147.03",3,1,1,10000.0,1
12923,Female,Pune,31.98293983083081,9,"₹ 48,204.37",3,1,0,11889.66177114987,1
12924,Male,Hyderabad,57.82196872561141,5,"₹ 42,195.69",1,1,1,33088.24158892577,0
12925,Male,Kolkata,30.270156302355122,0,"₹ 14,339.43",2,1,0,92693.04629754781,0
12926,Female,Mumbai,40.7166467774059,7,"₹ 78,822.90",1,1,1,102163.51822197407,0
12927,Female,Bangalore,29.851792404318786,8,₹ 482.41,1,1,0,59552.37171029346,1
12928,F,Bangalore,36.122120924812236,7,"₹ 76,300.17",2,1,0,118914.79299716972,0
12929,Female,Chennai,22.40429377408763,0,"₹ 51,528.41",2,1,1,145632.19018271545,0
12930,Male,Pune,64.2326273942559,5,"₹ 51,995.79",2,0,1,109318.16082862129,0
12931,Female,Kolkata,60.18463271085717,8,"₹ 48,516.08",3,1,1,96847.16436444953,1
12932,Female,Mumbai,32.89444713223181,8,"₹ 24,062.96",1,1,1,55696.401486566174,0
12933,Male,Pune,51.94589634193882,6,"₹ 48,949.32",2,1,0,29448.97749058499,0
12934,Female,mumbai,23.464229488340976,6,"₹ 60,968.81",1,0,1,43635.70410975673,0
12935,Female,Mumbai,54.326371855174415,3,"₹ 62,363.57",1,0,1,139796.67411932626,0
12936,Male,DELHI,31.739623527308716,6,"₹ 47,002.22",1,1,1,73985.33343086824,0
12937,Female,DELHI,63.26364467036587,9,"₹ 46,605.01",2,1,0,,0
12938,Female,Bangalore,52.66442186176991,4,"₹ 46,383.47",2,1,0,10000.0,0
12939,M,mumbai,39.51675619999783,10,"₹ 42,313.43",2,1,1,49317.67959983966,0
12940,Male,DELHI,38.87704989704669,9,₹ 0.00,1,0,0,35937.69168782204,0
12941,Male,Bangalore,47.16728506861572,4,"₹ 34,385.32",1,1,1,69745.77116547083,0
12942,Female,Kolkata,31.141183842110273,0,"₹ 18,836.04",1,1,1,115637.94651309898,0
12943,Male,Bangalore,61.87364164384256,1,"₹ 45,139.86",2,1,1,,0
12944,Female,Kolkata,49.58973828236796,8,"₹ 22,478.20",1,1,0,63356.68768504683,0
12945,Female,mumbai,59.4654409554267,1,"₹ 60,347.24",1,1,0,119079.67395444104,0
12946,Male,Chennai,18.0,9,"₹ 85,648.33",1,0,0,81557.36151810817,0
12947,Female,Pune,45.241183782694264,10,"₹ 40,408.52",1,1,1,63786.99668066813,0
12948,Female,Bangalore,48.72096911053186,1,"₹ 58,166.32",1,0,1,108375.7971067038,0
12949,Male,Bangalore,44.94810629159593,8,"₹ 35,805.48",1,0,0,58429.286936890254,1
12950,Female,Kolkata,45.33753266339973,2,"₹ 46,901.38",2,0,0,86071.16768030103,0
12951,Female,DELHI,40.18301287515824,1,"₹ 90,823.08",2,1,1,39799.143978469714,0
12952,Female,DELHI,78.8605238238934,6,"₹ 3,642.26",2,1,0,21106.908529098248,0
12953,Female,Bangalore,48.64886838568328,8,"₹ 29,771.98",2,1,0,74234.45561460912,0
12954,Male,DELHI,46.83710400516331,10,"₹ 53,168.43",1,1,0,44962.66819315686,0
12955,Female,DELHI,59.04857589008407,5,"₹ 44,991.03",1,0,1,132897.0465378568,1
12956,Female,Bangalore,36.61422431351962,6,"₹ 38,746.71",1,1,0,132443.8679687395,0
12957,Female,Delhi,25.683257284610633,2,"₹ 14,598.21",1,1,0,37777.585771816244,0
12958,Female,Delhi,58.60768960256336,10,"₹ 62,975.20",2,1,1,76630.99439535488,0
12959,Male,mumbai,39.997379784693656,2,"₹ 46,970.65",2,1,1,143503.8180603192,0
12960,Female,Hyderabad,65.41085363557895,7,"₹ 69,287.74",1,1,1,95138.33146686855,0
12961,Male,Pune,64.47016260128208,6,"₹ 81,172.52",1,1,0,77552.43340502284,0
12962,Male,Hyderabad,18.0,4,"₹ 48,741.57",2,0,1,60463.41899426954,0
12963,Male,DELHI,46.08500904057563,5,"₹ 89,770.34",1,0,1,91351.99459310941,0
12964,M,Mumbai,61.149097214706835,8,"₹ 81,362.76",2,1,0,102029.60405241113,0
12965,Female,DELHI,18.671118005040555,2,"₹ 36,906.61",2,1,0,73180.56646930541,0
12966,Female,Bangalore,50.49089388705614,2,"₹ 93,936.35",2,1,0,142823.47105818847,0
12967,Female,Bangalore,54.86846090498875,10,"₹ 69,681.99",2,1,1,112929.61907149189,0
12968,Female,Pune,44.17849955026675,5,"₹ 88,340.48",1,1,1,126865.56212315611,0
12969,Female,Chennai,44.286848425974654,10,₹ 0.00,1,1,0,99041.60799329054,0
12970,Male,Chennai,62.974711622644726,7,"₹ 70,111.64",2,1,1,83190.87082595666,0
12971,Male,Chennai,22.582082597075573,4,"₹ 59,349.17",3,0,0,109651.1290518836,1
12972,Male,mumbai,57.46664939973167,0,"₹ 25,491.13",3,1,1,113067.67309372078,1
12973,Female,DELHI,,2,"₹ 5,040.98",1,0,1,57645.45371545406,0
12974,Female,Bangalore,64.52577049459032,7,"₹ 45,486.00",2,0,1,69308.26571598504,0
12975,Male,Mumbai,30.77788509280498,3,"₹ 51,498.19",1,1,1,62013.5952286377,0
12976,Male,Mumbai,67.15069135547739,8,"₹ 32,352.10",2,1,1,141789.45526160893,0
12977,Female,Mumbai,24.17356870414617,5,"₹ 27,494.94",2,1,1,134412.50030447144,0
12978,Male,Chennai,40.043998353289,9,"₹ 33,524.86",2,1,1,103006.28492122803,0
12979,Female,Pune,27.55223237358335,3,"₹ 29,797.63",2,0,0,,0
12980,M,Chennai,55.87102229050626,3,"₹ 77,930.19",2,1,0,56066.98645317214,0
12981,Male,Bangalore,33.571003002725114,9,"₹ 25,901.98",2,1,0,105161.05188879528,0
12982,Male,DELHI,62.02083765405072,4,₹ 647.03,2,0,0,40080.894838602355,0
12983,Female,DELHI,19.678331672349184,6,"₹ 73,572.94",2,0,1,36756.467866383144,0
12984,Female,Pune,38.32105465371732,6,"₹ 77,425.37",2,1,0,31291.248288448893,0
12985,Female,mumbai,71.78951979856917,9,"₹ 46,389.45",2,1,1,10000.0,0
12986,M,Mumbai,33.589325189507115,6,"₹ 16,169.13",2,1,0,73558.33399438772,0
12987,Male,DELHI,60.890104533093194,4,₹ 0.00,1,0,1,75460.67041801054,1
12988,Female,Pune,55.444640230300344,8,"₹ 51,044.57",1,0,0,131242.094059168,0
12989,Female,Mumbai,25.38816700110886,1,"₹ 65,379.46",2,1,0,79657.59955382881,0
12990,Female,Chennai,48.17049642129274,7,"₹ 25,615.14",1,0,1,78489.26756023939,0
12991,Male,Kolkata,67.9301530431976,9,"₹ 74,060.71",2,1,1,149002.3278742637,0
12992,Female,Hyderabad,38.8500906297607,7,"₹ 7,052.35",1,1,0,120281.44866652397,0
12993,Female,DELHI,34.65096954810126,2,"₹ 52,144.93",2,1,1,79752.67210921893,0
12994,Male,mumbai,49.9269096032534,4,₹ 0.00,1,1,1,42990.666714114464,0
12995,Male,Pune,41.77843840593867,7,"₹ 21,534.33",2,0,0,29843.792833933207,0
12996,Female,mumbai,22.560521320804522,9,₹ 0.00,1,1,0,69222.00601499103,0
12997,Male,Chennai,41.672905638908276,8,"₹ 66,923.47",2,0,0,151742.3753655735,0
12998,Male,DELHI,37.72033169321822,6,"₹ 60,232.19",1,0,0,35772.84057843138,0
12999,Male,Bangalore,42.989351821104165,3,"₹ 123,466.99",2,0,1,10000.0,0
13000,Female,Chennai,18.0,3,"₹ 55,827.81",2,1,0,20098.96664953253,0
13001,Female,Chennai,50.464886323498106,2,"₹ 37,107.07",1,0,1,72653.87426123297,0
13002,Female,Pune,,10,"₹ 19,059.64",1,1,1,93751.79591681925,0
13003,Male,mumbai,56.20039986133035,7,"₹ 79,574.21",1,1,0,130371.40225653621,0
13004,Female,Pune,61.08162711145732,5,"₹ 129,286.35",1,0,1,127558.89623473528,1
13005,Female,Mumbai,18.0,9,"₹ 80,270.03",1,1,1,,1
13006,Female,Kolkata,64.42525705203563,5,"₹ 56,351.56",1,1,1,69776.87299501996,0
13007,Female,mumbai,43.24693622758302,9,"₹ 52,093.29",3,0,0,110692.31277306429,0
13008,Male,Kolkata,61.15441678830092,9,"₹ 1,051.81",1,0,0,67557.8966063386,0
13009,Female,Pune,58.967227970586954,8,"₹ 76,393.23",2,0,1,43744.37246628829,0
13010,Male,Bangalore,23.3207999488531,10,"₹ 28,454.99",1,0,0,53941.02320190423,0
13011,Female,DELHI,32.20371303956475,2,"₹ 13,952.40",2,1,1,140383.50601389396,0
13012,Male,Chennai,69.21318383269897,3,"₹ 44,384.23",2,1,0,51118.250597242404,1
13013,Male,Chennai,26.391418632755702,2,"₹ 26,629.78",1,0,0,38462.90552450754,1
13014,Male,Kolkata,50.41386744583994,2,"₹ 22,284.33",2,1,0,94271.15489951913,0
13015,Female,mumbai,33.66161643670426,0,"₹ 35,333.05",2,1,1,89215.94327985901,0
13016,Male,DELHI,31.440237451444787,9,₹ 0.00,1,1,1,10124.196242687598,0
13017,Female,Hyderabad,44.71981148519975,5,"₹ 42,185.22",2,0,0,109149.72640967698,0
13018,Male,Kolkata,77.87049443717405,8,"₹ 57,230.54",2,0,0,68999.18895840443,0
13019,Male,mumbai,56.52135648708344,4,"₹ 20,311.55",1,1,1,147439.27181014302,0
13020,Female,mumbai,29.1946076409357,9,"₹ 90,416.48",2,1,0,57867.03009712958,0
13021,Male,Delhi,47.9317502015767,1,"₹ 32,833.26",2,0,0,89361.9145528092,0
13022,Male,Chennai,18.0,9,"₹ 17,662.65",3,1,1,111314.07053034335,0
13023,Female,DELHI,18.0,3,"₹ 74,507.94",2,0,1,107838.4293496866,0
13024,Male,Mumbai,47.536902346280115,5,"₹ 51,935.21",1,1,0,54823.59513204162,0
13025,Male,Kolkata,55.72420030173515,6,"₹ 90,256.16",2,1,1,38350.52944088167,0
13026,Male,DELHI,68.41526993415714,6,"₹ 98,221.41",1,0,0,99412.84187511467,0
13027,Female,Delhi,50.59377834211264,3,"₹ 8,556.46",1,1,1,75899.29866355633,0
13028,Female,Delhi,45.09589054629991,9,"₹ 116,789.68",2,1,0,128696.42410792262,0
13029,Female,DELHI,39.916564876313714,9,₹ 0.00,1,1,1,95665.48350380443,0
13030,Female,mumbai,52.917001746763006,4,"₹ 11,951.66",2,0,1,101511.77937664615,0
13031,Male,Hyderabad,26.760941242361895,3,"₹ 9,897.58",2,1,1,41514.128208382244,0
13032,Male,DELHI,34.825830131683404,9,"₹ 90,458.20",1,0,1,117200.44120923497,0
13033,Female,Kolkata,27.2731760276212,5,"₹ 65,572.14",2,1,1,125232.3797066595,0
13034,Male,Mumbai,37.13730262553688,10,"₹ 58,290.70",1,0,0,87440.57766213853,0
13035,Male,Chennai,34.12852978920347,6,₹ 0.00,1,0,1,70097.30660777134,0
13036,Male,Delhi,33.112615165118,1,"₹ 49,319.13",1,0,1,90647.64944215077,0
13037,Male,Bangalore,35.40185871000706,9,"₹ 123,145.94",2,1,0,42601.54249262195,0
13038,F,Bangalore,48.16211083044937,2,"₹ 65,467.15",1,0,0,10000.0,1
13039,Male,mumbai,64.03493962714063,10,"₹ 40,155.65",2,1,0,10000.0,0
13040,Female,Chennai,49.324025306134395,7,"₹ 82,438.29",1,1,1,29002.732060663344,0
13041,Male,Delhi,36.400993277457744,6,"₹ 54,370.89",1,0,0,65989.3753183694,1
13042,M,Bangalore,51.57010837553474,0,"₹ 35,002.77",1,1,0,137412.27161766,0
13043,Male,Bangalore,46.6535215557914,3,"₹ 29,621.00",1,1,1,82290.63855996975,0
13044,Male,Hyderabad,47.53903104494411,4,"₹ 66,269.03",1,0,0,104974.05735268223,0
13045,Female,DELHI,44.65285663552573,2,"₹ 41,562.05",2,1,1,76540.41767964466,0
13046,Female,Pune,70.88613228161674,3,"₹ 55,012.47",2,0,0,53096.8487604629,0
13047,Male,Chennai,46.481951812195,9,₹ 0.00,2,0,1,65012.08373881714,0
13048,Male,Pune,36.579697381309956,9,"₹ 46,715.83",2,0,0,50920.167295540334,0
13049,Male,Mumbai,33.34197143927637,9,"₹ 18,195.67",1,1,0,36510.346091752785,0
13050,Male,DELHI,58.521311708021955,6,"₹ 81,115.40",2,1,0,108026.10874002088,0
13051,Male,Mumbai,27.20299640583057,7,"₹ 18,227.09",2,1,0,69586.43033789456,0
13052,Male,Kolkata,65.35487253585221,8,"₹ 27,043.05",1,0,0,44605.34206634948,0
13053,Male,Delhi,18.0,1,"₹ 9,430.18",2,1,0,87119.87637975736,0
13054,Male,Pune,63.39424507988515,3,"₹ 74,867.97",1,1,0,116481.29526366325,0
13055,Female,mumbai,56.95845953015303,0,"₹ 65,510.13",2,1,1,45608.85314057239,0
13056,M,Kolkata,38.40653238665194,2,"₹ 17,104.37",1,0,1,119306.91251510312,1
13057,Female,Chennai,,7,"₹ 22,221.99",1,1,0,85853.26013584803,0
13058,Male,Delhi,63.482234552939005,6,"₹ 73,782.14",2,1,0,117846.57629574306,0
13059,Male,Bangalore,71.99224863388014,7,"₹ 111,287.73",2,0,1,133778.20577287924,0
13060,M,Pune,35.795996222361666,10,"₹ 63,436.09",2,1,0,29338.400519047696,0
13061,Male,DELHI,53.70655786550692,5,"₹ 84,446.66",1,1,1,17011.79829532774,1
13062,Male,DELHI,59.69245334680171,4,"₹ 42,080.12",2,1,0,53688.728389155935,1
13063,Female,Kolkata,54.044042303477056,9,"₹ 18,128.60",2,1,1,,0
13064,Female,Kolkata,45.81469738100892,8,"₹ 44,975.86",3,0,1,90318.17122332854,0
13065,Female,Bangalore,39.1525522900355,4,"₹ 82,576.41",2,1,0,92867.31574286197,0
13066,Male,Hyderabad,49.170152284212605,8,"₹ 33,012.90",2,1,1,163044.9909825392,0
13067,Male,Pune,18.0,3,"₹ 39,607.34",3,1,1,10000.0,1
13068,M,Mumbai,65.1111697344806,4,"₹ 116,745.01",1,1,1,87367.08270607948,0
13069,Male,Chennai,19.39864771904283,0,"₹ 102,916.18",1,1,0,117567.56674393825,0
13070,Female,Pune,32.422677786342284,5,"₹ 54,298.31",1,0,1,35584.613792527605,0
13071,Female,Pune,39.940175351723354,2,"₹ 85,381.83",1,1,0,62345.18668461552,1
13072,Female,Bangalore,30.01982138949764,10,"₹ 14,334.35",2,0,0,128246.89663519379,1
13073,Male,Pune,28.076264831823263,9,"₹ 69,948.33",3,0,0,18800.197038273793,0
13074,Male,Pune,66.14214452019525,1,"₹ 53,204.88",2,1,0,99524.78539586152,0
13075,Female,mumbai,71.94539638578667,5,"₹ 62,645.43",1,1,0,135034.96985500443,0
13076,Female,mumbai,68.22774669448809,0,"₹ 9,665.73",2,1,0,10000.0,0
13077,Female,Delhi,57.532764877353145,8,"₹ 3,500.38",2,1,0,57588.29663527673,0
13078,Male,Chennai,81.96829080332955,4,"₹ 33,187.92",2,1,1,145535.5591828255,1
13079,Male,mumbai,41.005470910650125,6,"₹ 8,991.35",2,0,0,100615.12247331874,0
13080,Female,Chennai,39.56585386368426,10,"₹ 21,517.05",2,0,1,90096.13358862979,0
13081,Female,DELHI,45.16898120393044,9,"₹ 127,579.30",4,0,1,118221.62467239662,0
13082,Female,Bangalore,66.4356090692177,8,"₹ 86,947.46",1,1,1,36788.11105952377,0
13083,Male,Bangalore,53.79038680060007,8,"₹ 60,392.91",1,0,1,63304.762914062754,0
13084,Female,mumbai,70.9120921220925,6,"₹ 63,504.96",2,1,1,72425.01980926306,0
13085,Female,DELHI,,3,"₹ 62,510.25",1,0,0,89579.95958526005,0
13086,Female,Mumbai,22.52147804316091,3,"₹ 44,272.11",1,1,0,60247.23445309769,1
13087,Male,Delhi,34.901307337280194,6,"₹ 59,706.98",1,1,0,10000.0,0
13088,Male,Bangalore,60.370971176973825,7,"₹ 78,408.63",2,1,1,97699.43904259383,0
13089,Female,Delhi,37.58069261655401,6,"₹ 43,077.43",1,1,0,48354.90729672522,1
13090,Male,Bangalore,46.430423083490695,10,"₹ 93,314.63",2,0,1,88125.5167843875,0
13091,Male,DELHI,48.70145510783876,9,"₹ 42,698.21",2,1,1,82174.99763731322,0
13092,M,Pune,72.1227553559406,3,"₹ 20,228.69",1,1,1,53772.31000499194,0
13093,Male,Hyderabad,58.191779335905814,3,"₹ 57,869.97",4,1,0,46323.54253562716,1
13094,Female,Pune,55.24950114832395,7,"₹ 44,224.40",2,1,1,164361.1623487754,0
13095,Male,Mumbai,47.36963127848238,8,"₹ 42,339.39",2,1,0,143861.8819955684,0
13096,Female,Bangalore,32.53596467510904,6,"₹ 76,403.54",2,1,0,79294.51419579184,1
13097,M,Mumbai,48.63891472712879,2,"₹ 39,100.39",2,1,1,119253.3939716102,0
13098,Male,mumbai,77.63601790731991,9,"₹ 22,003.24",1,1,1,104166.87711490098,0
13099,Male,mumbai,52.6984871347516,0,"₹ 38,289.62",1,0,0,110595.90595550287,1
13100,Male,Kolkata,36.72872251053424,4,"₹ 27,813.19",2,1,0,85578.36622324376,0
13101,Male,Chennai,38.720932050010234,5,"₹ 27,474.67",2,1,0,114069.54497750971,0
13102,Female,mumbai,66.27950346377952,10,"₹ 79,360.00",1,1,1,121654.39451232407,0
13103,Female,mumbai,37.01257113670509,8,"₹ 19,330.58",2,1,1,116396.30430953877,0
13104,Male,Bangalore,41.98797532417577,4,"₹ 53,556.95",1,1,1,10000.0,0
13105,Male,Kolkata,27.87054608270481,0,"₹ 40,033.38",1,0,0,82125.15258176817,0
13106,Male,Bangalore,40.830893862692534,10,"₹ 46,701.17",1,1,1,157340.8217269683,0
13107,Female,Delhi,52.095068257331995,10,₹ 0.00,2,1,0,109218.66399689371,0
13108,Male,Mumbai,40.55225617338471,3,"₹ 69,314.51",2,1,0,36006.74543466086,0
13109,Female,Delhi,45.36953328314923,1,"₹ 41,581.89",1,1,1,13617.731508116325,0
13110,Female,DELHI,27.705988493812743,3,"₹ 79,145.14",1,0,1,,0
13111,Female,DELHI,36.644286712619476,6,"₹ 61,993.71",1,1,1,10000.0,0
13112,Male,Bangalore,76.98267786141068,8,"₹ 51,453.79",1,0,0,94883.69891263386,0
13113,Female,Hyderabad,42.99049356351074,2,"₹ 50,222.21",2,0,1,78084.6852531506,0
13114,Male,Hyderabad,50.44388188084374,2,"₹ 117,184.00",1,1,0,49996.422910285866,0
13115,Male,Delhi,32.96875051318545,10,"₹ 25,907.41",2,1,1,131309.10953063503,0
13116,Female,mumbai,45.775850771500664,3,"₹ 58,762.70",1,1,0,70584.04449033497,0
13117,Female,Bangalore,40.940443976046836,6,"₹ 57,165.33",1,0,0,47520.85590732337,0
13118,Male,Delhi,61.50428743623773,5,"₹ 1,593.98",2,1,0,125530.80223429929,0
13119,Male,Bangalore,60.79194699331197,4,"₹ 48,233.77",2,1,0,91121.01686438169,0
13120,Male,Delhi,62.37650730857198,3,"₹ 3,274.37",1,1,1,62924.71748354801,0
13121,Male,DELHI,46.204425770530314,7,"₹ 47,962.61",2,1,1,22051.53603827746,0
13122,Male,Kolkata,75.59772862110961,3,"₹ 1,320.83",2,1,1,74257.60106748538,0
13123,Male,Bangalore,57.05678101495337,2,"₹ 61,439.38",1,1,0,42871.115867524044,0
13124,Male,Kolkata,23.556963203236776,6,"₹ 12,203.41",1,1,0,108945.62912834971,0
13125,Female,DELHI,68.1371873814665,1,"₹ 49,643.56",1,0,0,21268.4098621616,0
13126,Female,Hyderabad,44.91371509707196,3,"₹ 1,265.72",1,0,1,125797.67117010764,0
13127,Female,Pune,62.07696386598608,7,"₹ 64,267.58",2,1,0,127576.10190653482,1
13128,Male,Mumbai,29.207878301223005,3,"₹ 47,643.15",2,0,0,73191.22864617412,0
13129,M,Mumbai,43.93175692765775,9,"₹ 44,480.77",1,1,1,111305.5703598148,0
13130,Female,Mumbai,56.24933199231522,6,"₹ 54,201.18",2,0,1,122453.50326317333,0
13131,Female,DELHI,48.65954770705011,1,"₹ 65,712.89",2,1,0,50645.836266116006,0
13132,Female,DELHI,42.75884542603224,10,"₹ 24,221.45",2,1,0,100922.73054954132,1
13133,Female,Hyderabad,18.0,4,"₹ 49,489.39",2,1,1,111516.51358226365,0
13134,Female,Pune,33.90225630647694,3,"₹ 36,011.86",2,1,1,51325.080829734216,0
13135,Male,Chennai,30.341948396222655,8,"₹ 89,060.77",2,0,0,121386.028592507,1
13136,Female,Mumbai,18.0,6,"₹ 37,752.35",2,1,0,102299.49463758463,0
13137,Female,mumbai,34.358701657945105,8,"₹ 25,868.72",1,1,0,121539.93068975277,0
13138,Female,Mumbai,72.8807278579074,10,"₹ 4,864.46",1,1,1,107027.01201055053,1
13139,Female,Chennai,62.364280215747186,9,"₹ 41,976.54",2,0,1,130340.85660258193,0
13140,Male,Bangalore,32.47227507996313,6,"₹ 29,274.00",1,1,0,93143.28010364005,0
13141,Male,Hyderabad,36.17518447559854,1,"₹ 60,841.39",1,0,0,60550.751848162516,0
13142,Female,Kolkata,36.20590761625797,1,"₹ 56,661.92",1,1,1,72058.80364167113,0
13143,Female,Kolkata,56.34078031127854,1,"₹ 65,933.85",2,1,1,62195.06904756285,0
13144,Female,Chennai,51.07497298774254,4,"₹ 12,225.26",2,1,0,64729.03128230132,0
13145,Male,Mumbai,34.318221968512304,0,₹ 0.00,1,1,1,116547.28740981605,0
13146,Male,Kolkata,36.05033380657514,6,"₹ 49,970.56",1,0,0,77502.06125596575,0
13147,Female,Chennai,61.2193018899068,1,"₹ 74,695.52",2,0,1,87069.37155885655,1
13148,Female,DELHI,67.8657685430473,3,"₹ 38,191.22",1,1,1,10000.0,0
13149,Female,Delhi,31.550800965056993,8,"₹ 103,552.00",1,1,0,89971.42346027415,0
13150,Male,DELHI,43.24463103515159,7,"₹ 46,296.19",1,0,1,88466.04494294924,0
13151,Female,Mumbai,46.926206740202524,9,"₹ 27,923.42",3,1,0,87511.82460036836,1
13152,Male,Chennai,42.164849707644194,1,"₹ 62,493.31",2,1,0,10000.0,0
13153,Female,Bangalore,61.953950278166175,3,"₹ 91,430.78",1,0,0,59494.91272869239,0
13154,Male,Kolkata,42.71570067318332,3,"₹ 48,706.65",1,1,1,17962.745964072674,0
13155,Male,Kolkata,73.62201365524068,1,"₹ 72,610.42",2,1,1,54535.53339532815,0
13156,Female,Kolkata,63.014662962684724,1,"₹ 37,318.87",2,1,1,73709.74152578258,0
13157,Female,Chennai,34.70440261191619,4,"₹ 37,996.90",2,0,0,83125.18856656339,0
13158,Male,DELHI,46.002486623046096,10,"₹ 83,558.01",2,1,1,67472.71575622937,0
13159,Female,Bangalore,30.351499458347092,3,₹ 0.00,2,1,1,68491.92331803196,0
13160,Male,Chennai,39.12751434323236,7,"₹ 18,528.45",3,1,1,69259.27128419187,1
13161,Male,Mumbai,58.060271842386015,3,"₹ 67,417.45",2,0,0,30052.78493825034,0
13162,Male,Hyderabad,48.686125020027625,7,"₹ 39,691.99",2,0,1,53621.975476997155,0
13163,Male,Mumbai,76.68786050227413,4,"₹ 58,955.40",1,1,1,110940.32295278327,0
13164,Female,Delhi,26.670799093050285,0,"₹ 65,988.34",2,1,1,130880.48636381366,0
13165,Male,Hyderabad,44.50551530671381,8,"₹ 10,455.69",2,1,0,76066.20118506481,0
13166,Male,Mumbai,37.41347420222858,7,"₹ 10,209.14",1,1,0,98564.170707084,0
13167,Female,Bangalore,40.25825750284159,0,"₹ 84,588.22",2,1,1,65390.41695168606,1
13168,Male,Pune,45.6285725207379,2,"₹ 38,416.05",1,1,0,56158.86141700111,0
13169,Female,Pune,34.845949577407616,2,"₹ 29,725.24",2,0,1,54206.23407595212,0
13170,Male,Pune,59.368611683320495,4,"₹ 61,106.01",1,1,0,167579.2043346236,0
13171,Female,Delhi,71.27118297335295,6,"₹ 79,381.06",3,1,1,41370.29623866873,1
13172,Male,Delhi,18.0,0,"₹ 73,358.33",3,1,1,104206.33766101161,0
13173,Male,Pune,65.89355277303979,0,"₹ 63,854.65",2,1,1,31496.8322946373,0
13174,Male,Kolkata,82.75187770066518,9,"₹ 84,729.47",1,1,1,170216.27553150587,0
13175,Male,Hyderabad,47.845787943094344,5,"₹ 65,287.79",1,0,1,118506.59060301026,0
13176,Male,Hyderabad,35.84062557694364,4,"₹ 33,376.49",1,1,0,88796.3015364166,0
13177,Female,Kolkata,36.417317234869586,2,"₹ 57,864.70",1,0,1,147261.78835262667,0
13178,Female,DELHI,40.383107319779214,2,"₹ 73,500.18",1,1,1,89339.97692034223,0
13179,Female,Pune,51.45612687646798,3,"₹ 25,721.98",2,1,0,112351.63333912849,1
13180,Female,Kolkata,38.588665829595485,10,"₹ 32,972.48",1,0,1,128723.57979394155,0
13181,Male,Chennai,43.80211626388573,9,"₹ 55,914.20",2,0,1,73694.60492280308,0
13182,Male,Hyderabad,30.66147384873862,1,"₹ 70,617.48",2,1,1,79789.34869771422,0
13183,Male,Chennai,38.148096829249404,8,"₹ 49,302.31",1,1,0,84708.39493391942,0
13184,Male,Kolkata,38.81675487312589,3,"₹ 57,737.64",1,1,1,38616.33561042247,0
13185,Female,Kolkata,44.4646805671568,9,₹ 0.00,2,1,0,66465.2227380784,0
13186,Female,Mumbai,23.17143069166272,2,"₹ 97,978.88",1,1,0,61037.72789609676,0
13187,Male,Mumbai,40.05216296440024,9,"₹ 73,268.32",2,1,1,116525.39907151139,0
13188,Male,Bangalore,41.7828262628412,10,"₹ 71,833.17",1,1,1,34299.15097014863,0
13189,Female,Bangalore,47.771649182794036,6,"₹ 69,267.17",2,1,0,111370.46903009161,0
13190,Female,Delhi,65.97810238731887,8,"₹ 71,921.55",1,1,1,94787.95325342249,0
13191,Male,Delhi,43.479778155945475,1,"₹ 91,731.69",2,1,1,21342.012144947752,1
13192,Female,Pune,26.74113372167102,5,"₹ 83,568.84",1,1,0,107719.64665228772,0
13193,M,Mumbai,46.9810969878027,4,"₹ 62,843.43",2,1,0,106111.37541733087,0
13194,Male,Pune,34.36818101075295,0,"₹ 74,170.33",1,0,0,59359.257311824804,0
13195,Male,Kolkata,33.97987311824083,10,"₹ 58,331.33",1,0,0,78231.51736224996,0
13196,Female,Pune,40.561190950778794,6,"₹ 27,173.84",1,0,0,42820.02981374295,0
13197,Female,Kolkata,37.20815184612263,0,"₹ 34,753.69",1,0,1,148434.1110524825,0
13198,Female,Hyderabad,29.024353233244064,9,"₹ 37,390.15",2,0,0,75082.8332261418,0
13199,Male,Mumbai,37.72199036876791,8,"₹ 44,897.52",1,1,0,79943.01340824633,0
13200,Male,Bangalore,51.835479968996495,3,"₹ 42,876.47",1,1,1,87599.32638416624,0
13201,Female,Pune,45.60803217247607,7,"₹ 15,354.06",1,1,1,101171.38296681194,0
13202,Female,Mumbai,30.10969225642478,0,"₹ 56,319.17",1,1,0,96587.21458754173,0
13203,Male,Hyderabad,32.09352510994451,4,"₹ 72,136.64",1,1,0,83867.47774903437,0
13204,Female,Chennai,46.84882206136853,2,"₹ 36,033.74",2,1,1,66726.324313991,0
13205,Female,Bangalore,30.192360677100353,3,"₹ 40,265.49",1,1,1,93834.0234338773,0
13206,Female,mumbai,31.548092994300312,3,"₹ 72,631.13",1,0,1,104121.40216827646,0
13207,Female,Mumbai,36.43471535012207,7,"₹ 55,682.14",2,1,1,106082.26368372326,0
13208,Female,DELHI,30.422141839103503,9,"₹ 76,442.96",1,0,1,102939.69759212913,0
13209,Male,Mumbai,46.51099186850215,9,"₹ 72,054.63",1,0,0,88155.71529658331,0
13210,Female,Kolkata,40.384848058283296,2,"₹ 26,268.19",3,1,1,112705.27667099581,0
13211,Male,DELHI,66.06362835885348,0,"₹ 56,791.88",2,0,0,29855.967668969308,1
13212,Female,Pune,27.572635531754994,4,"₹ 68,003.57",2,0,0,22131.02633477455,0
13213,Male,Hyderabad,62.26162948651425,1,"₹ 29,107.12",2,0,0,10000.0,0
13214,Female,DELHI,48.56006661190071,10,"₹ 14,992.82",2,0,1,92386.0442036266,0
13215,Male,Pune,67.36582278325432,5,"₹ 49,449.43",1,0,0,159829.10936464558,0
13216,Male,Pune,65.33039189057986,3,₹ 0.00,1,1,0,124720.16477389302,0
13217,Male,Pune,38.593887891970425,8,₹ 0.00,2,1,1,70275.92797711308,0
13218,Male,Kolkata,23.866989977599886,6,"₹ 68,023.73",2,1,1,85116.81281110192,0
13219,Female,DELHI,42.78676630874671,1,"₹ 27,204.92",1,1,1,48067.78076277656,0
13220,Female,Delhi,18.0,6,"₹ 40,945.26",1,1,1,129418.70912942741,0
13221,Female,Hyderabad,54.89489035617706,9,"₹ 57,234.96",2,1,0,82831.0666895328,1
13222,Male,Chennai,47.27349718682539,7,"₹ 48,783.42",2,1,1,67697.61361714418,0
13223,Male,Mumbai,36.015925425039015,2,"₹ 26,990.30",2,1,0,60502.51761782025,0
13224,Male,Kolkata,38.25656806369405,2,"₹ 108,792.07",2,0,1,92423.31626133519,0
13225,Male,Bangalore,29.668218724781592,10,"₹ 47,644.43",1,1,0,26801.785941854097,0
13226,Female,Chennai,44.52003436881159,1,"₹ 132,701.83",1,1,0,52055.36493138732,0
13227,Male,Hyderabad,30.120745797047626,0,"₹ 21,806.66",1,1,0,117669.28017602564,0
13228,Male,Kolkata,44.443329932675624,2,"₹ 38,697.41",3,1,0,10000.0,1
13229,Male,Chennai,50.29651163985032,9,"₹ 50,738.04",2,1,1,23047.73244692997,0
13230,Male,Mumbai,54.75040046966376,10,"₹ 52,234.80",2,0,0,120040.71317788186,0
13231,Female,Pune,51.682049472641545,6,"₹ 79,701.43",1,1,0,127890.11568921772,1
13232,Female,Pune,40.52682470979398,10,₹ 0.00,2,1,0,125273.6982998279,0
13233,Male,Hyderabad,51.66158949973146,8,"₹ 95,813.22",2,0,1,79647.66663002783,0
13234,Male,Mumbai,47.026735091515874,8,₹ 0.00,2,1,1,89185.736455149,0
13235,Male,Chennai,46.902280059159594,5,"₹ 26,680.76",2,1,1,114711.13811051974,1
13236,Male,mumbai,29.603089307451775,5,"₹ 51,555.34",1,1,0,63388.68761891639,0
13237,Male,Pune,26.27561371287193,10,"₹ 62,306.38",2,1,0,72024.52828007031,0
13238,M,Delhi,48.869337770303076,4,"₹ 44,017.81",1,0,0,30204.60867788091,1
13239,Female,Chennai,52.295084906576534,1,"₹ 35,642.99",1,0,0,40350.163069670154,0
13240,Female,Pune,35.684076409675065,6,"₹ 50,217.85",3,1,1,94033.92513388253,0
13241,Male,Chennai,62.613558291106244,0,"₹ 38,068.05",1,1,1,74611.09334066969,0
13242,Male,Hyderabad,78.20115263441866,5,"₹ 82,507.73",2,0,1,56660.71195441448,0
13243,Female,Bangalore,71.3027300393507,3,"₹ 70,750.73",1,1,0,130773.4755968728,0
13244,Female,Pune,41.00027772726342,2,"₹ 63,402.08",2,1,1,48890.06862676415,1
13245,Female,Chennai,38.50494778746819,10,"₹ 80,684.16",1,1,0,63250.43730401126,0
13246,Male,Bangalore,56.802466204515675,0,"₹ 60,444.46",2,1,0,81163.0017006813,0
13247,Female,Bangalore,55.18296491964137,5,"₹ 42,843.10",2,1,0,74564.34354267549,0
13248,Male,Delhi,28.30259396638659,6,"₹ 1,739.63",1,1,0,70568.88579618368,0
13249,Female,Bangalore,,10,"₹ 105,901.17",2,1,0,34156.347397867554,1
13250,Female,Mumbai,54.92328137112915,0,"₹ 83,688.74",1,1,1,97763.47074108792,0
13251,Female,Bangalore,31.555893471684435,10,"₹ 13,720.90",2,1,1,77360.25258795432,0
13252,Male,mumbai,33.83025265380713,0,"₹ 71,969.90",2,1,1,95773.65543470612,0
13253,Female,Chennai,36.094728673344704,6,"₹ 63,828.46",1,1,0,84137.88705749855,0
13254,Male,Bangalore,39.01116196737548,10,"₹ 21,701.64",2,1,1,155452.98540352765,0
13255,Male,DELHI,21.461083673430853,5,"₹ 91,559.15",2,1,1,124349.73704991648,1
13256,Male,Mumbai,55.39382096215562,6,"₹ 54,960.10",1,0,0,36831.621384135535,0
13257,Female,Kolkata,33.98797296441418,7,"₹ 15,561.01",3,1,1,169310.03011124936,0
13258,Male,Mumbai,48.03565616345854,7,"₹ 13,469.40",1,1,0,63807.96062132965,0
13259,Male,Hyderabad,46.42632207498207,8,"₹ 62,479.15",2,0,0,57530.3834311641,0
13260,Female,Kolkata,29.824205580061587,8,"₹ 21,354.17",1,0,1,59196.391953853425,0
13261,Male,Delhi,18.50713931322431,6,"₹ 27,949.78",1,1,1,61018.78167165046,0
13262,Female,Mumbai,46.33698458418168,8,"₹ 62,739.09",2,0,0,54314.922406274185,0
13263,Male,Hyderabad,38.46375246142749,5,"₹ 30,181.91",2,1,1,97621.86205352392,0
13264,Male,Mumbai,51.83236572306798,8,"₹ 35,905.13",1,0,1,104975.7065925026,1
13265,Female,Bangalore,57.18331966631845,10,"₹ 26,303.99",2,1,0,73130.31270940701,1
13266,Male,Pune,18.0,1,"₹ 70,175.01",2,1,1,55082.09173937776,0
13267,Male,Pune,41.53402909754598,10,"₹ 87,154.54",1,0,1,86296.75777087503,0
13268,Female,Hyderabad,60.62625211268527,1,₹ 0.00,2,0,1,76862.06092934478,1
13269,Female,Mumbai,66.5590994512913,5,"₹ 20,475.96",2,1,1,13145.443851489617,0
13270,Female,Hyderabad,18.0,2,₹ 0.00,2,0,0,108962.16294545433,1
13271,Male,Delhi,62.27955775604785,1,"₹ 53,795.17",2,1,1,70674.60809767245,0
13272,Male,Pune,29.857422698108323,7,"₹ 56,146.02",1,0,0,121404.83160585594,1
13273,Female,DELHI,55.58907204664947,6,"₹ 21,508.50",2,1,0,34104.979667846324,0
13274,Female,Kolkata,36.76636834897175,7,"₹ 36,898.58",2,1,1,84185.68238981707,0
13275,Female,Bangalore,56.200334399029686,5,"₹ 63,739.75",1,1,1,113417.23351483725,0
13276,Female,DELHI,39.573548515954045,8,"₹ 96,564.10",1,0,1,117210.79521218287,0
13277,Female,DELHI,23.422704426266115,8,"₹ 27,809.03",2,1,1,69442.85167425,0
13278,Male,Chennai,36.27850700186508,1,"₹ 53,283.72",1,0,0,24791.59136305951,0
13279,Male,DELHI,53.10276708035774,9,"₹ 66,377.65",1,1,1,87396.02010783798,0
13280,Female,Kolkata,38.66393307154579,4,"₹ 103,916.32",3,1,1,47009.86787219327,0
13281,Male,Kolkata,28.901834307752807,8,"₹ 62,061.34",1,1,0,52906.18129533688,1
13282,Male,Bangalore,,2,"₹ 107,272.48",2,1,0,41154.57402328572,0
13283,Female,Hyderabad,32.85953121759863,4,"₹ 6,758.45",1,1,0,129830.39423196792,0
13284,Female,mumbai,32.729756784671906,7,"₹ 62,357.93",2,1,1,59645.21599441835,0
13285,Male,mumbai,53.61306271606932,1,"₹ 41,922.95",1,1,0,83448.02412912676,0
13286,Male,Mumbai,39.07048342305153,5,"₹ 49,264.93",1,1,1,36065.91627608311,0
13287,Male,Mumbai,40.51968149662339,10,"₹ 13,547.64",2,1,0,119211.10678546067,0
13288,Female,Kolkata,42.30258718329619,3,"₹ 86,677.60",3,0,1,85173.38054294365,0
13289,Female,Mumbai,53.101546952568796,5,"₹ 67,459.00",2,0,0,130673.07209805603,1
13290,Male,Chennai,54.55751993126434,2,"₹ 56,399.78",3,0,0,49102.27100354296,1
13291,Male,Mumbai,37.096513428703695,5,₹ 0.00,2,1,0,79807.34798255889,1
13292,Female,Delhi,41.04049766274417,6,"₹ 77,401.88",1,0,0,55329.06175647482,0
13293,Male,Delhi,54.63724125014445,9,"₹ 30,057.76",2,1,1,57971.33394947133,0
13294,Female,Chennai,34.562624206105276,2,"₹ 26,479.61",2,1,1,110660.17746230654,0
13295,M,DELHI,36.78819306384154,4,"₹ 4,772.21",1,1,0,84264.63743980585,0
13296,Male,Delhi,54.6060034411226,7,"₹ 40,004.66",2,1,1,46794.51068817854,0
13297,Female,mumbai,36.39053086456894,1,"₹ 33,408.27",2,1,0,14344.094849852248,0
13298,Male,mumbai,48.713530374128396,6,"₹ 90,249.80",1,0,0,80034.79879029734,0
13299,Male,Delhi,21.305417840432437,0,"₹ 19,886.96",1,0,0,68132.81965269713,0
13300,Female,Mumbai,53.756308678817014,6,"₹ 28,434.34",1,0,1,125551.25042054974,0
13301,Male,mumbai,41.987184997092434,0,"₹ 32,289.30",3,1,0,129382.23317458332,0
13302,F,Delhi,51.10226153071956,3,"₹ 25,431.93",2,1,0,100478.81450700066,0
13303,Female,DELHI,61.79085364598042,3,"₹ 10,165.36",2,1,1,101742.04824245964,1
13304,Male,Bangalore,39.99450546534764,4,"₹ 69,477.38",2,0,0,56948.85536213908,0
13305,Male,Mumbai,21.995527882348192,1,"₹ 44,808.85",1,0,0,93426.34765719488,0
13306,Male,Mumbai,39.5717616574326,10,"₹ 33,819.87",2,1,1,110762.6393281621,0
13307,Male,Delhi,63.2185070872965,5,"₹ 30,455.82",2,1,1,70675.01222775101,0
13308,Male,Hyderabad,47.54767346406577,5,"₹ 53,770.87",2,1,1,114334.86965668174,0
13309,Male,Pune,29.033347786343242,7,"₹ 30,675.64",2,0,0,,0
13310,Male,Delhi,42.093717309770895,9,"₹ 47,955.18",2,1,1,77904.47600340947,0
13311,Female,Chennai,52.31708153688702,0,"₹ 64,326.30",1,1,0,108927.4755181632,0
13312,Female,Delhi,43.11769109643907,3,"₹ 60,331.28",1,0,1,23192.758461639038,0
13313,Female,Mumbai,42.709903404778196,1,"₹ 93,133.03",1,1,1,62407.65853138029,0
13314,Male,Bangalore,34.294809938094936,10,"₹ 79,350.90",2,1,0,177022.90634957503,0
13315,Male,Chennai,35.498881684156586,7,"₹ 59,915.34",1,0,1,18405.124639534923,0
13316,Female,Kolkata,48.33688786656766,3,"₹ 61,450.80",2,1,1,120772.36009949507,0
13317,Male,Kolkata,52.38708369921432,7,"₹ 108,815.49",1,0,0,53900.67637321505,1
13318,Male,Hyderabad,42.40035228150671,1,"₹ 26,055.56",2,1,0,42645.226934250946,0
13319,Female,DELHI,37.59072470941963,3,"₹ 64,919.39",2,1,1,62626.92800571668,0
13320,Female,mumbai,56.34542626530789,8,"₹ 24,123.76",2,0,1,18118.28111344549,0
13321,Female,Hyderabad,38.644681456125696,4,"₹ 75,010.26",1,0,0,49191.082028825535,0
13322,Male,Kolkata,49.339708112332964,5,"₹ 69,155.13",1,0,0,125515.45112402609,0
13323,Female,mumbai,52.9952744198705,9,"₹ 42,635.07",1,1,0,134643.14894560422,1
13324,Female,DELHI,26.038614131559502,8,"₹ 88,931.34",1,1,1,40089.23481631678,0
13325,Female,mumbai,47.09602513947631,8,"₹ 51,806.50",2,1,0,71436.8937220831,0
13326,Female,DELHI,18.0,6,"₹ 60,069.66",1,1,0,94764.04882775343,1
13327,Female,Pune,43.46447895584452,10,"₹ 1,525.47",1,1,0,109544.41071001264,0
13328,Female,Chennai,53.692495928328086,1,"₹ 117,581.02",2,1,0,136226.89516319986,0
13329,Male,mumbai,50.05380558104625,6,"₹ 19,025.08",1,0,1,64430.2925591559,0
13330,Female,mumbai,57.00006206551747,8,"₹ 12,696.83",1,0,0,80688.00727248946,0
13331,Female,mumbai,50.2568209276401,1,"₹ 68,638.64",2,0,0,30086.755327995983,1
13332,Female,Bangalore,36.86494272182364,6,"₹ 55,140.61",2,0,1,59796.15611448813,0
13333,Male,Bangalore,21.911789660925006,6,"₹ 4,013.46",2,0,0,62818.06179878649,0
13334,Male,Pune,46.69729604715354,2,"₹ 24,278.65",1,1,0,52461.23015952295,0
13335,Female,Pune,52.18206813781772,5,"₹ 37,871.80",1,0,0,100935.57463356829,0
13336,Female,Pune,18.636714165782912,7,"₹ 27,701.87",2,1,0,163320.4953899194,0
13337,Female,Kolkata,51.05847785808758,9,"₹ 55,889.41",1,0,0,34948.732455194295,0
13338,Female,Kolkata,46.31609000231003,7,"₹ 77,928.07",1,1,1,71996.50049603167,0
13339,Female,Delhi,39.52974055610669,2,"₹ 115,947.50",2,1,1,75863.27518593066,0
13340,Female,Hyderabad,51.596432121471,5,"₹ 4,080.93",2,0,1,140978.1365206476,0
13341,Female,Chennai,40.869357210887074,1,"₹ 48,015.16",2,1,1,66865.14931114603,0
13342,Female,Bangalore,39.90798824810783,1,"₹ 52,537.38",2,0,0,84117.61793031571,0
13343,Female,DELHI,25.930651955961277,7,"₹ 52,134.98",1,1,1,81802.42031953536,0
13344,Male,Chennai,51.07087212799892,10,"₹ 55,982.00",1,1,1,119276.04778924494,0
13345,Male,Chennai,25.40881173378366,9,"₹ 52,491.21",2,1,1,121661.94803743222,0
13346,Female,DELHI,34.73850819690353,4,"₹ 84,842.95",1,0,1,60813.26242597744,0
13347,Male,Mumbai,51.83686013058747,4,"₹ 61,617.56",3,0,0,57528.55194031629,1
13348,Male,mumbai,42.48772478448781,10,"₹ 4,628.11",1,0,1,105023.21117239501,0
13349,Male,Hyderabad,70.63617767302935,3,"₹ 10,474.40",1,1,0,133136.31434217346,0
13350,Male,Delhi,53.892859662508435,10,"₹ 77,227.25",2,1,0,15117.151325411323,0
13351,Male,Pune,56.2700497938692,9,"₹ 64,790.00",2,1,1,64591.870355954044,0
13352,Male,DELHI,57.80908197236962,3,"₹ 41,719.10",1,1,1,79701.4168081881,0
13353,Female,Kolkata,41.38037708332797,7,"₹ 64,167.37",1,1,0,10000.0,0
13354,Female,Pune,37.022462368625916,2,"₹ 68,356.51",1,1,0,58626.53970223277,0
13355,Male,DELHI,26.792337087411926,10,"₹ 80,327.55",2,1,0,83216.31060303384,1
13356,Male,Pune,23.19620515094655,2,"₹ 43,062.77",2,0,1,41715.691368487416,0
13357,Female,mumbai,62.21070853370948,7,"₹ 73,904.53",2,1,0,23914.224001195653,1
13358,Male,mumbai,35.666868452621976,2,"₹ 46,169.24",1,1,0,91565.19967175127,0
13359,Female,mumbai,58.40871164697594,1,"₹ 5,788.25",1,1,0,93687.05121146333,0
13360,Female,Pune,22.92187529357482,10,"₹ 61,638.90",1,0,1,51302.755363229386,0
13361,Female,mumbai,42.26023276146837,4,"₹ 87,986.04",2,0,1,99541.30950989966,0
13362,Male,Bangalore,64.01554621053955,10,"₹ 73,385.46",2,1,0,10000.0,0
13363,Female,Kolkata,48.99117479258787,2,"₹ 85,980.38",2,1,0,100099.97556699516,0
13364,Male,Delhi,49.387570672871945,5,"₹ 55,286.59",2,1,1,134354.67547626872,0
13365,Female,DELHI,36.20553356986972,10,"₹ 24,655.16",2,1,0,129867.23058476331,0
13366,Female,Chennai,31.459523964786506,6,"₹ 55,795.27",2,1,1,81131.69498382455,0
13367,Male,Pune,44.325552722627,2,"₹ 38,765.90",2,0,0,124144.72792823624,1
13368,Male,Pune,28.114907194498365,8,"₹ 59,833.23",2,1,0,72995.87743834997,0
13369,Male,Kolkata,43.3881319159473,9,"₹ 51,761.89",2,1,1,118133.50144566761,0
13370,Female,Mumbai,59.71854778221074,0,"₹ 80,870.82",2,1,1,38921.03909300204,0
13371,Male,Hyderabad,25.994231564787892,6,"₹ 8,501.39",2,1,1,79970.35852850272,0
13372,Female,DELHI,54.63268074467828,3,₹ 0.00,2,1,0,142037.98106842986,1
13373,Male,Mumbai,59.93864632956816,6,"₹ 52,356.98",1,1,0,96149.08164209922,1
13374,Female,Hyderabad,41.09649195558675,8,"₹ 39,328.60",2,1,0,112218.17400062343,0
13375,Female,Chennai,45.50045015870489,8,"₹ 34,425.26",2,1,0,98932.90266279032,1
13376,Female,Pune,37.80774095969006,0,"₹ 28,800.23",2,0,1,71826.11569465573,0
13377,Female,mumbai,40.34936963613072,9,"₹ 48,919.17",1,0,1,129908.43008446014,0
13378,Male,Kolkata,57.2718037441259,3,"₹ 62,373.91",3,1,1,45411.77425772543,1
13379,Male,DELHI,55.87495675404925,6,"₹ 66,498.03",2,1,0,49473.913664615495,0
13380,Female,Kolkata,50.901520743848195,9,₹ 0.00,3,1,0,95981.5619828242,1
13381,Male,Delhi,54.11879899719961,5,"₹ 46,889.46",2,0,1,152107.37265941733,0
13382,Male,Chennai,48.00042174251971,8,₹ 0.00,2,1,1,10105.8287648142,0
13383,Male,Delhi,26.59694823302961,6,"₹ 76,710.50",1,1,0,32606.372118783416,1
13384,Male,Hyderabad,60.95996169866774,2,"₹ 68,659.49",1,1,0,86318.02858356264,0
13385,Male,Hyderabad,31.597616236378812,6,"₹ 18,026.83",2,1,0,98529.82854587752,1
13386,Female,Bangalore,43.49789534217002,9,"₹ 52,658.03",1,0,1,95020.585437495,0
13387,Male,Hyderabad,57.798760268705465,4,₹ 0.00,3,0,1,91090.65797088228,1
13388,Female,Mumbai,23.98149560560476,1,"₹ 63,105.10",1,0,1,57810.389857064016,0
13389,Male,Mumbai,54.36804509356075,9,"₹ 63,540.19",1,1,0,71058.57018875975,0
13390,Female,mumbai,27.118283313393817,2,"₹ 72,742.48",1,1,1,84786.89765163379,0
13391,Male,Pune,53.92112160218944,5,"₹ 68,645.82",2,1,1,147852.56797707657,0
13392,Female,Kolkata,63.040019409376455,5,"₹ 33,846.98",1,1,1,133680.62512608696,0
13393,Female,Pune,33.93707452295754,6,"₹ 19,130.34",1,1,1,158479.88953509275,0
13394,Male,Pune,31.986035119497956,5,"₹ 29,110.54",1,0,1,84961.3646635958,0
13395,Female,Mumbai,46.14054915981153,8,"₹ 46,236.25",2,0,0,46936.074343434506,0
13396,F,Kolkata,31.514897121836466,4,"₹ 12,084.06",1,1,0,44946.874912582374,1
13397,Female,mumbai,18.0,4,"₹ 39,621.92",1,1,0,88977.4531543788,0
13398,Female,Chennai,44.62041727340473,7,"₹ 39,628.15",2,1,1,101241.11682423638,0
13399,Male,Bangalore,50.02678021241398,7,"₹ 83,530.84",1,1,0,145629.24351025774,0
13400,Female,Mumbai,40.07298626575012,0,"₹ 64,120.33",2,0,0,40615.052445547175,0
13401,Male,Delhi,46.696290285033676,2,"₹ 28,418.09",2,1,1,46392.65133797522,0
13402,Male,Bangalore,60.73319859879563,5,"₹ 58,751.81",2,1,0,122177.78498854133,1
13403,F,Chennai,39.63196828870109,5,"₹ 62,624.66",1,1,1,39316.293335119764,0
13404,Male,Hyderabad,41.60054286185522,0,₹ 0.00,2,1,1,82077.9032338595,0
13405,Female,Pune,44.70394794467456,1,"₹ 112,272.23",1,0,1,144980.55076612553,0
13406,Female,DELHI,40.290436577764865,9,"₹ 44,535.00",1,1,0,114996.20256424883,0
13407,Female,mumbai,40.29431003320795,6,"₹ 22,975.70",2,1,1,86677.52627365898,0
13408,F,Pune,70.62913224408457,0,"₹ 50,605.61",2,1,1,99882.68197944867,0
13409,Male,Hyderabad,46.88599546182152,9,"₹ 22,438.28",1,1,0,10000.0,0
13410,Male,Chennai,40.547852935741226,4,₹ 0.00,2,1,1,144609.81943841538,0
13411,Male,Delhi,65.76451508180426,0,"₹ 66,896.81",1,1,1,10000.0,0
13412,Male,mumbai,61.28090246097677,5,"₹ 51,271.14",1,1,1,59226.15173399335,0
13413,Male,mumbai,54.364052664835796,6,"₹ 57,835.88",2,1,1,52591.13504105812,1
13414,Male,Chennai,35.854482145174636,7,₹ 0.00,2,0,1,82736.46710277318,0
13415,Female,Bangalore,85.98543199237938,2,"₹ 63,671.75",1,1,0,56447.96119262752,0
13416,Female,Pune,21.51351224818224,2,"₹ 43,189.51",1,1,0,47131.967352419,0
13417,Male,Bangalore,18.282036326633015,10,"₹ 12,399.05",2,0,1,47801.899991509636,0
13418,Female,Mumbai,50.743534261872774,0,"₹ 22,701.67",2,1,0,203009.45688746637,0
13419,Male,Chennai,39.64630508510107,2,"₹ 97,164.22",2,1,1,71334.16772852882,0
13420,Male,Mumbai,18.0,4,"₹ 36,887.73",1,0,1,,0
13421,Female,Delhi,42.888223734732236,5,"₹ 95,820.39",2,1,1,111872.52935730208,0
13422,Female,Bangalore,46.18315432891308,2,"₹ 21,239.42",1,0,0,84014.51637910206,0
13423,Female,DELHI,42.47621607331596,3,"₹ 32,770.86",1,0,0,31417.19997987071,0
13424,Male,Chennai,49.53334485736181,4,"₹ 37,525.65",2,1,0,115113.4086909139,0
13425,Female,Chennai,37.95330224874314,4,"₹ 73,243.62",2,1,1,75020.45557051832,0
13426,Female,mumbai,42.920502744750415,8,"₹ 57,448.92",2,1,1,53095.573383800016,0
13427,Female,Hyderabad,64.62195586539434,7,"₹ 55,050.54",2,1,0,35972.93352832657,0
13428,Female,Delhi,59.38251800185714,0,"₹ 81,121.86",1,0,1,76038.63776270904,0
13429,Female,Bangalore,41.870681419137775,1,"₹ 68,193.31",1,1,1,160834.2138427735,0
13430,Female,Chennai,53.22342420428831,4,"₹ 9,193.82",1,1,0,70945.10862908918,0
13431,Female,Chennai,58.104380360988905,2,"₹ 78,639.78",1,1,1,18286.49876381382,0
13432,F,DELHI,30.93665521414553,6,"₹ 17,880.81",1,1,1,74475.30388911626,0
13433,Female,Pune,49.9562944550036,10,"₹ 79,551.73",1,0,1,139592.18444660236,0
13434,Male,Bangalore,47.34479452289327,5,"₹ 63,211.05",2,1,1,108170.5202560329,0
13435,Female,mumbai,54.864470384958324,1,"₹ 67,047.20",1,1,1,49973.53972229938,0
13436,Male,DELHI,30.840330421542582,7,"₹ 36,779.22",2,1,1,22640.03599820147,0
13437,Male,mumbai,44.48715323354183,4,"₹ 17,519.00",2,1,0,,0
13438,Female,Kolkata,33.68524564121999,5,"₹ 45,455.53",1,1,1,46049.769659820144,0
13439,Female,Bangalore,49.98060588973522,7,"₹ 58,788.37",1,1,0,24548.331569613183,0
13440,Female,Chennai,32.621846579039534,5,"₹ 67,207.92",1,1,1,82210.77559948828,0
13441,Male,Kolkata,36.82041930508713,9,"₹ 34,528.03",3,1,1,68745.91201480207,1
13442,Female,mumbai,46.839574798279926,2,"₹ 29,753.91",1,0,0,112577.60354756418,0
13443,Male,mumbai,30.89630625719053,6,"₹ 40,463.63",1,1,0,129412.55626520318,0
13444,F,Bangalore,20.76314164139376,3,"₹ 73,967.53",1,1,0,60654.46499254803,1
13445,F,Hyderabad,60.5876568708986,5,₹ 0.00,1,1,1,17919.240522753673,0
13446,Female,Pune,35.34893441393152,5,"₹ 41,590.38",2,0,1,88195.24751943837,0
13447,Female,Chennai,24.003399080802836,10,"₹ 29,179.29",1,1,1,92167.2748630812,0
13448,Female,Kolkata,28.37072089232978,4,"₹ 64,912.20",1,0,0,180545.71743190213,0
13449,Female,Delhi,43.50370637516569,0,"₹ 82,147.19",3,1,1,35426.23939594734,1
13450,Male,Hyderabad,68.6562238712233,7,"₹ 1,103.88",2,0,1,136178.00473780144,0
13451,Male,Chennai,42.90445579738607,9,"₹ 59,530.70",1,1,1,145965.4141142657,0
13452,Female,Delhi,53.743052071268636,1,"₹ 76,531.53",2,1,0,23702.160710106313,0
13453,Female,Pune,39.23701551588893,3,"₹ 20,551.59",1,1,1,53846.71413960081,0
13454,Male,Delhi,47.78782457548943,2,"₹ 79,049.38",3,0,0,87406.90181664692,1
13455,Female,Delhi,41.899599696088224,5,"₹ 20,166.95",1,1,0,62334.01780499416,1
13456,Male,Hyderabad,53.55132486331124,10,"₹ 67,775.72",1,0,1,89343.5543825204,0
13457,Female,Mumbai,28.011369253665045,0,"₹ 85,170.27",2,0,0,94913.44626006055,0
13458,Female,Hyderabad,46.12803354990113,8,"₹ 27,253.79",1,1,1,88717.65336217696,0
13459,Female,Kolkata,47.30546269111843,4,"₹ 42,070.18",2,0,0,,0
13460,Female,Mumbai,50.938686766602885,4,"₹ 83,406.35",2,0,0,92945.36541770126,0
13461,Male,Pune,24.812975933689824,3,₹ 0.00,1,1,1,41518.44698943957,0
13462,Male,Hyderabad,37.86071133736728,3,"₹ 64,609.83",1,1,0,110948.29092869777,0
13463,Female,Mumbai,54.015103114515185,0,"₹ 103,943.46",1,0,1,105322.96262346419,0
13464,Female,mumbai,48.38743424231701,8,₹ 0.00,2,1,1,119800.85405133328,0
13465,Male,Hyderabad,71.00743443494125,8,"₹ 82,321.36",1,0,1,77217.78652154516,0
13466,Female,Mumbai,37.05962803458316,3,"₹ 74,749.48",1,0,0,11953.881114391057,0
13467,Male,Bangalore,18.0,9,"₹ 48,386.13",2,1,0,115593.98251045303,0
13468,Female,Kolkata,38.00506385144605,9,"₹ 62,295.60",1,1,0,128816.81686133568,0
13469,Female,Chennai,18.0,3,"₹ 57,369.86",2,0,1,37607.13762265345,0
13470,Male,Delhi,55.53224661123295,6,"₹ 33,672.95",2,0,1,,0
13471,Male,Mumbai,44.952336682906854,3,"₹ 87,114.70",1,1,1,58598.398737565454,0
13472,Female,Chennai,50.97459111020332,0,"₹ 49,812.21",1,0,1,10000.0,0
13473,Female,Hyderabad,53.364174345876854,10,"₹ 61,808.53",2,1,1,80310.28428982028,0
13474,Female,Chennai,60.5989256616174,8,"₹ 21,198.13",2,1,0,105764.90872685112,1
13475,Female,mumbai,18.0,1,₹ 0.00,2,1,1,61768.05570387491,0
13476,Female,DELHI,18.0,4,"₹ 14,634.90",2,0,1,62899.329932205794,1
13477,M,DELHI,33.668886893092925,3,"₹ 104,875.21",1,1,1,105249.83667236044,0
13478,Female,Kolkata,40.44153171104958,7,"₹ 69,326.09",1,1,0,70670.59332561254,0
13479,Male,Mumbai,47.99353689906768,5,"₹ 37,038.78",2,1,0,78775.93776301223,0
13480,Male,mumbai,46.872106749181384,6,"₹ 67,171.19",2,0,0,138299.65265698315,1
13481,Male,Delhi,47.63441569023399,1,"₹ 62,685.60",2,1,0,80373.13279211584,1
13482,Female,Pune,21.554420788987294,3,₹ 0.00,1,1,1,103765.42513401603,0
13483,Male,Kolkata,33.077894048743055,3,"₹ 75,496.50",1,1,1,80621.42998136756,0
13484,Female,DELHI,40.16368969645574,1,₹ 0.00,2,1,0,87429.98251838019,0
13485,Female,Bangalore,42.7395364497408,9,"₹ 31,137.49",2,0,1,16360.41495690601,0
13486,Female,Pune,37.49337896317442,3,"₹ 20,596.08",3,0,0,10000.0,1
13487,Male,Pune,48.81513190406899,8,"₹ 56,032.11",1,1,1,62821.17523218364,0
13488,Male,Bangalore,27.881584836556044,7,"₹ 56,329.48",1,1,1,121906.71654888887,0
13489,Male,Hyderabad,37.761209886123375,10,₹ 0.00,1,0,0,95833.04690253412,0
13490,Male,Chennai,52.54464073827031,0,"₹ 86,902.76",1,1,1,72167.4012637445,1
13491,Male,Kolkata,48.06688334426107,7,"₹ 51,873.46",1,1,1,98883.33383277094,0
13492,Female,mumbai,39.39941041058177,10,"₹ 78,885.56",2,0,0,62109.78043667135,0
13493,Female,Pune,39.739866005416985,8,"₹ 50,994.46",1,1,0,101169.93339371042,0
13494,Female,Chennai,37.85879244340607,7,"₹ 55,281.06",1,1,1,47788.31251817083,0
13495,Female,DELHI,39.974402859271436,9,"₹ 6,969.53",2,0,0,58139.945467571364,0
13496,Male,mumbai,37.44296033292903,0,"₹ 26,662.15",1,1,1,34826.173882778705,0
13497,Female,Kolkata,39.533914504110996,7,"₹ 43,548.17",2,1,1,35791.24721296458,0
13498,Female,Delhi,49.43551238442884,4,"₹ 70,880.58",1,1,0,60545.417482163655,1
13499,Male,Pune,49.12273857747412,8,"₹ 36,479.35",1,1,0,138902.486545384,0
13500,Female,DELHI,25.306061332484003,8,"₹ 28,423.53",2,0,1,79367.08403705613,0
13501,Male,Kolkata,71.87645025018989,5,"₹ 22,897.73",2,1,0,73748.70110346892,1
13502,Female,Mumbai,36.852628292191696,2,"₹ 60,754.31",2,1,1,,0
13503,F,DELHI,52.0331955505032,6,"₹ 47,252.42",2,1,1,36456.3372977687,0
13504,Male,mumbai,28.925133995463366,2,"₹ 23,516.35",2,1,1,48566.04648717243,0
13505,Female,Mumbai,66.94013628269073,6,"₹ 44,192.13",2,1,0,61569.93043062903,0
13506,Female,DELHI,53.07288144446888,7,"₹ 27,414.04",1,1,1,89576.76037375793,0
13507,M,Delhi,50.73708669188653,4,"₹ 20,650.36",1,1,1,158214.05641118268,0
13508,Male,Chennai,42.31666961807392,4,"₹ 2,056.62",3,1,1,165461.44755584624,1
13509,Female,Delhi,18.0,3,"₹ 9,233.87",1,0,1,77018.50906914062,0
13510,Male,Delhi,69.94232600899113,2,"₹ 48,417.96",2,1,1,39883.76682796185,0
13511,Male,Bangalore,57.80535897467835,7,₹ 0.00,2,1,0,52723.73238837582,0
13512,Male,DELHI,40.17781325136992,10,"₹ 24,723.48",2,1,0,59530.75633804349,1
13513,M,Chennai,52.17880990203004,5,"₹ 69,411.15",2,1,0,132884.51048771656,1
13514,Female,Hyderabad,25.340779725780653,5,"₹ 79,459.68",2,1,0,113414.44435468697,0
13515,Female,Bangalore,18.0,1,"₹ 61,104.57",2,1,1,95909.1267988541,0
13516,Female,Bangalore,45.24670395272453,3,"₹ 74,477.40",1,0,1,21449.283267532228,0
13517,Male,Delhi,33.037214564961864,4,"₹ 50,589.82",1,1,0,108203.69544904906,1
13518,Male,Pune,37.76089404682213,10,"₹ 18,420.10",3,1,0,10000.0,1
13519,Male,Pune,44.20955190489762,9,"₹ 70,574.94",3,1,1,42839.31839251331,0
13520,Male,Mumbai,27.190837410856847,4,"₹ 64,600.86",1,1,1,61037.2020896828,0
13521,Male,Hyderabad,43.79714594474944,2,"₹ 33,801.40",1,1,0,116346.66048222999,0
13522,Male,Chennai,28.437766136270767,9,"₹ 31,327.53",1,1,1,,0
13523,Male,Bangalore,60.18708512215833,4,"₹ 48,630.35",1,0,1,73255.28173958161,1
13524,Male,DELHI,43.49493594323748,4,"₹ 83,992.37",2,1,0,52093.37738554102,1
13525,Male,Delhi,52.9133779582028,1,"₹ 38,722.06",1,1,1,90732.42511165707,0
13526,Male,mumbai,18.411402440515463,4,₹ 0.00,2,1,0,59661.27608299667,0
13527,M,DELHI,53.846364488011716,2,"₹ 63,003.36",2,1,1,78256.11175133256,0
13528,Female,DELHI,67.45835536757063,2,"₹ 16,719.77",3,0,1,66447.55344156083,0
13529,M,Bangalore,46.76416182057414,4,"₹ 63,351.83",2,0,1,97554.43994547399,0
13530,Male,Chennai,52.83211663163852,8,"₹ 62,199.60",1,1,0,42991.45869353213,0
13531,Male,Delhi,41.428731538834626,1,"₹ 96,156.86",2,1,1,62314.77370953532,0
13532,Female,Delhi,50.629314339373344,8,"₹ 47,023.75",1,0,0,25799.27352370997,1
13533,Male,Chennai,69.01773768935573,2,"₹ 64,880.02",3,1,0,53538.81172490844,0
13534,Male,Pune,78.69386770357372,6,"₹ 54,012.17",1,1,0,100034.88271841608,0
13535,Male,Kolkata,49.75770843074777,0,"₹ 76,363.22",2,1,1,76316.27321174416,0
13536,Male,Mumbai,29.70478232758331,0,₹ 0.00,1,0,1,10000.0,0
13537,Male,Mumbai,54.34960432238169,7,"₹ 29,684.72",1,1,0,75125.06532885898,1
13538,Male,Pune,26.43535831168999,8,"₹ 42,594.02",1,0,1,76781.40060414548,0
13539,Female,Bangalore,35.63372285976524,2,"₹ 51,402.48",1,1,1,128231.1986720328,0
13540,Male,Bangalore,37.347202531259896,5,"₹ 13,581.27",3,1,0,89998.21906223259,1
13541,Male,Hyderabad,75.6176229905691,2,"₹ 58,891.17",2,1,1,157114.93575254787,0
13542,Female,Mumbai,66.43063736073995,5,"₹ 76,467.51",2,1,0,122347.38624798149,0
13543,Male,Mumbai,63.324398198232444,6,"₹ 29,218.92",3,1,0,36183.37459052354,0
13544,Male,Bangalore,57.311580253052995,4,"₹ 20,835.66",2,1,0,171312.6988885785,1
13545,Female,DELHI,31.373857297875634,2,"₹ 61,863.29",1,0,0,65396.15610793793,0
13546,Male,Mumbai,48.54325657434353,7,"₹ 54,777.50",2,0,0,62694.00349939482,1
13547,Male,Chennai,72.56876421957077,4,"₹ 57,004.88",2,1,0,31607.604338854835,1
13548,Male,mumbai,51.71305156094658,0,"₹ 6,432.60",1,0,0,39515.768977824155,0
13549,Male,Chennai,60.45221192697064,8,"₹ 132,082.67",1,0,1,10000.0,0
13550,Female,DELHI,20.8525822986071,2,₹ 0.00,2,1,0,108293.36345087712,0
13551,Female,Hyderabad,55.828137373584674,1,"₹ 75,969.20",1,1,1,121305.82239369064,0
13552,Male,Bangalore,29.185003739544605,2,"₹ 28,474.24",1,1,0,96613.48174701487,0
13553,Female,Hyderabad,41.68646986715553,6,"₹ 140,653.54",1,1,1,77898.79597271357,0
13554,Female,Hyderabad,66.33047433042668,10,"₹ 63,178.09",1,0,0,54798.94581756054,0
13555,Male,Bangalore,50.20744546398194,9,"₹ 82,005.12",2,1,1,82725.98833534318,0
13556,Female,Delhi,57.22523874730981,7,"₹ 64,937.62",2,1,1,78110.44538547621,0
13557,Male,mumbai,42.225288912114905,1,₹ 0.00,1,1,0,120274.06964274366,0
13558,Male,Mumbai,18.0,6,"₹ 53,370.96",2,1,0,84659.704940235,0
13559,Male,Hyderabad,30.970755188571975,10,"₹ 60,817.53",1,1,1,46249.49950842279,0
13560,Male,Chennai,55.20364398243184,4,"₹ 64,203.81",2,1,1,95761.18240459052,0
13561,Male,Delhi,50.02070565625618,8,"₹ 85,491.96",2,1,1,61606.651664660894,0
13562,Female,Delhi,69.93652407500463,6,"₹ 56,815.44",1,1,0,114940.13568841567,0
13563,Male,DELHI,46.899047736673545,0,"₹ 74,141.29",1,1,1,82356.05212620243,0
13564,Male,Hyderabad,31.607935857314686,0,"₹ 27,176.56",1,1,0,147777.8696934174,1
13565,Male,Hyderabad,44.61263086492385,5,₹ 0.00,1,1,0,88336.89295464296,0
13566,Female,Kolkata,59.96741411388414,8,"₹ 22,288.93",2,1,1,149636.30607416815,0
13567,Female,DELHI,18.643568460456134,0,"₹ 27,722.59",1,1,1,80745.67829683438,0
13568,Female,Delhi,50.18471905830122,2,"₹ 22,325.98",1,1,1,111519.74936633348,0
13569,Female,Delhi,26.09259334921091,4,"₹ 13,291.07",2,1,1,76960.02689691319,0
13570,Female,Kolkata,47.440698821876964,3,"₹ 21,273.54",2,1,1,52044.00504583065,0
13571,Male,Mumbai,55.896658997687965,0,"₹ 36,783.77",2,0,1,39423.27190948763,0
13572,Female,Pune,53.27810557779371,9,"₹ 19,391.14",2,1,0,95307.36193990902,1
13573,Female,Chennai,65.1058278557077,3,"₹ 127,019.92",2,1,1,103250.7448469718,0
13574,F,Pune,48.76095994719827,3,"₹ 8,007.51",2,1,0,46868.56310158844,0
13575,Female,Hyderabad,52.70373115558449,10,"₹ 63,197.83",2,0,0,49151.312245827445,0
13576,Male,Bangalore,53.22830943888994,9,"₹ 33,775.10",1,1,1,136183.41068681772,0
13577,Male,DELHI,30.454130969872736,3,"₹ 66,104.73",2,1,1,134848.9547208101,0
13578,Male,Hyderabad,43.08781894194535,2,"₹ 42,737.70",3,0,1,107162.92196332346,0
13579,Female,Mumbai,18.0,6,"₹ 75,522.03",2,1,0,104566.41885784594,0
13580,Male,Pune,50.653212275564286,0,"₹ 38,012.07",1,1,0,122370.21226532958,0
13581,Male,Hyderabad,18.0,1,"₹ 52,619.45",2,1,1,138038.2877115431,0
13582,Female,Chennai,57.736437916610484,0,₹ 0.00,2,0,0,104978.18879588287,1
13583,Male,Delhi,69.79967353708406,3,"₹ 8,757.81",1,1,1,126047.24448263602,0
13584,Female,mumbai,52.480901644226805,4,"₹ 3,373.31",2,1,0,49940.73283222191,0
13585,Male,Hyderabad,54.79614390505691,10,"₹ 95,492.14",3,1,0,50725.27945548553,1
13586,Male,Mumbai,63.073079882975755,9,"₹ 77,961.43",1,1,0,116306.39830500298,0
13587,Male,DELHI,38.4775149687406,4,"₹ 55,846.01",1,0,0,41493.75764195004,0
13588,Female,Bangalore,25.912586675198945,1,"₹ 81,364.40",2,1,0,128434.70955706424,0
13589,Male,Chennai,43.71018959769213,10,"₹ 19,585.63",1,1,1,46557.78226906243,0
13590,Male,Kolkata,33.55612721675325,2,"₹ 94,626.36",2,1,0,104236.36603691723,0
13591,M,Mumbai,46.15143038022273,3,"₹ 52,908.41",1,1,1,86282.81607144314,0
13592,Male,Pune,48.82107094526252,9,"₹ 42,850.50",1,1,0,49928.68536298635,0
13593,Female,Pune,37.82672996669536,5,"₹ 80,444.56",2,0,0,80643.03270141738,0
13594,Female,Delhi,34.294215519389304,5,"₹ 78,657.70",2,1,1,79499.90091399057,0
13595,Male,Pune,18.0,1,"₹ 7,417.81",1,0,1,93818.97306686113,0
13596,Female,DELHI,42.46776243626671,1,"₹ 75,853.86",2,0,0,35891.02461804479,0
13597,Male,Pune,38.44729434214623,8,"₹ 44,813.56",1,1,0,95802.7336818825,0
13598,Female,Chennai,39.51092504177599,1,"₹ 58,320.81",4,0,0,105757.6260255912,1
13599,Male,Chennai,55.97453267336923,1,"₹ 37,643.35",1,1,1,132337.8946634858,0
13600,Female,mumbai,74.47913088622548,2,"₹ 17,084.74",1,0,0,25600.535885825557,1
13601,Male,Pune,39.64680916363176,8,"₹ 9,406.20",1,0,1,104325.63083979712,0
13602,Female,DELHI,50.79079933761435,5,"₹ 31,400.93",2,1,0,60136.10422491873,0
13603,Male,DELHI,48.81058599693642,10,"₹ 63,076.61",1,1,0,132064.29022251366,0
13604,Male,Hyderabad,62.019747966459065,5,"₹ 57,647.19",2,0,1,64140.77040972917,0
13605,Male,Bangalore,31.323330387380743,9,"₹ 56,093.31",2,1,1,77235.89792719275,0
13606,Male,Mumbai,30.88062494194076,4,"₹ 73,907.47",2,1,1,122432.45346878031,0
13607,Female,Kolkata,32.628323109467104,6,"₹ 48,332.50",2,0,1,56977.310245348825,0
13608,Male,Delhi,18.0,10,"₹ 106,851.07",1,1,0,27172.76145329106,0
13609,Female,Delhi,44.309926131123774,3,"₹ 61,316.23",1,0,0,10000.0,0
13610,M,Hyderabad,29.210269650158903,9,"₹ 20,391.83",1,1,0,78335.61320092957,0
13611,Female,Bangalore,48.76766538457146,9,"₹ 9,849.60",4,1,0,10000.0,0
13612,Male,DELHI,18.0,2,"₹ 59,977.15",2,1,1,17637.01029164748,0
13613,Male,mumbai,44.14486299786299,6,"₹ 43,556.49",2,0,0,67022.51431891703,0
13614,Female,DELHI,41.157441770566315,9,"₹ 15,326.96",2,1,0,102667.46943346027,1
13615,Male,Pune,36.82556062385631,0,"₹ 45,272.88",1,0,0,65889.34971198202,1
13616,Male,Kolkata,59.973074720793626,5,"₹ 33,471.90",1,1,0,27050.194091320067,0
13617,Female,Bangalore,32.93086771138016,10,"₹ 36,684.92",2,1,1,62123.374501833816,0
13618,Female,Bangalore,49.5559743250099,10,"₹ 90,720.05",1,0,0,10000.0,0
13619,Female,Hyderabad,35.52253965156081,10,"₹ 71,537.18",1,1,1,87325.5602252038,0
13620,Male,Kolkata,69.88561534653374,1,"₹ 81,430.02",2,0,1,157776.20399551885,0
13621,Female,Pune,42.94560577940462,1,"₹ 101,509.45",1,0,1,132177.05471316987,0
13622,Male,Pune,55.13711963514263,10,"₹ 53,750.50",2,1,0,33904.816266308575,1
13623,Male,mumbai,54.145372712154696,7,"₹ 57,572.86",1,1,1,32092.325162109635,0
13624,Female,Mumbai,62.18443164257285,2,"₹ 59,798.17",1,0,1,26087.835454202046,0
13625,Male,DELHI,47.191248886739224,8,"₹ 83,289.35",1,0,1,28133.62084969929,0
13626,Male,Kolkata,25.23808658719493,3,"₹ 81,624.69",2,1,1,38514.10486205485,1
13627,Male,Pune,51.64472594260276,5,"₹ 32,395.02",1,0,0,44655.97431595394,1
13628,Female,Pune,49.157079671484404,0,"₹ 15,694.47",1,0,1,101804.15517155087,0
13629,Female,Mumbai,18.0,10,"₹ 17,744.18",1,0,1,118179.68845039075,0
13630,Female,Bangalore,19.92114339906605,9,"₹ 51,552.01",3,0,1,38145.845155605406,0
13631,Female,Pune,55.58912024627868,9,"₹ 13,015.58",2,1,1,16687.74155778945,0
13632,Male,mumbai,66.30591742192019,2,"₹ 60,906.44",2,1,1,112838.41564299524,0
13633,Male,Pune,43.75950370310608,3,₹ 0.00,2,0,1,120034.65336940586,0
13634,Male,Pune,57.13847930381348,4,"₹ 106,111.90",1,1,1,134550.8917992908,0
13635,Male,Mumbai,46.63739910365908,0,"₹ 8,853.90",2,1,1,51611.3527113835,0
13636,Male,mumbai,45.54611109960404,3,"₹ 30,433.90",2,0,0,34767.79938872547,1
13637,Female,Chennai,,4,"₹ 32,671.40",1,0,0,113802.9458805554,1
13638,Male,Delhi,46.21083727806067,3,"₹ 93,918.33",2,1,0,143416.16313124012,0
13639,Male,Mumbai,50.826085010952276,9,"₹ 49,782.83",2,1,1,82884.06952652325,0
13640,Male,Bangalore,38.974269251254746,9,"₹ 18,016.19",1,0,1,135802.65985230074,0
13641,Male,Bangalore,63.70049737524149,6,"₹ 47,835.99",1,0,0,63667.25254009758,0
13642,Female,Kolkata,29.99692162372549,7,"₹ 51,343.98",2,1,1,65392.128220466584,0
13643,Male,Mumbai,70.51717147788997,7,"₹ 61,604.77",2,1,1,135849.16985620657,1
13644,Male,Hyderabad,41.767627098776885,2,"₹ 17,158.74",1,1,0,84137.13623602675,0
13645,Female,Mumbai,44.219483540624324,4,"₹ 76,535.35",2,0,0,108819.25880864216,0
13646,Male,Chennai,35.58499288006395,9,"₹ 53,900.49",3,1,1,40853.458498006876,1
13647,Male,Pune,51.14133317316722,7,"₹ 94,003.69",2,1,0,63178.14505397556,0
13648,Male,Mumbai,39.35010642286241,6,"₹ 44,795.23",3,1,1,17347.225740257025,0
13649,Female,Hyderabad,37.86862155426014,8,"₹ 47,736.22",2,1,1,80213.51309113017,0
13650,F,Hyderabad,54.19456682954311,9,"₹ 45,028.89",2,1,0,51109.025270987346,0
13651,Female,Bangalore,62.41766551589461,6,"₹ 87,550.04",2,1,0,92408.3325252577,0
13652,Male,Chennai,29.36841636367707,1,"₹ 70,545.20",2,1,0,68080.80995875076,0
13653,Female,Pune,57.38367369890357,3,"₹ 28,065.81",2,1,0,154137.40717317915,0
13654,Male,Hyderabad,63.71837505632007,7,"₹ 130,262.18",2,0,0,92277.39425996953,1
13655,Male,Chennai,18.52510550780116,8,"₹ 30,756.59",2,1,0,83568.27851878082,1
13656,Male,mumbai,32.308890452717904,6,"₹ 34,245.97",1,0,0,51102.11722440454,0
13657,Male,mumbai,63.35747332001852,4,"₹ 78,914.38",2,1,1,81772.270664684,0
13658,Female,mumbai,50.59733400847597,0,"₹ 45,183.46",2,1,1,109179.24748589036,1
13659,Female,Pune,70.63936006026671,8,"₹ 17,655.29",2,1,1,19116.65270804397,0
13660,Female,Delhi,42.34035667692549,5,"₹ 86,969.94",2,0,1,122726.31271647752,0
13661,Female,Delhi,37.10952808816721,1,"₹ 110,074.14",2,1,0,115261.25997036592,0
13662,Female,Chennai,65.42044228056923,10,"₹ 19,246.79",1,1,1,90464.63774994657,1
13663,Male,mumbai,32.46579373905962,9,"₹ 86,733.77",1,1,1,125076.4348218078,0
13664,Male,Bangalore,41.33904522933277,9,"₹ 35,173.25",2,1,1,51739.14030431797,0
13665,Female,Pune,53.39225218954495,1,₹ 0.00,2,0,1,16574.170921617268,1
13666,Male,Delhi,54.87695577013372,9,"₹ 69,553.83",2,1,0,98466.16326064672,1
13667,Female,Mumbai,33.03521129929105,0,₹ 0.00,2,1,1,15559.749316333706,0
13668,Male,Kolkata,48.91026354731321,3,"₹ 28,094.46",1,0,1,30729.74142793745,0
13669,Male,DELHI,40.636448116445585,9,"₹ 41,749.24",3,1,1,39951.49732971576,1
13670,Male,Delhi,19.759097326498097,10,"₹ 49,012.75",1,0,0,76735.27530683747,0
13671,Male,mumbai,38.083800384654154,1,"₹ 82,794.72",1,1,1,65544.89557442922,0
13672,Male,DELHI,20.48567430007502,9,"₹ 31,599.37",1,0,1,38485.0394651369,0
13673,Female,Bangalore,35.10811585177579,10,"₹ 91,873.60",2,1,0,161451.2331193901,0
13674,Male,Mumbai,26.976028322525533,8,"₹ 47,254.79",2,1,1,122780.09855933083,0
13675,Female,Chennai,56.60737355031978,1,"₹ 17,414.04",2,1,0,85677.20035309394,1
13676,Male,DELHI,49.50545914223383,10,"₹ 67,828.03",1,1,1,113806.19581197778,0
13677,Male,Bangalore,68.07932811039305,8,"₹ 104,004.32",1,1,0,74418.14578877598,1
13678,Male,Delhi,31.173523592986037,0,"₹ 36,183.26",1,0,1,150173.20695355017,0
13679,Female,Hyderabad,46.849135750743386,6,"₹ 18,678.08",1,1,1,180449.15746915105,0
13680,Male,Chennai,28.45539892311418,5,"₹ 32,701.54",2,1,1,106097.30718833036,0
13681,Female,Pune,35.52626967213581,5,₹ 0.00,1,1,0,10000.0,0
13682,Male,Kolkata,39.00799965848513,1,"₹ 59,174.08",2,1,0,89034.25746850937,0
13683,Female,Delhi,74.60471179526999,0,"₹ 3,433.08",2,1,0,82473.34829259642,0
13684,Male,Delhi,50.45835228765836,9,"₹ 69,246.11",2,1,1,89942.8976268485,0
13685,Female,mumbai,43.08355818145999,7,"₹ 42,008.85",1,1,0,,1
13686,Female,Delhi,61.185145130437775,7,"₹ 70,814.08",1,1,1,56891.83537362449,0
13687,Female,DELHI,55.094928260992475,1,"₹ 42,114.54",2,1,1,73756.73775021725,1
13688,Male,DELHI,44.15875520361708,3,"₹ 64,569.93",2,1,1,84479.39349070337,0
13689,Male,Mumbai,55.12790968959683,3,"₹ 20,371.11",2,0,0,61463.00071593742,0
13690,Male,Mumbai,40.413621219030816,1,"₹ 58,369.46",1,1,0,106739.99480983007,0
13691,Female,Chennai,89.7845971655297,10,"₹ 30,304.95",1,0,1,37978.69975485053,0
13692,Female,Delhi,63.300192354965944,8,"₹ 68,288.43",1,1,1,97295.73346553104,0
13693,Female,Mumbai,38.90110980946854,3,"₹ 45,680.10",1,1,1,119511.42717899394,0
13694,Male,mumbai,56.38863726361678,3,"₹ 83,068.28",1,1,1,112353.43569526791,1
13695,Male,Bangalore,53.23335723173505,3,"₹ 42,442.45",1,0,1,78355.30764445623,1
13696,Male,Mumbai,49.246644551138004,4,"₹ 27,544.67",1,0,1,127406.33491381779,0
13697,M,Delhi,52.721780553244194,9,"₹ 54,064.92",2,1,0,21961.496181107905,0
13698,Female,DELHI,32.81346486196059,7,"₹ 120,336.31",1,1,0,90887.00841425276,0
13699,Female,Kolkata,38.474133454906294,3,"₹ 82,322.05",2,0,1,196697.13213076163,0
13700,Male,Hyderabad,69.88037196038835,2,"₹ 25,958.58",1,0,0,137560.2982565526,0
13701,Female,Pune,48.06028348190815,10,"₹ 49,894.78",2,1,0,104259.8414644783,0
13702,Female,Mumbai,34.49624243212619,0,"₹ 30,029.63",1,0,1,115514.98018873998,0
13703,Male,Pune,42.897276168090436,1,"₹ 23,878.72",1,0,1,88105.05362449218,0
13704,Female,Hyderabad,36.98732220698558,3,"₹ 50,433.45",1,0,0,80762.52781651098,0
13705,Female,Chennai,58.46589467713679,8,"₹ 42,248.02",3,1,1,106829.5472114089,1
13706,Female,DELHI,36.58741894124341,0,"₹ 18,769.45",2,1,1,100210.43898378046,0
13707,Female,DELHI,45.662016732973115,5,"₹ 30,242.53",2,1,0,131171.68118727143,0
13708,Male,Hyderabad,35.0622197680597,5,"₹ 51,615.01",3,1,0,79010.18140807998,0
13709,Male,Delhi,78.11861951979192,9,"₹ 32,654.14",2,1,1,85066.88173843744,0
13710,M,Pune,54.43828448335146,2,"₹ 49,540.04",1,1,0,133508.56901515205,1
13711,Male,Pune,53.84391493858186,9,"₹ 29,043.96",1,1,1,55195.00382907601,0
13712,Female,Hyderabad,55.46741085603541,8,"₹ 64,042.19",2,1,1,83787.13948316072,0
13713,Female,Pune,39.08069709499148,9,"₹ 29,394.34",2,1,1,122102.45962816093,0
13714,Female,Delhi,67.81902155810633,2,"₹ 69,024.61",1,0,0,45695.39782422933,0
13715,F,DELHI,43.98478199058091,0,"₹ 41,225.36",2,1,0,82130.85565047017,0
13716,Male,Chennai,71.59208198880398,1,₹ 0.00,2,0,0,10000.0,0
13717,Male,mumbai,40.127933579300596,3,"₹ 42,081.18",2,1,1,60914.60829241558,0
13718,Male,DELHI,55.732205761362266,3,"₹ 65,151.84",2,1,0,48334.570338566205,1
13719,Male,Bangalore,47.50233439301033,1,"₹ 33,418.82",1,0,1,57945.46814014421,0
13720,Male,Bangalore,49.01467767380251,9,"₹ 44,115.28",2,1,1,143226.34597028847,0
13721,Male,DELHI,19.949735791708008,5,"₹ 68,734.86",2,1,0,10000.0,1
13722,Female,Delhi,30.252000346484387,5,"₹ 95,596.64",1,1,0,114855.1033430359,0
13723,Female,mumbai,67.64932793494759,2,"₹ 84,609.90",1,1,1,63078.57202912792,0
13724,Male,Chennai,25.667714373272407,0,"₹ 53,264.99",2,0,1,95324.1902279976,0
13725,Male,Pune,58.38045702484689,9,"₹ 66,791.47",1,0,1,47596.3854577933,0
13726,Female,Bangalore,83.99968813866228,8,"₹ 52,703.29",1,0,0,117214.02160818457,0
13727,Male,Bangalore,53.29516069726007,3,"₹ 4,935.33",2,1,0,61281.44692955084,0
13728,Male,Bangalore,76.90121793166887,8,"₹ 87,986.13",1,1,1,26759.75210419143,0
13729,Male,Delhi,55.38169079285021,4,"₹ 89,480.65",1,1,0,75934.75866617393,0
13730,Female,DELHI,48.942859529990315,6,₹ 0.00,1,1,0,70403.54150419406,0
13731,Male,mumbai,50.61967750371067,2,"₹ 38,524.35",1,0,1,50540.174727304475,0
13732,M,DELHI,42.339333602558895,2,"₹ 96,035.88",1,0,1,79728.4393796893,0
13733,Male,Bangalore,41.878368989270164,7,"₹ 56,575.83",1,0,1,43031.743255070185,0
13734,Female,Hyderabad,37.12258772299706,0,"₹ 20,019.59",2,0,0,62719.44622582444,0
13735,Male,Delhi,51.34796261787764,7,"₹ 86,546.37",2,1,1,109719.44246183115,0
13736,Male,Chennai,78.00577742859994,7,"₹ 53,482.12",2,1,1,108835.97461656187,1
13737,Female,Pune,66.36708943148247,2,"₹ 88,865.33",1,0,1,81418.90587557919,0
13738,Female,Kolkata,48.07312734688058,0,"₹ 52,560.07",2,0,0,73271.79573640774,0
13739,Female,mumbai,54.21314541235638,8,₹ 0.00,1,1,0,137387.25561715383,0
13740,Female,Chennai,43.71909509080519,3,"₹ 104,207.86",1,0,0,130514.74756651113,0
13741,Female,Kolkata,66.32190574090171,6,"₹ 16,777.89",1,1,0,80305.25163142334,0
13742,Female,Chennai,20.51553117984498,8,"₹ 36,884.74",1,1,1,10000.0,0
13743,Female,DELHI,73.95889616540794,2,"₹ 86,030.69",2,0,0,111350.13688749363,0
13744,Male,DELHI,36.82127716221704,4,"₹ 118,421.95",2,0,0,72020.58838932605,0
13745,Male,Bangalore,39.23926137408421,9,"₹ 48,024.33",2,0,1,62127.66819856716,0
13746,Male,Mumbai,26.65916943949876,10,"₹ 60,730.57",3,1,0,64809.75873100019,0
13747,Female,Pune,47.321269586526135,2,"₹ 14,431.55",2,1,0,136197.5346244248,0
13748,Male,Delhi,34.78706113567606,4,"₹ 41,695.75",1,1,1,99167.93706165315,0
13749,Male,Delhi,62.4522911925915,10,"₹ 82,932.25",2,1,0,90785.65369188419,1
13750,Female,Bangalore,55.12697307476716,1,"₹ 59,237.40",1,1,1,64364.60731454393,0
13751,Female,DELHI,34.59521485312608,3,"₹ 102,047.67",2,1,0,131478.52011723802,0
13752,Female,Bangalore,31.845715934123618,1,"₹ 8,105.37",2,1,0,74470.16478737957,0
13753,Male,Hyderabad,35.370405666333156,2,"₹ 6,856.95",1,1,0,150866.0035033722,0
13754,Female,mumbai,30.81524023089994,4,"₹ 29,459.67",1,0,1,84871.46632739606,0
13755,Male,DELHI,40.8067654927583,8,"₹ 30,907.66",1,1,1,129765.47455241275,0
13756,Male,Mumbai,,2,"₹ 78,702.41",1,0,1,45516.15207993847,0
13757,Male,Hyderabad,62.52406379175984,9,"₹ 37,674.69",2,1,1,69633.68506676354,0
13758,Male,Hyderabad,37.52477575099176,5,"₹ 14,664.83",1,0,1,162039.4165816513,0
13759,Male,DELHI,53.63552587417253,3,"₹ 61,920.96",2,0,0,143593.43252911884,0
13760,Female,Kolkata,53.7587754884934,3,"₹ 26,938.14",2,1,1,137886.7066581495,0
13761,Male,mumbai,18.0,10,"₹ 17,192.68",1,1,0,87453.12945575488,1
13762,Female,mumbai,55.70172226372095,9,"₹ 81,804.21",1,0,0,125362.82557869484,0
13763,Female,DELHI,19.396801360498333,9,"₹ 88,818.54",2,1,1,160017.10367899886,0
13764,Male,Pune,32.49238994424863,4,"₹ 79,365.93",1,1,1,138602.44258448103,0
13765,Male,Pune,,10,"₹ 24,967.61",1,1,0,77990.76226649077,0
13766,Male,Mumbai,46.87255211561002,6,"₹ 32,319.11",2,1,0,142155.3024020419,0
13767,Female,Pune,39.89337332836283,10,"₹ 66,317.26",1,1,0,64215.82887707504,1
13768,Male,Chennai,18.25533213349424,3,"₹ 72,264.35",2,1,1,24733.689647052008,0
13769,Male,Chennai,59.46957930802426,7,"₹ 43,107.15",2,1,1,57349.44941527535,0
13770,Male,Delhi,51.51148782840026,8,"₹ 86,152.27",1,1,0,73609.33786412644,1
13771,Female,Chennai,,8,₹ 0.00,1,1,0,99273.47237023599,0
13772,Female,Kolkata,30.576894845593188,8,"₹ 32,818.04",1,1,0,97182.8300425074,0
13773,Male,Kolkata,60.40324329212676,1,"₹ 116,462.94",1,0,1,44590.83994682268,0
13774,Female,Kolkata,49.50606387574093,2,"₹ 49,574.87",1,0,0,33173.77975405096,0
13775,Female,Chennai,24.595511302199643,4,"₹ 35,669.17",1,0,1,87763.38105962895,0
13776,Female,Mumbai,34.04403260383573,0,"₹ 64,227.50",1,1,1,10000.0,0
13777,Female,DELHI,74.35936886048435,3,"₹ 21,310.52",2,0,1,120151.3393754223,1
13778,Female,Bangalore,60.03356645899243,10,₹ 0.00,1,1,1,76789.72274811966,0
13779,Female,Delhi,45.00856912837705,4,"₹ 140,077.38",1,1,1,26969.671427145237,0
13780,Female,mumbai,45.335563776594086,8,"₹ 24,235.30",2,1,1,78942.7622261689,0
13781,Male,Hyderabad,18.0,7,"₹ 56,671.53",2,1,0,102950.87849514303,1
13782,Male,mumbai,64.59936670529638,0,"₹ 55,211.94",2,0,0,95427.12534376796,0
13783,Male,Delhi,38.228718843215326,2,"₹ 64,856.28",2,1,1,135191.65008594134,0
13784,Female,mumbai,32.869977795217224,2,"₹ 26,191.44",1,1,1,102837.47385604566,0
13785,Female,mumbai,56.24959270005699,10,₹ 0.00,2,1,0,91287.59326619192,0
13786,Male,mumbai,35.550695374590546,5,"₹ 30,337.98",4,1,1,72221.04867258138,0
13787,Female,Chennai,18.0,3,"₹ 50,916.90",2,1,0,50990.17087533776,0
13788,Male,Bangalore,51.147141681066316,3,"₹ 53,077.25",2,0,0,70375.54599834108,0
13789,Male,Pune,22.26806601651795,0,"₹ 96,890.08",2,0,1,131507.28651569982,0
13790,F,Bangalore,44.11807740667111,9,"₹ 41,477.98",2,0,0,56112.188514507405,0
13791,Male,mumbai,49.76413307619245,10,"₹ 56,247.30",1,1,1,183787.83312952227,0
13792,Male,Bangalore,40.83239753065986,3,"₹ 26,227.06",2,1,1,49142.50151856664,0
13793,Female,Delhi,40.89949207836102,0,"₹ 32,057.62",2,0,1,129846.4627061059,0
13794,Female,DELHI,68.26385483710735,4,"₹ 110,105.30",1,1,1,146226.42203223173,0
13795,Male,Pune,68.47947950354612,2,"₹ 28,573.51",2,0,1,19271.09836476516,0
13796,Female,DELHI,31.236893253952893,9,"₹ 38,643.54",1,0,1,128896.20173630655,0
13797,Female,Hyderabad,36.07865124407877,4,"₹ 82,572.15",1,0,1,67680.07059381528,0
13798,Male,Bangalore,36.90198854561723,2,"₹ 107,180.24",1,1,0,17340.387656727697,1
13799,Male,DELHI,44.528414613031195,4,"₹ 74,310.09",1,1,0,17904.997681882567,0
13800,Female,Mumbai,43.77026043421415,3,"₹ 74,404.87",2,1,1,118277.88518270508,0
13801,Male,Mumbai,70.7562398421475,8,"₹ 12,436.90",1,0,0,134397.53940951097,1
13802,Female,DELHI,42.21701908822955,5,"₹ 65,442.66",2,0,0,79942.17316915658,0
13803,Female,mumbai,29.546018024797853,9,"₹ 40,777.51",1,1,1,150721.72103247774,0
13804,F,Pune,36.17976469396369,1,"₹ 64,184.36",2,1,0,11156.169937340106,1
13805,Male,Kolkata,50.60070352383463,0,"₹ 41,622.59",1,1,0,87786.62616106961,0
13806,M,Delhi,41.143130853101425,0,"₹ 32,864.77",2,0,0,106857.10799841056,0
13807,Male,mumbai,49.70407096773668,0,"₹ 6,250.22",2,1,0,106372.37344734339,0
13808,Male,Pune,41.337375491312066,8,"₹ 47,494.73",1,1,1,10000.0,0
13809,Male,DELHI,55.871967681121546,4,"₹ 55,156.79",2,0,0,105284.90264108671,0
13810,Male,mumbai,43.676018786983825,3,₹ 0.00,3,1,0,78102.30095934625,1
13811,Female,mumbai,26.75395116590539,9,"₹ 31,598.37",1,1,0,103076.21802186358,0
13812,Male,DELHI,39.79718716410913,4,"₹ 42,066.37",1,0,1,32617.095389429203,0
13813,Male,DELHI,,8,"₹ 67,197.67",2,0,0,137884.67000363482,1
13814,Female,Bangalore,63.54337121686069,2,"₹ 32,300.82",2,0,0,100968.16403294406,1
13815,Male,Bangalore,27.574980876864238,2,"₹ 68,857.94",2,0,1,93651.61363610835,0
13816,Female,Delhi,71.67588884491447,1,"₹ 58,416.71",2,1,0,118360.39183117471,0
13817,Male,Mumbai,47.05653925678783,7,"₹ 76,078.66",2,0,0,117323.36678884522,0
13818,Female,Chennai,37.674245363237986,6,"₹ 34,101.08",2,0,1,115267.62622138683,0
13819,Female,Delhi,40.77627288634601,1,"₹ 41,528.61",1,1,0,94720.68320985776,0
13820,Male,Delhi,45.852335534455655,3,"₹ 67,108.89",2,1,0,87796.54323241788,0
13821,Male,Kolkata,61.26096370510662,6,"₹ 19,381.94",2,0,1,65091.30057033704,1
13822,Male,Chennai,47.85043191115601,0,"₹ 48,000.88",2,1,0,54061.027155766715,0
13823,Female,Mumbai,50.00103725285686,0,"₹ 79,703.58",1,1,0,76072.71308892142,1
13824,Male,mumbai,63.16995045356903,7,"₹ 29,998.42",2,0,1,116373.78284182743,0
13825,Male,Chennai,39.013648521863,5,"₹ 59,841.23",1,1,1,118751.10457243692,0
13826,Male,Kolkata,49.536473207994504,1,"₹ 49,947.35",3,0,1,10000.0,0
13827,Male,Hyderabad,51.58313997845315,9,"₹ 94,052.81",1,0,1,113866.73353110939,0
13828,Male,Delhi,47.02092689655057,9,"₹ 52,453.22",2,1,0,14347.26431650504,0
13829,Female,DELHI,52.48503946143647,0,"₹ 66,011.66",1,0,0,69620.32201649224,0
13830,Male,Delhi,34.63188961389408,2,"₹ 44,989.31",2,1,1,117767.15275165881,0
13831,Male,Kolkata,59.699976948942115,3,"₹ 34,461.59",1,1,1,60468.027039986824,0
13832,Female,Delhi,36.69217265719012,4,"₹ 56,797.93",2,0,1,63400.20531983796,0
13833,Female,Delhi,51.81982737535081,10,"₹ 32,974.54",2,1,1,61961.06570256126,0
13834,Male,Chennai,48.155855850978796,9,"₹ 81,019.41",2,1,1,88364.15294699495,0
13835,Male,Chennai,34.70080772423051,2,"₹ 85,277.08",2,1,0,38391.4630884402,0
13836,Male,DELHI,69.33691734903914,4,"₹ 52,159.73",1,1,0,102364.8194896928,0
13837,Female,Pune,70.74844990668522,6,"₹ 36,761.33",1,1,1,124367.8672534691,0
13838,Male,DELHI,31.187489533899694,10,"₹ 56,829.41",1,1,1,154591.8380632626,0
13839,Female,Hyderabad,56.98941932023116,8,"₹ 11,768.24",1,1,1,64402.759157228254,0
13840,Female,Chennai,43.1619231813788,4,"₹ 27,289.16",1,1,1,137058.12286197976,0
13841,Female,Delhi,34.89253003484738,3,"₹ 17,263.37",1,1,1,78395.88793356068,0
13842,Male,mumbai,50.52764568715944,9,"₹ 27,737.99",2,1,0,67047.67677028963,1
13843,Male,Delhi,57.50686671931744,10,"₹ 31,600.74",3,1,1,86875.35526063608,1
13844,Male,Mumbai,47.41624360549484,8,"₹ 11,426.43",2,1,0,82875.55430921268,0
13845,Male,DELHI,39.547526684462966,7,"₹ 42,015.34",1,0,0,92393.76458882213,0
13846,Female,mumbai,64.94135090017232,4,"₹ 44,201.87",2,1,0,16540.641308220424,0
13847,M,Mumbai,65.4809669748504,8,"₹ 67,183.60",1,0,0,85173.08536156187,1
13848,Female,Hyderabad,34.75662866835752,10,"₹ 53,166.78",2,0,0,55931.56250320596,0
13849,Female,Delhi,46.36331920280093,8,"₹ 92,367.96",2,0,1,153946.39579550602,0
13850,Male,Pune,21.31551870817072,0,"₹ 67,665.35",1,1,1,48909.88320879825,0
13851,Male,Kolkata,57.530130559639225,5,"₹ 120,257.44",2,1,0,55001.75299117563,1
13852,Male,Mumbai,64.91250194022366,10,"₹ 15,501.04",2,1,1,,0
13853,Female,Delhi,50.84316648494439,4,"₹ 79,922.31",2,0,1,70253.9157609852,0
13854,Female,Delhi,29.469180489067373,5,"₹ 2,949.53",1,1,0,105867.8450057248,0
13855,Female,Pune,69.2294500745784,9,"₹ 81,797.41",1,1,1,49827.988604927275,0
13856,Male,Mumbai,75.4562443812099,2,"₹ 61,504.48",2,1,0,105616.09458863607,1
13857,Male,Chennai,38.521859301617425,2,"₹ 43,215.92",2,1,1,40579.77101233732,0
13858,Female,Kolkata,51.681913861293346,9,"₹ 56,310.34",2,1,1,115793.5057002232,0
13859,Male,Delhi,57.25010423130138,4,"₹ 35,272.25",1,0,0,126634.3324487741,0
13860,Female,Delhi,56.81066414565566,6,"₹ 32,435.21",2,1,1,24436.2819920342,0
13861,Female,Hyderabad,45.722916817336596,3,"₹ 63,126.56",1,1,1,62763.07593477632,0
13862,Female,Hyderabad,71.96810969281528,5,"₹ 1,402.38",1,1,0,112664.3196946396,0
13863,Male,Pune,21.52056699890836,4,"₹ 59,884.53",2,1,0,48979.401373725515,0
13864,Male,Mumbai,21.712639201534078,1,"₹ 46,235.50",2,1,1,100398.65311830901,0
13865,Male,Bangalore,44.764728754935305,10,"₹ 40,193.85",2,1,0,50597.22462919429,0
13866,Male,mumbai,71.15344210865878,0,"₹ 35,235.62",1,1,1,107040.39385611651,0
13867,Male,Mumbai,62.395398065130635,5,"₹ 57,087.44",1,0,0,93038.44094120608,0
13868,Female,Delhi,22.600089661303926,4,"₹ 80,954.49",1,1,1,118426.17055984054,1
13869,Female,DELHI,87.65174721634838,8,"₹ 116,847.95",2,0,0,91897.1862818585,0
13870,Male,Hyderabad,53.31514945041893,6,"₹ 83,605.24",1,1,1,115411.8207383118,0
13871,Male,mumbai,27.716707441156156,0,"₹ 74,943.90",1,1,1,92304.24162228692,1
13872,Male,Chennai,43.61818100873165,9,"₹ 26,364.30",1,1,1,90198.75971125565,0
13873,Male,Chennai,59.50717787617286,5,"₹ 32,099.57",2,1,1,160420.7495210293,0
13874,Female,Hyderabad,63.78713056472897,10,"₹ 49,864.28",2,0,0,65582.96716670477,0
13875,Male,Mumbai,44.01035742154006,6,"₹ 63,318.58",1,1,1,79856.42108766605,0
13876,Male,mumbai,52.83246732550822,2,"₹ 36,419.88",1,0,1,61305.34517593023,0
13877,Male,Delhi,43.12827234094218,8,"₹ 85,568.36",1,0,0,67340.2175474657,0
13878,Female,Mumbai,44.01223459273199,10,"₹ 29,844.13",2,1,1,,0
13879,Female,Hyderabad,55.87181967489823,10,"₹ 12,216.78",1,0,0,89093.6767941889,0
13880,Male,Pune,66.61071896659185,1,"₹ 81,091.43",1,1,1,73431.08963753292,0
13881,Female,Bangalore,27.938053953163056,0,"₹ 57,084.90",2,0,0,106441.16127269003,0
13882,Female,Mumbai,41.5081883232474,9,"₹ 41,391.25",2,0,1,73409.20489665058,0
13883,M,Kolkata,35.97094856716439,9,"₹ 8,872.90",2,1,1,108495.2525779068,0
13884,Male,Chennai,29.879931991351263,8,"₹ 79,541.64",1,1,1,114187.30778498137,0
13885,Female,Kolkata,29.114368752213274,6,"₹ 121,362.24",2,1,1,77496.96462303399,0
13886,Female,Mumbai,45.37426472550213,9,"₹ 64,842.79",2,1,0,13896.839888621063,0
13887,Female,Mumbai,28.91160043508589,10,"₹ 30,934.97",1,1,1,99808.44368661282,0
13888,Female,Kolkata,28.403017745588457,0,"₹ 57,128.60",3,0,0,96453.95153791,1
13889,Female,Pune,42.30971409597185,3,"₹ 66,883.65",2,1,1,55325.823924028526,0
13890,Male,Kolkata,30.308285744629163,9,"₹ 64,944.61",1,1,0,40501.07152884454,0
13891,Female,Delhi,52.628914696000656,2,"₹ 25,609.72",2,0,0,70053.19191844059,1
13892,Female,mumbai,37.81281278989124,10,"₹ 34,848.47",1,0,1,70374.5128252522,0
13893,Female,Kolkata,27.082274416475567,6,"₹ 27,591.68",2,1,1,81574.2431057527,0
13894,Male,Kolkata,79.88580598039063,4,"₹ 61,094.49",1,1,0,78897.63900302032,0
13895,Female,mumbai,18.0,8,"₹ 48,083.09",2,1,1,78421.43040782864,0
13896,Female,Bangalore,57.84456974335019,10,"₹ 84,540.32",2,0,0,10000.0,1
13897,Male,Kolkata,50.1915171742208,2,"₹ 57,412.93",1,1,0,120508.85559915322,0
13898,Female,Kolkata,37.728823039798336,10,"₹ 71,368.06",2,1,0,38062.18706063663,0
13899,Female,Delhi,31.38428587218768,5,"₹ 41,941.97",1,0,1,60170.779562166936,0
13900,Female,Chennai,70.92629499352032,9,₹ 0.00,1,0,0,31436.07054951165,0
13901,Male,Delhi,76.85842071607674,1,"₹ 90,395.85",1,1,1,171385.7665421407,0
13902,Male,Kolkata,40.60784655927674,2,"₹ 53,761.61",2,0,1,92266.5002963945,0
13903,Female,Delhi,38.426466779458856,3,"₹ 62,393.91",1,0,0,70237.23761029469,1
13904,Male,mumbai,61.93119233917011,5,"₹ 74,505.52",1,1,1,31652.791839579942,0
13905,Female,Pune,41.30996247138587,10,"₹ 57,730.89",1,0,0,98702.7651367081,0
13906,Male,DELHI,53.75181938330148,0,₹ 0.00,2,1,1,72643.81649053766,0
13907,Female,mumbai,53.37022688450091,5,"₹ 39,446.33",2,1,0,82551.42120485287,0
13908,Male,DELHI,45.559871495805425,3,"₹ 35,556.02",2,1,0,121016.72870522438,1
13909,Female,Kolkata,47.47648403355648,7,"₹ 36,550.28",2,1,1,17842.082582554794,0
13910,Male,Kolkata,50.54390723257174,8,"₹ 43,800.19",1,1,1,110653.18315531519,0
13911,Male,Pune,28.671243045407618,7,"₹ 51,665.27",2,1,0,34009.23132547158,0
13912,Male,Mumbai,34.80401728712806,7,"₹ 107,894.23",2,0,1,109717.08739145733,0
13913,Male,DELHI,48.386418917165045,1,"₹ 65,702.39",2,1,1,97987.26606175191,0
13914,M,Delhi,38.185811314303166,9,"₹ 71,613.17",1,0,0,10000.0,0
13915,M,Pune,86.66028916375228,1,"₹ 35,971.49",2,1,0,82563.2311329285,0
13916,Male,mumbai,46.98867749262117,5,"₹ 94,624.27",1,1,1,42474.89750842838,0
13917,Female,Bangalore,18.927074399271877,4,"₹ 54,024.59",2,1,0,123815.5365588457,0
13918,Male,Delhi,18.0,5,"₹ 49,547.75",2,1,0,89572.77424962843,1
13919,Female,Kolkata,57.31590203458927,8,₹ 0.00,1,1,0,33878.57296181444,0
13920,Female,mumbai,47.11894621928219,9,"₹ 71,241.84",1,1,1,59635.80070666328,0
13921,Female,Pune,66.6102079367693,6,"₹ 77,945.58",1,0,0,131919.5566850431,0
13922,Male,DELHI,35.340008357370436,4,"₹ 77,078.61",1,1,0,66858.95779863943,0
13923,Female,DELHI,43.19116770093133,9,"₹ 7,898.08",1,0,1,46320.051996913935,0
13924,Male,Hyderabad,49.18820050387374,6,"₹ 78,185.71",2,0,1,140394.90002624984,0
13925,F,Kolkata,42.67409285249947,7,"₹ 40,663.66",1,1,0,90413.02505542814,0
13926,Male,Delhi,41.43387288847101,10,"₹ 12,295.06",2,1,1,76445.47542300538,0
13927,Female,Kolkata,55.88398127079304,0,"₹ 114,728.85",2,0,0,44533.299033174764,1
13928,Female,Hyderabad,32.493306980211855,9,"₹ 95,385.05",2,1,1,36258.13561171793,0
13929,Female,Hyderabad,53.03521235305732,10,"₹ 69,552.46",1,0,1,126777.88676322318,0
13930,Male,Delhi,72.42762364521167,10,"₹ 65,723.37",2,1,0,54755.716636175246,0
13931,Female,Hyderabad,69.82707200699622,6,"₹ 96,979.88",1,0,1,63709.57703857118,0
13932,Male,Pune,18.0,3,"₹ 35,375.61",2,0,1,100162.59300961204,0
13933,Female,Hyderabad,37.653280100740744,4,"₹ 124,480.12",1,1,0,121216.13573421838,0
13934,Male,DELHI,49.35857679138219,1,"₹ 51,265.86",1,0,1,69552.22419960971,1
13935,Male,Chennai,64.16842348752203,9,"₹ 79,868.75",1,1,0,45820.01169773734,0
13936,Female,Mumbai,48.14846975873405,4,"₹ 66,175.00",3,1,0,13738.31905177822,1
13937,Male,DELHI,64.19655230657311,8,"₹ 19,817.78",1,1,0,161782.17180737457,0
13938,Male,DELHI,34.95929652293955,0,"₹ 50,601.40",2,0,0,111027.52345323679,0
13939,Male,Bangalore,49.94695310099496,2,"₹ 94,523.12",2,1,1,106813.11970838562,0
13940,Male,Bangalore,50.32447884118251,3,"₹ 26,808.92",1,1,0,10595.383819049151,1
13941,Female,Kolkata,64.70015453027395,8,"₹ 90,787.01",1,1,1,61757.1687578593,1
13942,Female,Bangalore,58.62833705487977,1,"₹ 69,919.34",1,0,0,89987.67953984611,0
13943,Male,Kolkata,55.35002159130306,6,"₹ 10,703.29",1,1,0,62232.002054081415,0
13944,Male,DELHI,57.739947493234794,8,"₹ 49,994.42",2,1,1,43303.47894926615,0
13945,Male,Mumbai,26.855987391141273,9,"₹ 48,509.88",1,1,1,30656.446709957076,0
13946,Male,Delhi,42.42807389777248,3,"₹ 19,399.83",1,0,1,80285.30059288183,0
13947,Female,Delhi,29.92638920579816,4,"₹ 59,022.31",1,1,0,66448.70664765024,1
13948,Female,Chennai,35.20319998515877,9,"₹ 9,302.63",2,1,0,62983.50884065058,0
13949,Male,mumbai,42.393832042841595,3,"₹ 76,328.30",2,1,0,59325.49323752389,0
13950,Male,Delhi,18.0,6,"₹ 23,353.74",1,1,0,94472.61743474935,1
13951,Male,mumbai,42.93479715183753,7,"₹ 40,620.25",2,0,1,22505.36111238011,0
13952,Female,Hyderabad,33.257726046426164,7,"₹ 49,915.92",1,1,1,115304.85334822613,0
13953,M,DELHI,29.15843026127901,2,"₹ 95,488.32",2,1,1,34044.36852052141,0
13954,Male,Mumbai,46.437853204491745,1,"₹ 12,037.10",2,1,0,102907.0382717701,0
13955,Male,Kolkata,39.16898967334481,5,"₹ 34,913.26",2,1,1,10000.0,0
13956,Female,mumbai,50.12252609512973,0,"₹ 54,623.20",2,1,0,85422.63980687651,0
13957,Female,Chennai,35.26766285870965,8,"₹ 48,058.36",2,1,1,65831.7649308488,0
13958,Male,Delhi,42.366003770710265,6,"₹ 53,291.56",1,1,0,118932.69503704249,1
13959,Male,Pune,81.88026561504918,7,"₹ 43,858.08",1,1,1,59656.629978106,0
13960,Male,Delhi,54.34651786214758,6,"₹ 58,390.94",2,1,1,100370.99321962865,0
13961,Female,Bangalore,32.30891680058891,4,₹ 0.00,2,1,1,82004.73090382801,0
13962,Male,DELHI,63.591482800474246,4,"₹ 92,486.82",1,1,0,47994.92991500828,1
13963,Male,Bangalore,68.22612469515823,6,"₹ 47,876.81",1,1,0,,0
13964,Female,Delhi,53.98022544980519,6,"₹ 130,816.66",1,0,1,73275.60003077293,0
13965,Male,Pune,33.27065332869563,1,"₹ 39,875.24",2,0,0,,1
13966,Female,Bangalore,60.494705141315876,1,"₹ 81,045.19",2,1,1,98402.44355926514,0
13967,Male,Mumbai,36.340316259402705,6,"₹ 27,621.86",1,1,0,53250.47262835991,0
13968,Male,Bangalore,65.26270380601045,4,"₹ 51,278.38",2,1,0,81638.1745784719,0
13969,Female,Pune,41.386218282189475,1,"₹ 19,894.14",2,1,1,24951.706218606065,0
13970,Male,Bangalore,40.80727441360194,0,"₹ 40,429.65",2,0,1,52924.49457540549,0
13971,M,mumbai,52.860860286691924,8,"₹ 28,040.68",2,1,0,79897.09730213508,0
13972,Female,Hyderabad,66.15398761452388,10,"₹ 64,894.04",1,1,1,32500.59671659735,1
13973,Male,Kolkata,80.52327563087857,7,"₹ 99,583.53",2,1,0,64854.11068938287,0
13974,Female,Delhi,45.40521938652301,1,"₹ 63,524.47",2,1,0,137832.85096496705,1
13975,Male,mumbai,38.85490087920578,1,"₹ 136,095.88",2,0,0,46924.728878935224,1
13976,Female,Kolkata,32.68993821066895,2,"₹ 71,202.67",1,1,0,126667.74156159823,0
13977,Male,Hyderabad,22.77188209767524,3,"₹ 22,004.83",2,1,0,43730.0797607962,1
13978,Female,mumbai,29.909448396338096,8,"₹ 122,779.70",1,0,0,10000.0,1
13979,Male,Chennai,48.53459472876941,5,"₹ 77,330.83",2,1,0,101885.1666751617,0
13980,Male,mumbai,60.81977238769179,2,"₹ 8,231.09",3,0,1,10000.0,1
13981,Female,Mumbai,31.443894995291924,7,"₹ 49,365.99",1,0,1,84105.67057387225,0
13982,Female,Pune,56.80697676680582,5,"₹ 74,108.24",1,1,1,49432.542442859165,0
13983,Male,Delhi,32.0714701241304,7,"₹ 66,912.50",3,1,1,135619.07121685485,1
13984,Male,DELHI,33.89488367825403,9,"₹ 74,015.46",1,0,0,116596.59934539392,0
13985,Female,Kolkata,,1,"₹ 80,530.49",2,1,0,102337.5016301993,0
13986,Female,Bangalore,64.9776024033607,7,"₹ 31,973.14",1,1,0,84715.58524222761,0
13987,Male,Delhi,69.09606512214987,10,"₹ 65,177.79",2,0,0,97936.1024501134,0
13988,Male,DELHI,34.0633065116974,4,"₹ 56,416.95",1,1,1,128251.78932072828,0
13989,Male,Hyderabad,32.86288708035924,9,"₹ 42,410.27",1,1,1,30741.11806855786,0
13990,Female,mumbai,54.33856982463089,3,"₹ 75,069.90",2,0,0,,1
13991,Male,DELHI,70.92046795556087,2,"₹ 55,920.91",1,1,1,84531.3198085735,1
13992,Male,Chennai,69.20878649656342,8,"₹ 83,527.50",1,1,0,82677.7036377951,0
13993,Female,Delhi,39.224101950268924,9,"₹ 59,304.06",1,1,1,145618.63726429798,0
13994,Male,Delhi,42.24678050467767,6,"₹ 40,319.46",2,0,0,109869.14324657597,0
13995,Male,Delhi,26.52687678929684,6,"₹ 54,810.25",1,1,1,43180.99834171686,0
13996,Male,Pune,39.05493424314129,5,"₹ 70,451.96",2,1,0,71806.68771111932,0
13997,Male,Hyderabad,46.44947701746334,8,"₹ 51,170.04",1,0,0,85311.4219708186,0
13998,Male,Pune,24.75335599859093,2,"₹ 36,727.46",2,1,1,10000.0,0
13999,Female,Delhi,36.8251835734515,0,"₹ 54,787.15",2,0,1,66217.61887003947,0
14000,Male,Chennai,48.333216429501604,6,"₹ 92,812.55",1,0,0,51628.53384699959,1
14001,Female,Bangalore,22.20038152090079,8,"₹ 70,058.97",2,0,1,48876.107092603255,0
14002,Female,Chennai,52.03589271444251,5,"₹ 60,951.89",1,1,1,28211.046368675612,0
14003,Female,Kolkata,60.30591523823681,9,"₹ 44,335.81",2,1,1,70013.80299613078,0
14004,Male,Hyderabad,53.55045140631611,1,"₹ 56,521.97",2,1,0,158402.58900950337,1
14005,Male,mumbai,37.548112956248545,7,"₹ 21,460.68",1,1,1,22810.84814008983,0
14006,Male,Delhi,62.57995091193381,8,"₹ 44,651.56",2,1,0,48559.49182870322,0
14007,Male,DELHI,65.81170085059541,9,"₹ 65,922.94",2,0,1,124314.71318913251,0
14008,Male,Bangalore,49.766834480444686,7,"₹ 53,329.99",2,1,1,127928.67826815449,0
14009,Female,mumbai,47.23557633601382,8,"₹ 38,887.24",1,0,1,11018.070090162975,0
14010,Male,Chennai,35.70439425198249,0,"₹ 13,312.53",2,0,0,63311.21514618683,0
14011,Male,Bangalore,38.899848630467616,2,"₹ 46,306.18",2,1,1,95358.0025860756,0
14012,Male,Pune,61.08262894757624,2,"₹ 27,871.95",2,1,1,93473.47385860438,0
14013,Female,mumbai,72.74080026403881,8,"₹ 49,191.41",1,1,1,66559.61484044617,0
14014,Male,Hyderabad,38.77534028076927,2,"₹ 58,437.18",1,1,0,123347.0797650018,1
14015,Female,Chennai,42.43051992935198,9,"₹ 93,338.30",2,0,0,106392.70682721533,0
14016,Male,Bangalore,35.29142705025908,0,"₹ 77,903.91",1,1,1,61249.86840385076,0
14017,Female,Chennai,38.53780889176677,2,"₹ 57,167.21",1,0,1,23157.470340836648,0
14018,Female,Bangalore,26.129945754002648,1,"₹ 112,768.55",2,1,1,125531.35688331864,1
14019,Male,Bangalore,51.4374599017322,8,"₹ 62,177.56",3,1,0,188655.58653514594,0
14020,Male,mumbai,25.978295430733066,0,"₹ 28,544.47",1,0,0,58685.7463891889,0
14021,Male,Chennai,36.77634657829132,10,"₹ 43,536.01",2,1,1,143150.42229333738,0
14022,Male,mumbai,44.08307055374267,1,"₹ 127,368.50",2,0,1,89333.53151370664,0
14023,Female,Kolkata,25.289387521211022,0,"₹ 28,474.02",1,1,1,90055.18472790583,0
14024,Female,Hyderabad,33.39203495592963,8,"₹ 40,984.18",1,0,0,,0
14025,Female,Kolkata,28.11963703523313,6,"₹ 80,000.58",1,1,0,145953.27362476423,0
14026,Female,Mumbai,61.494161059604295,0,"₹ 23,536.64",1,1,0,37969.66630292139,0
14027,Male,Delhi,66.37013083309552,9,"₹ 80,885.04",1,0,1,90308.81001938085,0
14028,Male,Kolkata,33.16034651705245,5,"₹ 84,937.51",1,1,0,115988.18664692633,0
14029,Female,Pune,86.44972008578394,4,"₹ 58,663.08",2,1,1,57475.4794395105,0
14030,Male,Hyderabad,30.9894482616653,9,"₹ 99,882.24",3,1,0,115268.90754135643,1
14031,Female,Delhi,38.651084835957604,10,"₹ 45,047.84",3,1,0,29646.241063633053,1
14032,Male,mumbai,52.39370366318241,4,"₹ 78,206.28",2,1,0,70362.13474271314,0
14033,Male,Pune,53.80935594305949,3,₹ 0.00,2,1,0,143702.12906447274,0
14034,F,Delhi,40.214690079736066,2,"₹ 70,186.94",2,0,0,99304.00376823565,0
14035,Male,Delhi,61.41364940764298,7,"₹ 90,539.40",2,1,0,112892.21985497858,0
14036,F,Bangalore,62.980702791975716,6,"₹ 74,199.84",2,0,1,86332.1167186291,0
14037,M,Mumbai,44.884875907173196,4,"₹ 38,792.37",2,1,0,70849.23083898795,0
14038,Female,mumbai,42.748458001774,8,"₹ 5,232.37",1,1,0,123488.28366556791,0
14039,Female,Chennai,35.84185977934123,6,"₹ 84,755.61",2,1,1,155844.11235020316,0
14040,Female,Kolkata,29.396288644818625,9,"₹ 25,156.75",1,1,1,117273.29186132117,0
14041,Female,Hyderabad,32.99307742772817,1,"₹ 29,136.47",2,1,1,68758.4523526975,0
14042,Male,Mumbai,53.16797337610565,6,"₹ 42,152.86",2,0,1,151152.28812837915,1
14043,Male,Bangalore,45.01054985403782,6,"₹ 70,157.58",1,1,1,111388.28372695213,0
14044,Female,Bangalore,41.33692002750819,3,"₹ 86,471.77",2,1,0,40154.834317466724,0
14045,Male,Delhi,36.434636708206554,7,"₹ 111,167.55",1,0,0,85208.6738478021,0
14046,Male,DELHI,36.7589747226765,3,"₹ 55,011.12",1,0,1,85868.83452026063,0
14047,Male,Kolkata,44.3227773725914,6,"₹ 59,969.30",1,0,1,97032.24678513981,0
14048,Female,Mumbai,43.13828609828807,3,"₹ 64,741.52",1,0,1,29956.332000544782,0
14049,Female,Delhi,44.98439681398777,7,"₹ 36,881.42",3,1,0,63487.60942348969,1
14050,Male,Mumbai,38.33069058339396,2,"₹ 72,354.66",1,1,1,86017.02948987106,0
14051,Female,Pune,34.93781385232199,1,"₹ 33,755.85",1,0,0,51804.7424078733,0
14052,Female,mumbai,45.126367060422005,9,"₹ 84,867.33",1,0,1,67762.0228372012,0
14053,Female,Hyderabad,54.7469548930226,5,"₹ 22,209.93",1,1,1,,0
14054,Female,Kolkata,37.37111777538035,6,"₹ 78,065.90",1,0,0,56579.916051468026,0
14055,Female,Bangalore,18.0,6,"₹ 78,555.58",2,0,1,104248.58057799844,0
14056,Male,DELHI,24.487896237099225,5,"₹ 5,175.14",1,1,1,108119.8555660072,0
14057,Female,Chennai,61.11376664335101,10,"₹ 61,881.24",2,1,0,51799.3213274536,0
14058,Male,mumbai,59.90607024422037,7,"₹ 98,729.99",2,1,1,61671.572191136554,0
14059,Female,Kolkata,54.70136672151504,5,"₹ 58,838.96",1,1,0,94973.95480708791,1
14060,F,Pune,52.689958175457555,5,"₹ 54,135.82",3,1,1,102999.89164119698,0
14061,Male,Kolkata,60.26562397399502,2,"₹ 37,204.33",2,1,0,47197.06555217914,0
14062,Male,Hyderabad,39.85259900188633,1,"₹ 67,483.71",1,1,0,116542.17293285188,0
14063,Female,Hyderabad,47.08372570166298,6,"₹ 41,734.43",3,0,0,116261.83605079004,1
14064,Male,Mumbai,33.42358734585024,5,"₹ 66,584.97",2,1,0,86574.80522048702,0
14065,Female,Delhi,42.36998693737837,0,"₹ 74,916.81",2,1,1,59284.59395169252,0
14066,Male,Hyderabad,73.44386863260306,1,"₹ 60,678.34",2,1,0,109758.8605068582,1
14067,Male,DELHI,32.60063184698286,1,"₹ 85,851.98",2,1,1,74558.1626103229,1
14068,M,Chennai,27.52253583276431,0,"₹ 64,454.10",4,1,0,100226.76459575392,0
14069,Female,Pune,42.09549842999427,2,"₹ 41,395.62",1,0,0,144927.13931965898,0
14070,Female,Bangalore,39.00174316958923,4,₹ 0.00,1,0,0,100401.9750856196,0
14071,Male,Hyderabad,48.989689771632655,3,"₹ 38,442.47",1,1,0,55377.14800205274,0
14072,Female,Bangalore,56.89304535237586,1,"₹ 47,461.32",1,1,1,22422.890976986346,0
14073,Female,Hyderabad,39.38206195264914,7,"₹ 69,267.02",1,1,1,89923.50022940221,0
14074,Female,DELHI,76.6016818315052,8,₹ 0.00,1,1,1,92394.050547224,0
14075,Female,Bangalore,63.46045562605474,7,₹ 0.00,1,0,1,35291.20323661423,0
14076,Female,Delhi,33.54709652470992,6,₹ 0.00,1,1,1,19681.97620644865,0
14077,Male,Pune,43.813669803815074,9,"₹ 49,819.74",2,1,0,,0
14078,Male,Chennai,52.926043637034596,1,"₹ 12,691.17",2,0,0,51417.97042682787,0
14079,Female,DELHI,32.56629540395456,5,"₹ 65,692.81",1,1,0,140195.25151861622,1
14080,Male,Delhi,18.0,10,"₹ 40,635.00",1,1,0,54762.15107384281,0
14081,Female,Chennai,73.94068145956575,3,"₹ 5,384.10",1,1,0,46936.07434861473,1
14082,Male,Delhi,28.394927653444757,4,"₹ 83,280.57",1,1,1,79483.42947725268,0
14083,Female,Delhi,57.7863660118454,8,"₹ 51,734.08",1,0,0,59455.24985402131,1
14084,Female,Delhi,55.50643981111,8,"₹ 84,519.49",2,0,0,44501.72410869611,0
14085,Male,Mumbai,32.76225119411795,3,"₹ 53,488.76",2,1,0,106538.55711435471,0
14086,Male,Chennai,74.39856231006922,7,"₹ 98,738.72",1,1,1,107854.71671596263,0
14087,Male,Delhi,45.968837403240876,10,"₹ 71,479.41",1,1,1,108780.5799068474,0
14088,Female,mumbai,47.06652441083172,4,"₹ 11,306.63",2,1,1,108233.41398678483,0
14089,Female,mumbai,21.92615911348658,8,"₹ 36,585.41",2,1,1,152569.6917902393,0
14090,Male,Hyderabad,18.0,1,"₹ 32,856.99",1,0,0,27157.87006608495,0
14091,Female,Pune,41.36138115626016,3,₹ 0.00,1,1,0,64010.45580906647,0
14092,Male,Bangalore,64.45893687579894,2,"₹ 79,275.37",2,0,0,59394.03919616434,1
14093,Male,Hyderabad,18.0,6,"₹ 65,696.34",1,1,1,86141.37140750914,0
14094,Female,Mumbai,47.180306970875826,1,"₹ 96,053.17",1,0,1,10000.0,0
14095,Male,mumbai,46.224063722100816,2,"₹ 3,893.69",1,1,1,88659.75864950707,0
14096,Male,Chennai,63.61541000662274,8,"₹ 18,423.86",2,0,0,72688.60647363901,0
14097,Male,Pune,60.24719954079505,7,"₹ 23,188.18",1,0,0,107338.37126929383,0
14098,Male,Pune,47.10422299412288,1,"₹ 97,380.40",2,1,1,169618.24384643137,0
14099,Male,Bangalore,43.59654692534679,5,"₹ 95,271.08",1,1,1,81598.28688055015,1
14100,Male,Chennai,34.20211486338999,2,"₹ 13,443.06",1,0,0,67598.9123258385,1
14101,Female,Bangalore,27.81846974636791,5,"₹ 63,861.61",1,0,1,78129.39836054754,0
14102,Male,Pune,35.60400316201609,4,"₹ 71,647.68",2,1,1,82817.12306183815,0
14103,Female,Mumbai,28.39782093798386,9,"₹ 48,609.71",2,1,1,80733.67849019254,0
14104,Male,DELHI,43.423456390418885,3,"₹ 112,277.84",2,1,0,79505.84058033557,1
14105,Male,DELHI,44.47901606607729,6,₹ 0.00,1,1,0,100130.08455322043,0
14106,Female,mumbai,40.879787667662214,10,₹ 0.00,3,1,1,117095.43936343204,1
14107,M,Pune,46.640283631637146,9,"₹ 55,703.55",2,0,1,76371.65246954237,0
14108,Male,Mumbai,38.11215780366857,6,"₹ 16,015.03",1,1,1,81919.75934165371,0
14109,Female,Bangalore,57.6249175748126,3,"₹ 79,395.76",1,0,1,111607.74396116531,0
14110,Female,Mumbai,48.43072881457084,2,"₹ 4,117.70",1,1,0,113769.34400617534,1
14111,Female,Kolkata,37.73967221179352,3,"₹ 71,146.28",1,1,1,118803.54967298346,0
14112,Female,Bangalore,27.50198926477456,1,"₹ 51,650.43",2,1,1,156617.55790538638,0
14113,Male,Delhi,43.77630841855359,3,"₹ 106,881.46",1,1,1,178077.9642138865,0
14114,Male,Bangalore,62.11722948341928,3,"₹ 27,485.82",1,1,1,185102.84306695816,0
14115,Female,mumbai,53.841664736062924,4,"₹ 100,409.08",2,1,1,78102.88466437453,0
14116,Male,DELHI,56.37254599508349,0,"₹ 75,369.98",1,0,0,102599.47774715598,0
14117,Female,Bangalore,55.860733123841776,1,"₹ 22,760.74",1,0,0,75451.77596461133,1
14118,Male,Delhi,63.23492689013866,7,"₹ 23,852.09",1,1,1,67702.95503467924,1
14119,Male,Kolkata,57.93166286276999,7,"₹ 84,735.69",1,1,1,117294.47480031275,0
14120,Female,Mumbai,47.236063038671126,7,"₹ 55,938.65",2,1,1,67244.92701484538,0
14121,Male,Chennai,38.8938678993413,4,"₹ 47,271.35",1,0,0,112752.8750412589,0
14122,Female,DELHI,58.139632449469794,7,"₹ 104,253.06",1,1,0,66381.18171750063,0
14123,Female,Mumbai,18.0,8,"₹ 75,350.31",1,0,1,30664.77689297615,0
14124,Female,Kolkata,64.01088507970789,3,"₹ 26,061.32",1,1,1,71489.72833297405,0
14125,Female,Chennai,55.35015242944813,3,"₹ 34,666.35",1,0,1,110634.89923343013,0
14126,Female,Pune,69.57900331770642,6,"₹ 64,001.33",2,0,1,61141.672997218535,0
14127,Female,Hyderabad,28.20613497054903,4,"₹ 58,068.11",1,1,1,94793.16835458108,0
14128,Female,mumbai,62.43044403340429,10,"₹ 72,763.55",2,1,1,36322.59350721267,0
14129,Male,Mumbai,54.953408940275025,9,"₹ 75,903.37",2,0,1,42629.10451499273,0
14130,Male,Chennai,35.8879386269735,0,"₹ 97,513.01",2,1,1,124867.14229377986,0
14131,Male,Pune,42.95470896206996,7,"₹ 38,476.22",2,0,0,55614.48460760895,0
14132,Male,Hyderabad,41.905935350709946,3,"₹ 122,319.13",2,0,1,119593.49383740877,0
14133,Female,Hyderabad,39.525489807665096,7,"₹ 78,538.12",1,0,0,66571.2311598256,0
14134,Female,DELHI,24.770272869043886,1,"₹ 58,750.78",1,0,0,72796.08169404863,0
14135,Female,DELHI,62.615042484815156,3,"₹ 45,859.68",1,0,0,117016.17693181503,0
14136,Male,DELHI,30.805012125819655,1,"₹ 62,035.55",2,1,1,,0
14137,Female,DELHI,29.2537094468114,4,₹ 0.00,1,1,0,63750.67052864208,0
14138,Male,DELHI,62.98746402477046,9,"₹ 47,157.43",1,0,0,162512.54160186212,1
14139,Female,Pune,23.959453287586864,9,"₹ 89,906.33",1,0,0,72788.79464710769,0
14140,Female,mumbai,40.460472182142546,7,"₹ 38,075.56",1,0,0,74645.56639532959,0
14141,Male,Bangalore,30.086008388794255,10,₹ 0.00,2,1,1,208875.67822268,0
14142,Male,Pune,69.55094956407024,6,"₹ 10,565.54",1,1,1,77381.38688553765,0
14143,Male,Kolkata,62.15632376049963,10,"₹ 40,866.69",2,1,0,79620.65547413034,0
14144,Female,DELHI,32.67482618576306,4,"₹ 60,096.44",2,1,0,110514.8609446189,0
14145,Female,Chennai,30.044368513426274,10,"₹ 24,960.80",1,1,1,87470.4832428445,0
14146,Female,Chennai,56.50859133482582,6,"₹ 9,202.25",1,0,0,103885.38920371195,0
14147,Male,Kolkata,51.50024717586721,4,"₹ 28,211.41",1,0,0,68615.73285311749,0
14148,Male,Pune,39.68878136838489,6,"₹ 107,992.39",2,1,1,76268.67759299204,0
14149,Female,Chennai,38.301641873363565,3,"₹ 129,098.16",2,1,1,87584.75190134016,0
14150,Female,Delhi,41.491877717157,3,"₹ 65,866.35",1,1,1,58165.89527669297,0
14151,Male,Delhi,58.5289918362929,9,"₹ 58,151.48",1,1,1,150348.04590502178,0
14152,Male,Bangalore,68.5606122798924,3,"₹ 83,814.91",2,1,1,78587.94187938281,0
14153,Female,Delhi,72.34082038188723,10,"₹ 9,088.02",1,1,0,107831.28234106388,0
14154,Male,Mumbai,33.983344026714185,7,"₹ 33,426.26",3,0,0,123467.61002123241,1
14155,Male,DELHI,45.87030682774376,0,₹ 0.00,2,1,1,100728.47456846858,0
14156,Male,Kolkata,65.15270002655643,9,"₹ 64,022.49",2,1,1,33204.72600341055,0
14157,Female,Mumbai,31.941493083088247,4,"₹ 48,684.45",1,0,0,,1
14158,Female,mumbai,34.76882559910921,9,"₹ 26,362.83",1,1,1,94018.07156643932,0
14159,M,DELHI,56.95305118438209,1,"₹ 108,345.07",1,0,0,89809.98009545989,0
14160,Female,Chennai,37.96974737346026,9,"₹ 87,259.34",3,0,1,43374.45378362284,0
14161,Female,DELHI,22.868870496430628,3,"₹ 49,052.75",1,0,0,104463.19943289386,0
14162,Male,Hyderabad,32.59623966088732,4,"₹ 26,097.85",1,1,0,36009.570093099755,1
14163,Female,Hyderabad,59.85448683978005,7,"₹ 59,328.17",2,1,0,24895.307431480745,0
14164,Male,Mumbai,48.73550079816797,1,"₹ 53,154.41",2,1,0,83251.02260842704,1
14165,Female,Pune,21.566420883720305,1,"₹ 34,640.60",1,1,1,94934.04249830045,0
14166,Male,Chennai,35.865949427313154,1,"₹ 20,678.05",2,1,1,,0
14167,Male,Delhi,72.34086365692126,7,"₹ 57,274.05",1,1,1,61451.969256389224,0
14168,Male,Hyderabad,43.95767815745389,2,"₹ 56,764.84",2,0,1,125377.97607426584,0
14169,Male,mumbai,41.34903058681883,4,"₹ 17,648.44",1,1,0,128011.9370533259,0
14170,Male,Kolkata,45.12313404609304,1,₹ 0.00,1,1,1,99167.81163609803,0
14171,Male,DELHI,48.07696546327912,5,"₹ 39,756.28",1,0,0,118226.89564984257,1
14172,F,Kolkata,39.13775800027872,9,"₹ 7,048.15",2,1,1,117253.886481886,0
14173,Male,Hyderabad,65.10808767818375,5,"₹ 26,113.02",1,0,0,36215.003534804055,1
14174,Female,Hyderabad,37.935540486581345,1,"₹ 33,456.66",1,1,1,86963.6579245272,0
14175,Female,mumbai,59.9065015018619,3,"₹ 63,605.51",2,1,1,74786.80806140481,0
14176,F,Bangalore,72.33667204256098,10,"₹ 33,142.52",2,1,0,92067.33102895188,0
14177,Female,Mumbai,50.66584844903838,1,"₹ 58,205.72",2,1,1,10000.0,0
14178,Female,Delhi,29.285362707650535,9,"₹ 22,911.24",1,1,1,86739.62634185987,0
14179,Male,Pune,47.82363024420776,3,"₹ 59,875.97",1,1,0,108867.90594207997,0
14180,Male,mumbai,36.54351274720036,10,"₹ 40,279.59",2,1,1,54169.8291869889,0
14181,Male,Bangalore,58.4711874115744,6,"₹ 58,747.31",3,1,1,90565.1022108093,0
14182,Female,Delhi,48.10870922647383,4,"₹ 88,983.94",1,1,1,133065.98085530908,0
14183,Female,Mumbai,43.21419341219667,9,"₹ 44,350.00",2,0,1,21018.33703369156,0
14184,Male,Delhi,29.874556173773673,3,"₹ 45,412.57",1,1,1,66634.00386143512,0
14185,Male,Bangalore,18.0,9,"₹ 63,354.45",2,0,1,79393.82104147419,0
14186,Female,Hyderabad,32.82688765324435,9,"₹ 65,714.43",1,0,1,15302.027248798084,0
14187,Male,Delhi,54.76569562959193,2,₹ 0.00,1,1,0,96869.02703994146,1
14188,Female,Kolkata,62.74200122536656,5,"₹ 15,624.76",2,0,1,45876.958841513406,0
14189,Female,Delhi,40.34847068912392,1,"₹ 57,138.14",2,1,1,10410.526947426013,0
14190,Female,Hyderabad,30.82968516292386,3,"₹ 99,255.74",2,1,1,83023.64659549399,0
14191,Female,DELHI,47.84590878497628,7,"₹ 5,549.39",1,1,0,187674.85012621977,1
14192,Female,DELHI,55.32754646518709,1,"₹ 32,842.96",3,1,1,37938.3091015792,0
14193,Male,DELHI,56.65787868264327,8,"₹ 57,316.67",2,0,0,109192.10973285513,0
14194,Female,mumbai,47.91810685390174,1,"₹ 20,867.44",2,0,1,65467.06661305914,0
14195,Female,Mumbai,76.05417044385793,7,"₹ 66,249.10",2,0,1,133012.56342910792,0
14196,Male,Mumbai,64.03323971276939,7,"₹ 71,520.57",1,1,1,79365.88296480021,0
14197,Male,Delhi,26.65820827994135,6,"₹ 63,180.28",1,1,0,14868.813454571042,1
14198,Male,Pune,22.987935190461236,9,"₹ 56,033.62",3,1,1,146676.00456129987,0
14199,Male,Mumbai,28.045084514212498,5,"₹ 19,501.25",1,1,1,87351.12287226033,0
14200,Female,Kolkata,62.52542233937227,0,"₹ 41,132.13",2,0,0,55630.454252910815,0
14201,Female,Kolkata,19.361127136353833,1,"₹ 88,092.95",2,1,1,119667.37140046031,0
14202,Male,Chennai,51.863395612703656,6,"₹ 60,904.06",1,1,1,91246.84125698842,0
14203,Male,Kolkata,42.44996562669536,10,₹ 0.00,2,1,0,86653.51205256612,0
14204,M,Mumbai,26.328113319739924,3,"₹ 74,590.45",1,1,1,10000.0,0
14205,Male,Pune,48.73266325028287,8,"₹ 62,243.80",2,1,1,24256.736516531266,0
14206,Male,Hyderabad,42.35334013000027,2,"₹ 39,703.28",1,0,0,92883.98977467883,0
14207,Female,DELHI,57.104042640974484,3,"₹ 43,751.03",1,0,1,58995.958440359514,0
14208,Female,Delhi,20.595216688079528,2,"₹ 31,597.79",2,1,1,129359.50993278174,0
14209,Male,Hyderabad,31.596577722806128,6,"₹ 52,200.25",2,1,1,19462.574007854557,0
14210,Male,Pune,31.896936756242745,1,"₹ 50,138.93",1,0,1,59553.041367817736,0
14211,Male,mumbai,,9,"₹ 42,595.13",2,1,0,81586.88994607118,0
14212,Female,DELHI,41.43548737398388,1,"₹ 57,894.64",1,1,0,82980.09669108274,0
14213,Female,Chennai,62.71196777931483,1,"₹ 46,226.58",2,1,0,114809.86015013684,0
14214,Male,mumbai,39.01808546369976,3,"₹ 80,082.81",2,1,0,125649.76315958158,0
14215,Female,Mumbai,48.30975914635272,7,"₹ 75,032.47",1,0,1,75748.00927044517,0
14216,Female,Pune,67.26360261080387,7,"₹ 9,544.82",2,0,0,62868.52927792912,0
14217,Male,DELHI,18.40602355361658,7,"₹ 61,176.63",2,1,1,55657.84257930606,0
14218,Male,Chennai,45.43497246770864,7,"₹ 41,659.74",1,1,1,124404.89040466154,0
14219,Female,Delhi,44.526392060147494,6,"₹ 20,908.36",1,1,0,111920.1519226993,0
14220,Male,Delhi,33.182351991177455,5,"₹ 59,925.66",2,0,0,40534.18206340683,0
14221,Male,Mumbai,42.542061323841736,6,"₹ 62,157.25",1,0,0,76262.33410545981,0
14222,Female,Kolkata,49.6826980782059,4,"₹ 132,816.75",2,0,0,81205.11697906605,0
14223,Female,Pune,33.80636986821841,7,₹ 0.00,1,1,1,78785.30684681426,0
14224,Female,Chennai,45.83111518993555,1,"₹ 35,919.86",2,0,0,116464.98770367767,0
14225,Female,Chennai,29.703972881149785,4,"₹ 125,308.52",1,1,0,67382.5232504392,0
14226,Female,Kolkata,41.93535724020865,6,"₹ 27,415.30",2,1,1,121265.80556764032,0
14227,Male,Kolkata,58.93052207899437,8,"₹ 60,921.98",2,1,0,43693.34322303712,0
14228,Female,mumbai,59.63238543570516,9,"₹ 56,104.78",2,1,1,68026.00815148218,0
14229,Male,DELHI,62.591514171407994,0,"₹ 52,577.44",2,1,0,64202.555022809516,0
14230,Male,mumbai,43.47539216337718,10,"₹ 33,065.27",1,1,1,72222.29475551336,0
14231,Female,Bangalore,40.09914927422116,8,"₹ 35,445.87",2,1,0,120444.75910709679,0
14232,Female,Bangalore,56.06936371757019,2,"₹ 59,539.09",1,0,1,119574.2150149754,0
14233,Male,Mumbai,62.50319086493538,0,"₹ 44,319.76",2,1,0,125466.28337822051,0
14234,Female,Pune,46.25160015137716,6,"₹ 59,165.93",3,1,0,38074.63600796217,0
14235,Male,Chennai,67.68247027881648,2,"₹ 64,352.10",1,1,0,47438.54146542177,0
14236,Male,DELHI,55.658762565032724,7,"₹ 79,529.74",1,1,0,35964.37765011815,0
14237,Male,Delhi,36.43483837654763,10,"₹ 81,916.31",2,0,0,104599.88196300663,0
14238,Female,Delhi,38.25044205224507,1,"₹ 55,147.05",2,1,1,111580.48214725265,0
14239,Female,Hyderabad,44.39282369800031,3,"₹ 16,462.52",2,1,1,65006.8830279836,0
14240,Male,Kolkata,21.443216224378183,1,"₹ 88,209.89",2,1,1,90604.90944532111,0
14241,Female,Mumbai,36.69839974799217,10,"₹ 60,475.33",2,1,1,63875.21670575535,0
14242,Male,Hyderabad,62.112218733197,3,"₹ 75,430.15",2,0,1,49896.663060773615,0
14243,Female,Hyderabad,65.17700072771625,0,"₹ 64,497.97",2,0,1,82057.73925212739,0
14244,Male,Pune,49.29046790351812,9,"₹ 44,075.91",2,1,1,41659.128081496994,0
14245,Male,Chennai,51.81552085458067,4,"₹ 40,709.66",1,1,0,10000.0,0
14246,Female,DELHI,40.35120823405261,2,"₹ 98,773.58",1,1,1,97211.63403078499,0
14247,Male,Delhi,35.3977569346192,8,"₹ 53,770.97",2,0,0,45058.06691733877,1
14248,Male,Delhi,53.55459794811874,3,"₹ 49,653.95",2,0,1,72557.32531892008,0
14249,Female,Delhi,38.40286507630357,5,"₹ 26,922.50",1,1,1,33812.18719736334,0
14250,M,Bangalore,70.35502768980258,8,"₹ 42,820.05",2,0,1,115134.63617367134,0
14251,Male,Pune,51.128874685307395,1,"₹ 80,250.78",2,1,1,108211.66059838505,1
14252,Male,Mumbai,51.67907523000267,6,"₹ 53,031.06",1,1,0,108859.63794195035,0
14253,Male,Delhi,29.107227967407816,2,"₹ 90,527.87",1,0,1,25211.172425089055,0
14254,Female,Delhi,18.0,0,"₹ 61,687.32",4,0,1,161876.609885748,1
14255,Male,Mumbai,51.67691336254907,8,"₹ 54,650.25",1,1,0,90756.71155315082,0
14256,Female,Bangalore,37.54645857117268,8,"₹ 38,061.98",2,1,0,96898.61482085958,0
14257,F,Hyderabad,59.75956571625091,10,"₹ 53,220.90",1,0,0,21329.821461591382,1
14258,Male,Mumbai,31.308842427789806,3,"₹ 25,950.09",1,1,1,84484.17731200447,0
14259,Male,Hyderabad,37.03183051977995,8,"₹ 70,361.23",2,1,1,79446.37175462673,0
14260,Male,Kolkata,61.791866320728815,6,"₹ 49,897.99",2,1,0,22103.838925141325,1
14261,Male,mumbai,51.55189974116458,3,"₹ 44,221.65",2,1,1,53560.41997074824,0
14262,Female,Delhi,29.98017224396897,1,"₹ 43,636.42",1,1,1,142308.03335969988,0
14263,Male,Mumbai,45.51010754195917,4,"₹ 72,027.78",2,1,0,51563.86719547493,0
14264,Male,mumbai,73.5559534146989,7,"₹ 32,586.28",1,1,0,73594.846566517,0
14265,Female,DELHI,47.154470943619124,9,"₹ 82,025.35",2,1,0,56448.872273538436,0
14266,Male,Pune,42.77940903198985,9,"₹ 38,428.92",2,1,1,99997.36832819362,0
14267,Female,Kolkata,58.42849454180502,5,"₹ 70,201.14",2,1,1,114695.40566114904,0
14268,Male,DELHI,50.28410631477122,10,"₹ 37,221.44",1,1,1,114217.61792725293,0
14269,Female,DELHI,66.65499413451197,4,"₹ 33,831.83",1,1,1,82666.98217954682,0
14270,Female,Kolkata,56.326463544698065,3,"₹ 95,584.83",1,1,0,125325.88719763733,0
14271,Female,Hyderabad,58.59815739901533,10,"₹ 71,142.81",2,1,0,46328.18011886608,0
14272,M,Mumbai,67.38462789188594,5,"₹ 53,776.02",1,0,1,71864.11542542973,0
14273,Male,Chennai,40.51421385178326,10,"₹ 6,788.74",1,1,0,68278.29073962329,0
14274,Male,Delhi,36.018548270653696,2,"₹ 63,143.41",2,1,0,127322.32511685067,0
14275,Female,Bangalore,24.814043356123623,1,"₹ 81,061.33",2,1,1,10000.0,0
14276,Female,Mumbai,41.83728341759129,0,"₹ 56,093.89",2,1,0,20299.129003527705,0
14277,Male,Delhi,25.37087470765443,8,"₹ 51,057.96",2,0,1,18959.22412747913,0
14278,Male,Mumbai,50.482283860176835,0,"₹ 56,133.25",2,1,0,75090.6909284723,0
14279,Male,DELHI,35.79766985297789,10,"₹ 63,446.24",2,0,1,67869.47994230984,0
14280,Male,Chennai,59.43501391317647,3,"₹ 32,961.42",2,0,0,10488.511002270636,0
14281,Male,Bangalore,56.68017219315831,5,"₹ 49,779.97",2,0,1,110063.85871462204,0
14282,Female,Mumbai,39.156002257773174,8,"₹ 54,147.18",1,0,1,113318.56517293822,0
14283,Male,Delhi,59.64438280065589,3,"₹ 78,858.81",2,0,0,85354.45688779822,1
14284,Male,Bangalore,47.23853599770617,6,₹ 0.00,2,1,0,26274.284116586066,0
14285,Female,Bangalore,18.431074380084894,6,"₹ 79,678.06",1,1,0,185382.07630884662,0
14286,Female,Pune,30.17051774094015,5,"₹ 4,254.32",2,1,1,113192.34649396528,0
14287,Female,DELHI,34.137554731098014,8,"₹ 30,591.53",2,0,1,125526.44370363525,0
14288,Female,Pune,45.15365664431297,10,"₹ 50,077.34",1,1,1,41322.562562177496,0
14289,Male,Delhi,38.56413053438262,9,"₹ 71,853.52",1,0,1,42375.95850719698,0
14290,Female,Delhi,37.06527496845935,6,"₹ 83,308.72",1,1,0,31711.683663208154,0
14291,Female,Hyderabad,53.714553616207766,2,"₹ 30,116.29",2,1,0,62580.347188912856,0
14292,Male,Mumbai,56.8037460740628,5,"₹ 68,284.14",2,1,0,64178.26472724892,0
14293,Female,Mumbai,35.72172121070109,6,"₹ 24,635.28",1,0,0,69636.66039740542,0
14294,Female,Hyderabad,32.25397748917612,6,"₹ 16,145.62",1,1,1,117270.87771921637,0
14295,Male,mumbai,63.96302135387388,5,"₹ 97,127.25",2,0,1,112130.47243744748,1
14296,Male,Kolkata,85.89118762523137,2,"₹ 95,753.69",3,1,1,111754.134354795,0
14297,Male,Mumbai,30.871485356700965,5,"₹ 40,846.44",2,1,0,129746.12402971546,0
14298,Male,Kolkata,58.36709588821843,1,"₹ 7,844.82",2,1,1,90812.54322879616,1
14299,Male,Mumbai,42.914611939344304,9,"₹ 16,562.92",2,1,0,157803.27989611513,0
14300,Female,mumbai,55.13977761292451,0,"₹ 83,373.71",2,1,1,84422.87309409342,0
14301,Male,Chennai,30.705759082993403,7,"₹ 62,578.03",2,1,1,98318.55637610456,0
14302,Female,mumbai,26.223780981086808,2,"₹ 18,039.43",1,1,0,43256.19195307846,0
14303,Female,Delhi,28.15884864735891,7,"₹ 55,466.11",2,1,1,48371.92318871373,0
14304,Female,Hyderabad,,2,"₹ 26,797.12",1,1,0,92100.46115547794,0
14305,Female,Delhi,41.479375245843606,1,"₹ 3,522.18",2,0,1,77293.87773751808,0
14306,Male,Chennai,59.17691164740134,7,"₹ 18,422.56",2,1,1,139505.44108346154,0
14307,Male,Pune,32.49804169881141,2,"₹ 82,362.88",2,0,0,39461.46527129121,1
14308,Female,Delhi,35.43256571161603,7,₹ 0.00,1,0,0,29144.45286774081,0
14309,Female,Delhi,76.20778011569587,1,"₹ 45,941.00",2,0,0,91938.64930335688,0
14310,Female,Delhi,45.80063596539087,3,"₹ 16,973.39",2,1,0,58960.42325309213,0
14311,Male,Bangalore,49.27976305901234,8,"₹ 85,557.53",1,0,0,78420.58651496634,0
14312,Female,Kolkata,56.179598873315356,0,"₹ 44,313.63",2,1,1,96052.57249458594,0
14313,Male,mumbai,37.14241487564084,1,"₹ 80,735.77",2,1,0,95474.80810863982,1
14314,Female,Pune,44.72483003838657,1,"₹ 28,255.03",1,0,0,59536.94131333164,0
14315,M,mumbai,40.16314850634082,8,"₹ 56,354.33",1,1,0,60444.78702203528,0
14316,Male,Kolkata,43.75441360270272,9,"₹ 30,149.66",1,1,0,119788.29224498646,0
14317,Female,Pune,57.64864017303824,4,"₹ 9,232.18",2,1,0,81587.65426216925,0
14318,Male,DELHI,55.119989751020995,10,"₹ 24,547.29",2,1,0,100391.02501879085,0
14319,Male,Bangalore,18.0,3,"₹ 37,206.20",2,1,1,77002.61243493516,0
14320,Female,Delhi,59.968174592001205,9,"₹ 10,995.49",1,0,0,70971.2311026988,1
14321,Female,Bangalore,39.81411399842597,9,"₹ 73,780.53",2,1,0,51958.38507106223,1
14322,Female,mumbai,50.92205557329054,3,"₹ 24,480.90",1,1,1,104757.3427791998,0
14323,Female,Pune,38.886521169153994,6,"₹ 81,278.66",1,1,0,92045.26687367911,1
14324,Male,Chennai,44.222925472722665,2,"₹ 27,196.44",1,1,1,41026.58587186708,0
14325,Female,Bangalore,64.72935172121603,8,"₹ 39,224.60",1,0,1,114584.19364713572,0
14326,M,Delhi,50.04113408985887,4,"₹ 25,354.24",1,1,0,18783.514760801285,0
14327,Male,Chennai,63.962569111389605,10,"₹ 49,539.17",2,0,0,122931.1603463742,0
14328,F,mumbai,44.23546561172923,8,"₹ 25,829.81",3,1,1,50790.13069490057,0
14329,Male,Chennai,42.676369881003204,0,"₹ 23,115.86",1,1,0,89729.80683415025,0
14330,Female,Kolkata,45.182670977370016,9,"₹ 94,628.39",1,0,0,78431.03875772716,1
14331,Male,DELHI,25.957848503160534,7,"₹ 85,528.82",2,0,0,39555.785574885726,1
14332,Male,Delhi,18.0,1,"₹ 108,994.75",2,1,0,65668.56127406933,0
14333,Male,Bangalore,33.28896160705875,7,"₹ 46,368.91",2,1,0,134781.23948627838,0
14334,Female,Pune,60.40850159880005,3,₹ 0.00,1,1,1,112375.56952434973,0
14335,Male,Hyderabad,66.30806334031652,1,"₹ 47,889.62",1,1,0,129762.81778480284,0
14336,Male,Chennai,18.0,1,"₹ 27,310.80",2,1,1,48537.624739631676,0
14337,Female,Mumbai,64.30015991676522,5,"₹ 35,954.35",2,1,1,51743.31946187135,0
14338,Female,Hyderabad,36.11514218034205,2,"₹ 48,753.92",2,0,0,68881.14249502144,1
14339,Male,mumbai,23.603999616501998,10,"₹ 101,593.24",2,1,0,78092.51269005009,0
14340,Male,Mumbai,60.888400638543914,9,"₹ 53,011.30",1,1,1,46072.781908661345,0
14341,Male,Mumbai,37.418342618366985,2,"₹ 111,950.01",1,0,0,80929.71137673738,0
14342,Male,Mumbai,84.2330274410871,8,"₹ 29,743.42",1,1,0,94089.81248413179,1
14343,Female,Hyderabad,34.9013606461271,4,"₹ 94,415.74",1,1,0,124844.83289564351,0
14344,Female,mumbai,40.85467548811045,6,"₹ 55,049.47",2,1,0,83976.88117401773,0
14345,Female,Bangalore,30.352620267385657,4,₹ 0.00,2,1,0,95760.11759895325,0
14346,Male,DELHI,47.24850785281037,1,"₹ 55,344.52",1,1,1,48219.01861015762,0
14347,Female,mumbai,56.95597457205772,10,"₹ 71,096.67",1,0,0,16356.91937278011,0
14348,Female,Bangalore,19.045867142692252,10,"₹ 1,447.78",1,1,1,126100.72198814081,0
14349,Female,Bangalore,54.836980052445,7,"₹ 41,658.88",1,0,1,84099.34600271295,0
14350,Female,Mumbai,38.87006296886111,8,"₹ 34,516.82",2,1,1,118029.6006848154,0
14351,Female,Delhi,32.086371280173715,10,"₹ 79,039.43",2,0,0,64386.5392551992,0
14352,Female,Hyderabad,23.981575924944373,1,"₹ 36,861.60",2,1,0,33837.41248349335,0
14353,Male,Bangalore,59.67935250535717,1,"₹ 38,452.24",1,0,1,23960.06788643491,0
14354,M,Hyderabad,49.30031519781974,3,"₹ 23,809.87",2,1,1,45200.92636168155,1
14355,Female,Kolkata,36.268818852988815,7,"₹ 21,424.84",2,1,0,41907.574116963144,0
14356,Female,DELHI,56.69188501060574,4,"₹ 20,553.08",1,0,1,100433.94573395439,0
14357,Male,Kolkata,52.94739215425683,4,"₹ 14,185.74",1,1,0,75728.4007856136,0
14358,Female,Bangalore,58.01771106602064,6,"₹ 12,557.42",2,1,1,118118.46782120837,0
14359,Female,mumbai,69.6089834445998,3,"₹ 94,811.79",2,1,0,69000.48918847066,0
14360,Male,Hyderabad,48.26277577516954,8,"₹ 91,809.50",1,0,0,134870.57885988636,1
14361,Male,Kolkata,73.98563657725994,3,"₹ 84,424.91",1,1,0,105286.7459487955,1
14362,Female,Hyderabad,66.41369408481961,7,"₹ 52,197.95",1,1,1,77887.99382741217,0
14363,Female,mumbai,56.75162130942896,2,"₹ 37,232.74",2,1,1,53243.64589803293,0
14364,Female,Kolkata,19.63154133772353,5,"₹ 65,606.63",1,0,1,141326.11033615613,0
14365,Male,Hyderabad,46.64688121154795,0,"₹ 94,160.99",1,0,0,63238.776209247124,0
14366,Female,mumbai,48.694883967144314,6,"₹ 56,789.69",2,1,1,106628.09097711323,0
14367,Male,Mumbai,48.23356733290155,10,"₹ 38,204.85",2,1,0,112985.12106718714,0
14368,Male,Chennai,43.3528879924151,6,"₹ 67,676.01",1,1,0,132174.91076304374,1
14369,Male,Mumbai,54.690748693522586,1,"₹ 150,602.80",2,1,1,43913.86330806359,0
14370,Male,DELHI,56.687337701129984,4,"₹ 26,284.22",1,1,1,177643.47362678737,0
14371,Male,Bangalore,19.917430683780026,3,"₹ 18,760.09",1,0,1,153190.6892037319,0
14372,Male,Delhi,65.32260354125555,9,"₹ 86,742.40",1,0,0,101882.57785682628,1
14373,Male,Chennai,22.853221031289436,8,"₹ 81,099.22",1,1,0,24489.31859489951,0
14374,Male,Bangalore,38.91151368568551,1,"₹ 18,756.98",1,1,1,113137.28489420653,0
14375,Female,Kolkata,31.6863350975231,2,"₹ 59,282.82",1,0,1,114063.21783602962,0
14376,Male,DELHI,34.173543646837395,0,"₹ 39,754.97",2,0,1,27849.041893422167,0
14377,Male,DELHI,61.2979954972557,9,"₹ 12,644.74",1,1,0,73583.94768498781,0
14378,Female,Hyderabad,46.82429706506777,4,"₹ 14,237.77",1,1,0,127354.75048286302,0
14379,Male,DELHI,55.23898696893003,2,"₹ 32,796.83",2,1,0,10000.0,0
14380,Female,Kolkata,54.48023757670923,3,"₹ 54,775.00",1,1,1,94929.15684225774,0
14381,Male,Pune,18.0,3,"₹ 71,127.30",1,0,1,91698.58935709702,0
14382,Male,DELHI,36.63387654770138,5,"₹ 38,092.78",2,1,1,35547.15995399719,0
14383,Female,Mumbai,56.22858722604192,9,"₹ 41,912.64",1,0,0,102547.96836374034,0
14384,Female,Pune,54.8525697468491,6,"₹ 67,371.75",2,0,1,81769.51352941646,0
14385,Female,Pune,18.64985904891193,6,"₹ 40,848.56",2,0,1,79559.75694945369,0
14386,Female,Kolkata,60.45040687768386,10,"₹ 42,161.11",1,0,1,95085.50052469964,0
14387,M,Chennai,54.24083918877926,7,"₹ 85,038.60",1,0,1,75830.1708588004,0
14388,Male,Mumbai,30.55811544807471,2,"₹ 38,666.25",2,1,0,72878.95808559707,0
14389,Male,DELHI,51.12942417381544,4,"₹ 31,560.52",2,1,1,64007.0114713188,0
14390,Male,Pune,41.56332352345727,9,"₹ 31,936.89",2,1,0,87572.41826543573,0
14391,Male,Bangalore,52.37948087440939,5,"₹ 44,922.59",1,1,1,49985.34511024483,0
14392,Female,Bangalore,18.0,5,"₹ 88,152.88",1,1,1,163405.186105579,0
14393,Female,Pune,39.71092705887598,7,"₹ 63,005.37",1,0,0,42125.74480249291,0
14394,Male,Hyderabad,62.71075353603105,4,"₹ 46,251.54",2,1,0,101394.4034701025,0
14395,Female,DELHI,53.082287582558095,4,"₹ 46,739.85",1,1,0,39032.160560769626,1
14396,Female,Kolkata,,0,"₹ 73,153.31",2,1,1,213479.7530965052,0
14397,Male,Pune,41.49688130687019,0,"₹ 46,601.87",1,0,1,50796.77048002,0
14398,Male,Mumbai,53.46518924460758,5,"₹ 46,161.13",1,0,1,153829.74769419472,1
14399,Male,Pune,42.55366490368818,9,"₹ 59,992.06",2,1,1,56844.55538629618,0
14400,Male,mumbai,31.127397815145578,9,"₹ 28,526.34",1,1,0,113011.30686126777,0
14401,Male,Chennai,41.21767318263265,4,"₹ 108,688.07",2,1,1,80681.70893001,0
14402,Female,Mumbai,66.81060067354154,10,"₹ 106,660.06",2,1,0,93682.77535860446,0
14403,Male,mumbai,61.984820396709054,9,"₹ 52,602.11",2,0,0,96526.07603581517,0
14404,Male,Chennai,30.116971657219615,5,"₹ 46,436.57",1,1,1,109304.21190259181,0
14405,F,Delhi,38.73987944246398,8,"₹ 23,465.96",1,1,0,104061.92293108098,0
14406,Female,Mumbai,31.136426736539093,7,"₹ 52,307.63",2,1,1,74587.14359421855,0
14407,Female,Bangalore,47.692847608006986,6,"₹ 20,256.94",2,0,0,84318.90836850501,0
14408,Male,Hyderabad,59.959092346718506,6,"₹ 45,448.18",1,1,1,85058.89963361724,0
14409,Male,Delhi,75.47690125938611,5,"₹ 72,316.36",2,1,1,80817.23058821731,0
14410,Female,mumbai,23.588217017315873,5,"₹ 81,104.49",2,1,1,74754.0457830084,0
14411,Male,Delhi,57.87521018024471,0,"₹ 93,728.86",1,1,0,99508.70128242094,1
14412,Male,Kolkata,44.88471558631521,6,"₹ 63,867.78",2,1,0,66875.9755680301,0
14413,Female,DELHI,39.4929453895307,4,"₹ 23,631.65",1,1,0,119493.86977956726,0
14414,Female,DELHI,30.97062277620745,6,"₹ 94,178.99",1,1,0,133524.37290562998,0
14415,Male,Bangalore,71.69791405648924,5,"₹ 78,847.96",2,0,1,68691.23138482579,1
14416,Male,Delhi,20.567036577705395,7,"₹ 37,838.18",1,0,0,102388.34633260506,0
14417,Male,mumbai,37.65367270577363,2,"₹ 20,156.69",2,1,0,67033.78840889742,0
14418,Male,Bangalore,50.50945359923123,7,"₹ 55,881.02",2,1,0,53876.31788066495,0
14419,Male,DELHI,51.799325884108825,6,"₹ 89,201.75",1,1,1,56950.01846745149,1
14420,Male,Delhi,63.701967285543496,0,"₹ 37,245.70",1,1,0,50507.22325491808,1
14421,Male,Bangalore,31.789791469500894,2,"₹ 54,657.44",2,0,1,19484.41941568256,0
14422,M,Mumbai,54.36580341297217,9,"₹ 67,908.74",2,1,0,169855.0250984523,1
14423,Female,Pune,44.05598221401375,3,"₹ 6,630.21",2,1,0,77902.65847879388,0
14424,Female,Hyderabad,45.603256630133345,8,"₹ 31,501.60",1,0,0,92374.12180272683,0
14425,Male,Chennai,38.10634152250907,5,"₹ 98,733.34",2,1,0,57786.18158579001,1
14426,Male,Mumbai,47.4279963798307,6,₹ 0.00,1,1,0,67331.71524449399,0
14427,Male,Bangalore,42.86420507475952,4,"₹ 86,137.34",1,0,0,30671.136304810192,0
14428,Male,mumbai,39.65617535689912,2,"₹ 85,779.85",2,1,1,112157.51583690515,0
14429,Male,Kolkata,37.12195598009133,4,"₹ 62,800.07",1,0,0,60314.20984776301,0
14430,Female,Pune,50.587433232467845,6,"₹ 54,352.77",2,1,1,156599.36109532457,0
14431,Female,Chennai,25.036639521699062,8,₹ 769.22,2,1,1,61417.40989781586,0
14432,Female,Mumbai,42.114777203011684,8,"₹ 64,654.66",1,1,1,96852.38178470361,0
14433,Male,Kolkata,33.48423819952398,7,"₹ 37,092.45",1,1,1,38936.58698462935,0
14434,Female,Kolkata,43.15635399722348,4,"₹ 86,359.25",2,1,1,81144.92073222804,0
14435,Male,Kolkata,43.34694374380438,6,"₹ 60,113.45",1,0,0,10000.0,1
14436,Male,Pune,58.00279093697951,3,"₹ 3,538.01",1,1,1,35736.19128243487,0
14437,Male,Delhi,54.88522679091661,9,"₹ 26,985.14",1,1,0,133092.1256036159,0
14438,Female,Mumbai,49.3769375293567,4,"₹ 3,242.05",1,0,0,139450.11727959051,0
14439,F,Delhi,47.590967166280734,3,"₹ 10,023.82",3,1,1,85471.04888033454,1
14440,Male,Pune,42.1370637162811,2,"₹ 75,884.99",1,0,1,82801.88908763326,0
14441,Female,Kolkata,41.85979889034321,10,"₹ 42,682.93",1,0,1,116667.5512316293,0
14442,Female,Kolkata,18.782037716714726,0,"₹ 28,290.64",2,1,0,91381.12571238705,0
14443,Male,Pune,56.00623948762589,4,"₹ 49,159.39",2,1,0,50498.05996388801,0
14444,Male,Hyderabad,48.997892100150416,1,"₹ 38,535.48",2,1,1,111534.836435841,0
14445,Male,mumbai,63.00561288403671,5,"₹ 54,704.12",1,0,0,104988.85868195054,1
14446,M,Hyderabad,36.681556352811135,4,"₹ 113,800.01",1,1,1,137061.61367110763,0
14447,Male,Delhi,63.90554551512999,10,"₹ 49,452.60",3,1,0,126360.98014537201,1
14448,Female,Pune,42.12267508637879,1,"₹ 83,606.52",1,0,0,10000.0,1
14449,Male,mumbai,36.40259669956026,7,₹ 0.00,2,1,0,43280.53638087976,1
14450,Female,Hyderabad,68.18166933537279,4,"₹ 38,679.46",2,1,0,,0
14451,Male,Delhi,50.458393206207376,1,"₹ 12,510.09",1,1,1,65574.00761876602,0
14452,Female,Bangalore,70.06510638541587,0,"₹ 57,168.66",2,1,0,79367.43314469622,0
14453,Female,DELHI,47.55732603840509,1,"₹ 73,126.87",1,1,1,77563.84150318547,1
14454,Female,mumbai,57.111340557308914,0,"₹ 76,295.69",2,1,1,67362.29745615326,1
14455,Female,Chennai,60.43056983608046,9,"₹ 46,007.32",2,0,1,161397.89636858224,0
14456,Male,mumbai,40.77944023360019,9,"₹ 86,408.52",1,1,1,87036.27282008778,0
14457,Female,Delhi,50.19100645690701,2,"₹ 59,556.24",2,0,0,41427.53346953353,0
14458,Male,Kolkata,47.3132637883439,2,"₹ 67,149.13",2,0,1,68818.29163754186,1
14459,Male,Delhi,57.48484622337347,9,"₹ 35,794.12",2,1,0,120920.03860480568,1
14460,Female,Mumbai,29.019666863170702,0,"₹ 34,060.01",2,1,0,49446.915579357476,0
14461,Male,Kolkata,54.016992401720415,6,"₹ 40,871.61",2,1,1,108088.6069545374,0
14462,Female,Delhi,58.806988160464485,9,"₹ 88,606.80",2,1,1,57338.523566713484,0
14463,F,Hyderabad,34.75687441026268,6,"₹ 35,809.57",1,0,0,74418.77215401288,0
14464,Male,DELHI,31.778296173288354,8,"₹ 3,998.27",2,1,1,135479.65496312774,0
14465,Female,Delhi,20.12587716535033,4,"₹ 43,884.34",2,1,1,113461.01718044923,0
14466,Male,Hyderabad,76.17701716028654,3,"₹ 32,145.38",1,1,1,,1
14467,Male,Chennai,34.024787325768536,4,"₹ 81,377.06",1,1,0,42804.57161426088,0
14468,Male,Mumbai,66.2692942306499,7,"₹ 54,780.62",2,1,1,124952.48973418033,0
14469,Female,Bangalore,41.88026752550664,7,"₹ 63,817.52",1,1,0,43194.712375515184,1
14470,Female,Mumbai,61.4731158961652,3,"₹ 82,537.79",1,1,0,74537.04785229174,0
14471,Female,Kolkata,53.71410381111979,7,"₹ 59,358.99",1,1,1,90157.61660433718,0
14472,F,DELHI,76.53222693668918,3,"₹ 20,790.26",1,1,1,136353.93640201323,0
14473,Male,Mumbai,66.68727058316284,3,"₹ 61,660.06",1,0,0,95804.15731623827,1
14474,Male,mumbai,48.19650285064827,10,"₹ 86,300.05",1,1,0,94375.2657778137,0
14475,Female,Bangalore,,7,"₹ 50,033.77",2,1,0,53421.575705814575,0
14476,Male,Kolkata,55.186798189748885,1,"₹ 52,406.91",1,1,1,128531.32569806554,0
14477,Male,mumbai,85.21956975492256,3,"₹ 34,612.52",3,0,1,86884.28217087669,1
14478,Male,Kolkata,46.01601225057637,0,"₹ 56,200.85",1,1,0,12735.31804427522,0
14479,Female,mumbai,25.60980748935036,0,"₹ 63,888.76",2,0,1,180930.8670827645,0
14480,Female,DELHI,48.67069094376381,10,"₹ 85,050.99",2,0,1,48932.63753235846,0
14481,Male,Hyderabad,35.39001284663082,7,"₹ 102,513.96",2,0,1,25108.574354631863,0
14482,Male,Mumbai,48.16916966306224,3,"₹ 65,402.15",1,1,0,64436.73347151057,0
14483,Female,Chennai,62.26729294901919,5,"₹ 95,482.92",2,1,0,131172.45420836326,1
14484,Female,mumbai,52.5612148938629,4,"₹ 60,328.94",1,0,1,175597.9506469431,0
14485,Male,DELHI,36.10194097599788,9,"₹ 68,593.26",1,0,1,89749.65751949434,0
14486,Female,Chennai,41.95658084982719,5,"₹ 127,432.92",1,1,1,109447.29698053258,1
14487,Male,Mumbai,29.00652389695977,3,"₹ 47,421.89",1,1,1,64063.8871569235,0
14488,Male,Chennai,64.13449975883947,3,"₹ 16,596.20",1,1,0,138959.68985145827,0
14489,Female,Bangalore,57.30919943968294,6,"₹ 116,514.25",2,0,1,58129.33395807922,0
14490,Female,Pune,28.67485655415081,0,"₹ 70,414.80",3,1,0,117050.72358388265,0
14491,Male,Kolkata,82.81531046941802,8,"₹ 15,314.36",1,1,1,175045.1957734666,0
14492,Female,Kolkata,41.74561187198768,9,"₹ 45,670.35",1,1,0,125161.38584714285,0
14493,Female,Delhi,49.432932555627936,2,"₹ 63,960.61",1,1,1,94925.82328744221,0
14494,Female,Bangalore,39.93714492964574,3,"₹ 27,912.11",2,1,1,58280.673103300025,1
14495,Female,Pune,51.30138376025669,8,"₹ 13,193.76",2,0,0,69023.69827154547,0
14496,Female,Delhi,46.410820094538764,4,"₹ 74,707.90",1,1,1,12215.202099415153,0
14497,Male,Chennai,24.035796572566497,3,₹ 0.00,2,1,1,96966.26882719858,0
14498,Male,Delhi,62.6026401311472,5,"₹ 34,510.84",1,1,0,93567.87410343357,0
14499,Male,mumbai,32.577926065114,0,"₹ 33,771.81",1,1,1,33382.6856014551,0
14500,Male,Bangalore,58.756657044610115,9,"₹ 20,222.45",1,1,0,94454.9442626735,0
14501,Female,Pune,41.52207955687345,0,"₹ 39,540.03",1,1,0,74437.05686695207,0
14502,Female,Mumbai,45.94987227201883,4,"₹ 44,055.48",1,0,1,31601.85272136153,1
14503,Male,Bangalore,52.23169367566726,4,₹ 0.00,1,1,0,57959.7707656927,1
14504,Male,DELHI,47.059022006464545,10,"₹ 58,306.80",2,1,1,35960.96058698919,0
14505,Male,Kolkata,56.157333325835374,8,"₹ 74,707.18",1,0,1,71849.65364567665,1
14506,Male,DELHI,34.377011974960816,0,"₹ 94,074.13",1,1,0,86084.52806626109,0
14507,Female,Delhi,60.553273159262034,2,"₹ 48,475.22",1,1,0,46398.388836256476,0
14508,Male,Hyderabad,29.542007021485677,2,₹ 0.00,2,1,1,16196.465926575103,0
14509,Female,mumbai,31.307487553507293,3,"₹ 75,112.63",1,1,1,,0
14510,Female,Hyderabad,53.68522663680099,6,"₹ 52,170.15",1,1,1,41000.36712297375,0
14511,Male,Bangalore,60.74319782533336,6,"₹ 72,596.77",1,1,1,106523.86975055104,0
14512,Male,Hyderabad,49.25733876735621,9,"₹ 53,278.07",1,1,1,78147.14506575589,0
14513,Male,DELHI,67.3829793999485,4,"₹ 66,602.49",2,1,1,103084.22410107228,0
14514,Female,Mumbai,32.4962050284496,8,"₹ 22,802.86",1,1,1,71312.33979816442,0
14515,Female,Bangalore,27.520460026595586,6,"₹ 15,453.11",1,1,0,133725.19736301719,0
14516,Male,Kolkata,57.57374362266244,1,"₹ 46,155.63",2,0,1,174676.74575778656,0
14517,Female,Pune,46.83451686651743,2,"₹ 48,906.33",3,1,1,99691.82063373405,0
14518,Female,Bangalore,57.09232356601243,10,"₹ 25,876.25",2,1,0,,0
14519,Male,Chennai,29.579564007750722,6,"₹ 26,348.12",3,1,0,118836.86382978979,1
14520,Male,Kolkata,38.35168774728437,4,"₹ 25,254.41",2,1,1,55663.132893403745,0
14521,Female,Bangalore,71.14179227068793,6,"₹ 84,961.69",3,1,1,10000.0,0
14522,Female,Chennai,41.9847643671266,8,"₹ 21,215.42",1,1,0,70001.7580653371,0
14523,Female,Kolkata,66.3975621351309,8,"₹ 65,389.42",2,0,1,131272.6894703089,0
14524,Female,Delhi,56.65192922748914,2,"₹ 26,238.44",3,0,1,120172.75677649246,1
14525,Female,mumbai,40.71804979663076,7,"₹ 63,677.57",2,1,1,65617.75911777014,0
14526,Male,DELHI,66.17637202714302,5,"₹ 90,926.96",3,0,0,153432.7245672434,1
14527,Female,Pune,49.89532439722465,3,"₹ 83,321.81",1,1,0,47737.059234907225,0
14528,Female,Bangalore,45.202951326230206,3,"₹ 41,171.46",1,0,1,158862.02200478714,1
14529,Female,Delhi,43.80203167879209,3,"₹ 58,162.88",1,1,0,59348.582573705426,1
14530,Male,Hyderabad,51.58243506459774,6,"₹ 36,726.00",1,1,1,64796.54736046975,0
14531,Male,DELHI,28.07535283506226,5,"₹ 78,231.87",2,1,1,10000.0,0
14532,Male,Mumbai,58.485222297477364,1,"₹ 47,727.04",2,0,1,65430.25619708905,0
14533,Male,Pune,51.62120261486962,4,"₹ 90,854.63",2,0,0,98021.15984912532,1
14534,Male,Hyderabad,36.432379120673424,4,"₹ 21,306.44",1,1,1,72189.76875667673,0
14535,Female,mumbai,25.972917758184,5,"₹ 26,042.20",1,1,0,16277.017974132985,0
14536,Female,Bangalore,41.23991480872772,6,"₹ 69,095.68",2,1,0,89465.02644390361,1
14537,Male,Delhi,48.752526054504926,10,"₹ 63,081.46",2,1,0,80977.79881196134,0
14538,Female,Kolkata,47.33960241681814,7,"₹ 104,765.64",1,0,1,83077.1754178441,0
14539,Male,Mumbai,47.24718811300528,9,"₹ 42,298.68",1,1,0,110207.9298460911,0
14540,Male,Pune,55.10702354811368,7,"₹ 33,393.96",2,0,0,80493.87522766287,0
14541,Male,mumbai,27.739709189102108,10,"₹ 32,768.53",2,1,0,86917.53074064213,0
14542,Female,mumbai,44.01880131566275,4,"₹ 41,410.87",1,1,0,139975.02079857356,0
14543,Male,Hyderabad,49.46760338442821,1,"₹ 60,863.67",1,1,0,54272.96727211445,1
14544,Male,Hyderabad,51.91052025584397,9,₹ 582.30,2,1,0,115842.2529092927,0
14545,Male,DELHI,58.48253480075906,7,"₹ 13,006.82",1,0,1,85553.21990778868,0
14546,Female,Delhi,41.94752470752914,5,"₹ 56,786.31",3,0,1,57123.001662011826,1
14547,Male,Pune,45.79957230032842,2,"₹ 61,138.05",1,0,0,136456.95291374874,0
14548,Female,Kolkata,33.876844506771604,3,"₹ 40,304.84",2,1,0,53251.74473988495,1
14549,Female,Kolkata,50.82366870660427,0,"₹ 63,660.28",1,1,0,104795.6250731783,0
14550,Female,Bangalore,,2,"₹ 4,389.88",2,1,1,37495.87169936397,0
14551,Female,Bangalore,53.605858472605725,3,"₹ 27,667.06",1,1,1,31724.624677016058,0
14552,Male,Pune,62.71712687167024,1,"₹ 27,008.04",3,1,0,118010.92470821131,0
14553,Male,Hyderabad,52.02427363739955,5,"₹ 23,668.74",1,0,1,10000.0,0
14554,Female,Mumbai,64.24946889986828,7,"₹ 74,950.67",2,0,1,25630.996271005497,0
14555,Male,Bangalore,38.1977723269035,5,"₹ 78,521.74",2,0,0,137338.10542992875,1
14556,Female,Mumbai,27.019360399154962,9,₹ 0.00,1,1,1,170597.7636027828,0
14557,Female,Bangalore,42.573330084808404,2,₹ 0.00,2,0,0,130594.29003378954,1
14558,Female,Kolkata,35.789368154216454,8,"₹ 53,820.07",2,0,0,33913.89153996252,0
14559,Female,mumbai,37.598504040142814,3,"₹ 32,097.06",1,1,1,100947.74111805268,0
14560,F,Bangalore,18.0,5,"₹ 45,960.80",1,1,1,21774.17838540367,0
14561,Female,mumbai,47.634359289736246,3,"₹ 59,653.48",2,1,1,70428.93873677877,0
14562,Male,Mumbai,45.32261042677649,3,"₹ 103,266.88",2,0,1,53865.42382861294,0
14563,Female,Pune,57.64607931520429,10,"₹ 47,775.61",1,0,0,135841.4078596608,0
14564,Male,mumbai,53.296463831805845,1,"₹ 75,713.38",2,1,1,76258.59742040411,1
14565,Male,Kolkata,42.36985087553545,9,"₹ 36,987.28",1,1,1,10000.0,0
14566,Female,Delhi,58.69278167366038,1,"₹ 63,711.23",2,1,0,100525.81627668934,1
14567,Male,Kolkata,58.29965039449385,1,"₹ 71,238.52",1,1,1,65374.06933885652,1
14568,Male,Mumbai,,1,"₹ 34,526.07",1,1,0,62669.14747781983,0
14569,Male,mumbai,47.94158603097985,7,"₹ 29,679.93",2,0,1,136108.78097794738,0
14570,Female,mumbai,67.65743896233833,9,"₹ 35,672.30",2,0,0,83338.12833308672,0
14571,Female,Pune,49.8979980221299,3,"₹ 76,087.53",1,0,0,24691.53528543289,0
14572,Female,mumbai,32.66741663160665,3,"₹ 71,788.88",2,1,0,59492.14965060685,0
14573,Male,Bangalore,28.162784749135067,9,₹ 0.00,2,1,1,57966.062235718244,0
14574,Female,Chennai,22.93022231559731,9,"₹ 37,358.96",2,1,1,74003.85481282763,0
14575,Female,Pune,18.0,10,"₹ 62,914.70",2,1,0,48264.73278185219,1
14576,Male,Chennai,37.73880136846123,2,"₹ 96,712.22",1,0,1,82297.23111336846,0
14577,Male,Mumbai,42.38155040587317,4,"₹ 47,001.68",2,0,0,97514.61216378177,0
14578,Male,Hyderabad,30.355091288559265,3,"₹ 61,235.73",1,1,1,103281.82802829078,1
14579,M,Kolkata,34.73648548856188,6,"₹ 53,063.76",2,0,0,90691.52356496888,0
14580,Female,DELHI,30.68902121572303,9,"₹ 34,317.48",2,1,1,84884.40996900198,0
14581,Female,mumbai,21.30115335007664,6,"₹ 9,663.83",1,1,1,97143.67057500631,0
14582,Male,Kolkata,42.45188676223148,5,"₹ 12,431.75",1,1,0,136122.7372334678,0
14583,Female,DELHI,55.030365921738216,6,"₹ 73,616.77",1,1,0,11083.083747913974,0
14584,Female,Mumbai,37.350386931378125,6,"₹ 53,612.61",1,1,1,59119.00769710672,0
14585,Female,Mumbai,62.04152045169592,7,"₹ 27,879.45",2,1,0,89601.87344678858,0
14586,M,Hyderabad,47.29699126928333,10,"₹ 7,186.66",3,1,1,72369.45480943308,0
14587,Male,Pune,,0,"₹ 73,201.95",2,1,0,48621.326492767126,0
14588,Male,Kolkata,45.47543050623647,2,"₹ 20,154.44",2,0,1,10000.0,0
14589,Female,Kolkata,55.06773472625719,2,"₹ 70,282.16",2,1,0,117311.84328526506,0
14590,Female,mumbai,23.836109918171548,4,"₹ 46,072.01",2,0,1,107805.92247007079,0
14591,Female,Mumbai,57.63690081171424,9,"₹ 48,723.17",1,0,1,32452.86727061549,1
14592,Male,DELHI,45.09754117664045,6,"₹ 102,515.10",2,0,0,154089.18338710093,1
14593,Female,Delhi,61.46888572852893,9,₹ 0.00,1,1,1,86445.66503461468,0
14594,Male,Hyderabad,41.21628970037465,5,"₹ 23,644.53",3,1,0,54843.80110315583,0
14595,Male,Pune,71.12544978028339,3,"₹ 97,969.73",1,0,1,29276.5872092734,0
14596,Female,Delhi,53.005650874151804,5,"₹ 78,044.70",2,1,0,50492.91789902607,1
14597,Female,Bangalore,31.42103190798235,6,"₹ 42,762.69",1,0,1,69148.05194803073,0
14598,Male,Chennai,61.921876960938434,3,"₹ 106,011.32",1,0,0,80894.40848187801,0
14599,Male,Hyderabad,29.13226097479412,10,"₹ 80,112.44",2,1,1,89527.94433999405,0
14600,Male,DELHI,28.29340419821287,7,"₹ 34,312.88",2,1,1,92497.25747417708,0
14601,Male,Delhi,64.33150300437015,4,"₹ 17,806.75",1,0,0,105808.04341852617,0
14602,Female,DELHI,50.031783757479154,2,"₹ 91,977.70",1,1,1,62464.28724393905,0
14603,Female,mumbai,46.08588095256953,1,"₹ 25,599.21",4,1,0,97780.12886974646,0
14604,Male,Hyderabad,37.44078958107967,0,"₹ 57,493.44",2,1,1,47897.77128037215,0
14605,Female,Mumbai,57.47549680490812,3,"₹ 94,904.54",1,1,0,87455.26723566565,1
14606,Female,Pune,40.92381136403549,1,"₹ 55,415.20",1,1,0,65096.51134563604,0
14607,Female,DELHI,48.024559410474545,2,"₹ 50,308.80",1,1,1,98670.5986478173,0
14608,Male,Kolkata,28.091370024182766,0,₹ 0.00,1,0,1,52333.728678806874,1
14609,M,Delhi,44.134939392231686,5,"₹ 79,917.69",2,1,0,36747.522484017405,0
14610,Male,Kolkata,47.628784611223494,3,₹ 0.00,2,0,1,72865.36765634209,1
14611,Male,DELHI,53.01470434816106,4,"₹ 90,580.24",1,1,0,64271.636139512586,1
14612,Male,Delhi,50.06671358340102,7,₹ 0.00,1,0,1,82360.96366890233,0
14613,Male,Mumbai,39.99684209269816,10,"₹ 25,142.01",1,0,0,48602.9995109911,0
14614,Male,Chennai,49.27085455629376,3,"₹ 85,050.70",1,1,0,40282.25344708688,0
14615,Male,Chennai,59.71068528181347,5,"₹ 93,420.06",1,1,1,39029.51806161847,0
14616,Male,mumbai,22.738538858833255,2,"₹ 52,836.22",2,0,1,22977.558892272595,0
14617,Female,Bangalore,42.51786069326342,7,"₹ 39,161.64",1,0,0,136762.50515653347,0
14618,Female,Chennai,48.13083461265693,2,"₹ 54,596.70",2,1,0,67879.6951533668,0
14619,Male,Bangalore,31.16605148449026,6,₹ 0.00,1,1,1,97895.32885533909,0
14620,Female,Delhi,58.94575285922105,6,"₹ 82,758.41",2,0,1,157607.57660984754,0
14621,Female,Chennai,53.99251178974722,2,"₹ 31,389.22",2,1,0,15148.341876303035,0
14622,Female,DELHI,59.971820110417084,2,"₹ 42,375.64",2,1,0,66018.8592833851,0
14623,Male,Mumbai,77.39541273531971,9,"₹ 52,551.40",2,1,1,140020.4548904599,0
14624,Female,DELHI,49.95207598528531,9,"₹ 58,324.37",1,1,1,69901.43264174607,0
14625,Female,DELHI,40.75245438185691,10,"₹ 63,394.47",2,1,0,128895.8078760602,0
14626,Female,Bangalore,59.078630496138175,7,"₹ 86,764.13",2,1,0,10000.0,0
14627,Male,Pune,36.18055055143754,10,"₹ 88,112.60",2,1,0,72401.69821083562,0
14628,Female,Chennai,51.9618182043905,2,"₹ 49,091.63",1,1,0,10000.0,0
14629,Female,Mumbai,60.55242386466186,1,"₹ 72,049.75",1,1,0,86325.11153857666,1
14630,Female,Mumbai,57.48286967655799,4,"₹ 76,103.73",1,1,1,83894.94095700541,0
14631,Male,Kolkata,66.11017884072601,10,₹ 0.00,1,1,1,32598.896935247816,0
14632,Male,DELHI,40.901777168244834,6,"₹ 36,864.37",1,1,0,79441.47740901886,0
14633,Female,Mumbai,55.635836831841374,7,"₹ 22,809.60",1,1,1,,0
14634,Female,Delhi,46.392110298634066,0,"₹ 50,787.48",2,1,0,110904.18655012333,0
14635,Male,Hyderabad,48.79859346606639,1,"₹ 87,668.92",2,1,0,113263.59480259774,0
14636,M,DELHI,48.79932761262163,6,"₹ 73,367.68",1,1,1,150245.35979493184,0
14637,Male,Bangalore,53.08365669305141,8,"₹ 74,597.70",1,1,0,125381.36715987534,0
14638,Female,DELHI,44.498646166562494,2,"₹ 38,158.21",2,0,0,47168.01331393908,0
14639,Female,Mumbai,23.693382597722646,7,"₹ 38,255.25",2,0,0,79115.36941229193,0
14640,Female,mumbai,47.313227746095244,9,"₹ 31,899.84",2,1,0,93917.04839445939,0
14641,Female,Delhi,50.42641468144431,2,"₹ 23,120.92",3,0,1,61152.487609355005,0
14642,Male,Delhi,44.37199955225494,3,"₹ 67,289.86",2,0,1,56892.793353292,0
14643,Female,Chennai,51.53225429677927,1,"₹ 33,534.07",2,1,0,109934.05850467032,0
14644,Male,Bangalore,43.147793053479646,8,"₹ 10,984.60",1,1,1,26588.5099546996,0
14645,Female,Chennai,40.932861556174956,4,"₹ 58,625.54",2,1,1,,0
14646,Female,Pune,65.86630361680218,4,"₹ 52,021.63",2,1,0,128740.13083019847,0
14647,Female,Hyderabad,78.85559813013654,3,"₹ 58,913.64",1,1,1,63475.3879053639,0
14648,Male,Kolkata,58.19416423807699,4,"₹ 93,402.80",2,1,0,89293.85253616082,0
14649,Female,Delhi,36.38149757782117,0,"₹ 50,720.17",1,0,0,105256.7683230757,1
14650,Male,Bangalore,48.37503604727387,9,"₹ 30,729.29",2,1,0,116318.72107337229,1
14651,Male,Bangalore,47.25074408823129,9,"₹ 30,514.16",2,0,1,58830.774494418896,0
14652,Female,Kolkata,55.060810640653486,5,"₹ 21,159.29",1,1,1,87006.53930970901,0
14653,Male,Kolkata,47.822354920048745,10,"₹ 27,031.49",2,1,1,37709.276913952985,0
14654,Female,Chennai,54.22570299214196,3,"₹ 12,489.10",3,1,1,82164.99529183347,1
14655,Male,DELHI,71.82579879356871,3,"₹ 53,560.49",1,1,0,30361.121891704468,0
14656,Male,Pune,18.0,4,"₹ 29,716.12",1,0,1,70896.6988115,0
14657,Female,Pune,37.40595323119612,0,"₹ 53,851.25",2,1,1,89672.58498006452,1
14658,Female,Mumbai,59.391230706822626,3,"₹ 39,105.86",2,1,0,33771.44824124577,1
14659,Male,Pune,44.33682729425666,9,"₹ 46,824.23",2,1,0,117861.96738189086,1
14660,Female,Bangalore,53.8915732095457,2,"₹ 102,595.92",1,0,1,49768.82026208889,1
14661,Female,Pune,42.15298411733222,4,"₹ 84,330.82",2,1,0,48036.280311778064,0
14662,Female,Pune,68.40252894248385,9,"₹ 3,819.98",2,1,1,31871.916206463364,0
14663,Male,Delhi,62.419127357068035,4,"₹ 31,711.77",1,0,1,101471.44090893737,0
14664,Female,Mumbai,49.48040462312018,7,₹ 0.00,4,0,1,126973.24845857255,1
14665,Female,Bangalore,70.11322456812701,0,"₹ 37,934.23",2,1,0,68976.60227062483,0
14666,Female,Kolkata,49.64496919569587,2,"₹ 59,969.43",2,0,0,20117.194646624004,1
14667,Male,Chennai,45.993544244154364,4,"₹ 82,192.23",1,0,0,33155.41939768174,1
14668,Female,Hyderabad,67.05247877324823,10,"₹ 80,694.78",2,1,1,66562.24225120101,0
14669,Female,Chennai,24.01185640508287,2,"₹ 59,537.62",2,0,0,56045.33557346604,0
14670,Female,DELHI,47.517721801696304,5,"₹ 22,018.04",2,1,1,18196.760814247777,0
14671,Male,Hyderabad,50.29740031272559,9,"₹ 75,336.67",2,1,1,90018.36744771896,0
14672,Female,mumbai,41.66071978499622,2,"₹ 51,465.53",1,0,0,64454.10319395428,0
14673,Female,Mumbai,33.817269680423706,5,"₹ 55,692.35",1,1,0,108531.2977579088,0
14674,Male,Kolkata,43.92146486546982,7,"₹ 108,575.92",2,1,1,87345.61527726188,0
14675,Male,Chennai,22.34524499250365,3,"₹ 21,675.48",2,1,1,83036.69007756551,0
14676,Female,Pune,68.30119161172713,7,"₹ 112,226.67",2,0,1,70539.18571086322,1
14677,Male,Mumbai,69.05120872574057,6,"₹ 103,950.23",1,1,1,82190.24449670025,0
14678,M,Pune,46.09966025682243,10,"₹ 52,039.96",2,0,0,139863.0442066707,0
14679,Female,Mumbai,40.33541420967563,10,"₹ 55,802.37",2,1,1,10000.0,0
14680,Female,Mumbai,22.84410806650574,3,"₹ 28,787.20",1,1,0,90179.17915838459,1
14681,Male,DELHI,35.19326851501894,2,"₹ 55,705.65",1,0,1,71268.30660649273,0
14682,Male,Delhi,67.24343227901238,4,"₹ 52,803.43",1,1,0,47056.478978465275,1
14683,Female,Pune,45.12176399753298,4,"₹ 29,340.42",1,1,1,103286.5279705734,0
14684,Male,Pune,37.293380466464924,6,"₹ 28,555.33",1,0,0,60284.49425290857,0
14685,Female,Pune,45.69767767313283,10,"₹ 42,831.30",1,1,1,25104.79793973072,0
14686,Male,DELHI,36.9091259850333,0,"₹ 49,723.69",2,0,1,40308.15009774765,0
14687,Male,Chennai,21.351878637807797,8,₹ 0.00,1,0,0,99738.63994368995,0
14688,Male,Bangalore,40.40341282018289,1,"₹ 83,815.64",2,1,0,88072.20777117184,1
14689,Female,Pune,29.32387080819216,8,"₹ 35,074.08",1,1,1,19418.783920738206,0
14690,M,Chennai,51.42012664761635,8,"₹ 40,984.04",1,1,0,10000.0,0
14691,Male,Delhi,58.924109346946594,2,"₹ 55,327.04",3,1,1,63850.833266719565,0
14692,Male,Pune,34.31885828526021,6,"₹ 41,982.87",2,1,0,10000.0,1
14693,Male,Kolkata,47.91996233654649,2,"₹ 84,180.88",1,1,0,139522.07327862093,1
14694,Female,mumbai,44.76584342452601,7,"₹ 41,471.55",1,1,0,72463.44416824197,0
14695,Male,Pune,33.94516822727343,7,"₹ 32,501.62",1,1,1,110903.33966869174,0
14696,Female,Bangalore,18.0,2,"₹ 68,599.03",2,0,1,112641.02812155505,0
14697,Female,Kolkata,29.630498920297384,4,"₹ 72,803.07",1,0,0,40196.003432556536,0
14698,Female,DELHI,33.358497885089015,6,"₹ 125,096.49",1,1,0,87773.02452211597,0
14699,Male,mumbai,47.14947459419238,0,₹ 0.00,2,1,1,86210.25477197804,0
14700,F,DELHI,48.64785364016237,2,"₹ 52,291.87",1,1,1,74045.98770970295,0
14701,Male,Bangalore,63.62307824732729,0,"₹ 70,426.51",2,1,0,32144.51625442318,0
14702,Male,mumbai,29.499301349356656,1,"₹ 22,701.94",1,1,0,110703.35504909106,0
14703,Female,Bangalore,32.70236372320781,6,"₹ 92,181.35",1,1,1,56414.575354833854,0
14704,Female,DELHI,35.32788341634287,6,"₹ 29,463.79",2,1,0,44435.7949952939,0
14705,Male,mumbai,42.142730523587,2,"₹ 53,552.40",2,0,1,117399.39327535804,0
14706,Male,Hyderabad,48.293448557506224,5,"₹ 82,625.85",1,1,1,,0
14707,Female,Chennai,51.452591099679616,5,"₹ 17,217.50",1,1,0,69166.12655989698,0
14708,Male,mumbai,18.0,1,"₹ 46,009.13",1,0,0,97327.16622781221,0
14709,Female,Bangalore,62.9249743385626,8,"₹ 73,033.59",2,0,1,89293.07218589824,0
14710,Female,Bangalore,52.04324328641696,7,"₹ 54,525.73",2,0,0,25962.040715036455,1
14711,Male,Delhi,58.24069591741258,1,"₹ 70,057.20",2,1,0,21106.2873521762,0
14712,Male,Bangalore,18.0,3,"₹ 73,984.32",1,0,1,94555.67658892,0
14713,Male,Mumbai,57.47846622905169,8,"₹ 34,132.79",2,0,1,85182.0723099004,0
14714,Female,Chennai,30.074026833392978,3,"₹ 98,562.01",1,0,0,71637.98410037477,0
14715,Female,DELHI,38.239144153105805,6,"₹ 24,785.76",2,0,1,23640.736905901416,0
14716,Male,Kolkata,66.51008744148467,4,"₹ 90,709.51",2,1,1,80278.52760310374,1
14717,Female,Delhi,54.863928804402356,9,"₹ 60,546.37",2,1,1,89687.75813979666,0
14718,F,Bangalore,34.8496753238423,5,"₹ 31,512.01",2,0,0,10000.0,0
14719,Male,Mumbai,56.94286592270342,0,"₹ 24,124.90",1,0,1,61853.24188138569,0
14720,Female,Delhi,50.412076891081185,3,"₹ 58,427.76",2,0,0,83344.34458973994,0
14721,Male,Mumbai,38.8896090629358,4,"₹ 43,403.15",1,0,1,83395.22619210811,0
14722,Male,Delhi,52.13682136934433,5,"₹ 64,650.83",1,1,0,157179.9196733333,0
14723,Male,Bangalore,39.32740058162386,5,"₹ 43,203.38",1,1,0,119516.31617012614,0
14724,Male,Mumbai,50.803801226441934,4,"₹ 52,247.01",2,1,0,95791.68700809387,1
14725,Male,mumbai,50.612614268733864,2,"₹ 65,354.30",2,0,0,117089.61136448727,0
14726,Male,Kolkata,52.551504389561295,10,"₹ 48,116.69",1,1,1,86145.9168760109,1
14727,Female,DELHI,73.86504280829088,1,"₹ 42,298.40",1,0,0,101590.83023156389,0
14728,Female,Kolkata,59.178871738807814,6,"₹ 60,682.59",1,0,1,128791.97320937933,0
14729,Female,DELHI,59.99969999236327,0,"₹ 39,003.14",2,1,0,16239.094376089823,1
14730,Male,Hyderabad,37.096446372516574,4,"₹ 70,148.10",2,1,1,156568.0890362328,0
14731,Male,Chennai,22.239211970362966,3,"₹ 63,641.52",1,1,0,71114.32954278399,0
14732,Male,Hyderabad,42.184633012237704,6,"₹ 70,961.82",2,1,1,118994.13152159567,0
14733,Female,Pune,37.7042928761145,1,"₹ 70,782.94",1,1,0,99537.0840980731,0
14734,Female,Bangalore,53.99416345298802,10,"₹ 42,514.97",2,1,0,96018.75415690955,1
14735,Male,mumbai,42.03513840846059,7,₹ 0.00,1,1,1,128412.45205408719,0
14736,Male,mumbai,64.89336220318275,8,"₹ 45,157.20",1,1,1,87303.46346604262,0
14737,Female,Kolkata,18.91240866933243,9,"₹ 57,129.05",1,1,0,123056.77211099776,0
14738,Male,DELHI,40.80988724167043,0,"₹ 46,422.80",2,1,1,91860.90952562717,0
14739,Male,Hyderabad,50.59188415167468,4,"₹ 28,400.39",2,1,0,42829.32617104628,1
14740,Female,mumbai,30.36672804582942,3,"₹ 87,209.97",2,1,1,35342.43596594921,0
14741,Female,Hyderabad,58.575898716919745,4,"₹ 25,958.55",2,1,1,99060.01706167545,0
14742,Male,Chennai,58.085550290537235,8,"₹ 29,505.91",2,1,1,49520.27062059161,0
14743,Male,Chennai,38.531385550813525,2,"₹ 36,575.48",2,0,1,101264.81162086046,0
14744,F,DELHI,84.733350227854,0,"₹ 41,182.82",1,1,0,43593.16451631636,1
14745,Male,Pune,28.232882617073983,10,"₹ 32,500.14",3,0,1,127809.24735606504,0
14746,Male,mumbai,24.804236296758663,2,"₹ 49,417.91",2,0,0,140759.8411659776,0
14747,Male,Hyderabad,37.886489509879304,3,"₹ 53,132.40",1,1,1,107219.51188135202,0
14748,Male,Hyderabad,47.85437787020442,1,"₹ 21,129.36",2,1,0,74517.74092293023,1
14749,Male,Chennai,20.801322657633513,0,"₹ 16,684.24",1,1,1,75728.39883479258,0
14750,Female,Bangalore,54.28880880347819,0,"₹ 71,588.17",1,0,0,95172.74601044168,1
14751,Male,DELHI,81.90440276776306,7,"₹ 48,558.38",1,1,1,156688.46219396533,0
14752,Male,Hyderabad,24.104834719751505,3,"₹ 80,071.74",1,1,1,90355.42753921174,0
14753,Female,Chennai,47.94625267125108,1,"₹ 69,207.43",1,0,1,115721.02440341722,0
14754,Female,Chennai,59.369288346002904,9,"₹ 41,156.84",2,0,1,48470.028778877575,0
14755,Female,Mumbai,56.48522871282038,2,"₹ 63,064.87",1,1,0,80204.35090014365,0
14756,Female,Hyderabad,77.37608730417004,7,"₹ 72,333.28",2,0,1,142889.184764816,0
14757,Male,Mumbai,37.95936318740101,5,"₹ 25,905.93",3,0,1,152436.19843217896,0
14758,Female,Chennai,74.7897706464619,7,"₹ 4,021.66",2,1,1,36649.88614948987,0
14759,Male,Bangalore,44.09605079124209,9,"₹ 21,486.20",2,1,0,80639.39248404968,0
14760,F,Bangalore,37.34670489192345,4,"₹ 67,190.18",1,1,0,124949.54194568582,0
14761,Male,Mumbai,73.18702847147104,2,"₹ 101,717.76",2,0,0,128598.73067030973,0
14762,F,Chennai,39.48425205928183,5,"₹ 48,936.69",2,1,0,73596.16002195887,0
14763,Female,Mumbai,61.06732758167503,9,"₹ 88,201.55",1,1,0,80360.00897455454,0
14764,Male,DELHI,37.609926246463544,7,"₹ 77,394.15",1,0,0,58709.38479706865,0
14765,Female,Mumbai,25.88922557566993,4,"₹ 29,021.79",2,1,1,19945.473803094486,0
14766,F,Pune,25.931233960953172,4,"₹ 48,015.90",2,1,1,71267.58631988894,0
14767,Female,Hyderabad,55.58416279607517,2,"₹ 69,231.00",2,1,1,98941.45939380843,0
14768,Male,Delhi,29.04110393009236,2,"₹ 14,774.73",2,1,1,19936.012431211297,0
14769,Female,Chennai,41.84869188638258,7,"₹ 75,454.94",2,0,1,190544.4659867523,0
14770,Male,Bangalore,35.256636295911555,10,"₹ 82,135.96",1,0,1,80204.6763198673,0
14771,Male,mumbai,31.817996952167775,0,"₹ 74,349.51",1,1,1,149027.96781326836,0
14772,Male,Hyderabad,33.64702083746516,3,"₹ 46,417.60",2,1,1,105401.68810325448,0
14773,Male,Delhi,48.109005143158505,8,"₹ 64,530.19",1,1,1,130379.46927447458,0
14774,Female,Pune,18.0,5,"₹ 79,489.25",1,1,0,33451.63210077349,0
14775,Male,mumbai,57.661173787213514,5,"₹ 5,846.26",1,0,1,110967.79061150903,0
14776,Female,Bangalore,25.575923631753458,9,₹ 0.00,2,1,0,54888.86811209763,0
14777,Male,Pune,,10,"₹ 65,452.88",2,1,0,83760.58086992313,1
14778,Male,Bangalore,23.33991964874975,10,"₹ 32,098.11",1,1,0,107167.68679695671,0
14779,Male,Bangalore,49.03755691713372,6,"₹ 55,402.37",2,1,1,87514.18082132595,0
14780,Male,Chennai,66.95851121433601,10,"₹ 56,040.88",1,0,1,64797.787314924135,0
14781,Male,mumbai,42.96538002277262,6,"₹ 86,734.37",3,0,1,85245.0086672419,0
14782,Male,DELHI,51.55327986953131,5,"₹ 55,119.57",3,0,1,113987.81793899985,1
14783,Female,Mumbai,53.08266844226512,8,"₹ 65,957.84",2,1,1,71791.99219935892,0
14784,Male,Mumbai,56.1179551390838,7,"₹ 63,943.63",1,0,0,94793.46657591217,0
14785,Male,Hyderabad,29.946401770141648,7,"₹ 73,779.15",1,1,0,76954.33721952689,0
14786,Male,Bangalore,68.90185079339918,1,"₹ 33,005.84",2,1,0,33650.044120072525,0
14787,Female,Hyderabad,39.99056812119192,6,"₹ 59,109.99",1,1,0,143519.10590741853,0
14788,Female,mumbai,49.21589761291707,0,₹ 0.00,2,1,1,111561.76180826819,1
14789,Male,Bangalore,42.750376556277594,9,"₹ 31,040.18",2,1,1,64349.78673767324,0
14790,Male,Bangalore,38.317835926863765,7,"₹ 80,661.53",3,0,1,44360.78926025536,0
14791,Male,Delhi,59.09352431541993,2,"₹ 10,204.33",1,0,0,,1
14792,M,Mumbai,54.526661599517304,10,"₹ 13,494.24",1,1,1,102428.56122120352,0
14793,Male,mumbai,18.0,8,"₹ 69,517.74",1,1,1,86035.01722386372,0
14794,Male,Pune,51.28736185343879,4,"₹ 31,602.56",1,1,0,118282.28493686067,0
14795,Male,Pune,76.46436924564728,6,"₹ 87,635.39",1,0,0,36109.09104999692,0
14796,Male,DELHI,47.78603367967796,6,"₹ 52,248.33",1,1,0,91705.90765895971,0
14797,Male,Kolkata,37.3376192846048,8,"₹ 95,636.77",1,0,1,73037.81089852308,0
14798,Female,mumbai,39.248159672683634,1,"₹ 101,046.11",1,1,0,57765.767979492244,0
14799,Male,Kolkata,36.571123631210156,3,"₹ 88,267.52",2,1,1,142378.15528951402,0
14800,Female,Delhi,27.764642353900292,7,"₹ 34,691.62",2,1,0,65238.636182431794,0
14801,Male,Pune,42.22982028860146,4,"₹ 16,408.75",2,0,0,79255.47100654946,0
14802,Male,mumbai,42.16170010464282,10,"₹ 88,141.69",2,1,1,10000.0,0
14803,Female,Bangalore,54.00244476937711,4,"₹ 49,546.62",1,1,0,134859.50168804184,0
14804,Male,Chennai,37.16266420240735,2,"₹ 56,013.72",2,0,1,44009.768122082125,0
14805,Female,DELHI,75.16388489164689,4,"₹ 84,456.37",1,1,0,17220.985673091105,1
14806,Female,Pune,30.949416490484005,6,"₹ 16,347.87",2,0,0,116067.50605302484,0
14807,Male,Hyderabad,47.2089142153196,3,"₹ 67,654.33",1,1,1,124151.57356279684,0
14808,M,Hyderabad,33.7864083530439,7,"₹ 35,199.64",3,1,0,106801.57410885656,0
14809,Male,Chennai,36.9199938757685,10,"₹ 73,778.26",2,0,1,10000.0,0
14810,Female,Pune,,5,"₹ 61,589.12",1,0,1,96068.51087352242,0
14811,Male,mumbai,48.057198439843226,5,"₹ 76,449.32",3,1,0,10000.0,1
14812,Female,Bangalore,57.0435330252453,5,"₹ 37,242.80",2,0,1,30451.459729870025,0
14813,Male,DELHI,38.01530488413938,3,"₹ 28,709.31",2,1,0,65672.06982375825,0
14814,Female,Hyderabad,,2,"₹ 50,044.97",1,1,1,122342.27398454776,0
14815,Female,Chennai,65.54455458443205,9,"₹ 32,572.37",1,0,0,91808.49111848063,0
14816,Female,Bangalore,30.34286616815718,5,"₹ 31,123.11",2,1,1,133450.47442822275,0
14817,Female,Hyderabad,41.30264236220735,5,"₹ 28,954.46",1,0,0,55959.70014702197,0
14818,Female,mumbai,45.8271639538077,1,"₹ 68,997.97",2,1,0,33414.09111826855,0
14819,Female,Bangalore,43.467018650644604,9,"₹ 108,596.72",1,1,0,78019.86888122933,0
14820,Male,mumbai,23.821095404788572,8,"₹ 73,784.58",1,1,0,64276.6557517225,0
14821,Male,DELHI,57.930783525006504,3,"₹ 71,027.91",2,1,1,87011.85021728247,0
14822,Male,Bangalore,18.0,3,"₹ 70,285.49",1,1,0,103202.14765052185,1
14823,Male,DELHI,59.696852868592515,9,"₹ 22,605.74",3,0,0,121442.9751243249,1
14824,Male,Chennai,62.34553366993782,10,"₹ 70,783.68",1,0,1,88735.51552635935,1
14825,Female,Pune,58.54800630697769,7,₹ 0.00,1,1,0,89925.85238321917,0
14826,Male,Delhi,40.43641842853796,2,"₹ 61,203.63",2,1,0,67348.72483487798,1
14827,Female,DELHI,46.941125531485895,9,"₹ 72,005.72",2,0,1,91303.266986539,0
14828,Male,mumbai,34.96090640792228,6,"₹ 74,401.02",3,1,0,155790.75643638815,0
14829,Male,Hyderabad,46.03005038887885,6,"₹ 69,539.60",1,1,1,63729.404226154176,0
14830,Female,DELHI,54.437350188128654,1,"₹ 12,625.74",1,0,1,75976.98941608694,0
14831,Female,Hyderabad,28.574406663937282,2,"₹ 30,741.04",2,0,1,126110.64618540459,0
14832,Female,Chennai,42.98568403334718,3,"₹ 85,273.34",1,0,0,158522.04660458566,0
14833,Female,Mumbai,37.84201872088554,1,"₹ 61,079.23",1,1,0,40228.58833676605,0
14834,Male,Bangalore,62.593009804907354,8,"₹ 59,470.03",2,1,0,42022.54531018156,0
14835,Female,Hyderabad,30.88419807167731,9,"₹ 34,089.98",1,1,1,43534.92157636264,0
14836,Male,Hyderabad,54.3923560814788,10,"₹ 16,928.07",1,0,1,10000.0,0
14837,Male,Bangalore,44.20854772629401,5,"₹ 28,074.56",1,0,0,83557.3053894944,0
14838,Male,Mumbai,43.13607843818565,0,"₹ 8,306.73",2,1,1,148753.57002679724,0
14839,Male,mumbai,54.841190944598296,0,"₹ 66,515.51",1,0,1,118198.13717727897,0
14840,Male,Pune,39.24018617852532,7,₹ 0.00,1,0,1,78001.71438684358,0
14841,M,Hyderabad,46.549055831889525,10,"₹ 28,164.63",1,1,0,128130.77867857662,0
14842,M,Mumbai,61.66655848984992,5,"₹ 109,198.18",4,0,0,158633.05296308763,1
14843,Male,Mumbai,33.34543902055054,9,"₹ 43,571.22",1,1,0,82220.24694195314,0
14844,Male,Chennai,49.06463849711295,6,"₹ 26,817.39",1,0,1,79218.88119235185,0
14845,Male,Hyderabad,58.220225028645,5,"₹ 117,031.93",1,1,1,52669.8630217999,0
14846,Male,DELHI,52.00407078844686,1,"₹ 37,885.37",1,0,1,114397.09862767899,0
14847,Female,mumbai,64.21775334742762,2,"₹ 109,645.90",1,1,1,142821.7248224622,0
14848,Male,Mumbai,43.20236875088258,7,"₹ 41,654.92",2,0,1,121838.5753604533,0
14849,Female,Chennai,55.07146144839235,3,"₹ 77,384.34",2,1,1,39530.71165339544,0
14850,Male,Chennai,61.54071735418953,7,"₹ 118,779.51",2,0,1,112744.10427703892,0
14851,F,Bangalore,19.626206157063564,2,"₹ 54,480.46",1,1,1,48944.19817627722,0
14852,Male,Hyderabad,38.89830993584963,1,"₹ 39,726.76",1,1,1,10000.0,0
14853,Female,Mumbai,50.686018447566695,6,"₹ 71,451.89",1,1,0,81983.4978133364,1
14854,Male,mumbai,58.80896361264122,0,"₹ 20,330.41",1,1,1,127870.32934091776,0
14855,Female,DELHI,48.653112378196454,10,"₹ 87,844.15",1,1,1,55115.24460003243,0
14856,Male,Delhi,65.94965081338717,2,"₹ 30,754.62",2,1,0,56641.174569100855,0
14857,Male,Delhi,36.98742987978347,1,"₹ 3,740.41",1,1,1,109687.37179962089,0
14858,Female,DELHI,26.476837835052006,4,"₹ 47,065.67",1,0,1,83377.16939963453,0
14859,Female,Mumbai,56.92030570811162,1,"₹ 36,921.70",2,1,0,74770.5966029514,0
14860,Female,Hyderabad,43.30502051412402,9,₹ 0.00,1,0,0,51203.14221455842,1
14861,Female,mumbai,,4,"₹ 50,464.22",2,0,1,114896.76936944766,0
14862,Female,Bangalore,70.62626671621976,2,"₹ 17,372.92",2,1,1,69642.95430257046,0
14863,Male,Hyderabad,56.203246029993586,8,"₹ 36,566.86",1,1,1,62218.677461764426,0
14864,Male,Pune,54.76722466957978,9,"₹ 17,297.73",3,1,1,93547.33423184144,1
14865,Male,Hyderabad,68.89914758511532,8,"₹ 69,905.00",1,1,0,29852.956052176953,0
14866,Female,Hyderabad,39.19369449983432,7,"₹ 49,634.03",3,1,1,72381.36744843151,0
14867,Male,Mumbai,66.2017310342471,4,"₹ 6,396.14",3,1,1,91824.46494141452,1
14868,Male,Bangalore,51.277662701832874,9,"₹ 92,440.93",2,1,0,101387.28859859439,0
14869,Female,Mumbai,36.15529737154182,10,"₹ 59,432.83",1,0,0,94262.80611788851,0
14870,Female,Kolkata,44.89511624244204,6,"₹ 35,235.32",2,0,1,34897.371795836516,0
14871,Male,Bangalore,47.79876711718987,1,"₹ 27,329.57",2,1,1,13091.132167012547,0
14872,Male,Mumbai,61.69074334534736,2,"₹ 48,259.89",1,0,0,71568.48076976267,0
14873,Male,Delhi,24.749830519101934,10,"₹ 12,127.29",2,1,0,25799.823762261338,0
14874,Male,Kolkata,18.77296998803238,1,"₹ 89,636.29",2,0,0,162548.56463405356,0
14875,Male,Bangalore,33.186576054985764,9,"₹ 84,166.66",2,1,1,10000.0,0
14876,Female,Pune,43.983965494304,10,"₹ 40,309.35",2,1,1,100926.28550704263,0
14877,Female,mumbai,55.716491616791906,0,"₹ 38,345.23",1,1,1,58581.2657831049,0
14878,Female,Pune,38.13249524766351,2,"₹ 23,518.66",2,1,1,145748.53772360727,0
14879,Male,Delhi,51.257169893957,3,"₹ 58,151.88",2,1,0,96750.14888801196,0
14880,Female,Delhi,69.0470689774017,8,"₹ 58,395.39",1,1,1,128522.84261413946,0
14881,Male,DELHI,19.510963785740614,1,"₹ 71,506.33",1,1,1,50042.22699365375,0
14882,Male,DELHI,42.9594103107588,8,"₹ 58,724.36",1,1,1,31720.793696728215,0
14883,Female,Pune,81.29199355459374,0,"₹ 23,320.33",1,0,0,43923.21679428169,1
14884,Male,Hyderabad,34.33921094268282,8,"₹ 28,310.79",1,1,1,25288.92477636313,0
14885,Male,Mumbai,32.74670409825422,5,"₹ 54,426.94",2,1,1,,0
14886,Female,mumbai,52.81592634476404,7,"₹ 29,240.60",1,0,0,,0
14887,Male,Kolkata,37.05357130123794,2,"₹ 91,422.76",1,1,1,74310.90928532307,0
14888,Female,mumbai,61.136773010300274,7,"₹ 49,513.63",1,0,0,63129.02397715847,0
14889,Male,Delhi,82.126273584426,10,"₹ 6,832.12",2,0,0,139803.7768189113,0
14890,Female,DELHI,46.12099770809996,8,"₹ 47,277.97",2,1,0,63444.1446025022,0
14891,Male,Hyderabad,86.06550702360806,6,"₹ 44,147.56",1,1,0,95000.87493662992,1
14892,Male,Chennai,38.20595498698744,3,"₹ 90,675.28",1,0,0,99919.94753860365,0
14893,Female,Bangalore,42.48553852647684,5,"₹ 51,354.60",2,0,0,89542.81936577297,1
14894,Male,Chennai,30.602242848164366,5,"₹ 67,912.45",1,1,1,55355.72115647289,0
14895,Male,Chennai,38.248151912448684,1,"₹ 45,563.90",1,1,1,83851.12460769745,1
14896,Male,DELHI,41.41945910247316,1,"₹ 80,762.60",2,0,0,126945.78839196064,0
14897,Male,Chennai,51.20980240438697,10,"₹ 89,670.56",1,1,0,110233.96708028685,0
14898,Male,Kolkata,26.308941539413844,4,"₹ 22,691.43",1,1,0,123157.16166249331,0
14899,Male,Delhi,37.23687479809803,0,"₹ 32,406.59",2,1,1,51070.4659689236,0
14900,Female,Chennai,37.617134765708556,4,"₹ 43,668.95",1,1,0,131482.33354469607,0
14901,Male,Hyderabad,58.403173364583246,9,"₹ 77,657.19",1,1,1,68855.17006861392,0
14902,Male,Bangalore,46.749669034584606,2,"₹ 30,706.17",1,1,0,123678.74096233248,0
14903,Male,Mumbai,46.75236209087685,2,₹ 0.00,1,1,1,,0
14904,Male,DELHI,,7,"₹ 74,285.54",1,1,1,17083.159985907238,0
14905,Female,DELHI,18.8307718727926,10,"₹ 26,806.31",1,1,0,85492.56946355975,1
14906,Male,Pune,69.10921779660436,2,"₹ 40,003.02",2,1,1,35005.62682859177,0
14907,M,Hyderabad,31.125923810839904,2,"₹ 38,376.44",2,1,0,69386.44942152346,1
14908,Male,Delhi,58.35113804280221,0,₹ 0.00,1,1,0,127786.21994648334,1
14909,Female,Kolkata,41.62241830331317,7,"₹ 14,675.78",1,1,1,29635.0339730083,0
14910,Female,Hyderabad,35.82823099135531,9,"₹ 75,706.25",1,0,1,82700.0949265138,0
14911,Female,mumbai,60.65555272970563,9,"₹ 48,902.55",1,0,0,97095.38470336264,1
14912,Female,Mumbai,27.094795110313378,5,"₹ 78,690.56",1,1,1,145392.56850019927,0
14913,Female,Bangalore,28.363903912145283,10,"₹ 98,524.80",2,1,0,20003.90910206337,0
14914,Male,Pune,47.36214272352691,7,"₹ 1,018.12",2,0,1,91346.44354918282,0
14915,Male,Hyderabad,47.80871072428167,2,"₹ 40,061.70",3,0,0,70493.18624114603,1
14916,Female,Pune,57.29251226154799,10,"₹ 46,684.98",2,0,0,105498.41743511014,0
14917,Male,Mumbai,55.748382200716705,5,"₹ 95,396.75",1,0,0,75885.85579405572,0
14918,Male,Chennai,43.95967201343766,1,"₹ 17,592.99",2,1,0,91987.13492234635,0
14919,Female,Pune,46.56699764745465,2,"₹ 59,849.43",1,0,0,85325.49183015159,0
14920,Male,DELHI,42.82098603777562,3,"₹ 88,541.97",1,0,1,116429.50115195138,0
14921,M,Chennai,66.26763291198301,8,"₹ 76,709.68",2,1,0,121170.24733005851,1
14922,Female,Hyderabad,30.269215344894597,3,"₹ 65,340.39",1,1,0,58047.855894029504,1
14923,Female,Bangalore,45.47468702780352,6,"₹ 28,492.44",2,1,0,18087.763027449466,1
14924,Female,DELHI,56.542869305980034,7,"₹ 82,632.07",2,1,1,95905.88358188477,0
14925,Male,Mumbai,61.649550484265276,4,"₹ 1,812.91",2,1,0,64115.77525304124,1
14926,Male,Chennai,34.9840089782942,1,"₹ 65,046.02",1,1,0,58480.07053326591,1
14927,Male,DELHI,30.442109236339434,10,₹ 0.00,2,1,0,101928.68607833562,0
14928,Male,Chennai,26.37834722305363,7,"₹ 103,603.52",3,0,0,201789.2254372985,1
14929,Female,Delhi,39.85567431112692,4,"₹ 15,565.50",2,1,0,50935.88134735704,0
14930,Female,Delhi,48.81270786267413,4,"₹ 36,158.03",2,0,0,60499.037530288406,0
14931,Male,Chennai,,6,"₹ 99,989.86",4,1,0,40202.47175974369,1
14932,Male,Chennai,55.48802750323264,5,"₹ 63,461.89",1,0,1,62572.80877967923,1
14933,M,Delhi,44.016643489260744,2,"₹ 28,208.48",1,0,0,10000.0,0
14934,Male,Hyderabad,54.142542183584496,6,"₹ 53,605.82",2,1,0,90511.98091446405,0
14935,Male,Pune,47.207673727298655,0,"₹ 58,765.84",2,1,0,13778.108335507568,0
14936,Male,Bangalore,19.721148334773154,3,"₹ 62,685.81",1,1,0,65809.20856738432,1
14937,Female,DELHI,27.752295641467057,3,"₹ 43,689.35",1,0,1,87133.22821045056,1
14938,Female,DELHI,62.35669722630827,5,"₹ 40,335.46",1,0,1,46370.03236682173,0
14939,Female,Mumbai,30.945814270311793,5,"₹ 70,625.44",2,0,0,131073.12455247343,0
14940,Female,Bangalore,57.77913032325236,9,"₹ 42,407.72",1,0,1,72920.12069920311,0
14941,Male,Kolkata,46.893661873837054,7,"₹ 17,783.41",1,1,1,47964.94969903844,0
14942,Male,Delhi,30.23177458107604,0,"₹ 40,532.30",1,1,0,78552.67705755569,0
14943,Female,Kolkata,56.24467534997845,6,"₹ 49,403.35",1,1,1,159528.84020362372,0
14944,Male,Bangalore,37.83488481829031,3,"₹ 60,373.76",1,1,1,57860.435013472525,0
14945,Female,mumbai,47.27343333771645,5,"₹ 55,876.60",1,1,1,19815.183608976004,0
14946,Female,Mumbai,41.85218324533962,9,"₹ 10,397.23",2,0,1,83521.02585049518,0
14947,Female,Chennai,18.0,8,"₹ 64,953.79",2,1,1,88901.59081997987,0
14948,Female,Pune,55.10630322669233,2,"₹ 43,747.10",1,1,1,102825.95663887242,1
14949,Female,mumbai,56.50772102698298,7,"₹ 33,138.51",1,1,0,10000.0,1
14950,Female,Bangalore,37.58895237006114,2,"₹ 78,068.57",2,1,1,173980.34948204516,0
14951,Male,Bangalore,54.63540248545886,5,"₹ 28,307.03",1,0,1,51137.60080753798,0
14952,Male,Kolkata,31.923705214770898,1,"₹ 103,549.78",3,1,0,171704.07082915545,0
14953,Male,Hyderabad,32.22958089988049,8,"₹ 100,628.82",1,0,1,43719.37682757974,0
14954,Female,Kolkata,48.59417586969408,1,"₹ 80,246.64",1,0,1,17619.020139770837,0
14955,Male,DELHI,34.55784824606607,4,"₹ 29,818.42",1,1,0,103962.9586681053,1
14956,Female,Kolkata,43.0623242329535,5,"₹ 67,202.42",1,1,1,51794.19872948869,0
14957,Male,Hyderabad,30.914806502624277,3,"₹ 58,060.48",1,1,1,104786.13712783149,0
14958,Female,Pune,25.731298785912568,6,"₹ 28,355.13",1,1,0,112366.62800247027,0
14959,Male,Delhi,48.11565544103364,6,"₹ 82,079.22",2,0,0,20978.861386390912,1
14960,Female,Bangalore,48.255672761795324,6,"₹ 49,990.96",1,1,1,72386.22086243778,0
14961,Female,Chennai,45.28808128730046,10,₹ 0.00,2,1,0,103303.35410692633,0
14962,Male,Kolkata,40.640729169526075,6,"₹ 94,343.65",1,0,0,131661.78903358674,0
14963,Male,mumbai,34.44612132388812,9,"₹ 95,284.62",2,1,0,46232.31013875319,0
14964,Female,Pune,28.782247201637077,10,"₹ 48,079.65",2,0,1,56795.99756274598,0
14965,Male,Mumbai,28.194024798744273,9,"₹ 68,612.20",1,0,1,90977.8150870784,0
14966,Male,Bangalore,35.941862392707925,8,"₹ 60,346.83",2,1,1,45454.73159137641,0
14967,M,Hyderabad,60.319235899667795,1,"₹ 35,733.70",1,0,0,62268.59547277688,0
14968,Female,DELHI,48.46502412557409,4,"₹ 130,081.06",1,1,1,34465.05701706122,0
14969,M,Hyderabad,50.40375684617852,9,"₹ 31,481.85",2,0,0,57262.916926029815,0
14970,Male,Kolkata,26.164350603064022,8,"₹ 51,538.81",2,1,0,114594.22851996555,0
14971,Male,DELHI,47.78572581746245,10,"₹ 16,450.51",2,0,0,116396.78791135197,1
14972,Female,mumbai,50.05601011128871,10,"₹ 75,694.05",1,1,1,40760.09215630436,0
14973,Female,Hyderabad,68.78796099615673,1,"₹ 70,766.71",1,1,0,,1
14974,Female,mumbai,44.71826634860833,2,"₹ 75,836.80",1,1,0,115915.11764374966,1
14975,Male,Mumbai,39.09316859703693,6,"₹ 13,392.80",1,1,1,64287.91693196147,0
14976,Male,mumbai,33.50407831940153,8,"₹ 58,280.38",1,1,0,52785.54675546478,0
14977,Male,Bangalore,45.89616571492622,2,"₹ 61,814.30",1,0,0,92126.79720336868,0
14978,Male,Pune,42.07650209330548,9,"₹ 10,512.67",2,1,1,76630.52703492639,0
14979,Male,DELHI,61.836803601776474,7,"₹ 61,709.69",1,0,1,55426.72765296285,0
14980,Male,Bangalore,58.529958485281796,10,"₹ 30,590.56",1,1,1,44222.310049718246,0
14981,M,Chennai,30.073843521016734,7,"₹ 41,052.11",1,0,1,61755.23527658859,0
14982,Male,Hyderabad,44.66711959334628,3,"₹ 67,329.28",2,1,0,122331.41148378167,1
14983,Female,Hyderabad,81.71219995065081,10,"₹ 55,961.63",1,1,0,120939.89474670567,1
14984,Female,Chennai,23.013028321910475,5,"₹ 27,707.89",1,1,1,152189.62074216307,0
14985,Female,mumbai,42.19853769078829,10,"₹ 15,966.59",1,1,1,117490.49942803604,0
14986,Male,Bangalore,56.28748598787986,7,"₹ 45,072.48",1,1,1,101597.32229353816,0
14987,Female,DELHI,41.436032315961214,8,"₹ 56,727.00",2,1,1,108567.28994828532,0
14988,Female,DELHI,40.16971252624222,1,"₹ 50,429.81",1,1,1,64666.92389720351,1
14989,Female,Chennai,37.95595663095863,0,"₹ 46,213.85",1,0,1,92383.93572119539,0
14990,Female,Hyderabad,29.041856212272695,4,"₹ 43,088.25",2,1,0,81693.33243304418,0
14991,M,Chennai,,9,"₹ 93,086.52",2,0,1,71189.47280556327,0
14992,Female,Mumbai,60.390366051734894,2,"₹ 55,671.35",1,1,1,48819.133313077036,1
14993,Male,Mumbai,25.92253420446237,10,"₹ 56,077.79",1,0,1,72943.13675100087,0
14994,Female,Mumbai,49.00046519825871,5,"₹ 43,381.17",1,1,1,75546.78234108022,0
14995,Male,Delhi,61.18494835053506,10,"₹ 37,220.60",1,0,1,64811.20893351251,0
14996,Female,Pune,44.69019910393354,0,"₹ 106,472.10",1,1,1,115282.72669990975,0
14997,Male,Kolkata,38.681551841694194,10,"₹ 66,896.14",2,0,0,67130.6319461731,0
14998,Male,Delhi,55.11502681615292,3,"₹ 73,314.94",1,1,0,40200.267768484606,0
14999,Female,DELHI,31.495812281537855,5,"₹ 25,971.31",2,1,0,42564.96276669094,0
15000,Female,mumbai,51.32849308371156,1,"₹ 79,666.86",2,1,1,,0
15001,Male,Hyderabad,42.50194252293183,10,"₹ 19,924.51",1,1,1,42154.72704186741,0
15002,Male,mumbai,45.93963604808614,10,"₹ 60,007.36",2,1,0,83067.01875349926,0
15003,Female,Chennai,70.1479908340071,7,"₹ 53,306.15",4,0,1,106116.69037442081,1
15004,Male,Hyderabad,62.342805663453575,3,"₹ 89,668.28",2,0,0,45174.55882581104,1
15005,Female,Kolkata,67.2230249569259,1,"₹ 35,088.17",1,1,1,120267.73705476796,1
15006,Male,Kolkata,32.73064886175193,0,"₹ 66,772.46",2,1,1,25533.482694742852,0
15007,Female,Bangalore,29.67383731319208,7,"₹ 61,776.68",2,1,0,85906.2386101072,0
15008,Female,mumbai,52.00114351268515,9,"₹ 26,962.60",2,1,1,21400.506608548232,0
15009,Male,Kolkata,,0,"₹ 66,105.43",2,1,1,139441.20867608092,0
15010,Male,Pune,18.0,6,"₹ 45,502.01",2,1,0,90701.07553019082,0
15011,Male,Bangalore,50.06448398986152,6,"₹ 48,740.68",2,1,0,119739.23579602377,1
15012,Female,Hyderabad,75.70968694484793,5,"₹ 38,946.28",1,1,1,109647.04613072786,0
15013,Female,mumbai,73.455800149047,7,"₹ 51,808.42",2,1,1,156948.33057511097,0
15014,Female,mumbai,34.50453290527706,9,"₹ 51,266.66",2,0,0,74002.03849925773,0
15015,Male,Kolkata,55.665445813359995,0,"₹ 65,891.40",2,1,0,113307.22471187805,0
15016,Male,Hyderabad,31.664554336161913,0,"₹ 59,638.84",2,1,0,65652.52849610594,0
15017,Male,Bangalore,43.56151384262396,0,"₹ 76,401.22",1,1,1,44484.862142372534,0
15018,Male,Pune,32.69651289008697,5,"₹ 74,775.25",1,1,0,86918.56115957187,0
15019,Female,DELHI,27.464763771631475,6,"₹ 95,012.55",1,1,0,132511.22256506045,1
15020,Female,DELHI,58.249372060923754,9,"₹ 70,577.59",1,1,0,66005.02787728171,0
15021,Female,Delhi,49.29740920216508,8,"₹ 54,316.48",1,1,1,52131.59415448603,0
15022,Male,Pune,51.66167085936877,9,"₹ 83,980.75",1,1,1,57423.94658078188,0
15023,M,Hyderabad,54.495514354583776,4,"₹ 53,775.36",2,0,1,35025.19142522159,0
15024,Female,Hyderabad,47.95876941120622,0,"₹ 58,694.56",2,1,1,62759.11725754388,0
15025,Female,Bangalore,29.43561922096052,8,₹ 0.00,1,1,0,37809.407404938655,0
15026,Female,mumbai,48.155868396211275,4,"₹ 22,997.15",1,1,1,91947.17896781965,1
15027,Male,Delhi,41.7319689275982,5,"₹ 70,987.31",3,1,1,103842.08456894057,0
15028,Male,Bangalore,42.1289537798608,8,"₹ 90,241.89",2,1,0,144346.85271349183,0
15029,Female,Delhi,30.845329662439696,1,"₹ 66,154.84",2,1,0,101121.11131836822,0
15030,Male,mumbai,22.406922221856796,2,"₹ 68,250.88",1,1,1,65737.81342377563,0
15031,Male,Chennai,36.49146940600693,6,"₹ 70,182.86",2,1,0,37771.77596332433,0
15032,Female,Delhi,53.180392746626936,2,"₹ 51,095.98",1,0,0,86718.61163844788,0
15033,Female,Bangalore,43.95895058561344,1,"₹ 21,868.74",2,1,0,41431.09641960923,0
15034,Female,Chennai,71.74757076315541,6,"₹ 69,207.13",1,1,0,,1
15035,Male,Pune,44.017141048019084,7,"₹ 12,863.09",2,1,1,60203.14667637163,0
15036,Male,Kolkata,47.92368559001373,8,"₹ 64,756.68",1,0,1,135234.73533402823,0
15037,Female,Bangalore,45.249310116090896,1,"₹ 92,595.89",2,1,0,88086.78429640908,0
15038,M,DELHI,29.060294092559005,1,"₹ 58,645.88",1,1,0,53633.73940843491,0
15039,Female,DELHI,44.67808613389487,10,"₹ 65,762.14",1,1,1,94513.20336580552,0
15040,Female,Hyderabad,28.97485505165417,6,"₹ 82,658.74",2,0,1,73770.56683038185,0
15041,Female,Bangalore,43.97267683324536,3,"₹ 45,607.85",2,0,0,61495.409580549705,1
15042,Female,Mumbai,18.60096934821814,4,"₹ 94,817.31",1,0,0,121775.99153778258,0
15043,Male,Kolkata,43.95805574542143,0,"₹ 80,710.47",1,1,0,81417.84858156946,1
15044,Female,Mumbai,47.22071803815167,5,"₹ 54,098.09",1,1,0,62137.23760110386,0
15045,Female,Pune,48.301787932491436,9,₹ 0.00,1,1,1,134526.00745682395,0
15046,Female,Hyderabad,23.48189296529371,7,"₹ 46,940.93",1,1,1,123494.43618111196,0
15047,Male,Kolkata,52.21077794140487,10,"₹ 46,604.12",2,1,0,43018.686838856855,0
15048,Female,Chennai,54.88527177599544,0,"₹ 59,732.26",2,1,1,64453.54899474696,1
15049,Male,Delhi,30.62749513499156,1,"₹ 93,792.06",2,1,1,56019.740859792604,0
15050,Female,Kolkata,59.78046262887929,6,"₹ 80,606.62",1,0,1,193659.51321382227,0
15051,Male,mumbai,47.830408323163326,1,"₹ 56,781.75",1,1,0,80279.70285591637,0
15052,Female,Chennai,44.09674221170658,8,"₹ 42,376.74",2,0,0,81851.19593877612,0
15053,Male,Delhi,53.517933390360504,5,₹ 0.00,1,1,1,60723.09542060672,0
15054,Male,Pune,69.32186389281037,4,"₹ 73,025.71",1,1,1,35690.249426963295,0
15055,Male,DELHI,42.88816666718734,6,"₹ 60,944.93",1,0,0,129648.2496450484,0
15056,Female,Delhi,37.590032142653634,9,"₹ 80,686.13",1,0,0,84596.84626935575,0
15057,Male,mumbai,76.2096091869942,7,"₹ 61,339.65",1,1,1,136865.45134397587,0
15058,Male,Hyderabad,42.40632317252979,8,"₹ 33,202.74",2,1,0,76394.16228258758,0
15059,Female,Delhi,50.49979804098134,5,"₹ 65,228.74",1,0,1,65381.975209684584,0
15060,Male,Kolkata,42.39988012129051,4,"₹ 60,472.68",1,1,0,37348.43190484888,0
15061,Female,Kolkata,20.89413770787444,6,"₹ 80,369.29",3,1,1,62551.103280537485,0
15062,Female,Hyderabad,40.387143203666795,1,"₹ 42,446.97",1,1,1,80699.3682883262,0
15063,Female,Kolkata,61.66764453560652,7,"₹ 32,138.33",2,1,1,106077.76184013899,0
15064,Male,Pune,32.852765420929614,3,"₹ 55,794.03",2,1,1,100349.30241054746,0
15065,Female,mumbai,64.77444173171278,0,"₹ 49,399.06",1,1,0,90214.12102114408,0
15066,Male,Bangalore,56.45465145992277,2,"₹ 34,794.16",2,0,0,76079.03537431582,0
15067,Male,Bangalore,29.9358951061144,8,"₹ 34,342.09",2,1,0,110571.94704741845,0
15068,Male,DELHI,26.93381711191939,3,"₹ 88,659.33",2,1,0,101402.52565872634,0
15069,Female,Pune,26.517078290021534,9,"₹ 49,204.02",1,1,1,122149.34958109677,0
15070,Male,Bangalore,38.869975711196,9,"₹ 85,548.53",1,0,1,100439.44155914396,0
15071,Female,Delhi,28.656017244785563,10,"₹ 115,588.47",2,1,1,168932.19051000293,1
15072,Female,Delhi,63.29721568645425,2,"₹ 45,461.79",2,1,1,62800.6358767669,0
15073,Male,Delhi,27.246644781644225,3,"₹ 30,994.70",2,0,1,91362.227529291,0
15074,Male,Kolkata,31.62436475768103,2,"₹ 21,800.87",1,1,0,187656.2478268811,0
15075,M,Kolkata,67.78273206111582,2,"₹ 84,857.71",1,1,0,66367.49314664603,1
15076,Female,Mumbai,41.04850732002585,1,"₹ 48,462.04",3,1,1,140011.3905163721,0
15077,Female,Delhi,51.322026320471885,5,"₹ 55,638.50",1,1,1,73179.1744511361,0
15078,Male,Delhi,51.967724728270866,9,"₹ 41,994.07",1,1,0,77164.65112764141,1
15079,Male,Chennai,23.183492151512063,5,"₹ 49,656.62",2,0,1,76692.5439919352,1
15080,Male,Hyderabad,57.041676709590305,9,"₹ 131,403.18",1,0,0,75104.78882182049,0
15081,Male,Bangalore,54.199215332644926,3,"₹ 33,801.30",1,0,1,121797.91670322268,0
15082,Male,Kolkata,54.78764600096107,7,₹ 0.00,1,1,1,111479.69105761417,0
15083,Female,mumbai,34.819857199785446,5,"₹ 50,775.39",1,1,1,45097.550656681415,0
15084,Male,Kolkata,49.30426548576602,7,"₹ 36,657.94",1,0,0,87678.11909154752,0
15085,Male,mumbai,42.40591301692018,5,"₹ 73,293.13",1,1,1,124703.06539859879,0
15086,Female,Mumbai,46.39706494116789,8,"₹ 52,605.72",1,0,1,10000.0,0
15087,Female,mumbai,33.34171384398069,2,"₹ 86,863.95",1,1,0,84047.23331612616,0
15088,Male,Kolkata,42.146332599024454,2,₹ 0.00,2,1,1,90092.33984533414,0
15089,Female,DELHI,59.65352598636663,1,"₹ 69,715.50",2,1,1,115968.93443680354,0
15090,Male,Kolkata,18.0,9,"₹ 93,715.88",2,0,0,95413.1022284664,0
15091,Male,Pune,39.51066322171054,5,"₹ 40,677.72",2,0,1,90445.45907520558,0
15092,Male,DELHI,54.581384487080165,6,"₹ 40,233.42",2,1,0,67473.19553109654,0
15093,Female,Delhi,,6,"₹ 39,171.12",1,1,0,89597.17109387572,0
15094,Male,Bangalore,51.0052976886902,4,"₹ 36,125.47",1,1,0,91936.10345845402,1
15095,Male,mumbai,52.035531985079544,5,"₹ 85,453.38",1,1,1,147277.14453214747,0
15096,Male,Kolkata,42.70269261331979,6,"₹ 24,605.27",3,0,1,48460.62723641799,0
15097,Female,Kolkata,49.518716801139504,10,"₹ 70,708.59",2,1,1,36197.7334170563,0
15098,Male,mumbai,69.42965827009711,1,"₹ 6,631.03",3,0,1,55167.33345215033,1
15099,Male,Bangalore,,9,"₹ 14,573.27",1,1,1,65516.666321288896,0
15100,Male,Chennai,24.182451694166392,6,"₹ 55,403.27",2,0,1,89230.66704452732,0
15101,Male,Hyderabad,38.63280101013283,0,"₹ 19,804.22",2,0,1,124048.3215422089,0
15102,Female,Delhi,30.082508797112993,5,"₹ 18,528.24",1,0,0,87670.47930807243,1
15103,Female,DELHI,50.77536560768682,7,"₹ 87,612.30",2,1,1,58502.918363296725,0
15104,Male,Kolkata,38.16737180641493,0,"₹ 66,143.97",1,0,1,26793.99029112351,0
15105,Male,Mumbai,54.196679284195575,0,"₹ 52,900.46",1,0,1,80357.27736077238,0
15106,Male,Bangalore,49.36776672707463,5,"₹ 70,679.61",2,1,1,132652.8731016357,0
15107,Male,mumbai,34.72188657462385,4,"₹ 9,441.06",1,1,0,64647.43096389812,0
15108,Male,Kolkata,31.161073295694038,2,"₹ 23,033.12",2,0,0,81837.35197857869,0
15109,Female,DELHI,24.104165817077895,9,"₹ 58,348.82",1,1,0,124470.4516233025,0
15110,M,Mumbai,60.77099466382474,9,"₹ 7,438.74",1,0,1,16473.687047306244,0
15111,M,Hyderabad,52.8667871400207,6,"₹ 8,483.35",1,1,0,75904.13366224806,0
15112,Female,Hyderabad,38.837938964736814,6,"₹ 41,051.45",2,1,1,100962.0818069226,0
15113,Female,DELHI,54.09384510851772,6,"₹ 56,513.60",2,1,0,67057.89052247295,0
15114,Female,Bangalore,28.434528309633365,5,"₹ 44,238.96",1,1,1,84614.41729019862,0
15115,Male,Mumbai,,3,"₹ 23,602.42",2,1,0,93747.71022305996,0
15116,Female,mumbai,30.378640807411088,8,"₹ 25,067.81",1,1,0,96052.42828941437,0
15117,Male,Mumbai,49.1490580601388,8,"₹ 43,535.49",1,0,1,141650.01601007007,0
15118,Male,Pune,35.93038027026713,6,"₹ 73,245.98",2,0,1,71499.36293740965,0
15119,Female,mumbai,23.188938740893846,6,"₹ 96,350.94",2,1,1,93893.82675938937,0
15120,Male,Delhi,46.36989100241747,7,"₹ 52,876.44",1,1,1,79937.58649502066,0
15121,Male,Chennai,53.59538828667881,10,₹ 0.00,1,1,0,153676.97418457124,0
15122,Female,Delhi,42.96083599304251,4,"₹ 77,031.56",2,1,0,89301.33086020268,0
15123,Male,Chennai,62.096234611728185,10,"₹ 70,556.96",1,0,1,103619.79776296488,0
15124,Male,Delhi,57.04188936788778,8,"₹ 34,023.59",2,0,0,104316.42031964338,0
15125,Female,Mumbai,61.78017769791464,5,"₹ 44,354.21",2,1,1,54703.737317406805,0
15126,Female,Bangalore,56.75666341412761,6,"₹ 93,760.73",2,1,1,96483.50347969054,0
15127,Female,DELHI,48.537977415168726,6,"₹ 98,162.97",2,1,0,122235.93810315258,1
15128,Male,Kolkata,26.342179453462627,8,"₹ 26,708.45",2,1,0,10000.0,1
15129,Male,Chennai,39.808035679174274,6,"₹ 117,100.56",1,1,1,48742.07713884342,0
15130,Female,Kolkata,37.3137706881047,2,"₹ 64,518.92",1,1,0,142553.9773279633,1
15131,Female,Pune,31.672522989398466,5,"₹ 126,159.30",2,1,1,10000.0,0
15132,Female,Pune,36.377848822622184,5,"₹ 10,311.70",1,0,1,141806.74857184454,0
15133,Male,Kolkata,23.033275875461694,10,"₹ 34,739.34",2,1,0,62824.34563347598,0
15134,Male,Pune,58.25914681393091,6,₹ 0.00,1,0,1,88716.08216786975,0
15135,M,mumbai,29.116307729830822,5,"₹ 44,631.47",1,1,0,111806.07886362188,0
15136,Male,Kolkata,57.19915409321567,3,"₹ 75,328.49",1,1,1,100115.35256652441,0
15137,Female,Pune,64.90112631497513,5,"₹ 105,674.44",1,1,0,80861.12721944068,1
15138,Male,Chennai,33.507702563580075,2,"₹ 28,956.66",3,1,1,,1
15139,Female,Bangalore,36.68243901228833,0,"₹ 61,017.38",2,1,1,63012.77078589951,0
15140,Female,Pune,52.47816047490193,0,"₹ 41,307.58",1,1,1,17261.540209180464,1
15141,Female,Kolkata,38.4526721202821,4,"₹ 71,747.51",2,0,1,112911.13712536567,0
15142,Male,Chennai,33.0029886384673,10,"₹ 46,347.08",2,0,0,109350.68847808466,0
15143,Female,Kolkata,51.6143666928446,7,"₹ 42,163.69",2,1,1,47554.753443269976,0
15144,Female,Hyderabad,,2,₹ 0.00,2,1,1,72185.15845040635,0
15145,Male,Mumbai,77.06621014204752,1,"₹ 58,902.35",1,1,0,19726.67321038019,1
15146,Female,Mumbai,53.42568100215656,7,"₹ 94,277.33",1,1,1,109875.11918304602,0
15147,Female,Mumbai,55.03961594184502,8,"₹ 12,305.42",1,0,1,66100.3300588729,0
15148,Female,Delhi,43.653164541671686,8,"₹ 77,715.36",1,1,1,51189.35487038377,0
15149,Female,mumbai,72.94471633966394,1,"₹ 52,750.36",1,0,1,113597.35226550911,0
15150,Male,Kolkata,33.86049185314961,7,₹ 0.00,1,0,1,86609.14761105736,0
15151,Male,mumbai,56.40996368170252,1,"₹ 39,965.91",1,0,1,107390.80639330392,0
15152,Male,Kolkata,24.92701745917718,6,"₹ 42,011.26",1,1,1,50476.188781205834,0
15153,Female,Hyderabad,79.40428777869639,7,"₹ 63,375.93",2,0,0,14757.763972913977,0
15154,Female,Pune,57.29851741973205,0,"₹ 66,731.32",1,0,0,50653.98702333532,0
15155,Female,Delhi,30.90188964388568,7,"₹ 54,189.65",1,0,0,73550.37279957022,0
15156,Male,Bangalore,52.885709962171305,2,"₹ 70,914.27",1,1,1,82029.16986529858,1
15157,Male,Kolkata,60.941213576286934,0,"₹ 22,982.03",1,1,0,51203.08872961976,0
15158,Female,Chennai,31.589512631845828,6,"₹ 44,573.34",2,0,1,55792.42992097125,0
15159,Male,Pune,38.09522344812487,9,"₹ 45,618.92",1,1,1,119590.44999671937,0
15160,Male,DELHI,30.09744270564871,2,"₹ 85,102.83",2,1,0,70117.40457468279,1
15161,Female,DELHI,52.18258827012284,7,₹ 0.00,2,0,1,162921.59296192077,0
15162,Male,Bangalore,47.73219513797498,8,"₹ 68,076.20",2,1,0,66345.97569261047,0
15163,Male,Chennai,45.47116347076589,1,"₹ 95,137.39",1,1,1,84806.02490386512,0
15164,Male,Mumbai,32.91706683341139,0,"₹ 53,824.50",2,1,1,105786.28440969659,0
15165,Male,Delhi,41.8963498012629,7,"₹ 149,566.56",2,1,0,63440.82811428179,0
15166,F,mumbai,34.26416379530198,9,"₹ 35,413.43",3,1,0,10000.0,0
15167,Male,Delhi,52.27045025358025,5,"₹ 45,881.28",2,1,1,136564.2232986313,1
15168,Male,Pune,29.206964762132934,9,"₹ 33,346.22",1,1,0,74105.7221023922,0
15169,Male,Hyderabad,33.0158438464005,0,"₹ 43,347.85",1,1,1,67163.86847859758,0
15170,Female,Pune,57.22965558148047,2,"₹ 68,778.95",2,0,0,75386.51638211707,0
15171,Male,DELHI,38.40163389980254,8,"₹ 39,029.88",2,1,1,114904.8196597136,0
15172,Female,mumbai,71.41367605054045,8,"₹ 25,341.30",1,1,0,97017.87865442173,0
15173,Male,DELHI,47.941015126554284,5,"₹ 2,258.88",1,1,1,34154.77727115356,0
15174,Male,Kolkata,18.0,2,"₹ 45,341.63",4,1,0,80163.4665761906,0
15175,Male,DELHI,25.135303494326028,7,"₹ 49,413.76",2,1,1,80216.05914808247,0
15176,Female,mumbai,36.145628874295724,5,"₹ 40,896.03",1,0,1,48182.01896015954,0
15177,Female,DELHI,56.140406160740895,0,"₹ 116,720.52",1,0,1,31556.502205035365,0
15178,Male,Delhi,54.61722051604934,5,"₹ 69,476.71",2,1,0,43511.37069680747,1
15179,Female,Delhi,37.7453674734927,4,"₹ 33,893.23",2,1,0,58585.65884261177,0
15180,Female,Bangalore,63.48554756609849,7,"₹ 71,341.24",1,1,0,44949.02992328932,0
15181,Male,Hyderabad,49.93096810565571,1,"₹ 74,667.03",1,1,1,108509.54724624679,0
15182,Female,mumbai,40.213012157791155,6,"₹ 49,848.66",1,0,1,143012.344101052,0
15183,Male,DELHI,62.59652181819306,5,"₹ 37,664.62",1,0,0,86343.52177938704,0
15184,Female,mumbai,32.88889970246071,0,"₹ 20,701.11",2,1,1,69570.55764412243,0
15185,Female,Pune,53.32678270095912,7,"₹ 91,177.75",2,1,1,32147.065548445637,0
15186,Female,Mumbai,54.8576066370553,5,"₹ 45,173.29",2,0,0,55377.77877182665,1
15187,Female,Chennai,54.27653259300093,2,"₹ 44,287.02",2,1,1,99156.41849067574,0
15188,Male,Pune,42.66625819107725,4,"₹ 83,424.34",2,1,0,124742.02425879893,0
15189,Female,Pune,58.06420956023088,6,"₹ 51,002.21",1,1,0,41805.13476090928,0
15190,Male,DELHI,72.62373620746767,8,"₹ 123,808.82",1,1,1,123717.25767202998,0
15191,Male,Mumbai,42.67059394901077,3,"₹ 34,222.42",1,1,0,46115.09538708864,0
15192,Female,Delhi,46.01260295413583,1,"₹ 38,871.79",2,1,1,117552.20558117074,0
15193,Female,Delhi,58.87680630549594,2,"₹ 28,924.92",1,1,1,,0
15194,Female,Pune,41.014600862594705,6,"₹ 25,088.69",1,1,0,107301.64524483673,0
15195,Male,Hyderabad,40.604966638155034,7,"₹ 62,171.59",1,1,0,52160.629159782955,0
15196,Female,Delhi,27.598396138039657,4,"₹ 71,261.62",3,0,0,165658.50265367804,0
15197,Female,Kolkata,19.137783150329494,2,"₹ 38,549.84",2,0,0,92274.86777089695,0
15198,Male,Pune,27.97772909625797,0,"₹ 51,250.82",2,1,1,35049.766095765226,0
15199,Male,Chennai,57.940967243980296,9,"₹ 56,337.94",1,1,1,77878.96464491215,0
15200,Male,Mumbai,29.584326659463812,0,"₹ 88,802.54",1,0,0,96318.60560453314,0
15201,Male,Bangalore,52.29714762523422,10,"₹ 31,836.22",1,0,0,70369.41714532836,0
15202,F,mumbai,67.28001725567339,1,"₹ 55,325.12",2,1,1,88855.46704734757,0
15203,Female,Pune,47.37978646410603,4,"₹ 62,964.54",1,0,1,31373.545501379493,0
15204,Female,Delhi,31.764189315930512,2,"₹ 62,293.79",2,1,1,71848.48538816319,0
15205,M,mumbai,43.01562023180756,6,"₹ 52,248.67",2,1,0,17789.756696572877,1
15206,Male,Chennai,50.69739492058866,1,"₹ 80,688.02",2,0,0,69214.64313404221,0
15207,Female,DELHI,50.77461362439577,1,"₹ 29,161.62",1,0,1,161264.49500541098,0
15208,Male,Hyderabad,46.75587492236527,2,"₹ 44,828.62",2,0,1,89392.47807423485,0
15209,Female,Bangalore,54.47506304452283,0,"₹ 32,280.93",1,0,1,34238.67219301834,0
15210,Male,DELHI,59.993950093800386,1,"₹ 30,235.22",2,1,1,66167.64884174992,0
15211,Female,Chennai,37.802645201523134,4,"₹ 53,496.30",1,0,0,61608.700440388304,0
15212,Male,Delhi,66.07106713892277,2,"₹ 79,786.47",1,0,1,149798.4663263401,0
15213,Male,Kolkata,49.94419296665912,10,"₹ 26,526.07",3,1,0,36306.992798946594,0
15214,Female,Mumbai,18.0,9,"₹ 77,596.93",1,1,0,64981.38778613281,1
15215,Male,DELHI,42.18217547060464,5,"₹ 40,035.72",2,1,0,37625.21096826046,0
15216,Female,DELHI,42.39683787220643,1,"₹ 21,273.55",2,1,0,130581.20962760068,0
15217,Male,Bangalore,61.202129551615485,7,"₹ 30,127.00",2,1,0,10000.0,0
15218,Female,Mumbai,36.2810423736407,3,"₹ 78,729.13",1,1,1,39848.28180332465,0
15219,Male,Chennai,47.23743527787421,2,"₹ 18,853.97",2,1,1,88884.2870900388,0
15220,Male,mumbai,23.713100658491918,4,"₹ 110,183.28",3,1,1,127600.99528239254,1
15221,Male,mumbai,32.54663009807898,7,"₹ 54,170.72",2,1,1,120600.76640839655,0
15222,Male,Mumbai,56.9546998882511,8,₹ 0.00,2,1,1,115136.32605424734,0
15223,Male,Hyderabad,26.679742093625052,0,"₹ 18,893.41",2,0,1,90048.43148018811,0
15224,Male,Pune,59.48928759553843,3,"₹ 74,712.51",2,1,0,84684.88779406853,0
15225,Male,Hyderabad,62.099417189235,5,"₹ 6,247.93",1,1,1,131656.55213407043,0
15226,Male,Hyderabad,63.62055447336614,5,"₹ 69,841.55",1,0,1,132844.30858617648,0
15227,Female,DELHI,68.17980696603652,8,"₹ 14,901.35",1,1,0,65548.32410732954,0
15228,Female,DELHI,56.627741812663636,0,"₹ 60,996.34",1,1,1,66729.4461810815,0
15229,Male,Delhi,51.381852548270906,4,"₹ 89,514.71",1,1,0,25218.710054250747,0
15230,Female,Chennai,54.29447944411327,9,"₹ 61,362.16",1,1,0,89473.43760642658,0
15231,Female,Chennai,46.06928354289763,0,"₹ 75,565.98",1,1,1,90576.02396498587,0
15232,Male,DELHI,39.39605926847976,5,"₹ 71,803.35",2,0,1,31726.090559574608,0
15233,Female,Bangalore,56.55161668571183,8,"₹ 15,774.57",1,0,0,101180.51186660906,0
15234,Male,Bangalore,51.736021031806786,3,"₹ 13,689.19",2,1,0,39138.45517446551,0
15235,Female,Delhi,58.2046203933596,9,₹ 0.00,2,1,0,72055.53558325724,0
15236,Male,Mumbai,41.87102828887344,9,"₹ 59,283.72",2,1,0,124340.42394349442,0
15237,Female,DELHI,43.19143255509162,8,"₹ 46,994.02",1,1,1,133452.45920608693,0
15238,Female,mumbai,48.172380519478764,2,"₹ 20,078.93",1,1,1,37670.692786678956,0
15239,Male,mumbai,43.100287270959946,10,"₹ 60,021.89",1,0,0,55539.53336546976,0
15240,Male,DELHI,87.62735341375765,6,"₹ 98,199.79",1,1,0,117924.63079582424,0
15241,M,Kolkata,74.01678923056843,4,"₹ 70,705.92",2,0,1,103167.533054107,0
15242,Male,Mumbai,45.06440059731719,9,"₹ 91,172.81",2,1,0,107057.30985456372,0
15243,Female,mumbai,43.03681254578256,0,"₹ 38,417.19",1,1,0,10000.0,0
15244,Female,Pune,51.6904291449425,6,"₹ 55,253.52",1,0,0,33223.14443157349,0
15245,Female,Hyderabad,38.55844110950775,7,"₹ 59,582.79",1,1,1,100864.7949569494,0
15246,Female,DELHI,38.305779618638304,5,"₹ 75,384.24",2,1,0,140821.16926452034,1
15247,Female,Kolkata,45.64355890092297,0,"₹ 4,027.12",4,1,0,55186.535862112694,1
15248,Female,Pune,39.429264635653944,8,"₹ 95,105.19",2,1,0,79406.8919209579,0
15249,Male,Hyderabad,47.75651518990959,6,"₹ 57,045.88",2,0,0,35371.28378650975,0
15250,Male,Hyderabad,50.55136740642141,5,"₹ 89,183.56",1,0,1,142956.10423677735,1
15251,Male,Delhi,18.0,3,"₹ 81,658.83",2,0,1,37943.1084634546,0
15252,M,Mumbai,18.0,2,₹ 0.00,1,1,0,114759.46359241701,0
15253,Female,DELHI,32.284412175046185,3,"₹ 60,009.29",2,1,1,40401.565351619385,0
15254,Male,Kolkata,49.19503202543217,0,"₹ 64,743.37",1,1,0,10000.0,0
15255,Female,Delhi,33.43944507602989,8,"₹ 43,488.86",1,1,0,94879.1486117871,0
15256,Male,Bangalore,79.65151318522479,1,"₹ 50,281.02",2,1,1,76230.94902794018,0
15257,Male,Pune,58.419404226329156,1,"₹ 23,614.46",3,0,0,103517.232550379,1
15258,Female,Pune,74.37421279797537,2,"₹ 45,358.51",2,1,1,88102.13319565338,1
15259,Male,DELHI,58.502621198902425,0,"₹ 40,097.89",1,1,1,38424.34005035307,1
15260,Female,Kolkata,21.242522598302433,9,"₹ 34,504.56",2,0,0,69362.30926979988,0
15261,Male,Kolkata,27.516286686901477,2,"₹ 39,015.59",2,1,1,125795.14801276803,0
15262,Female,Hyderabad,37.328982276422394,3,₹ 0.00,3,1,0,109848.55943892206,1
15263,Female,Kolkata,27.060093611245296,8,"₹ 34,436.63",2,1,0,102401.29543270086,0
15264,Male,mumbai,61.21847391364157,4,"₹ 22,707.02",1,1,0,163651.5277969002,1
15265,M,Pune,42.62238407728613,10,"₹ 25,014.25",1,0,0,102548.9666862999,0
15266,Female,Hyderabad,48.07632646364345,5,"₹ 8,566.06",2,1,1,118334.91649935597,0
15267,Male,DELHI,65.64843620575881,0,"₹ 43,031.81",3,1,1,18837.76449750011,1
15268,Male,Kolkata,73.90081337266119,2,"₹ 23,391.58",1,1,0,119586.19330296855,0
15269,Female,Chennai,40.92918813191713,6,"₹ 22,977.07",2,0,0,94788.27506125219,0
15270,Male,DELHI,24.531333217507246,6,"₹ 53,643.97",1,1,0,109091.89444244884,0
15271,Male,mumbai,27.176072737698007,9,"₹ 98,822.70",1,1,1,88961.24724699708,0
15272,Male,Mumbai,62.24109824229691,0,"₹ 53,962.52",2,0,1,113731.04893527227,0
15273,Male,Bangalore,48.98406694992408,8,"₹ 82,158.81",2,1,1,90016.82971472955,0
15274,Female,Chennai,31.6494709317003,0,"₹ 47,107.80",1,1,0,87812.97241618465,1
15275,Male,Hyderabad,55.61926347924589,6,"₹ 124,282.92",1,1,0,151352.34372183227,1
15276,Male,Pune,28.85660539330157,1,"₹ 16,343.41",4,0,0,93814.46875129195,0
15277,Male,Mumbai,18.414198239998786,8,₹ 0.00,2,1,0,145955.65985882597,0
15278,Male,Chennai,18.0,8,"₹ 76,851.24",2,0,1,102869.07260212279,0
15279,Female,Pune,23.310517330191594,8,"₹ 72,046.17",1,1,0,136843.76860191484,0
15280,Male,Bangalore,62.35974125998631,3,₹ 0.00,2,1,0,84330.88468964957,0
15281,F,Delhi,41.96158822944727,5,"₹ 45,538.62",2,1,1,57040.42043890372,0
15282,Male,Delhi,44.4930000064191,1,"₹ 103,863.25",2,1,0,57799.12063724525,0
15283,Male,Chennai,47.80453648684308,2,"₹ 76,776.52",1,1,0,69306.90688665095,1
15284,Female,Mumbai,29.84270705693057,5,"₹ 3,717.98",2,0,1,10000.0,0
15285,Male,Delhi,37.804986403425886,0,₹ 0.00,2,1,0,44000.059721196034,0
15286,Female,Delhi,39.248731945004984,6,"₹ 98,541.07",2,1,1,122421.51507404135,0
15287,F,Chennai,31.035383468350634,1,"₹ 24,529.82",1,1,1,116481.53794400663,0
15288,Male,Chennai,37.71242647047855,7,"₹ 79,046.29",1,0,1,95272.98494908174,0
15289,Male,Mumbai,43.17517315847801,4,"₹ 71,325.61",1,1,0,159720.01648390072,0
15290,Female,Hyderabad,41.28201032361002,6,"₹ 49,269.92",1,1,1,53397.64172839461,0
15291,Male,Hyderabad,51.49780043070509,7,"₹ 27,523.40",2,1,1,98869.03831433016,0
15292,Male,Mumbai,37.71555484640676,2,"₹ 94,706.92",2,0,0,109168.72099863281,0
15293,Male,DELHI,68.17267845793981,5,₹ 0.00,1,1,1,70985.3140636914,0
15294,Male,Hyderabad,29.508885063963596,8,"₹ 82,883.74",3,0,0,62702.55836340548,1
15295,Female,Hyderabad,37.04570898317994,3,"₹ 40,257.76",1,0,0,78101.0096430214,0
15296,Male,Pune,50.91008242592773,9,"₹ 27,132.05",1,0,0,62447.15764724984,0
15297,Male,Chennai,54.26413264814085,6,"₹ 46,358.99",1,1,0,168776.00732541946,0
15298,Female,DELHI,26.907728821937894,0,"₹ 83,825.93",4,0,0,76139.04750740681,1
15299,Male,Delhi,43.458989648274596,6,"₹ 12,566.79",2,1,0,101011.21914651373,0
15300,Male,Hyderabad,56.99300373757819,8,"₹ 59,945.76",1,1,1,65109.319516769465,0
15301,Female,Bangalore,20.961130528873724,9,"₹ 67,946.39",1,1,1,158632.66159348667,0
15302,Male,Bangalore,43.6827928701784,7,"₹ 43,988.59",3,1,0,81748.67598352673,1
15303,Female,Hyderabad,22.696117877332167,3,"₹ 16,841.02",2,1,0,29048.035135167273,0
15304,Female,Bangalore,32.80594621941491,2,"₹ 25,306.86",1,1,1,46351.45729401355,0
15305,Male,Kolkata,46.28346838519208,6,"₹ 103,428.06",1,1,0,116114.79326487055,1
15306,Female,DELHI,41.740022556225725,0,"₹ 78,307.51",2,1,1,87677.63405924653,0
15307,Male,Chennai,27.89088152970348,7,"₹ 67,973.87",2,1,0,119295.33049496288,0
15308,Male,Hyderabad,63.32106039580775,0,"₹ 113,891.36",2,1,1,122941.26461165273,0
15309,Female,Hyderabad,39.995134679673775,6,"₹ 26,338.21",2,1,1,70579.04573659593,0
15310,Female,Delhi,53.24834254113027,5,"₹ 49,500.69",2,1,0,79883.61554053368,1
15311,Male,DELHI,67.52645181016419,9,"₹ 51,424.40",2,0,0,66743.47644476798,1
15312,Female,mumbai,34.853732025471004,7,"₹ 87,099.19",2,1,0,99391.7854096323,0
15313,Female,Pune,54.23415198349519,5,₹ 936.28,2,1,1,24551.16801436239,0
15314,M,Kolkata,51.22745910677347,4,"₹ 52,488.79",2,1,0,75321.8800426181,1
15315,Female,Mumbai,24.156792021795074,8,"₹ 49,938.44",2,1,0,63858.90097213468,0
15316,Male,Mumbai,63.1085443334227,3,"₹ 74,715.46",2,1,0,85591.40012020724,1
15317,Male,mumbai,46.51408806967293,6,"₹ 36,974.09",2,1,1,67920.8852345534,0
15318,M,Chennai,37.0074660286943,5,"₹ 86,420.92",1,0,1,98991.71555897077,0
15319,Male,Mumbai,20.70565165098847,9,"₹ 62,131.55",1,1,0,130281.55906791912,0
15320,Female,Bangalore,25.885808023805797,5,"₹ 26,594.72",2,1,0,136247.03999534392,0
15321,Male,Pune,43.37223568052792,10,"₹ 67,316.60",2,1,1,68042.9919135597,0
15322,Male,DELHI,24.93211692598979,4,"₹ 46,415.07",1,0,1,123281.12032392522,0
15323,Male,Delhi,54.491197787948124,1,"₹ 64,682.60",2,1,0,10000.0,0
15324,F,DELHI,39.314652663755965,3,"₹ 14,441.49",1,1,1,103698.1090784493,0
15325,Male,Mumbai,21.578802430551796,0,"₹ 41,886.95",2,0,0,27776.069899513088,1
15326,Female,Delhi,35.05577865828369,8,"₹ 80,563.38",1,1,1,122876.99910041771,0
15327,Male,DELHI,29.05664689645407,8,"₹ 92,165.07",2,1,1,131739.88996654906,0
15328,Male,Hyderabad,26.637977032420398,7,"₹ 63,213.43",2,1,1,108633.83378153974,0
15329,Male,Kolkata,18.0,3,"₹ 42,918.14",2,1,1,67617.9459688853,0
15330,Female,Delhi,46.49264783219571,4,"₹ 33,542.10",2,0,0,41904.77946738578,0
15331,Male,mumbai,30.692477128828482,0,"₹ 28,987.33",2,0,1,82716.25627389483,0
15332,Male,Kolkata,73.14929466874267,3,"₹ 28,932.66",2,1,1,74022.84245884103,0
15333,Male,DELHI,59.8886319554474,3,"₹ 24,585.93",1,1,0,82200.5443465564,0
15334,Male,Chennai,69.47216002687199,4,"₹ 47,460.28",1,1,0,89465.96207866265,0
15335,M,mumbai,55.733340834991736,1,"₹ 32,433.28",1,0,1,126650.2962779986,1
15336,Female,Hyderabad,36.230508743893814,1,"₹ 66,577.72",2,1,0,52491.32161328318,0
15337,Male,Delhi,49.861241197006166,1,"₹ 60,814.51",2,0,1,34466.56144407125,0
15338,Female,Bangalore,40.45863684343786,10,"₹ 82,925.56",1,1,1,81018.42570899097,0
15339,Female,Delhi,50.109426313380716,7,"₹ 66,981.73",1,1,1,78035.69163700238,0
15340,Male,Kolkata,58.36911515143496,1,"₹ 75,144.64",2,0,1,86781.1187099206,0
15341,Female,Delhi,53.96202174988703,5,"₹ 25,456.82",1,1,1,93739.28301720528,0
15342,Female,Kolkata,45.1251379366154,1,"₹ 64,695.26",1,1,0,82698.79371332635,0
15343,Male,mumbai,45.987435949239924,7,"₹ 57,476.96",2,0,1,48896.76521786067,0
15344,Male,Delhi,48.29401115975856,0,₹ 0.00,2,1,0,91360.46307277556,0
15345,M,mumbai,61.58763444900189,1,"₹ 48,325.79",2,1,1,141427.65529337327,0
15346,Female,Hyderabad,37.655026906602366,4,"₹ 19,838.69",1,0,0,81211.13948548441,0
15347,Male,Hyderabad,41.1192430023481,5,"₹ 4,349.87",2,0,0,89777.0535278443,0
15348,Male,Kolkata,37.387934279267405,8,"₹ 40,688.70",2,1,0,130284.83494366118,0
15349,Male,DELHI,47.05949352164314,5,"₹ 30,986.99",2,1,1,44425.908830852364,0
15350,Female,Hyderabad,54.550306934142824,7,"₹ 27,400.30",2,1,0,76958.79251618587,0
15351,Female,Pune,49.494804858666754,6,"₹ 6,838.98",1,1,1,125450.8072834093,0
15352,F,Delhi,44.134870032191785,0,"₹ 103,340.88",2,0,0,113317.13640524127,1
15353,Male,Pune,61.091583832323494,1,"₹ 12,622.06",2,1,1,111707.3274634727,0
15354,Female,Delhi,33.0867363905615,3,"₹ 39,895.17",2,1,0,10000.0,0
15355,Female,Mumbai,22.50293753279848,0,"₹ 70,468.62",2,0,1,54062.100100781565,0
15356,Male,mumbai,49.82327820519683,7,"₹ 79,354.25",1,1,1,22937.128037836075,0
15357,Male,Kolkata,,3,"₹ 16,948.48",1,1,0,138047.3495412808,1
15358,M,Chennai,42.493110545104415,6,"₹ 43,448.33",2,1,1,101186.34364975843,0
15359,Female,DELHI,25.20806786978065,6,"₹ 66,606.55",2,0,1,79596.92007977908,0
15360,Male,Kolkata,47.97903239760079,7,"₹ 58,939.43",1,1,1,51471.062628047184,0
15361,Female,Hyderabad,71.92610484941343,8,"₹ 61,425.05",1,0,1,67398.86874878642,0
15362,Male,Bangalore,25.02686442287782,8,"₹ 14,193.86",4,1,0,168797.9343635773,0
15363,Female,DELHI,42.643479026772944,6,"₹ 25,230.50",2,1,1,81436.64971854398,0
15364,Female,DELHI,46.132392165383116,8,"₹ 45,453.29",1,1,0,56639.94848466552,1
15365,Female,Bangalore,38.34098847456629,4,"₹ 40,634.03",1,1,0,34354.8806675472,0
15366,F,mumbai,,9,"₹ 54,931.97",1,1,1,154589.69014736143,0
15367,Female,DELHI,38.29455107541132,3,"₹ 18,297.28",1,1,1,80512.1896470619,0
15368,Male,Mumbai,47.30389485766987,2,"₹ 79,295.74",2,0,0,67349.76425895572,1
15369,Female,DELHI,41.17661236669104,5,"₹ 14,233.04",2,0,1,27857.542971898903,0
15370,Male,Chennai,36.93261615691338,9,"₹ 56,916.44",2,0,1,44501.38061638478,0
15371,Male,Pune,43.843850985339415,10,"₹ 25,604.68",2,0,0,128978.55316731383,0
15372,Male,mumbai,52.21891819418701,8,"₹ 42,044.89",2,1,0,17679.161225396856,0
15373,Male,Kolkata,21.63804006464075,3,"₹ 5,802.28",1,1,0,30787.511656887495,1
15374,Female,Hyderabad,55.408526613394955,1,"₹ 44,959.68",2,0,1,66445.04869763626,0
15375,Male,Mumbai,34.11378400368814,10,"₹ 69,960.88",2,1,1,100344.67472203061,0
15376,Female,mumbai,54.2763457607515,2,"₹ 87,975.20",1,1,1,85712.49081593622,0
15377,Female,Pune,34.95324183951564,2,"₹ 47,063.30",2,0,1,60067.874721971035,0
15378,Male,Chennai,55.69995312369341,1,"₹ 13,454.94",4,1,1,58682.232545429404,1
15379,Female,Pune,44.26573277759926,8,"₹ 74,461.69",2,0,0,56077.02257638626,0
15380,Male,Kolkata,31.05875889810983,3,"₹ 60,409.51",2,1,1,77450.00958416003,1
15381,Male,Bangalore,38.41830169807833,2,"₹ 44,929.33",2,1,1,47606.68662548649,0
15382,Female,Hyderabad,62.90500795788559,9,"₹ 33,775.20",2,1,1,91912.48066959062,0
15383,Male,Bangalore,45.77742546968347,5,"₹ 46,369.20",1,1,0,131862.76887847632,0
15384,Male,Delhi,38.12947664471594,7,"₹ 50,869.15",1,0,0,124689.14710250222,0
15385,Female,Chennai,62.108052940461064,10,"₹ 74,287.43",1,0,0,17334.552608766797,0
15386,Female,Hyderabad,57.82749860672031,7,"₹ 24,564.85",1,1,0,40038.15700539995,1
15387,Male,Kolkata,,9,"₹ 29,705.11",1,0,1,100915.39465490982,0
15388,M,mumbai,41.93266149500356,5,"₹ 42,953.61",3,1,0,87492.0620636562,1
15389,Female,Hyderabad,18.562342015649925,4,"₹ 9,264.60",2,1,1,90193.10141831107,0
15390,Female,mumbai,58.0792946540908,10,"₹ 70,632.00",1,1,1,141402.10704514076,0
15391,Male,mumbai,45.061006870406985,6,"₹ 67,735.79",2,1,0,170668.96564994555,0
15392,Female,Delhi,55.05240429258471,2,"₹ 58,937.33",1,1,1,112374.9754652117,0
15393,Female,Mumbai,18.0,9,"₹ 122,607.67",1,1,0,21267.0669435015,1
15394,Female,Chennai,40.78714057348924,1,"₹ 70,402.50",2,1,1,74161.77369428113,0
15395,Female,Chennai,47.513844956455195,7,"₹ 90,354.29",1,1,1,136419.24147520415,0
15396,Male,Delhi,18.0,10,"₹ 51,831.33",1,1,0,151792.8995996618,0
15397,Male,Bangalore,54.84530047450331,8,"₹ 33,546.69",1,1,0,72492.91623067549,0
15398,Male,Bangalore,40.14805127780168,5,"₹ 6,837.14",2,1,0,101441.21378779877,1
15399,Male,Kolkata,18.679248299434576,3,"₹ 59,188.85",2,1,1,109208.12337243088,0
15400,Female,Mumbai,37.28238319869957,5,"₹ 66,230.49",2,1,0,116044.90930581026,0
15401,Male,mumbai,51.85022416244883,6,"₹ 77,889.00",2,1,1,126415.00167284292,0
15402,M,DELHI,31.303378648563225,7,"₹ 34,915.40",1,1,0,10000.0,0
15403,M,DELHI,44.31491299497808,2,"₹ 70,004.05",2,0,0,109271.49885209424,0
15404,Male,Bangalore,38.503003359519504,5,"₹ 11,062.76",2,0,0,77413.61260016063,0
15405,Male,Delhi,18.0,9,"₹ 52,704.89",4,1,0,88767.61744295395,0
15406,Female,Mumbai,54.35753081303025,5,"₹ 66,525.91",2,1,1,42917.30968491334,0
15407,M,Pune,57.1160365881004,9,"₹ 69,339.52",2,0,1,48191.28857533972,0
15408,Male,Mumbai,62.23097122475556,6,"₹ 74,599.80",2,0,1,70858.49374344775,0
15409,Male,Kolkata,45.13518543132,3,"₹ 66,068.49",2,0,1,104722.1911221629,0
15410,Female,mumbai,52.26904692952835,5,"₹ 53,340.10",2,0,1,,0
15411,Female,mumbai,20.789419801033624,1,"₹ 87,216.50",3,0,1,83078.04815290456,1
15412,Male,Chennai,48.6018918562402,7,"₹ 48,431.85",2,1,0,146772.39851779203,1
15413,Female,Hyderabad,40.23075823805239,2,"₹ 49,690.83",1,1,1,168970.4998318305,0
15414,Male,Hyderabad,43.84567846064681,8,"₹ 97,393.07",1,0,1,84783.44218044372,0
15415,Male,Chennai,28.23989999486217,7,₹ 0.00,2,1,1,67974.79322624803,0
15416,Male,Kolkata,61.83995929454002,5,"₹ 67,265.37",2,1,1,66833.16157928723,0
15417,Male,mumbai,20.235375465608282,9,"₹ 68,272.68",1,0,1,107276.22503787812,0
15418,Male,Hyderabad,49.08017475101989,1,"₹ 37,377.09",2,1,0,105921.0811647985,0
15419,Male,Hyderabad,31.237377063584834,7,"₹ 50,561.82",1,0,0,70365.88433030258,1
15420,Male,Hyderabad,76.7789929511662,10,"₹ 49,599.02",1,1,0,49694.34267938386,0
15421,Male,mumbai,55.430487329904636,5,"₹ 43,596.47",3,0,0,34444.39188284785,1
15422,Male,Kolkata,44.572527827869116,10,"₹ 48,102.99",1,1,1,74171.26278112688,0
15423,M,Pune,29.581208225244733,0,"₹ 61,425.19",3,1,1,128173.10207534191,1
15424,Male,Bangalore,58.350439162570076,5,"₹ 32,221.27",1,1,0,50091.43524835637,0
15425,Male,Mumbai,18.0,4,"₹ 49,863.82",1,0,1,60381.66270326265,0
15426,Female,Delhi,50.76255162336446,5,"₹ 9,522.98",1,1,1,74692.7300960725,0
15427,F,DELHI,52.65569320323409,0,"₹ 31,558.76",2,1,1,48380.13490786575,0
15428,Male,Mumbai,51.77605394835285,3,"₹ 17,414.74",1,0,1,161724.56707686096,0
15429,Female,Hyderabad,57.56770133275107,6,"₹ 54,655.20",2,1,1,102112.73435192925,0
15430,Female,Kolkata,36.52541303443628,4,"₹ 18,813.26",2,1,0,112697.07782007399,0
15431,Female,Pune,53.23970760926002,5,"₹ 8,213.19",2,1,1,34942.26396831778,0
15432,Male,DELHI,34.95011174586518,1,"₹ 8,319.12",2,0,0,70679.99010735225,0
15433,Female,Chennai,32.544256759967354,7,"₹ 19,032.23",1,0,0,110613.92544148062,0
15434,Male,Pune,29.514806041929553,9,"₹ 80,945.52",1,1,1,92853.7798928854,0
15435,Female,Bangalore,41.22030498203456,3,"₹ 96,083.43",1,1,0,191972.0121013647,0
15436,Female,Hyderabad,61.66836021601662,5,"₹ 39,851.85",1,0,0,110273.54609310266,1
15437,Male,Delhi,70.72614191180551,2,"₹ 5,196.95",1,1,1,55974.603011825326,0
15438,Female,DELHI,40.9437018441386,8,"₹ 40,979.90",1,1,1,82233.08767579104,0
15439,Male,Hyderabad,35.325481323526404,7,"₹ 91,576.90",1,1,0,97254.89154700513,0
15440,Female,DELHI,64.94147557641574,5,"₹ 56,877.48",1,0,1,122651.14847041943,0
15441,Male,Delhi,51.5014119397037,8,"₹ 6,171.09",2,0,1,10000.0,0
15442,Male,Bangalore,45.4359017420389,9,"₹ 104,713.90",2,1,0,,0
15443,Male,Chennai,28.413271443231952,8,"₹ 39,248.31",2,1,0,93847.78519372594,0
15444,M,mumbai,66.47552498575376,1,"₹ 33,981.77",2,0,1,10000.0,1
15445,Male,Kolkata,46.40527243010292,8,"₹ 85,153.16",2,0,1,129222.66454613092,0
15446,Male,Pune,45.002396955615545,7,"₹ 58,308.11",2,1,1,85531.91426241303,0
15447,Male,Mumbai,53.12512881225781,1,"₹ 88,671.72",2,0,1,75360.70804209406,0
15448,Female,Chennai,45.32847380217119,8,"₹ 45,882.85",1,1,0,23753.82819536222,0
15449,Female,Chennai,67.1195496767057,4,"₹ 47,757.37",1,0,1,,0
15450,Male,DELHI,60.17701473602081,8,"₹ 35,716.82",1,1,0,29011.651091337837,0
15451,Male,DELHI,36.58004173801621,2,"₹ 54,615.36",1,1,0,126474.47403444647,1
15452,Male,Pune,46.30351398359738,3,"₹ 48,826.81",1,1,0,170602.76208247675,0
15453,Male,DELHI,36.21870508744203,0,"₹ 28,877.00",1,1,1,151418.5082905847,0
15454,Male,mumbai,73.34046175413927,10,₹ 0.00,2,1,0,91322.13423768192,1
15455,Female,Kolkata,34.15681906876226,4,"₹ 64,263.27",1,1,0,71051.19069102862,0
15456,Male,Mumbai,43.214575922545414,6,"₹ 59,695.87",1,0,1,118399.68685674176,0
15457,Male,Mumbai,50.45889966132191,6,"₹ 42,085.68",1,1,0,77204.14895691976,0
15458,Male,Delhi,52.585791721593054,5,"₹ 78,388.56",1,1,1,93689.07270230842,0
15459,M,Delhi,55.118687045330475,5,"₹ 54,480.97",2,1,0,33197.00196589287,1
15460,M,Kolkata,57.01449831490034,7,"₹ 63,093.46",2,1,0,,0
15461,Female,Hyderabad,55.39290084118545,10,"₹ 49,856.76",1,1,0,54297.14704639011,1
15462,Male,Hyderabad,38.50539457981523,9,"₹ 2,391.68",1,1,1,136968.99072695384,0
15463,Male,Chennai,36.80461322480277,8,"₹ 89,177.20",2,1,0,30434.688961500004,1
15464,Male,Chennai,45.57344809295114,3,"₹ 61,373.09",1,1,0,60415.81611548831,0
15465,Male,Bangalore,36.72451991333309,3,"₹ 10,204.21",1,1,1,71950.92310554802,0
15466,Female,Delhi,35.13422790872372,7,"₹ 36,416.24",1,1,0,57054.49550522017,0
15467,Female,Bangalore,38.67091913236574,4,"₹ 67,210.91",1,1,0,58927.77116562186,0
15468,Female,DELHI,76.53202041396757,9,"₹ 95,338.28",1,1,0,84632.83708381007,0
15469,Female,Mumbai,68.1573419307676,8,"₹ 58,619.84",1,1,1,56083.79165778154,0
15470,Male,Chennai,41.41230019098806,5,"₹ 72,145.86",3,1,0,50979.3421868586,1
15471,Female,Hyderabad,18.0,8,"₹ 99,441.09",2,0,1,70777.53529897597,0
15472,Male,Kolkata,36.14562992380489,3,"₹ 98,014.45",2,1,1,116094.00576977417,0
15473,Male,Delhi,58.20031496738054,0,"₹ 57,912.80",2,1,0,130599.83567764271,0
15474,Female,Mumbai,21.516958542789233,3,"₹ 69,769.41",2,1,1,56153.91529790539,0
15475,Male,Pune,54.057644510626965,8,"₹ 20,638.20",1,1,0,89939.47654735536,1
15476,Male,Kolkata,53.09570368711006,6,"₹ 48,453.92",2,1,1,95866.83201262812,0
15477,Male,Bangalore,45.25987064029615,5,"₹ 62,192.89",1,0,0,138354.99048112464,0
15478,Female,mumbai,44.435943640691946,1,"₹ 37,419.30",2,0,0,163246.4939259137,1
15479,Female,Bangalore,31.43135050383961,3,"₹ 10,198.02",1,1,1,10000.0,0
15480,Male,Delhi,55.452358846441896,0,"₹ 48,813.03",1,0,0,10000.0,0
15481,Female,Kolkata,49.64870000619686,2,₹ 0.00,2,0,0,76024.9281257028,0
15482,Male,mumbai,37.790578604091635,1,"₹ 95,303.36",2,0,0,33842.28868960864,0
15483,Male,DELHI,33.224806071229644,3,"₹ 48,280.00",2,1,0,46116.839763690616,0
15484,Female,Pune,27.09863057787789,3,"₹ 81,871.52",2,1,1,21231.967021587778,0
15485,Female,Bangalore,50.572814480246905,10,"₹ 23,616.09",2,1,0,91852.97728677942,0
15486,F,Pune,41.96634424375482,8,"₹ 34,908.42",1,1,1,66178.07095461553,0
15487,Male,Kolkata,42.157555118989826,6,"₹ 67,628.10",2,1,1,125430.45665578265,0
15488,Female,Mumbai,21.58228232215658,2,"₹ 94,786.83",2,0,0,72592.4252550739,0
15489,Female,Kolkata,,6,"₹ 55,576.35",1,1,0,84621.32427296425,0
15490,Female,Hyderabad,26.940894791382664,7,"₹ 25,194.45",4,1,0,144453.20431153406,0
15491,Male,mumbai,56.53125712877362,6,"₹ 76,213.49",1,1,1,90539.95784572705,0
15492,Female,Mumbai,47.57549896112745,7,"₹ 17,865.60",2,1,0,85295.83625094927,0
15493,Female,Bangalore,40.75523890513594,8,"₹ 89,058.30",2,1,0,33088.40597953718,0
15494,Male,DELHI,61.58341358233541,0,"₹ 81,851.62",1,1,1,85128.69812759,0
15495,Male,Pune,59.4618905436963,9,"₹ 27,253.98",2,1,1,56623.01887720013,0
15496,Male,Kolkata,61.58153516838873,5,"₹ 46,259.21",2,1,1,83522.94332336677,0
15497,Female,Delhi,41.369339550091986,3,"₹ 34,671.12",2,0,0,20056.06991729886,0
15498,Female,Bangalore,23.784467836689032,0,"₹ 61,407.86",1,0,0,69995.0289709507,1
15499,Female,Delhi,70.59748618745905,1,"₹ 64,081.28",2,0,1,33601.53635824734,0
15500,Female,Mumbai,52.86313184258991,9,₹ 0.00,2,1,1,147048.76816026377,0
15501,Female,Hyderabad,53.173998346164055,3,"₹ 65,558.79",1,1,1,119432.74879604511,0
15502,Male,Bangalore,55.138036241920844,0,"₹ 47,062.16",2,0,0,81476.89998475942,0
15503,Male,Hyderabad,86.45247818910488,5,"₹ 13,445.95",2,1,0,83593.43399830115,1
15504,Male,Hyderabad,43.49339208340351,0,"₹ 68,297.11",1,1,0,79706.80377399204,0
15505,Male,DELHI,66.54724236444041,8,"₹ 97,525.20",1,1,0,127588.86344992538,1
15506,Male,Mumbai,32.21078253091329,9,"₹ 53,311.03",1,1,0,57986.40672324895,1
15507,Female,Kolkata,57.22848364029747,2,"₹ 91,919.74",1,0,1,220031.1216651855,0
15508,Male,mumbai,71.75162853763734,10,"₹ 74,628.35",1,1,0,72491.300842605,0
15509,Male,Hyderabad,44.295567793412474,0,"₹ 74,969.95",1,1,1,15909.895030150197,0
15510,Male,Mumbai,18.0,5,"₹ 63,950.75",1,1,0,88176.08436644335,0
15511,Male,DELHI,53.50518942846609,5,"₹ 43,364.81",3,1,0,86211.30138687059,1
15512,Female,Bangalore,41.74637815345447,6,"₹ 27,741.00",2,0,1,61906.59498376297,0
15513,Female,Chennai,57.66388112487212,6,"₹ 142,252.59",2,1,0,41604.432419108845,0
15514,Female,Chennai,38.003834583238685,9,"₹ 55,180.31",2,0,0,14870.878690493766,0
15515,Male,DELHI,,10,"₹ 54,616.63",2,0,1,55047.29806730138,0
15516,Female,Mumbai,46.596477473210186,3,"₹ 82,590.91",1,1,1,98075.35307163603,0
15517,Female,DELHI,56.8661726467211,4,₹ 0.00,1,1,1,116688.08162958338,0
15518,Female,mumbai,30.00464292304415,2,"₹ 67,272.15",2,1,0,155506.3154597092,0
15519,Male,mumbai,27.37397173143056,5,"₹ 90,434.41",2,1,0,153128.386740932,0
15520,Female,Kolkata,25.546861385276866,6,"₹ 89,663.09",2,1,1,31682.83566425347,0
15521,Female,Chennai,25.64775626057659,8,"₹ 67,195.89",2,1,0,26639.359167657065,0
15522,Female,Chennai,55.17695699498537,8,"₹ 19,815.32",1,0,1,48323.27340462593,0
15523,Female,mumbai,35.95481515384542,4,"₹ 76,966.27",1,0,0,87172.01767405847,0
15524,Male,DELHI,25.949566322108208,3,"₹ 16,676.35",2,1,0,47495.63997840323,0
15525,Female,Hyderabad,34.54963315445011,6,"₹ 95,217.18",1,1,0,74760.91434358667,0
15526,Male,Bangalore,55.554585628668086,2,"₹ 73,439.22",1,0,1,72420.47389894693,0
15527,Female,Chennai,55.180305336695625,3,"₹ 38,646.25",2,1,0,96756.77235627225,1
15528,Male,mumbai,59.953527773284755,8,"₹ 82,383.12",1,1,1,82230.89440479057,0
15529,Male,DELHI,40.77708183329139,4,"₹ 45,369.80",1,1,1,111184.78873365848,0
15530,Male,Mumbai,74.95681770010785,9,"₹ 52,996.50",1,1,0,68281.6170545944,0
15531,Female,Bangalore,61.23020054155379,6,"₹ 71,639.02",2,0,1,117924.61347409681,0
15532,Male,Delhi,27.38764177826734,1,"₹ 48,433.68",1,1,0,10000.0,0
15533,Female,Delhi,57.18208705841519,8,"₹ 43,367.88",1,1,0,64024.23494917465,0
15534,Female,DELHI,45.28662708650654,4,"₹ 31,244.61",2,1,1,96988.35522516351,0
15535,Male,Pune,42.523884901939596,4,"₹ 78,332.26",1,0,1,73927.12531140559,0
15536,Male,Pune,45.147644585429646,3,"₹ 51,301.41",2,1,0,11612.426354935844,1
15537,Male,Chennai,35.01063538096797,7,"₹ 81,498.52",2,1,1,32295.440181945116,0
15538,Female,Mumbai,60.13495017638006,10,"₹ 32,827.65",1,1,0,46215.03843112206,0
15539,Female,Hyderabad,36.32650473204747,3,"₹ 20,780.06",1,0,0,38898.81742899557,0
15540,Male,DELHI,36.59753835398433,1,"₹ 83,042.64",1,1,0,80546.01552601384,0
15541,Male,Delhi,56.4029033294955,4,"₹ 17,837.56",1,1,1,34254.05244009323,0
15542,Female,Delhi,77.55714491402486,2,"₹ 33,430.30",1,0,0,121108.20179771961,1
15543,Female,Mumbai,37.546128897421475,3,"₹ 67,705.16",1,0,1,50147.013197144835,1
15544,Female,Chennai,26.30212379675103,2,"₹ 104,141.04",2,1,1,38734.46146709115,0
15545,Female,Pune,62.09766776856454,6,"₹ 61,045.75",1,0,0,119712.9907665912,0
15546,Male,Kolkata,47.9256350201864,5,"₹ 18,257.65",1,1,1,75834.74140642148,0
15547,Male,Chennai,52.535253358658466,1,"₹ 22,848.41",3,1,1,42569.87532312001,1
15548,Male,Chennai,45.514921619646735,10,"₹ 49,910.01",1,0,1,101741.3582204111,0
15549,Male,Hyderabad,53.90392119985839,7,"₹ 69,244.33",2,0,0,43834.717927223784,0
15550,Male,Hyderabad,50.45830696703573,4,"₹ 21,617.59",2,1,1,98001.6803975317,0
15551,Male,Delhi,37.14808436243298,5,"₹ 23,156.40",1,1,1,64117.33107948468,0
15552,Male,Hyderabad,55.55816470360087,7,"₹ 48,216.35",3,1,1,10000.0,1
15553,Female,Delhi,52.501508711697376,10,"₹ 71,295.49",2,1,0,60595.00270260713,1
15554,Female,Chennai,39.43200559105685,10,"₹ 11,283.68",2,1,0,168304.26076663632,0
15555,Female,Mumbai,42.404720670038884,6,₹ 0.00,2,0,1,149468.2237774853,0
15556,Female,Kolkata,33.21172598125124,10,"₹ 47,134.62",2,1,1,111752.55918489498,0
15557,Male,Mumbai,51.92832401759135,2,"₹ 131,595.53",2,1,1,147953.1487191414,0
15558,Female,Chennai,52.09240732394101,1,"₹ 36,098.14",1,1,1,81832.64752273358,0
15559,Male,mumbai,44.41883230624943,2,"₹ 85,392.65",1,1,0,99713.62961450795,0
15560,Female,DELHI,27.919091999973386,7,"₹ 19,303.35",3,1,0,,1
15561,Male,Pune,18.0,3,"₹ 53,701.20",1,1,1,44852.425689941716,0
15562,F,DELHI,41.529112613112204,7,"₹ 82,772.58",1,1,1,41079.075948012796,0
15563,Male,Kolkata,48.54922906774618,3,"₹ 46,066.42",2,1,0,108170.75106392759,0
15564,Male,Hyderabad,54.6701576466759,6,"₹ 14,137.08",1,1,0,19314.645695603787,0
15565,Female,DELHI,61.99210175380196,5,"₹ 51,846.28",2,1,1,59178.5148923675,0
15566,Male,Hyderabad,39.64335599708237,9,"₹ 74,605.41",2,1,0,114601.35384750606,0
15567,Female,Chennai,21.26875444589992,0,"₹ 109,228.19",2,1,0,150063.70513753608,0
15568,Female,Kolkata,37.29485063475856,10,"₹ 9,946.86",2,1,1,119416.28702975823,0
15569,Female,Pune,77.7489944829878,7,"₹ 60,384.92",2,1,0,44853.678210793594,0
15570,M,Pune,69.66349885481776,5,"₹ 24,623.39",2,1,1,85362.71274801556,0
15571,M,mumbai,51.42134563871461,1,"₹ 54,870.20",1,0,0,50786.7037216764,1
15572,Male,Delhi,38.525876884199604,4,"₹ 24,253.00",2,1,1,78925.43500327056,0
15573,Female,Pune,43.63081328765417,1,"₹ 29,936.18",2,1,0,121858.25893819428,0
15574,Female,Bangalore,70.72049064222874,9,"₹ 98,608.44",2,0,0,34546.49295846395,1
15575,Female,Delhi,48.14986447885498,6,"₹ 51,989.33",1,1,1,71148.52583892817,0
15576,Male,Pune,39.292420256259696,10,"₹ 11,300.91",2,1,0,10000.0,1
15577,Female,Chennai,64.89374547761426,9,"₹ 44,985.81",2,1,0,62683.00329488011,0
15578,F,Kolkata,18.0,5,"₹ 69,802.15",1,1,0,83657.25269722748,0
15579,Female,Kolkata,29.93158007977597,6,"₹ 56,351.01",2,0,0,43869.76704638655,0
15580,Male,Bangalore,32.925725710510655,5,"₹ 63,997.02",1,1,1,10000.0,0
15581,Male,Chennai,60.02439014065142,9,"₹ 107,189.89",2,1,0,50876.44716469839,0
15582,Male,Bangalore,36.588287707769844,0,"₹ 79,201.30",3,1,0,24091.960311605893,1
15583,Female,Hyderabad,18.404578850417465,2,"₹ 91,916.23",4,1,1,184903.6425409232,0
15584,Female,Mumbai,34.61725653005226,9,"₹ 61,623.25",2,1,1,71923.22621990128,0
15585,Male,Pune,37.93566648437632,1,"₹ 76,282.98",1,1,0,120783.06340176988,0
15586,Male,Chennai,43.98758460945162,0,"₹ 29,324.42",1,1,0,36835.42336454234,1
15587,Male,Mumbai,46.92349262620996,0,"₹ 72,375.94",1,1,0,41767.25394358048,0
15588,Male,Mumbai,59.51510483560135,3,"₹ 96,815.55",1,0,1,27839.06292228803,0
15589,Female,Kolkata,40.31950705878965,10,"₹ 56,592.22",2,1,1,89670.93280943287,0
15590,Female,Kolkata,36.25865477753475,0,"₹ 37,475.29",2,0,1,45717.98423705778,0
15591,Male,Hyderabad,45.700449464990456,1,"₹ 90,049.01",1,1,1,82413.69073336673,0
15592,Female,Chennai,48.63973384322847,0,"₹ 26,283.24",2,1,1,78284.06954448808,0
15593,Male,mumbai,35.98005183873372,5,"₹ 118,730.45",2,1,1,96848.03099693844,0
15594,M,Chennai,19.454768833017756,10,"₹ 60,058.50",2,1,0,53083.93336607193,0
15595,Male,Hyderabad,37.65151494916257,3,"₹ 2,089.70",2,1,0,63289.16935040754,0
15596,Male,Kolkata,57.11153685043926,7,"₹ 63,527.03",2,1,1,163626.52912240723,0
15597,Male,Kolkata,43.81777624845159,10,"₹ 92,399.16",2,0,1,30528.589031959236,0
15598,Female,Pune,63.6577651441569,4,"₹ 83,774.66",1,1,1,82384.28536692502,0
15599,Female,DELHI,52.538321144376155,9,"₹ 51,109.30",1,1,1,83191.9708117144,0
15600,Female,Kolkata,37.08118590266621,4,"₹ 54,541.92",2,1,0,60470.666977934176,0
15601,Male,Bangalore,67.03558073444943,10,"₹ 83,697.53",2,1,1,19289.418999259826,0
15602,Male,Pune,31.964182024084074,10,₹ 0.00,2,1,1,43405.431361319694,0
15603,Male,Delhi,19.87262915021536,7,"₹ 33,383.21",1,1,0,59176.70673904869,0
15604,Female,DELHI,50.161169975860524,10,"₹ 28,856.79",2,1,0,61857.78661706602,0
15605,Male,DELHI,33.241877681047185,9,"₹ 75,360.03",1,1,0,39758.8826451612,1
15606,Female,Bangalore,44.14984831863315,5,"₹ 23,720.67",1,1,1,66086.39598393792,0
15607,Female,DELHI,28.920361120051627,5,"₹ 28,862.12",1,1,0,88491.56035540247,0
15608,Female,mumbai,45.06811057366977,2,"₹ 36,517.49",1,0,1,25048.188004974996,0
15609,Male,Kolkata,52.271932231434675,5,"₹ 25,264.72",2,1,0,74307.98376129534,0
15610,Male,Kolkata,54.48867999066001,9,"₹ 82,082.75",1,1,1,76494.99297328608,0
15611,Male,Pune,27.92584123255944,6,"₹ 36,018.14",2,1,1,72147.83063339873,0
15612,Female,Hyderabad,24.688179498405315,1,"₹ 66,443.75",2,1,0,123004.14310544395,0
15613,Female,Bangalore,50.962236632297156,2,"₹ 34,353.31",1,0,1,124468.80510988299,0
15614,Male,Kolkata,39.306402048713245,5,"₹ 49,738.98",1,1,1,99121.25686514704,0
15615,Male,Mumbai,36.648559851316875,9,"₹ 44,444.98",1,1,0,113650.45534798538,0
15616,Female,Kolkata,43.23602086687518,8,₹ 0.00,1,1,0,99257.19351878384,0
15617,Female,Chennai,42.44390176860217,8,"₹ 14,673.19",1,1,1,96387.78587019903,0
15618,Male,Mumbai,50.609291528682824,7,"₹ 12,775.69",1,0,1,38507.55222324228,0
15619,Female,Hyderabad,52.31267403244248,7,"₹ 82,764.01",3,1,0,76455.63517191648,1
15620,Male,Mumbai,59.7583859651254,8,"₹ 88,641.86",2,1,0,134712.71961734814,0
15621,Male,DELHI,41.12657822784016,10,"₹ 35,221.20",2,1,0,64954.30907947278,0
15622,Female,Delhi,59.93657964146879,10,"₹ 63,438.10",2,0,1,73839.16856370677,1
15623,Female,Kolkata,53.81276109109819,8,"₹ 29,088.65",2,1,0,122997.67617203288,0
15624,Female,Pune,58.09536231264126,9,"₹ 58,553.78",2,0,1,77580.85602676492,0
15625,Male,mumbai,28.39846055811375,10,"₹ 39,367.37",1,1,0,75971.97614751289,1
15626,Female,Hyderabad,43.45411255801217,8,"₹ 34,562.70",2,0,1,79846.736073473,0
15627,Male,Pune,73.42857476894144,4,"₹ 68,047.51",2,1,0,65604.3967690855,0
15628,Male,Kolkata,24.4321433612261,5,"₹ 59,645.86",2,0,0,91462.99375843903,1
15629,Female,Pune,71.87305697517525,4,"₹ 27,511.26",2,0,0,60429.02206260247,1
15630,Male,Chennai,71.20924984576568,0,"₹ 101,459.57",1,1,0,,0
15631,Female,Mumbai,55.97943096662745,3,"₹ 105,346.48",2,0,1,104848.32003398889,0
15632,Female,mumbai,24.798822500334587,10,"₹ 53,561.04",2,1,0,44940.461482555766,0
15633,Male,Kolkata,41.751268106637774,0,"₹ 68,201.16",3,1,1,139568.96031731647,1
15634,Male,DELHI,56.888487051474044,0,"₹ 119,970.62",2,1,1,15399.142307237234,1
15635,Male,Hyderabad,25.112909507071873,2,"₹ 68,095.07",2,0,0,10000.0,0
15636,Male,DELHI,55.14347696459201,6,"₹ 9,279.06",2,1,1,64477.24814862482,0
15637,Female,Mumbai,46.619840197251634,0,"₹ 51,293.64",2,0,0,91389.26977355429,0
15638,Female,mumbai,36.46505400231689,6,"₹ 39,631.45",2,1,1,20432.827973338273,0
15639,Male,Mumbai,28.211771256388612,9,"₹ 36,717.85",1,1,1,90477.64335680162,0
15640,Male,Bangalore,66.88575069031413,9,"₹ 63,302.71",2,1,1,80176.37586221751,0
15641,Female,DELHI,56.6516349404648,0,"₹ 35,564.47",1,0,1,120470.02555847331,0
15642,Female,Mumbai,42.52582118685829,8,"₹ 75,040.92",2,1,0,76183.21925379355,0
15643,Male,Mumbai,45.52235408506151,4,"₹ 31,236.10",2,1,1,73642.51431150103,0
15644,Male,Pune,40.98257413299567,5,"₹ 17,050.56",2,0,0,96453.3475303135,0
15645,Female,Kolkata,18.0,8,"₹ 88,043.68",1,1,1,92426.61767860694,0
15646,Male,Pune,64.32733624609446,10,"₹ 41,851.15",1,1,0,74351.15667434296,1
15647,Male,Bangalore,48.28264040828596,2,"₹ 73,919.34",2,1,0,27770.66628443534,0
15648,Female,Pune,59.31571995627251,2,"₹ 21,753.62",2,1,0,93193.08572409984,0
15649,Female,Delhi,38.186553292893024,4,"₹ 44,512.24",2,1,1,121306.49077994397,0
15650,Female,DELHI,46.382072852866756,6,"₹ 69,552.56",2,1,1,19264.056889943044,0
15651,Female,Pune,49.798854000034254,2,"₹ 26,758.56",2,1,0,37681.02067073424,0
15652,Female,Chennai,60.467370509787024,3,"₹ 63,802.85",2,1,0,50654.314436974746,0
15653,Male,Chennai,71.89494631106682,1,"₹ 85,846.90",2,0,1,108234.93867867903,1
15654,Male,Hyderabad,39.768727770731914,8,"₹ 60,694.54",1,1,0,90179.60878005388,0
15655,Male,Bangalore,39.78574830827807,9,"₹ 33,853.92",1,1,1,35305.465082828814,0
15656,Male,Bangalore,41.31436783675023,8,"₹ 31,414.21",1,1,0,82865.99526719215,0
15657,Female,Pune,36.055490300547916,10,"₹ 27,271.60",2,1,0,55148.24369316748,0
15658,Female,mumbai,84.69695079613275,1,"₹ 23,624.94",1,1,0,62635.43284128496,0
15659,M,Mumbai,19.776169153563014,4,"₹ 74,865.00",2,1,1,50238.94896433692,0
15660,Female,Kolkata,85.29596675224555,0,"₹ 22,042.49",2,1,1,45685.0095140277,0
15661,Male,Mumbai,54.58007287890188,7,"₹ 41,191.95",2,1,0,17603.23863709264,0
15662,Male,Mumbai,43.761339360697704,5,"₹ 55,308.18",2,1,1,101751.82701952526,0
15663,Female,Bangalore,32.43552237196073,9,"₹ 38,833.45",2,1,0,,0
15664,Female,Bangalore,44.39301405110238,9,"₹ 29,431.79",1,0,0,74602.72251551786,0
15665,Female,Chennai,36.54381200989503,1,"₹ 85,846.31",1,0,0,95101.04291025104,0
15666,Female,Bangalore,65.70538686746099,1,"₹ 31,623.90",1,1,1,90982.0155810499,0
15667,Female,Pune,54.46543803462879,9,"₹ 55,326.65",1,1,1,97065.47599609631,0
15668,Female,Chennai,70.0637520805653,4,"₹ 34,442.21",2,0,0,39628.40252311763,1
15669,Male,DELHI,40.6439082974011,6,"₹ 32,729.45",2,1,0,68593.77920301407,0
15670,Female,Mumbai,47.120134933984325,8,"₹ 10,109.43",1,1,1,63367.2916492146,0
15671,Female,DELHI,43.53894918641637,8,"₹ 50,469.64",2,0,0,104893.78856026065,0
15672,Male,Mumbai,39.39285466881523,10,"₹ 11,141.31",2,0,0,83897.60612160576,0
15673,Female,Mumbai,29.56441536461765,5,"₹ 58,673.68",2,1,0,118053.73392547012,0
15674,Male,Hyderabad,55.79060341589806,1,"₹ 41,171.60",1,1,0,91000.2100817262,0
15675,M,Mumbai,50.11543814444851,5,"₹ 21,282.00",2,1,0,126661.62070592944,1
15676,Male,mumbai,44.291436699141904,0,"₹ 15,915.24",2,1,0,112150.97083132851,0
15677,Female,DELHI,,10,₹ 0.00,2,1,0,76973.29382985362,0
15678,Male,Mumbai,38.81786971693698,10,"₹ 69,598.51",1,1,1,18946.630594792834,0
15679,Female,Delhi,45.22800315064368,1,"₹ 48,387.69",2,1,0,102807.2412143978,1
15680,Male,Delhi,57.93048329374873,2,"₹ 54,721.44",2,0,0,123251.29945686081,0
15681,Male,Delhi,59.97970553482428,4,"₹ 64,890.15",2,1,1,81674.14080705486,0
15682,Male,Pune,67.92281599073382,9,"₹ 97,436.07",1,1,1,75330.54738622262,0
15683,Female,Chennai,28.356689417824644,0,"₹ 21,265.00",1,1,1,71855.46376414255,0
15684,Male,DELHI,30.56062882945441,9,"₹ 31,374.56",2,1,1,73568.6871446908,0
15685,Male,Mumbai,27.721127180886036,4,"₹ 65,821.24",2,1,0,78239.94822925235,0
15686,Female,Chennai,35.27679798404628,4,"₹ 72,060.78",1,1,1,119588.93343226486,0
15687,Female,Kolkata,39.97200847281596,3,"₹ 51,835.28",1,1,0,64246.90803616122,1
15688,Female,mumbai,51.5558953806308,2,₹ 0.00,1,0,1,101075.81073829593,0
15689,Male,Kolkata,62.46823627360079,6,₹ 0.00,2,0,0,99737.79773499066,0
15690,Female,Bangalore,39.092123711597345,10,"₹ 47,651.33",1,1,1,87144.94757150888,0
15691,Male,Chennai,53.609592390952564,6,"₹ 82,547.30",2,1,1,129114.68961673608,0
15692,Male,Hyderabad,64.16993508306896,0,"₹ 93,088.04",1,1,1,29216.22216362247,0
15693,Female,Mumbai,38.171134538571216,6,₹ 0.00,1,1,0,25552.79072309222,0
15694,Female,Pune,40.780541186583655,2,"₹ 63,962.98",2,0,0,49103.45873324387,0
15695,Female,DELHI,45.991718578933906,2,"₹ 63,309.66",2,1,1,60275.55019232244,0
15696,Male,Mumbai,19.865685669741573,5,"₹ 34,063.81",2,0,1,99948.71944686542,1
15697,Male,DELHI,52.669466074939905,5,"₹ 54,222.46",2,1,1,67282.84270303522,0
15698,Male,Hyderabad,26.927267318929562,10,"₹ 42,710.73",2,1,1,57910.69767123033,0
15699,F,Mumbai,56.845594914356305,3,"₹ 15,620.84",1,1,1,135500.66870618935,1
15700,Male,mumbai,38.5358651619522,4,"₹ 31,295.56",2,1,1,70222.79765779483,0
15701,Male,Bangalore,37.344058361581126,2,"₹ 110,522.62",1,1,0,90952.59545137736,0
15702,Male,Delhi,30.320190962929104,2,"₹ 58,678.91",2,1,0,72824.10567946512,0
15703,Female,Hyderabad,53.11499123237817,8,"₹ 13,651.57",2,1,0,150768.96307914195,0
15704,Male,Bangalore,53.01714927134801,4,"₹ 16,258.40",2,0,0,96537.07027116568,0
15705,Female,Mumbai,38.172706739271774,0,"₹ 96,718.18",1,1,1,106338.7385111812,0
15706,Male,Bangalore,71.96470644484324,8,"₹ 35,319.06",1,0,1,60889.33003395378,0
15707,Female,Pune,45.51448011258914,9,"₹ 38,788.19",2,1,1,142957.13446622633,0
15708,Male,Bangalore,44.79062120840524,5,"₹ 73,775.91",1,1,1,106274.56319763178,0
15709,Female,Kolkata,45.88958749264071,8,"₹ 39,793.99",1,0,0,43925.80922648508,0
15710,Female,mumbai,34.79521804218319,10,"₹ 34,044.44",1,1,0,86599.36365704656,0
15711,Male,Hyderabad,30.092325726405537,6,"₹ 56,661.38",2,1,1,146028.06480859662,0
15712,M,Delhi,39.39703973386132,10,"₹ 28,754.21",2,1,0,138379.738926525,0
15713,Male,Mumbai,54.50975423188135,9,"₹ 35,951.29",1,0,1,10000.0,0
15714,Female,Hyderabad,18.0,9,"₹ 97,805.83",2,1,1,70103.6315634459,0
15715,Female,Chennai,22.507058916974174,6,"₹ 25,304.88",1,1,1,73065.3051929984,0
15716,Male,Hyderabad,35.88668893918008,4,"₹ 42,529.05",2,1,0,75798.59865677968,0
15717,Male,Pune,18.08875141332592,6,"₹ 114,102.54",1,1,0,32960.054810741334,0
15718,Male,Hyderabad,23.74934536582928,9,₹ 0.00,2,1,1,83408.28074228654,0
15719,Male,Chennai,57.14193454474446,3,"₹ 106,977.17",2,1,0,54042.48874431012,0
15720,Male,Bangalore,38.426064837804034,10,"₹ 65,797.81",1,1,0,131650.77231869317,0
15721,Male,Kolkata,32.311534997953316,10,"₹ 63,992.86",1,0,1,66753.21866676249,0
15722,Male,Bangalore,47.09936020056928,5,"₹ 63,530.44",1,1,0,10000.0,0
15723,Female,Bangalore,46.72486346586762,1,"₹ 37,074.82",2,1,1,124860.07085599538,0
15724,Male,Chennai,62.469049379446105,9,"₹ 19,853.42",2,1,1,36960.26775235361,1
15725,Male,DELHI,18.306853212380833,2,"₹ 49,216.15",2,1,0,115534.66606283773,0
15726,Female,Delhi,31.10343491585325,1,"₹ 46,616.42",1,1,0,20422.98431975545,0
15727,Male,Chennai,36.04482258570723,9,"₹ 56,798.47",1,1,1,29308.433221393876,0
15728,Male,Bangalore,50.867047421646454,1,"₹ 40,888.16",1,1,0,10000.0,0
15729,Male,Hyderabad,88.37842851081311,6,"₹ 75,222.73",2,1,0,83955.43094756374,0
15730,Female,Delhi,,4,"₹ 74,511.36",2,0,0,140100.7839304822,0
15731,Female,Mumbai,41.01184226711303,5,"₹ 6,566.12",1,1,0,12189.195355234115,0
15732,Male,Mumbai,26.800771558933512,2,₹ 0.00,2,1,1,42752.41459224345,0
15733,Female,Pune,24.923667588558736,9,"₹ 26,656.14",1,0,0,128272.19100869956,0
15734,Female,Bangalore,58.54717907314186,4,"₹ 10,037.82",2,1,0,139276.50079768687,1
15735,Female,Hyderabad,33.07833613426479,4,"₹ 81,953.98",2,1,0,89846.0812447614,1
15736,Female,DELHI,39.68874950627652,10,"₹ 30,602.92",2,1,0,56511.06497880691,0
15737,Female,Kolkata,69.85903614771696,3,"₹ 65,611.90",1,0,0,97505.9538091271,1
15738,Male,Kolkata,19.28066069201824,9,"₹ 45,918.07",1,1,0,78231.04211240461,0
15739,Male,Delhi,49.0572566416487,3,"₹ 77,247.42",1,1,0,107379.20386346488,0
15740,Male,DELHI,31.445415449535567,7,"₹ 36,923.43",2,1,0,78050.59904434334,0
15741,Female,Mumbai,69.54406356877865,5,"₹ 2,969.61",1,1,1,55256.19267325846,0
15742,Female,mumbai,30.921326212623725,10,"₹ 29,201.29",2,0,1,36601.24552084181,0
15743,Female,Mumbai,55.033757587920775,1,₹ 0.00,2,0,0,45667.10813327691,0
15744,F,Mumbai,18.0,1,"₹ 4,734.05",1,1,0,87534.00576856066,0
15745,Male,Mumbai,68.29917222066238,1,"₹ 60,197.42",4,1,0,39626.79422599227,1
15746,Female,Hyderabad,58.79585780062099,5,"₹ 55,824.02",1,1,1,116970.39244863224,0
15747,Female,Chennai,36.657106848252305,0,"₹ 32,868.33",2,0,0,39585.29302749697,0
15748,M,Hyderabad,50.894746502397496,2,"₹ 44,858.83",1,1,1,70786.7500141416,0
15749,F,Kolkata,59.359900991472735,0,"₹ 2,203.23",1,0,1,10000.0,1
15750,Female,Hyderabad,47.29248421136398,3,"₹ 70,273.36",2,1,0,78889.28328883719,0
15751,Male,Hyderabad,39.17179201106788,0,"₹ 43,847.48",1,0,1,97244.39992029511,0
15752,Female,Chennai,43.5286980274829,8,"₹ 65,822.82",2,1,0,108854.13887341364,0
15753,Male,Delhi,46.650373873338616,10,"₹ 64,080.94",1,0,1,85737.845691554,0
15754,Female,DELHI,45.84513725952457,10,"₹ 58,501.95",1,1,0,81762.81058585766,0
15755,Female,Delhi,51.517790223129936,5,"₹ 21,569.81",3,1,1,79459.7492966119,0
15756,Male,mumbai,29.681310178446413,7,"₹ 58,334.77",2,0,0,54287.20380093387,0
15757,Female,Kolkata,35.27695527345414,1,"₹ 63,128.77",1,0,1,90415.25136941668,0
15758,Male,mumbai,39.14751289455249,5,"₹ 29,820.50",1,1,0,149356.38290369714,1
15759,Male,mumbai,52.06504463562035,3,"₹ 59,545.61",1,1,1,115686.05933920344,1
15760,Male,DELHI,22.079096928814135,6,"₹ 6,457.99",1,1,0,94849.1473684127,0
15761,Female,DELHI,47.30851466143193,7,"₹ 66,470.66",2,1,0,77116.69627880307,0
15762,Female,Chennai,56.71176856735442,5,"₹ 59,212.14",2,1,0,81402.34002016699,0
15763,Female,Chennai,45.726023935504124,0,"₹ 94,727.48",2,1,1,122057.9380758151,0
15764,Male,Delhi,46.12819754895045,7,"₹ 107,692.95",3,1,1,115592.5437806853,1
15765,Female,Chennai,40.46246416948143,10,"₹ 42,388.68",1,1,0,118058.49702942873,0
15766,Female,Chennai,45.93359332343194,0,"₹ 65,320.35",1,1,1,149860.80937365198,0
15767,Male,Pune,38.383396685177026,8,"₹ 60,372.33",1,1,1,105964.25672567396,0
15768,Male,Bangalore,42.504247474718795,1,"₹ 41,756.07",2,1,1,148680.3998085913,0
15769,Male,Delhi,38.375171330939935,10,₹ 0.00,2,1,1,189205.15186393724,0
15770,Female,DELHI,42.309334918038424,9,"₹ 15,931.62",1,1,0,17273.81067057872,0
15771,Female,Delhi,40.236200143453566,5,"₹ 33,991.34",2,1,1,81869.98453126258,0
15772,Female,DELHI,27.282091636676565,7,"₹ 58,082.59",2,0,1,48674.364310536956,0
15773,Male,Hyderabad,22.415956254621047,4,"₹ 91,454.72",1,1,0,77662.25875141022,0
15774,Female,Bangalore,46.188431550653185,1,"₹ 46,931.13",1,1,1,155771.25481532753,0
15775,Male,Pune,54.05819484364882,4,"₹ 81,209.74",1,1,0,141364.31146356012,0
15776,Male,Pune,68.31367269642682,0,"₹ 93,464.83",2,1,1,93242.14562405086,1
15777,Female,Kolkata,61.46351411440751,7,"₹ 32,817.32",1,1,1,,0
15778,Male,DELHI,58.56322027361291,7,"₹ 7,895.92",2,0,1,55932.71166878211,1
15779,Female,Kolkata,48.43830182437843,1,"₹ 51,122.39",2,0,1,130184.45861307721,1
15780,Male,Hyderabad,46.78853732364928,5,"₹ 9,848.83",1,1,0,57781.427561924094,0
15781,Female,Pune,33.16256668182958,10,"₹ 104,521.31",3,1,1,106378.9468954984,0
15782,Male,Hyderabad,31.466334156502867,7,"₹ 84,981.89",1,1,1,54857.41009755915,0
15783,Female,mumbai,47.857658851857295,9,"₹ 92,270.48",1,0,0,54221.49553654851,0
15784,Male,Bangalore,32.4750995473516,7,₹ 0.00,2,0,0,122041.83635867052,0
15785,Male,Hyderabad,43.641270447982286,6,"₹ 39,094.65",1,0,1,66861.82053358374,0
15786,Female,Bangalore,18.0,2,"₹ 51,598.83",1,1,0,90340.68588863754,0
15787,Male,Delhi,52.00708428629558,10,"₹ 62,052.41",1,1,1,64983.06016945734,0
15788,Female,Hyderabad,29.478834119393326,3,"₹ 39,169.54",2,0,0,93144.37200100778,0
15789,F,Chennai,23.58331061085636,0,₹ 0.00,2,0,0,81636.7239371286,0
15790,Male,Mumbai,55.83687038601351,8,"₹ 63,872.68",1,1,0,89098.74749618083,1
15791,Male,Pune,59.44612282584302,9,"₹ 103,006.47",1,0,1,93019.5444336322,0
15792,Female,Pune,43.7329608186396,9,"₹ 110,298.84",2,1,0,137831.6363760422,1
15793,M,Pune,34.2432383282368,1,"₹ 42,031.39",2,0,1,57037.498395618866,0
15794,Female,Delhi,55.77420969296515,9,"₹ 52,355.96",1,0,0,185592.066444183,0
15795,Female,Mumbai,33.46494870316549,6,"₹ 19,815.60",1,1,1,63128.16352888524,0
15796,Female,Bangalore,42.63543342231807,7,"₹ 52,384.13",1,1,1,53238.75945150357,0
15797,Male,Delhi,65.22464375955064,3,"₹ 37,134.34",2,1,1,73035.12785605335,0
15798,M,Pune,50.62898641009008,10,"₹ 34,450.62",1,1,1,103835.18761833292,0
15799,M,Pune,44.307651765567485,10,"₹ 5,105.28",2,1,1,40104.66402302995,0
15800,Male,Kolkata,40.86162514429767,9,"₹ 96,228.64",1,1,0,124205.29897750998,1
15801,Male,Kolkata,45.65739757266985,0,"₹ 42,697.64",1,0,1,73691.44847276511,0
15802,Male,mumbai,48.99010593864823,4,"₹ 35,648.31",1,1,0,10000.0,0
15803,Male,Kolkata,28.117205530249226,9,"₹ 56,731.32",1,1,1,120039.90187997071,0
15804,Female,Pune,63.12385711008059,9,"₹ 32,636.08",1,0,1,66346.02464177803,0
15805,Male,Chennai,38.127916410463406,5,₹ 0.00,1,1,0,58474.72672805021,0
15806,Male,Mumbai,41.93212074588442,6,"₹ 89,165.29",2,1,0,110096.44423010862,0
15807,Male,Chennai,57.20432131624588,0,"₹ 51,034.20",1,1,1,75997.98413310667,0
15808,F,Delhi,42.87791300894148,3,"₹ 73,620.93",1,1,0,47767.14557745372,0
15809,Female,Bangalore,58.21539622103757,4,"₹ 55,808.35",2,1,0,57874.85740698039,1
15810,Male,Hyderabad,44.2946050728482,4,"₹ 78,462.29",1,1,0,28490.024222452368,0
15811,Male,Hyderabad,46.48999382792406,6,"₹ 71,060.21",1,1,0,86308.76775426226,0
15812,F,Mumbai,48.23059204684864,3,₹ 0.00,1,0,0,111074.55137243628,0
15813,Female,DELHI,50.60858792157731,9,"₹ 63,449.18",2,1,0,153209.44991719216,0
15814,Male,Hyderabad,53.392551115047816,6,"₹ 23,207.03",1,1,0,19254.138891648465,0
15815,Male,Mumbai,60.77991072223034,7,"₹ 23,072.88",1,0,1,,0
15816,Male,DELHI,59.88937450029351,1,₹ 0.00,1,0,1,64413.99000248775,0
15817,Male,Delhi,33.1008325556761,0,"₹ 104,252.28",1,1,1,98073.59784593646,0
15818,Female,DELHI,66.81302165622591,9,"₹ 45,910.11",2,1,0,82548.67476835202,0
15819,Female,Bangalore,19.492334233426043,9,"₹ 37,513.64",2,1,1,31210.21998512034,0
15820,Male,Hyderabad,35.531951058892645,0,"₹ 27,033.73",2,1,1,63522.690054522536,0
15821,Female,Pune,42.93316765849422,0,"₹ 120,416.75",1,1,0,92006.67451213764,0
15822,Male,Kolkata,27.506113978731527,8,"₹ 80,398.86",2,1,0,69229.72405572806,0
15823,Female,Delhi,49.1973361118187,3,₹ 0.00,2,0,1,10000.0,0
15824,Female,Delhi,56.09790665842546,8,"₹ 90,922.96",1,0,0,66282.48288688369,1
15825,Male,Mumbai,34.31063480550141,6,"₹ 22,436.25",1,1,0,107438.51087499782,0
15826,Male,mumbai,51.951743524568776,6,"₹ 69,724.36",1,1,0,113382.25731455011,1
15827,Female,DELHI,57.552721050447445,1,"₹ 36,699.20",1,1,1,118296.84158318015,1
15828,Male,DELHI,18.0,1,₹ 0.00,1,1,0,76185.9423982105,1
15829,Male,Mumbai,47.61366640377417,4,"₹ 34,543.69",1,1,0,57108.08844172788,0
15830,Female,Kolkata,50.59962605342356,9,"₹ 57,235.15",2,1,1,95243.88086803694,0
15831,F,Pune,31.24184390930003,0,"₹ 57,721.65",1,1,0,73698.46901755726,0
15832,Male,Delhi,27.07603637976081,6,"₹ 39,491.62",1,1,1,25493.423803865066,0
15833,Female,Kolkata,34.683428111378646,10,"₹ 51,599.37",1,1,1,40698.93605163101,0
15834,Male,Pune,42.194133110358315,6,"₹ 53,968.69",1,1,0,104307.748469185,0
15835,Female,mumbai,33.74004085768074,10,"₹ 77,377.10",1,0,1,70083.65355750525,0
15836,Female,Mumbai,53.33356025717371,7,"₹ 89,320.21",1,0,0,39330.545894357856,0
15837,Female,Bangalore,51.39203586537266,6,"₹ 50,056.07",2,1,1,47576.80670331404,0
15838,Male,mumbai,50.63889449978775,7,"₹ 10,292.01",2,1,0,95922.745497837,1
15839,Female,Mumbai,63.872916617906654,2,"₹ 69,206.48",1,0,1,10000.0,0
15840,Female,Mumbai,54.68170771581852,2,"₹ 70,488.75",2,1,1,77084.02590416887,0
15841,Male,Mumbai,49.25080241615938,7,"₹ 76,749.78",1,1,1,98621.06981858742,0
15842,Male,Hyderabad,26.630464126708716,8,"₹ 21,224.08",1,1,0,118384.14673668289,0
15843,Male,Kolkata,62.36236665487624,9,"₹ 74,196.73",1,1,1,81206.90878666734,0
15844,Male,Pune,64.00002157403243,3,"₹ 59,491.05",2,0,0,10000.0,0
15845,Female,DELHI,40.063717634592486,7,"₹ 67,391.81",2,1,1,101764.27092811969,0
15846,Male,Delhi,32.86020355957254,0,"₹ 27,042.85",2,1,1,95224.02294577306,0
15847,Male,Delhi,56.31869597229006,1,₹ 0.00,2,1,0,138175.54615093904,0
15848,Female,Bangalore,18.0,9,"₹ 9,115.15",2,1,0,140721.9498159364,0
15849,Male,Bangalore,50.97534551428743,9,"₹ 76,496.84",2,0,0,82051.03166211175,1
15850,Female,Bangalore,67.45183831998824,9,"₹ 101,347.23",2,1,1,41759.471280981124,0
15851,Male,Chennai,39.282634226744875,8,"₹ 73,408.98",2,1,1,102552.52289035253,0
15852,M,Bangalore,48.63297744481695,1,"₹ 13,236.83",2,1,0,118971.24499902679,0
15853,Female,Delhi,46.515447333674196,1,"₹ 48,686.07",2,1,1,83395.00428296409,0
15854,Female,mumbai,60.64978521719696,7,"₹ 58,759.59",1,0,0,72303.25217306892,0
15855,Male,Pune,46.59181646876182,4,"₹ 51,333.60",1,1,1,146193.2354956618,0
15856,Female,Bangalore,39.85928488646057,4,"₹ 54,764.15",2,1,1,44966.924248147094,0
15857,Male,mumbai,22.211881855511148,10,"₹ 18,073.27",1,0,1,61306.7860635303,0
15858,Male,Chennai,46.41368646279513,5,"₹ 5,273.40",2,1,0,97870.80603253968,1
15859,Male,Chennai,43.95280963780547,7,"₹ 20,546.10",1,1,0,69787.05392514885,0
15860,Female,DELHI,18.0,7,"₹ 12,662.72",2,1,1,92393.67823452843,0
15861,Male,Hyderabad,29.900367045536257,8,"₹ 53,424.57",2,1,1,119531.1374708397,0
15862,Female,Hyderabad,36.03546629698457,9,"₹ 56,942.38",1,1,1,33409.763294641416,0
15863,Male,Hyderabad,36.03859107829305,10,"₹ 8,712.20",2,0,1,58680.34781039399,0
15864,Male,Kolkata,44.576741762670544,2,"₹ 47,476.16",1,0,0,145318.68195518537,0
15865,Female,Hyderabad,,8,"₹ 105,363.92",1,1,0,89804.1184056432,0
15866,Male,Chennai,44.05867808627113,10,"₹ 54,268.51",2,0,0,76782.90800728137,0
15867,Female,DELHI,78.89375444864274,2,"₹ 37,075.27",2,1,0,61404.07420208081,0
15868,Male,mumbai,38.37863257687511,0,"₹ 76,029.13",1,1,0,111739.82324390799,0
15869,Female,Bangalore,31.959437972355268,10,"₹ 121,314.11",1,1,1,45965.74004992478,0
15870,Female,Hyderabad,68.5049129949389,4,"₹ 56,229.57",2,1,0,117229.97285364375,0
15871,Male,mumbai,66.95912566244228,6,"₹ 32,202.23",2,0,1,60416.90348950589,0
15872,Male,Mumbai,28.766699407006296,2,"₹ 53,522.47",2,1,1,45364.02214406605,0
15873,Female,Delhi,63.20141538463546,8,"₹ 91,497.39",2,1,0,32352.356285963142,1
15874,Female,Hyderabad,18.0,0,"₹ 47,770.09",3,1,0,76979.32936370514,1
15875,Male,Delhi,88.05584574970298,5,"₹ 51,004.98",2,1,0,80793.59344804409,1
15876,Male,Hyderabad,71.74256946714246,5,"₹ 92,537.25",1,1,0,42915.87520542909,1
15877,Female,Mumbai,52.979020046026974,7,"₹ 53,392.44",2,1,0,51961.71087873711,0
15878,Female,Bangalore,57.878556318919976,2,"₹ 101,607.56",1,0,0,10000.0,1
15879,Male,Kolkata,51.655752287460544,4,"₹ 8,082.83",3,1,0,64590.24088691095,1
15880,Male,Pune,35.11453946027851,10,"₹ 63,733.31",1,1,1,178848.76644421657,0
15881,Male,mumbai,62.93494910804415,9,"₹ 109,248.24",2,1,1,10000.0,0
15882,Female,mumbai,65.34236851264185,10,"₹ 123,786.33",2,0,1,93521.99448404918,0
15883,Male,Bangalore,34.09115705719546,4,"₹ 37,663.11",1,1,1,95717.58827486972,0
15884,F,DELHI,44.519916509312594,7,"₹ 42,043.60",1,1,0,63017.26939491579,0
15885,Male,Chennai,26.502280412635113,6,"₹ 108,275.31",2,1,0,85635.3293303041,1
15886,Male,Hyderabad,44.28527351545362,2,"₹ 39,667.80",2,0,0,50476.87740146344,0
15887,Female,Pune,40.9858079356584,6,"₹ 34,517.78",2,0,1,52222.98073959783,0
15888,Female,DELHI,63.787332029652845,9,"₹ 35,116.36",2,1,1,103794.4493073929,0
15889,Female,Pune,69.01261099970256,7,"₹ 23,519.96",1,0,1,10000.0,0
15890,Male,Chennai,29.045132428741855,4,"₹ 17,983.62",2,0,1,61638.611505475856,0
15891,Female,Delhi,56.53706122105662,10,"₹ 44,361.34",1,1,1,93083.29405045569,0
15892,Female,Hyderabad,58.19487108569166,4,"₹ 1,159.50",1,1,1,70081.41442125716,0
15893,Male,Chennai,18.781989490829094,10,"₹ 31,936.75",1,0,1,126095.99454443116,0
15894,Male,mumbai,59.47507607028958,0,"₹ 97,262.88",3,1,0,84180.24844834408,1
15895,Male,mumbai,22.828171644137374,7,"₹ 76,703.36",2,1,0,87898.58889007005,0
15896,Male,Hyderabad,37.33166369092197,5,"₹ 33,223.88",1,1,1,94251.29123956528,0
15897,Female,Kolkata,31.484848542975254,5,"₹ 57,898.30",1,1,0,42671.66880181448,0
15898,Male,Bangalore,21.43328211662676,4,"₹ 47,280.90",3,1,0,99490.11852691231,0
15899,M,Bangalore,61.55687565606204,4,"₹ 27,505.67",1,0,0,148992.0516628452,1
15900,Female,mumbai,30.866964482603933,2,₹ 0.00,1,1,0,10000.0,1
15901,Female,mumbai,39.05564782594277,2,"₹ 23,324.24",2,1,0,41069.20610755889,0
15902,Female,Chennai,44.897687421738816,1,"₹ 40,987.69",1,1,0,95525.47654700473,0
15903,Male,Mumbai,56.14481254648618,8,"₹ 125,082.43",1,1,1,69331.98741913492,0
15904,Male,Kolkata,30.470491132954262,7,"₹ 68,866.41",2,1,1,76274.48906543734,0
15905,Male,DELHI,52.31233741325832,10,"₹ 47,133.43",2,1,0,88248.70882118365,0
15906,Female,Chennai,41.53530479361501,2,"₹ 65,300.94",1,0,1,29996.600028484863,0
15907,Male,Chennai,29.87888540428596,4,"₹ 57,675.64",2,0,1,48911.52759185618,0
15908,Female,mumbai,60.30761717410424,9,"₹ 29,191.05",2,1,1,91118.42553289137,0
15909,Male,mumbai,76.17684104892015,4,"₹ 48,370.19",1,1,0,57123.456011343544,0
15910,Male,Hyderabad,48.05913736306371,7,"₹ 39,535.01",2,1,1,23310.161839754044,0
15911,Male,DELHI,35.86546159636645,5,"₹ 4,647.42",1,1,0,59466.53354028235,1
15912,Female,Chennai,33.96444846271536,6,"₹ 33,286.80",2,1,1,88813.26756338053,0
15913,Female,DELHI,57.09637957829955,4,"₹ 47,190.01",1,1,1,146570.24996445267,1
15914,Male,Pune,45.202806788147775,0,"₹ 63,507.42",2,1,0,65626.97373117084,0
15915,Female,Bangalore,29.065102669759497,7,"₹ 51,114.42",2,0,0,85717.32067632864,0
15916,Male,Hyderabad,19.602154677053473,3,"₹ 79,110.01",1,1,0,34971.83241906373,1
15917,F,Bangalore,50.71821517585408,4,"₹ 44,079.15",1,1,1,10000.0,0
15918,Female,Hyderabad,26.020008903676953,0,"₹ 89,046.52",2,0,1,34991.61826022117,0
15919,Male,Kolkata,38.96149702403579,2,"₹ 56,180.00",2,1,0,,0
15920,Female,Chennai,69.43070029458042,1,"₹ 64,189.46",2,1,1,106224.26810115049,0
15921,Male,Bangalore,32.532918571046764,1,"₹ 58,760.59",1,1,1,51848.29580355443,0
15922,M,DELHI,60.80523833698232,0,"₹ 35,834.45",1,1,0,76577.42986697046,1
15923,Male,Chennai,29.681949896509302,5,"₹ 69,745.60",1,1,1,95740.30976429529,0
15924,Female,DELHI,58.120322613015254,7,"₹ 32,577.35",2,1,0,,0
15925,Male,Bangalore,53.62706605844737,2,"₹ 21,598.68",3,0,1,111708.6710718653,1
15926,Female,mumbai,52.322678982451826,0,"₹ 58,295.56",1,1,0,45850.12351103951,0
15927,Female,Pune,35.870114022333865,9,"₹ 48,171.07",1,1,1,105362.48558974193,0
15928,Female,Kolkata,54.553326677396626,1,"₹ 26,840.08",2,0,1,103829.49393991625,0
15929,Female,Kolkata,50.618708010068616,2,"₹ 53,093.16",2,1,1,127900.42467953559,0
15930,Female,Bangalore,73.31914640577196,5,"₹ 70,908.64",2,1,0,90455.09571730823,0
15931,Male,Delhi,35.76068783355957,2,"₹ 44,338.02",1,0,0,96402.70283568378,0
15932,Male,Pune,64.2898676318816,8,"₹ 98,058.56",2,1,0,130461.13679847308,0
15933,Male,Mumbai,31.49056552513413,0,"₹ 84,736.48",1,1,1,42338.074334928744,0
15934,F,Hyderabad,41.418074037003,6,"₹ 37,502.99",1,0,1,87849.5564147281,0
15935,Male,Kolkata,35.422376326708715,9,"₹ 15,835.47",1,1,1,79668.04870119966,0
15936,Female,Chennai,37.56837432669087,7,"₹ 46,510.38",2,1,0,136988.06354154804,0
15937,Female,mumbai,42.63930527749392,8,"₹ 63,745.41",1,1,1,58219.03368571271,0
15938,Male,Mumbai,66.62622549130957,7,₹ 0.00,2,0,0,117971.46312874412,0
15939,Male,Chennai,51.84964372114262,4,₹ 0.00,3,1,0,80324.49924691714,1
15940,Male,Bangalore,63.51116745721925,0,"₹ 12,814.34",1,1,1,53783.86750821684,1
15941,Male,Pune,45.21863659080053,0,"₹ 84,450.87",2,1,1,127005.36281241717,0
15942,Male,Kolkata,64.24102912001484,7,"₹ 92,650.07",2,0,1,67565.04558355465,0
15943,Male,Hyderabad,48.40513412860656,6,"₹ 18,396.30",1,1,0,49891.34295791149,0
15944,Female,Mumbai,33.1611712734516,4,"₹ 8,189.36",1,0,0,45619.80741591074,0
15945,M,Kolkata,60.8400094954261,9,"₹ 56,963.02",1,1,1,118941.46740665645,0
15946,Male,Delhi,67.25853222080296,2,"₹ 54,166.14",1,1,1,92961.42389883162,0
15947,Male,Delhi,54.57475450238513,8,"₹ 14,280.53",1,0,1,44050.530931016,0
15948,Male,Delhi,57.463199408419676,3,"₹ 19,830.47",2,1,0,86956.1029893316,0
15949,Female,mumbai,64.1872963035573,5,"₹ 30,280.49",1,1,0,82531.37340656713,1
15950,Female,Bangalore,40.94927498833512,10,"₹ 37,088.84",2,1,0,110765.57295286268,0
15951,Male,Chennai,34.23082781611265,3,"₹ 59,158.91",2,1,1,128842.22853791607,0
15952,Male,Kolkata,50.44046716772903,8,₹ 0.00,2,0,0,49692.075106235025,0
15953,Female,Chennai,70.896767879423,3,"₹ 107,187.69",2,0,0,35600.88311876488,0
15954,Female,Chennai,49.51784469234185,7,"₹ 61,206.19",2,0,1,123844.63906816836,0
15955,Male,Kolkata,54.4455979375922,10,"₹ 52,601.86",2,0,1,83099.35619213202,1
15956,Female,mumbai,46.12095058340151,2,"₹ 31,041.82",1,0,1,99751.36796346221,0
15957,Male,mumbai,49.41859387097612,7,"₹ 24,709.86",1,0,0,66549.60875162946,0
15958,Male,Pune,37.07972817667003,10,"₹ 26,247.91",3,1,0,66846.49499427516,0
15959,Female,Bangalore,53.22401023250899,2,"₹ 35,326.13",2,1,0,34474.21024353923,0
15960,Female,Pune,58.16676400976867,10,"₹ 62,268.75",2,1,1,119957.51998163734,0
15961,Male,Chennai,22.462268742444966,4,"₹ 84,153.48",2,1,1,83892.89210168339,0
15962,Female,Bangalore,22.4828723355553,0,"₹ 7,593.03",1,0,1,110814.97565965966,0
15963,Male,Pune,18.692072521665523,5,"₹ 36,769.15",2,0,1,101495.94692957812,0
15964,Female,Pune,67.13185798222584,10,"₹ 54,182.97",2,1,1,62782.26719617816,0
15965,Male,Delhi,31.128097695090002,1,"₹ 56,309.07",2,1,1,111523.6739577684,0
15966,Female,mumbai,50.275911636534886,2,"₹ 32,642.25",1,1,0,97475.49551739119,0
15967,Female,DELHI,71.77523834324954,10,"₹ 39,104.89",1,0,0,101608.81012120834,0
15968,Male,Pune,49.98785734426503,0,"₹ 42,991.15",1,0,1,20249.028213866768,0
15969,Female,Mumbai,52.71440176639043,10,"₹ 14,325.29",1,1,1,10000.0,0
15970,Female,Delhi,,5,"₹ 22,154.70",1,1,1,13832.985970833033,0
15971,Female,Chennai,49.99816464353046,4,₹ 0.00,1,1,1,155896.31702378136,0
15972,Male,Hyderabad,30.073553131220823,9,"₹ 83,068.02",2,1,1,59503.67349778957,0
15973,Female,mumbai,18.0,1,"₹ 67,060.57",2,0,1,37690.146390554124,0
15974,Female,Kolkata,45.78512877435556,10,"₹ 9,302.89",1,1,0,140002.82844695344,0
15975,Male,Delhi,49.81224241253522,7,"₹ 16,263.66",2,0,0,99077.00788176405,0
15976,M,Mumbai,37.074246923355744,8,"₹ 9,216.61",3,0,1,45186.732857151146,0
15977,Male,Mumbai,33.8006282590352,2,"₹ 21,681.16",1,1,0,10000.0,0
15978,Male,Kolkata,41.7985325716511,5,"₹ 57,301.88",3,1,0,83631.72689357742,0
15979,Female,Hyderabad,34.098952897375064,5,"₹ 136,169.89",1,1,0,56757.722925299575,0
15980,Female,mumbai,56.13302222655244,9,"₹ 36,794.41",3,1,0,106011.8841060252,1
15981,Female,mumbai,51.70269496252583,5,"₹ 64,204.21",2,0,0,127723.66590327234,1
15982,Male,DELHI,69.42061755608005,7,"₹ 46,412.33",1,1,1,114447.13900377465,0
15983,M,Mumbai,39.66737750854228,4,"₹ 57,306.64",1,1,0,61315.18296573735,0
15984,Male,Kolkata,46.04733401252975,9,"₹ 41,445.76",2,0,1,76065.61387571126,0
15985,Male,Pune,47.60369551477546,9,"₹ 84,617.53",1,1,1,120009.1054260713,0
15986,Male,Pune,39.40508699393532,7,"₹ 67,864.28",2,0,1,56697.1763675352,0
15987,Female,Chennai,18.0,2,"₹ 49,834.49",2,1,1,72939.3731248699,0
15988,Female,Mumbai,51.65835270075294,6,"₹ 69,376.90",1,1,1,161977.83719072485,0
15989,Female,Bangalore,80.02232537020271,0,"₹ 78,496.13",1,1,0,42358.12469089517,0
15990,Female,Chennai,59.99033117688332,3,"₹ 28,420.34",2,0,0,108069.7876486051,0
15991,Male,Chennai,74.37280136886737,4,"₹ 64,097.42",1,1,0,81939.73587114309,1
15992,Female,Chennai,58.45194541357945,6,"₹ 76,080.10",1,1,0,74653.24674860512,1
15993,Male,Kolkata,42.72048758940598,5,"₹ 63,973.12",2,1,1,78616.72825989338,0
15994,Male,mumbai,54.02373503431166,5,"₹ 71,172.66",2,0,1,10000.0,0
15995,Male,Chennai,61.04839321276697,1,"₹ 52,543.77",1,1,0,105289.08984848956,1
15996,Female,mumbai,20.9901909645693,10,"₹ 66,464.22",1,1,0,47259.70914782191,0
15997,Female,mumbai,51.67232320463877,1,"₹ 95,769.09",2,0,0,82760.67239446419,0
15998,Female,Mumbai,43.52350843501335,1,"₹ 19,695.27",2,0,1,56540.29008737005,1
15999,Male,Kolkata,67.16167025311206,9,"₹ 49,913.57",1,1,0,66763.91787302245,1
16000,Male,mumbai,50.58487749139361,7,"₹ 26,858.64",1,1,1,53211.69762807521,0
16001,Female,Chennai,18.0,6,"₹ 31,942.42",2,1,0,68463.2221335368,0
16002,Male,Kolkata,51.59829307146726,0,"₹ 64,913.64",2,1,1,26619.527549672282,0
16003,Female,Chennai,18.0,8,₹ 0.00,1,1,1,164769.97512522782,0
16004,Female,Delhi,64.11162624539386,10,"₹ 16,393.01",2,1,0,,0
16005,Male,Delhi,33.48167699688101,10,"₹ 86,301.82",1,1,0,148745.59993756402,0
16006,M,Delhi,28.03881302697192,7,"₹ 10,226.65",1,0,1,64605.643076279994,0
16007,Female,Mumbai,33.43425852732126,8,"₹ 93,255.90",2,1,1,70491.35393547756,0
16008,Male,Bangalore,31.594886388332466,3,"₹ 49,635.71",2,1,1,40677.087713041605,0
16009,Female,Mumbai,42.66434758641792,4,"₹ 47,867.12",2,0,0,114407.61912821778,0
16010,Male,Chennai,,10,"₹ 29,539.21",2,1,0,,0
16011,Female,Mumbai,40.48762552037506,4,"₹ 40,231.08",2,0,0,39946.424378427764,1
16012,Female,Chennai,21.865806960722242,10,"₹ 56,828.61",2,1,0,81618.52388034848,0
16013,M,Bangalore,41.22532667826063,8,"₹ 43,383.47",2,1,0,80054.87269618618,0
16014,Female,mumbai,66.33881011054186,7,"₹ 23,522.18",2,1,0,50693.349381899556,0
16015,Male,Mumbai,38.27121371145976,9,"₹ 68,539.77",2,0,0,95423.95941149596,0
16016,Female,DELHI,,5,"₹ 87,199.87",2,1,1,10000.0,1
16017,Male,mumbai,26.155635419811123,10,"₹ 1,820.96",2,1,1,54768.40692675002,0
16018,Female,Hyderabad,53.69544099062664,9,"₹ 115,733.65",1,1,0,23575.358545679854,1
16019,Female,Mumbai,62.063763440915565,10,"₹ 58,707.64",2,1,1,71709.23447359643,0
16020,Male,Chennai,66.3781797482142,9,"₹ 64,529.46",2,1,1,135276.12752095415,0
16021,Male,Mumbai,48.01121550948653,0,"₹ 95,141.53",1,0,0,10000.0,0
16022,Female,Chennai,55.071641566543114,6,₹ 0.00,1,1,0,96176.2134622387,0
16023,Female,Bangalore,25.792217303974265,8,"₹ 2,402.76",1,0,1,62506.916501707216,0
16024,Male,Delhi,39.24885205987105,3,₹ 0.00,1,1,1,53087.81014619823,0
16025,Male,Mumbai,32.99574487557644,3,"₹ 12,952.26",1,1,1,111710.89018404455,0
16026,Male,Pune,49.92679233739457,4,"₹ 67,524.01",2,1,1,10000.0,0
16027,Female,Hyderabad,37.07677169877067,7,"₹ 13,180.54",1,0,0,41634.75901917039,0
16028,Male,Pune,55.30181921968886,10,"₹ 22,187.78",1,1,0,32813.49899294694,0
16029,Female,mumbai,82.02885493669581,4,"₹ 27,426.92",1,1,0,10000.0,1
16030,Male,mumbai,54.323621387125684,3,"₹ 45,425.62",1,0,1,95529.47810848421,0
16031,Female,Delhi,66.1748697501095,7,"₹ 43,936.86",1,1,1,77952.49668275773,0
16032,Male,Delhi,27.23171159042925,10,"₹ 25,457.32",1,1,1,98014.71813149478,0
16033,Female,mumbai,43.725448000079844,4,"₹ 18,309.28",2,0,0,103486.06736023008,0
16034,Male,Mumbai,48.252831629067714,7,"₹ 40,594.66",1,1,1,120062.86555119854,0
16035,Female,Kolkata,45.97583546691864,0,"₹ 50,018.38",2,0,0,93947.10369753052,0
16036,Male,Mumbai,72.64997187016287,2,"₹ 91,886.63",2,1,0,61952.58647020793,0
16037,Female,Hyderabad,33.84170929585393,6,"₹ 19,921.99",2,1,0,98033.10137821862,0
16038,Female,mumbai,49.84686041474815,0,"₹ 45,758.26",1,1,0,68375.26788522804,0
16039,Male,Pune,18.0,10,₹ 0.00,1,1,0,118631.2965322721,0
16040,Female,Delhi,51.37009658045278,4,"₹ 82,693.41",2,1,0,119461.20806803866,0
16041,Female,Pune,52.58873783871827,5,"₹ 45,492.64",2,1,1,45138.07205445259,0
16042,Male,mumbai,44.21622805021071,0,"₹ 73,327.46",1,1,0,16839.329055429327,0
16043,Male,Bangalore,50.92952275467287,6,"₹ 86,074.87",1,1,0,47983.19453154272,0
16044,Male,mumbai,36.53265912382728,8,"₹ 63,258.39",1,1,1,134292.4155788559,0
16045,Female,DELHI,26.677206846454766,8,"₹ 53,481.36",1,1,0,165943.2290424999,0
16046,Female,Hyderabad,30.171894439781838,2,₹ 0.00,2,1,0,11310.095001370428,0
16047,Male,DELHI,32.21150971794938,3,"₹ 44,642.52",2,1,1,120691.32709458497,0
16048,Female,Pune,25.614725865493227,0,"₹ 19,793.45",3,1,0,48832.39388558732,1
16049,Female,Bangalore,25.02266450432815,3,"₹ 16,436.46",1,0,0,57681.31982028563,0
16050,Female,Hyderabad,,4,₹ 0.00,2,1,0,129720.44461527624,0
16051,Female,Chennai,39.65845227421783,6,"₹ 43,120.68",1,0,1,94956.91078229307,0
16052,M,Kolkata,46.97814753388446,4,"₹ 23,417.63",2,1,1,121827.14793008052,0
16053,Female,DELHI,26.641385190895694,7,"₹ 26,042.77",1,1,0,63998.68981417335,0
16054,Male,Hyderabad,30.992120290282855,6,"₹ 18,984.78",2,0,0,124695.40529233433,0
16055,Female,Hyderabad,35.78602551318553,0,"₹ 89,271.98",2,0,0,69271.99130006667,0
16056,Male,DELHI,51.55318157161999,1,"₹ 17,141.16",1,0,0,,0
16057,Male,Bangalore,27.073022065568917,6,"₹ 37,235.39",3,0,0,102595.96180056215,0
16058,Male,Bangalore,37.24103204328833,2,"₹ 43,753.15",2,0,0,65342.63821334808,0
16059,Female,Delhi,59.58608318112761,1,"₹ 42,534.71",1,0,0,160876.22514910993,1
16060,Female,Mumbai,33.08066236161534,10,"₹ 101,858.42",2,0,1,44771.730039991984,0
16061,Male,Pune,26.290816049670607,8,₹ 0.00,3,1,1,109173.19280933951,1
16062,Male,Pune,,9,"₹ 56,742.11",2,1,1,61787.41712553582,0
16063,Male,DELHI,32.5318512050482,7,"₹ 76,177.71",2,1,1,112882.37376613256,0
16064,Female,Pune,18.0,7,"₹ 57,572.66",2,1,0,87538.76588170296,1
16065,Male,Pune,47.98568651910102,2,"₹ 114,318.19",1,1,1,112620.98592992961,0
16066,Female,Mumbai,58.05355637600382,10,"₹ 89,508.63",1,1,1,43211.7190810058,0
16067,Male,Hyderabad,44.664620444903605,9,"₹ 28,766.27",3,1,0,82342.51919337979,0
16068,Male,Hyderabad,60.647974734436985,8,"₹ 43,567.47",2,1,0,68513.74270235366,0
16069,Male,mumbai,54.660388471651586,7,"₹ 72,870.25",1,1,1,51656.74386186208,1
16070,Male,Hyderabad,32.17650497684647,1,"₹ 46,151.38",2,1,0,65065.515856388236,0
16071,Female,DELHI,75.74260318930553,6,"₹ 46,717.88",1,1,0,67783.5951938159,0
16072,Male,Chennai,49.817153728464554,7,"₹ 110,477.93",1,1,1,83288.2066086371,0
16073,Male,mumbai,51.41704362165957,6,"₹ 79,980.77",2,1,1,64355.80297535067,0
16074,Male,Mumbai,30.097985721722566,8,"₹ 111,912.73",1,1,1,38399.32438662607,0
16075,Male,DELHI,21.81227196813623,6,"₹ 47,131.82",1,1,1,114966.28104844937,0
16076,Male,Bangalore,28.74909092378001,6,"₹ 54,283.31",2,1,1,75445.3135830648,0
16077,Male,Mumbai,58.80151820769217,0,"₹ 60,011.32",1,1,1,64143.3867903714,0
16078,Female,Delhi,70.65747564801384,1,"₹ 70,646.50",1,0,0,74173.54840389822,1
16079,Female,Pune,49.33126606777975,4,"₹ 40,454.13",2,1,1,83516.10097807944,0
16080,Male,Kolkata,46.38787461508677,10,"₹ 22,259.06",1,1,0,17867.339045325883,0
16081,Male,Bangalore,59.50859447902198,0,"₹ 25,557.02",2,1,1,10000.0,0
16082,M,mumbai,65.71752652045762,9,"₹ 46,266.67",1,1,0,145724.41741989713,0
16083,Male,DELHI,23.219009582843007,6,₹ 797.60,2,0,1,74489.3822725109,0
16084,Male,Bangalore,69.41900958827483,4,"₹ 61,082.01",2,1,0,84884.52934926536,1
16085,Male,Delhi,39.2926027159212,4,₹ 0.00,2,1,0,116076.55945954571,0
16086,Male,DELHI,61.25969270938414,7,"₹ 3,216.33",1,1,0,43457.07721689948,0
16087,Female,Kolkata,28.985524413230877,8,"₹ 86,208.76",1,0,1,36422.916371669715,0
16088,Male,mumbai,60.50252970903046,9,"₹ 52,266.84",1,1,1,94564.79277679251,0
16089,Female,Mumbai,23.494573161140806,0,"₹ 62,553.96",2,0,0,93659.63128892382,1
16090,Male,Bangalore,61.819695305137586,9,"₹ 59,449.47",1,0,0,69595.53844577716,0
16091,Male,Kolkata,54.650194906518294,3,"₹ 107,973.00",1,0,0,84174.12282842031,0
16092,Female,Delhi,21.419356684235446,10,"₹ 86,217.72",1,1,0,103075.29107377423,0
16093,Male,Bangalore,64.13120654921106,1,"₹ 100,629.22",1,1,0,,0
16094,Female,Chennai,30.360319364166873,8,"₹ 33,797.85",2,1,0,62720.62264133777,0
16095,Male,Chennai,62.14373392854617,8,"₹ 46,361.30",1,1,0,75891.97277463514,0
16096,Female,mumbai,47.16717437219079,0,"₹ 6,730.19",2,0,1,10000.0,0
16097,Male,Mumbai,26.30593510933916,2,"₹ 78,286.40",1,0,0,63974.42284081936,0
16098,Female,mumbai,29.80171020835772,9,"₹ 71,801.54",2,1,1,67413.89890562842,0
16099,Male,mumbai,90.0,7,"₹ 28,546.54",1,1,0,13346.988631447777,0
16100,Female,Pune,79.61020523859966,1,"₹ 33,019.85",2,0,0,166819.30148921997,0
16101,Male,Mumbai,41.839827150555614,1,"₹ 63,246.34",1,1,0,,0
16102,Female,Pune,51.36957432221309,1,"₹ 43,333.07",1,0,0,161424.58817687596,1
16103,Male,DELHI,63.045508003646376,4,"₹ 29,099.31",1,1,1,15134.552334994958,1
16104,Female,Kolkata,25.621842965170224,8,"₹ 38,200.14",2,1,0,35395.17599687799,0
16105,Male,Kolkata,55.34904268847306,6,"₹ 37,827.71",1,1,1,14273.508130412622,0
16106,Male,Mumbai,59.80752289961203,6,"₹ 61,951.48",1,1,1,102983.01372030802,0
16107,Male,Mumbai,50.42767115214341,1,"₹ 43,190.97",2,1,0,100661.76006487239,0
16108,Male,DELHI,65.8641832211794,1,₹ 0.00,1,1,1,102357.56962477515,0
16109,Male,Kolkata,47.289659362703105,4,"₹ 47,275.47",2,0,0,30228.7358735159,0
16110,Female,DELHI,61.57945316033339,6,"₹ 28,942.45",2,0,1,142679.84296323324,0
16111,M,Delhi,48.544504304133106,6,"₹ 70,057.71",2,0,1,145613.84454558615,0
16112,Male,Chennai,21.994535823795378,8,"₹ 54,845.16",3,1,0,135013.4676452293,0
16113,Female,mumbai,59.08442741986965,2,"₹ 29,080.01",2,1,0,38998.583998765396,0
16114,Female,Bangalore,64.52920289133942,0,"₹ 30,263.36",2,1,0,141386.20827880898,0
16115,Male,Pune,42.7319612275333,8,"₹ 55,153.48",1,1,0,113003.57243549264,0
16116,Female,Hyderabad,24.913608685016523,0,"₹ 48,821.79",1,0,1,73390.48844048078,0
16117,Female,Bangalore,58.02111837972069,7,"₹ 40,026.08",2,1,1,38782.89875896531,0
16118,F,Mumbai,49.747152372668154,4,"₹ 46,418.84",1,0,1,75517.865911134,0
16119,Male,Delhi,49.45518919719643,7,"₹ 62,354.33",2,1,0,128875.53761434021,0
16120,Female,Hyderabad,47.83529200447609,6,₹ 332.89,2,1,0,105524.74631713043,0
16121,Male,Hyderabad,60.11565606889985,8,"₹ 92,479.41",2,1,1,54588.756506108984,1
16122,Male,Mumbai,49.31904401369282,1,"₹ 36,452.30",1,1,1,81758.29766140248,0
16123,Male,Hyderabad,37.876187534762266,8,"₹ 84,481.15",1,1,1,31766.526193649013,0
16124,F,Pune,20.771089844016505,9,"₹ 112,210.24",2,1,0,81478.62628342731,1
16125,Female,Pune,38.0771024936925,4,"₹ 66,842.68",1,1,0,10707.254350693489,0
16126,Female,Hyderabad,58.643382517232325,4,₹ 0.00,2,1,1,57433.695391626185,0
16127,Female,Hyderabad,39.978576965657425,0,"₹ 15,076.92",2,0,0,136202.37040401244,1
16128,Male,Mumbai,,5,"₹ 62,583.68",2,0,1,156362.5601729076,0
16129,Male,Kolkata,23.786276978547424,9,"₹ 29,887.96",2,1,0,64979.88161179592,1
16130,Male,DELHI,29.825097396720906,9,"₹ 94,306.70",2,0,1,104356.05313153968,0
16131,Male,DELHI,28.954483805387277,9,"₹ 27,752.41",2,0,0,217830.88603311116,1
16132,Female,Bangalore,47.03063501980224,9,"₹ 66,724.26",2,0,1,167391.15793843247,0
16133,Female,Bangalore,71.88020047355754,2,"₹ 46,710.55",2,1,1,64381.017316834106,0
16134,Male,Hyderabad,78.664504368015,9,"₹ 51,088.25",1,1,0,32112.63985156828,0
16135,Male,Chennai,60.86307810323903,2,"₹ 69,131.56",1,1,0,80351.16512364015,0
16136,Male,Pune,18.0,2,₹ 0.00,2,1,1,170835.60923407532,0
16137,Male,mumbai,33.718784505682315,3,"₹ 48,999.66",1,1,0,37863.239891574565,0
16138,Female,Delhi,18.0,8,"₹ 77,060.96",1,0,0,10000.0,0
16139,Female,Delhi,47.47804135703511,7,"₹ 14,738.37",1,0,0,105966.75431169795,0
16140,Female,Pune,69.37321617072014,5,"₹ 69,604.90",1,1,1,88834.3409788503,0
16141,Male,Bangalore,57.23261005654334,7,"₹ 43,120.38",1,1,1,89070.39176006742,1
16142,Male,Mumbai,18.517987391985052,7,"₹ 30,370.59",2,1,0,79056.01672747653,0
16143,Male,Delhi,65.83083668679183,0,"₹ 42,567.93",2,1,1,74556.54516576388,0
16144,Female,Hyderabad,63.064193505276,8,"₹ 91,754.96",1,1,0,31242.302263411075,1
16145,Female,Chennai,68.14692277010315,0,"₹ 55,114.99",2,1,0,97986.77861353537,0
16146,Male,Delhi,61.63662768746608,10,"₹ 12,361.84",1,1,1,81527.0646740448,0
16147,Female,DELHI,37.107962434632896,1,"₹ 58,784.38",1,1,1,166190.87869458715,0
16148,Male,Chennai,18.0,8,"₹ 51,408.02",2,0,1,69310.49858017194,0
16149,Female,Chennai,62.56389297164873,6,"₹ 83,924.57",2,1,0,85526.07922279935,1
16150,Female,Delhi,56.6489919773401,9,"₹ 47,853.53",2,1,0,16803.237800121606,0
16151,Female,Mumbai,18.0,0,"₹ 81,819.16",2,0,0,32804.804093384235,1
16152,Female,Mumbai,30.53552612225638,2,"₹ 52,064.42",2,1,1,107330.1305493254,0
16153,Male,Bangalore,30.9568844132571,0,"₹ 61,914.47",2,1,0,164713.6333642776,0
16154,Male,Pune,55.9120677333046,4,"₹ 27,917.68",1,1,0,91727.25105351732,0
16155,Male,Hyderabad,44.76749589967699,3,"₹ 67,053.59",1,1,0,69112.19198540521,0
16156,Male,mumbai,41.044770567025665,7,"₹ 110,637.26",2,1,1,10000.0,0
16157,Female,Kolkata,38.70781262540187,8,"₹ 101,652.82",2,0,1,86522.9041394929,0
16158,Female,mumbai,28.114986051810416,3,"₹ 16,671.25",2,1,0,133684.17132880725,1
16159,Male,DELHI,59.48072821573372,2,₹ 0.00,1,1,1,,0
16160,Female,Mumbai,34.096656785522676,3,"₹ 61,285.60",3,1,1,53838.18149363842,1
16161,Male,Bangalore,62.43564326705612,2,"₹ 42,693.50",1,0,0,38546.92855238968,0
16162,Male,DELHI,24.104427042552672,5,"₹ 24,513.97",2,0,1,119357.84578847824,1
16163,Male,mumbai,37.62042518140296,0,"₹ 113,434.30",1,1,1,81472.35768582305,0
16164,Male,Chennai,74.47249883898952,1,"₹ 142,641.41",1,1,0,65562.55028804744,1
16165,Male,Pune,48.519334677697366,7,₹ 0.00,1,0,0,107902.92087786646,1
16166,Male,Chennai,37.641797143286624,2,"₹ 26,510.52",2,1,0,52084.76133459431,0
16167,Male,mumbai,35.57870118373317,3,"₹ 11,232.97",2,1,1,31102.740713791805,0
16168,F,Delhi,31.959089203927867,0,"₹ 25,247.56",1,1,0,90439.58479266577,0
16169,Male,Pune,51.80545459719795,2,"₹ 83,682.26",1,1,0,71343.0702136715,0
16170,Male,Bangalore,58.47894673656565,0,"₹ 57,692.45",2,1,0,82732.10729747183,0
16171,Male,Chennai,48.769458621991035,10,"₹ 74,965.65",2,0,1,139055.36571267465,0
16172,Female,Delhi,44.111737686332624,9,"₹ 89,570.69",1,1,1,104217.39511351762,0
16173,Male,DELHI,54.02353064635648,4,"₹ 60,135.10",1,1,0,32603.61446634817,1
16174,Female,DELHI,23.93162842806465,0,"₹ 21,677.13",2,0,0,,0
16175,Female,Mumbai,50.671231023267964,8,"₹ 65,518.54",2,0,1,63737.8109638794,1
16176,Female,Pune,51.51981530563857,6,"₹ 46,822.71",2,1,0,66089.77690861699,0
16177,Female,Mumbai,49.01029546865055,10,"₹ 44,975.53",1,1,1,31776.320356195793,0
16178,Male,Pune,36.67155774907999,7,"₹ 25,162.68",2,1,0,65681.10723416726,0
16179,Male,Hyderabad,33.3743520887735,8,"₹ 78,824.03",3,1,0,49696.12685422451,0
16180,Male,Delhi,25.4875678241658,9,"₹ 65,074.52",2,1,1,63278.14266538398,0
16181,Female,mumbai,67.05872358628807,7,"₹ 75,279.63",1,1,0,80633.76437293984,0
16182,Male,DELHI,44.164840306999665,2,"₹ 21,988.27",2,1,1,66641.67772731534,0
16183,Male,mumbai,38.64305576376205,6,"₹ 81,629.20",2,1,1,12673.759519764804,0
16184,M,Chennai,37.18155183944836,6,"₹ 60,484.22",2,1,1,58741.86947863197,0
16185,Male,Chennai,30.652607373482727,6,"₹ 78,567.25",1,0,1,55481.0380919928,0
16186,Female,DELHI,36.964440979867454,7,"₹ 26,459.42",2,1,0,106017.18945783509,0
16187,Female,Mumbai,63.168445072197585,3,"₹ 54,812.49",2,1,0,92886.77251425952,0
16188,Male,DELHI,53.72566907674492,10,"₹ 84,630.49",2,1,0,107650.21773480446,0
16189,Male,Hyderabad,57.42740113660355,5,"₹ 67,699.02",2,0,0,90266.9652645659,0
16190,Male,Hyderabad,59.38929610552631,1,"₹ 46,598.89",2,1,1,83637.66723405161,1
16191,Female,mumbai,77.99745200553123,6,"₹ 66,370.99",1,1,1,78460.2871940401,0
16192,Female,Hyderabad,45.41580273274915,8,"₹ 21,367.25",1,1,1,124711.85834573946,0
16193,Female,Delhi,38.58018102830942,4,"₹ 70,531.22",2,0,0,137505.56244813575,0
16194,Female,Mumbai,51.55765912170679,3,"₹ 77,360.05",2,1,0,96083.45965233514,0
16195,Female,Mumbai,54.73014913373881,1,"₹ 63,560.13",1,0,1,102986.45505445317,1
16196,Male,Hyderabad,44.48931256843039,6,"₹ 47,676.05",1,0,1,33544.035223548446,0
16197,Male,Kolkata,31.5905372189514,1,"₹ 60,570.89",2,1,0,68414.66647812343,1
16198,Female,Chennai,47.78995164188501,1,"₹ 48,776.70",1,1,0,,0
16199,Male,Kolkata,53.16735499237029,8,"₹ 44,882.46",3,1,0,59257.60585323292,1
16200,Male,Pune,50.21082261324108,1,"₹ 73,043.61",2,1,1,150819.52927372046,0
16201,Female,Pune,18.0,9,"₹ 97,457.61",2,0,1,89080.10731719884,0
16202,Male,Mumbai,21.148657507354002,2,"₹ 55,675.08",1,1,0,72862.98948152942,0
16203,Female,Delhi,55.75176421911564,2,"₹ 33,994.63",2,0,1,26496.746782819784,0
16204,Female,Bangalore,39.415337492281395,1,"₹ 21,478.06",1,1,0,107861.47053172889,0
16205,Male,Chennai,78.36858874128495,9,"₹ 30,355.42",1,1,1,100290.53592420748,0
16206,Female,Pune,65.11741098831106,2,"₹ 115,528.30",2,0,0,51816.041269737485,1
16207,Male,mumbai,25.978050739823686,8,"₹ 98,860.53",1,0,1,59384.36444658374,0
16208,Male,Delhi,60.39772925894765,10,"₹ 78,775.33",2,1,1,56430.59924935899,0
16209,Male,DELHI,69.00865305308342,10,"₹ 88,304.43",1,0,1,,0
16210,Male,mumbai,38.320895509818,10,"₹ 34,019.42",1,1,0,63565.95162986604,0
16211,Male,Delhi,43.707335688191186,2,"₹ 81,370.79",1,1,0,36319.09201201396,1
16212,Male,mumbai,36.779444272308055,4,"₹ 83,931.90",2,1,0,,0
16213,Male,Hyderabad,28.160153416168143,6,"₹ 47,388.58",1,1,1,88653.55064202985,0
16214,Male,mumbai,68.65466920602951,0,"₹ 14,472.50",3,1,1,28876.547091458582,1
16215,Female,Pune,18.0,0,"₹ 6,608.32",3,1,0,29196.798120882522,0
16216,Female,Delhi,34.88128240013779,9,"₹ 62,238.65",4,1,0,109388.93265850926,0
16217,Male,DELHI,38.66310996032023,1,"₹ 35,454.32",3,1,1,37795.975887621826,1
16218,Male,mumbai,47.3578193340524,0,"₹ 59,925.69",1,1,1,53296.60709798855,0
16219,Male,DELHI,26.404556200236986,0,"₹ 41,761.03",2,1,1,28947.93709878529,0
16220,Male,Delhi,65.32401581127537,9,"₹ 16,719.09",1,0,0,51316.951779293064,0
16221,Female,DELHI,18.0,3,"₹ 103,092.21",2,1,0,109122.05409606308,1
16222,Female,Bangalore,18.0,9,"₹ 18,335.24",1,1,0,79092.48551334384,0
16223,Male,Bangalore,45.87079664865101,2,"₹ 30,087.22",1,1,0,,1
16224,Male,mumbai,25.695703766300117,0,"₹ 49,783.82",2,0,1,15207.853316926266,0
16225,Male,mumbai,48.11636930656131,2,"₹ 54,286.30",1,1,1,32088.743377115796,0
16226,Female,mumbai,33.89859455338716,0,"₹ 2,903.59",2,1,1,59734.43190176469,0
16227,Male,Chennai,57.1109328609098,2,"₹ 74,628.07",2,1,0,80724.30734432861,0
16228,F,Hyderabad,31.08197091312541,3,"₹ 69,950.42",2,1,0,98607.11496077426,0
16229,Female,DELHI,66.66826158429414,10,"₹ 115,735.84",1,1,0,,0
16230,Male,Kolkata,54.44111271705932,10,"₹ 58,712.96",1,1,1,95441.22155929799,0
16231,Female,Mumbai,33.62857059478122,7,"₹ 47,087.23",2,1,0,91084.99334558226,0
16232,Female,mumbai,54.363696069490985,2,"₹ 22,294.27",1,1,0,89085.01628535205,0
16233,Female,Pune,47.190239139126774,2,"₹ 11,816.38",1,1,0,10000.0,0
16234,Male,Bangalore,56.78265788274862,8,"₹ 44,463.14",1,1,0,84096.08955162928,0
16235,Male,Bangalore,53.99165495697487,10,"₹ 10,519.25",2,0,1,65348.02220196939,0
16236,Female,Mumbai,50.389302941705694,8,"₹ 74,665.16",1,0,0,71312.0347085599,1
16237,Female,DELHI,45.969780811488214,5,"₹ 37,161.42",1,1,0,150012.55787004804,0
16238,Female,Delhi,58.56710982792983,9,"₹ 86,868.93",1,1,0,13310.286060203114,1
16239,Female,Mumbai,62.55894887220195,3,"₹ 58,746.70",1,0,1,158953.15185330776,0
16240,Female,Hyderabad,47.04850501348349,9,"₹ 59,913.53",2,1,1,10000.0,0
16241,Female,mumbai,54.092228496279134,4,"₹ 20,642.86",3,0,0,67349.06668160093,1
16242,Male,Pune,59.058873180561406,8,"₹ 69,417.60",1,0,1,101530.66158935957,0
16243,Female,DELHI,69.1039054037705,0,"₹ 63,067.80",1,1,1,34994.47896144656,0
16244,Female,DELHI,66.48185180969743,6,₹ 0.00,2,0,0,91006.93211245364,0
16245,Female,mumbai,60.44785268818748,10,"₹ 88,371.33",1,1,0,50127.738771206976,1
16246,Female,Hyderabad,38.78816336309882,6,"₹ 76,242.91",1,1,0,89369.54761665348,1
16247,Male,mumbai,25.306885217732688,9,"₹ 26,210.83",2,1,1,73441.79415898034,0
16248,Female,mumbai,53.3894563408867,0,"₹ 78,108.55",1,1,1,73148.37238986489,1
16249,Female,Mumbai,53.27590527179256,0,"₹ 37,431.57",1,0,1,139524.39324841785,0
16250,Male,Pune,39.04586715025168,8,"₹ 30,598.38",2,0,1,120439.81599969523,0
16251,Male,DELHI,24.98627932375071,6,"₹ 60,538.58",1,1,0,55880.609524430125,0
16252,Male,mumbai,69.83690269131647,3,"₹ 79,615.27",1,0,1,105562.20522045802,0
16253,Male,Chennai,51.38390877668861,8,"₹ 95,809.86",1,1,0,86623.7233056401,0
16254,Male,Delhi,26.876309299623124,4,"₹ 102,707.87",1,0,1,46981.33046007065,0
16255,Male,mumbai,43.09530759887799,2,"₹ 2,286.56",3,0,1,65665.46057489414,0
16256,Female,mumbai,24.844727332037838,1,₹ 0.00,2,1,1,115464.0762477351,0
16257,Female,DELHI,55.226763518247694,8,"₹ 37,112.08",1,1,1,43000.78050752742,0
16258,Female,Bangalore,72.7512222386454,3,"₹ 22,922.84",1,1,1,64668.38868701777,0
16259,Female,Kolkata,42.20965466375246,6,"₹ 124,093.58",2,0,0,115261.58606493179,0
16260,Male,Delhi,43.61271379628573,0,"₹ 58,409.02",2,1,1,119324.92964960219,0
16261,Male,Bangalore,40.85569745841755,8,"₹ 43,690.18",1,1,1,86539.45977807562,0
16262,Female,Mumbai,41.634052194052515,8,"₹ 33,736.16",2,1,0,50562.24344884202,1
16263,Male,Chennai,33.361120181896155,9,"₹ 55,963.37",2,1,1,100028.0579538078,0
16264,M,Kolkata,65.73064289998855,5,₹ 0.00,2,1,0,10831.966824340969,0
16265,Female,Delhi,47.92542002548122,5,"₹ 77,057.63",2,1,1,36529.63228636974,0
16266,Female,Bangalore,45.950743633260174,5,"₹ 92,024.14",2,0,0,133349.9376666756,0
16267,F,Pune,41.60919666819867,4,₹ 0.00,2,1,1,130253.65960368377,0
16268,Male,Pune,25.906553191796103,10,"₹ 67,478.60",1,1,0,49356.87571988629,0
16269,Male,Hyderabad,59.07573240303848,0,"₹ 63,425.15",1,0,1,26634.28688804627,0
16270,Female,mumbai,66.34438024784737,3,"₹ 65,955.15",1,1,1,27887.725973976078,1
16271,Male,Chennai,18.0,9,"₹ 65,625.43",2,0,0,52622.39400107808,0
16272,Female,Kolkata,55.64170795398599,0,"₹ 18,132.29",1,1,1,86504.82294323995,0
16273,Male,Delhi,57.93676128206595,4,"₹ 45,863.67",2,0,1,45533.894947439796,0
16274,Female,Pune,64.26307778698751,3,"₹ 76,119.43",2,1,1,65232.11186956281,0
16275,Female,Chennai,63.08197832985789,7,₹ 0.00,1,1,1,66115.07536873588,0
16276,Female,Kolkata,84.53703977986106,0,"₹ 53,376.16",2,1,0,111107.83361489885,1
16277,Male,Hyderabad,51.00390934624577,7,"₹ 67,125.55",1,1,1,45362.79110378936,0
16278,Male,Pune,59.89017284666847,7,"₹ 39,211.45",1,0,0,77302.63604674459,0
16279,Female,DELHI,45.18648371415843,0,"₹ 64,211.57",2,0,1,165787.96458394878,0
16280,Male,Pune,32.957477355089175,8,"₹ 51,197.88",2,1,1,77112.35629320017,0
16281,Female,DELHI,55.62410162453897,8,"₹ 43,484.97",1,1,0,75222.68769947634,0
16282,Female,Chennai,59.90691001364697,5,"₹ 37,167.97",2,0,0,67024.9882651341,0
16283,Female,Hyderabad,50.12677457884105,0,"₹ 88,247.89",1,1,1,82381.54345631217,0
16284,Female,Bangalore,20.096321509189,6,"₹ 46,470.47",1,0,0,80272.0293825027,0
16285,Male,Mumbai,23.26565218023526,6,"₹ 24,324.76",1,0,0,95097.43374254233,0
16286,Female,mumbai,56.509424981993696,8,"₹ 12,040.22",1,1,1,140084.2248950966,0
16287,Female,mumbai,39.51394322637874,0,"₹ 4,643.26",2,1,1,61697.58417650212,0
16288,Male,Pune,50.341399393817824,7,"₹ 6,474.94",2,0,1,64184.780025186796,0
16289,M,Delhi,52.24036827021959,10,"₹ 36,309.97",2,0,1,143390.6477680987,0
16290,Male,DELHI,43.28374590408725,7,"₹ 46,115.94",3,1,1,60391.4758807832,0
16291,Male,Pune,41.158736243339234,6,"₹ 40,713.97",1,0,1,70139.92163174562,0
16292,Male,Hyderabad,43.045995583246054,5,"₹ 24,946.97",2,1,1,82584.53956857102,0
16293,M,Mumbai,53.87235363613553,0,"₹ 33,654.28",1,1,0,59504.64040075378,0
16294,Male,Bangalore,52.19996925500212,10,"₹ 70,121.52",1,0,1,87535.8241863275,0
16295,Female,Mumbai,33.015381040842335,9,"₹ 80,828.05",2,1,1,33126.52293022447,0
16296,Female,Mumbai,44.77745963205523,10,"₹ 100,961.19",2,1,1,,0
16297,Male,Mumbai,29.089396710020704,7,"₹ 51,193.97",1,0,0,24900.908192943833,0
16298,Male,Chennai,52.71533626370419,4,"₹ 89,587.46",3,1,0,126467.272543294,1
16299,Female,Hyderabad,38.01686675508624,3,"₹ 54,422.70",2,0,1,160906.1724586652,0
16300,Male,Hyderabad,55.79658192973907,4,"₹ 93,136.70",2,1,0,15117.163223753618,0
16301,Female,Kolkata,41.393562209595295,4,"₹ 67,648.03",1,1,0,83594.71322625379,0
16302,Male,Pune,62.16009038446452,9,"₹ 51,320.04",2,0,0,108550.27291912006,0
16303,Male,Delhi,64.99589674320931,2,₹ 0.00,2,1,0,43032.89231317543,0
16304,Female,Kolkata,51.66302010275143,3,"₹ 45,535.68",2,1,0,103928.06240483292,0
16305,Male,Hyderabad,39.49135080887425,3,"₹ 25,677.87",2,0,0,105375.24971890343,1
16306,Male,mumbai,30.940542114099067,7,"₹ 39,013.28",1,1,0,83578.55031068351,0
16307,Male,Pune,59.42448137940567,4,"₹ 87,628.28",2,1,0,116723.75329555201,0
16308,Male,Chennai,44.00709881291493,5,"₹ 62,743.19",1,1,0,76978.70574928746,0
16309,Female,Bangalore,45.72225013537635,9,"₹ 80,128.80",2,1,0,123995.48980998853,0
16310,Female,mumbai,39.17395058975162,1,"₹ 67,161.72",1,1,0,90915.796655171,0
16311,Male,Hyderabad,24.25809671115309,8,"₹ 21,094.43",2,1,0,106834.69284118101,1
16312,Female,Pune,61.11724527911355,7,"₹ 107,891.70",2,0,0,145028.90936177396,0
16313,Female,Hyderabad,43.72928264048699,7,"₹ 44,833.30",2,1,0,66020.34579062306,0
16314,Male,DELHI,18.0,9,"₹ 81,179.78",3,1,0,54286.54378879728,1
16315,Male,Kolkata,42.92957103255666,4,"₹ 98,907.31",1,1,0,85219.53728552996,0
16316,Female,Bangalore,24.679591973340035,4,"₹ 9,190.87",2,1,0,38826.271859557346,0
16317,Female,Bangalore,53.855679238398814,2,"₹ 47,236.52",2,0,0,10000.0,0
16318,Female,Delhi,51.79504865179403,10,"₹ 70,939.01",2,0,1,11109.669464801642,0
16319,Female,DELHI,67.62381957950248,1,"₹ 41,599.11",1,0,0,113822.02151947764,1
16320,Male,Mumbai,22.851234741774476,8,"₹ 132,115.57",1,1,1,56860.20641194262,0
16321,Female,DELHI,66.55812208830028,5,"₹ 58,016.20",1,1,0,13641.448746613329,0
16322,Female,Bangalore,52.79002121252831,7,"₹ 68,583.27",2,1,1,57330.866133044474,0
16323,Female,mumbai,24.496302436130176,3,"₹ 105,058.57",1,1,1,44386.25762937558,0
16324,Male,Delhi,72.40526267148825,4,"₹ 8,585.74",1,1,1,36322.33171273354,0
16325,Male,mumbai,43.13311244838085,9,"₹ 36,782.10",1,1,0,62406.917215820824,0
16326,Male,Pune,27.131479123183798,4,"₹ 21,236.95",1,1,0,123384.15873641783,0
16327,M,Mumbai,60.59374612866903,10,"₹ 62,970.03",3,1,1,97736.4513363088,1
16328,Male,Kolkata,28.666403495546287,9,"₹ 99,095.59",1,1,1,68324.8418058631,0
16329,Male,mumbai,62.343316477365676,3,"₹ 18,616.42",1,0,1,92453.85212361156,0
16330,Male,Pune,42.12065299359984,10,"₹ 7,671.06",1,1,0,,0
16331,Male,Hyderabad,39.76165423930175,1,"₹ 55,382.50",2,0,1,95367.03882156007,0
16332,Female,Chennai,25.475382891939837,5,"₹ 90,784.81",1,0,0,95106.20802929602,1
16333,Female,Mumbai,29.346139925612476,3,"₹ 26,338.25",1,1,0,66686.97183655035,0
16334,Female,Kolkata,47.4069790881243,10,"₹ 19,577.35",1,0,0,155442.5912714954,0
16335,Male,Delhi,20.41199002253727,3,"₹ 97,483.87",2,1,0,73819.7274367042,0
16336,Female,DELHI,55.33837956630875,9,"₹ 44,197.88",3,1,0,96042.2431771409,0
16337,Male,Chennai,37.127792114810056,2,"₹ 69,052.11",3,1,1,54079.95466878783,0
16338,Male,Mumbai,39.054165317677615,7,"₹ 91,434.54",3,1,1,107724.97595958397,1
16339,Male,Hyderabad,53.74747306445211,5,"₹ 65,520.41",1,1,1,121134.8339538252,0
16340,Male,Delhi,41.938909928478544,8,"₹ 51,037.88",2,1,1,98885.18432503386,0
16341,Male,Bangalore,63.458643936186135,4,"₹ 20,936.14",1,0,0,118286.01644160548,1
16342,Female,mumbai,18.0,5,"₹ 34,052.26",2,0,1,121133.70666648804,0
16343,Female,mumbai,57.00678404370614,8,"₹ 60,498.00",2,0,1,117343.5701992625,0
16344,Female,Delhi,45.3613341188499,3,"₹ 87,306.94",1,1,0,,0
16345,Male,Bangalore,35.131778029358216,9,"₹ 35,625.16",1,0,1,104280.15198543742,0
16346,Male,mumbai,59.23486689844127,6,"₹ 32,284.59",2,1,0,68842.65130777314,1
16347,Male,Mumbai,53.802356551861656,9,"₹ 64,531.03",2,0,0,83928.54916830505,0
16348,F,Delhi,48.425088859264896,9,"₹ 27,095.24",1,1,0,61827.13335182761,1
16349,Female,Delhi,41.20380418680477,10,"₹ 63,208.08",1,1,0,23726.334149895752,0
16350,Female,Bangalore,,10,"₹ 24,315.93",2,0,0,109090.45424445777,1
16351,Male,Bangalore,28.815869083935432,5,"₹ 57,800.31",1,1,0,50747.34913571706,0
16352,Female,Delhi,65.48902759519619,5,"₹ 40,404.02",2,1,0,104150.05787012534,1
16353,Male,DELHI,57.40103773164336,5,"₹ 53,418.97",2,1,1,115113.36373611046,0
16354,Female,DELHI,53.5298054496806,3,"₹ 74,181.00",2,1,1,72360.21698845566,0
16355,Female,DELHI,38.59504006868563,9,"₹ 47,148.13",2,1,0,126715.03968879899,0
16356,M,Delhi,75.50839375167402,5,"₹ 62,128.26",2,1,1,64860.81607282572,1
16357,Female,mumbai,34.5832798220125,6,"₹ 29,240.01",2,1,1,64374.89839728245,0
16358,Male,Hyderabad,39.328922572408445,1,"₹ 33,569.89",2,1,0,64985.502947644505,0
16359,Female,Kolkata,72.1943144169758,10,"₹ 17,107.62",2,1,0,69236.72312689702,0
16360,Female,Hyderabad,44.213866072211594,8,"₹ 48,126.09",1,0,1,68550.73145733839,0
16361,Male,DELHI,71.07164566512304,6,"₹ 58,779.23",2,1,0,72326.79066213302,0
16362,Male,mumbai,50.67892819472824,2,"₹ 61,585.50",2,0,0,181595.91050112748,1
16363,Male,Delhi,37.27833021576319,9,"₹ 100,906.43",3,1,1,44195.06705694094,0
16364,Male,Pune,42.06286307997151,9,"₹ 64,278.80",2,0,0,130914.65152386646,0
16365,Male,mumbai,34.24791717190283,6,"₹ 37,025.88",2,1,1,75456.53720730497,0
16366,Female,Pune,55.39999328609747,9,"₹ 119,799.54",2,1,0,66444.87417161268,1
16367,Male,Delhi,63.34333603665441,9,"₹ 26,413.17",1,1,1,105686.25818511873,0
16368,Male,Mumbai,52.009881024515565,4,"₹ 56,003.74",1,0,1,102377.56405280322,1
16369,Female,Bangalore,49.25444498554355,8,"₹ 83,334.75",1,1,1,51428.94158931631,0
16370,Female,Kolkata,29.411481156929277,5,"₹ 66,734.84",2,1,1,143545.1546005801,0
16371,Female,Hyderabad,61.40088752662818,10,₹ 0.00,1,1,0,38682.306368059486,0
16372,Male,Bangalore,57.59845328515248,6,"₹ 70,326.83",1,1,0,92784.3853970938,0
16373,Female,mumbai,49.171382408453454,3,"₹ 33,526.88",1,1,1,46504.85660409627,0
16374,Female,Chennai,40.47940867889415,1,"₹ 27,158.83",1,1,0,47156.78643997471,0
16375,Male,Delhi,45.658573105033135,10,₹ 0.00,2,1,1,121180.78653206879,0
16376,Male,Bangalore,31.351608569418495,3,"₹ 54,643.98",1,1,1,72465.12321999171,0
16377,Female,Kolkata,22.885231735751177,8,"₹ 36,421.27",1,0,0,108198.3615730851,0
16378,Female,Bangalore,40.50229143752232,2,"₹ 60,248.62",2,0,1,50712.729111224515,0
16379,M,Kolkata,32.099634241173185,6,"₹ 23,664.43",2,1,0,12126.767701020406,0
16380,Female,Chennai,37.38546378408964,3,"₹ 157,229.03",1,0,0,101677.96739874053,0
16381,Female,Bangalore,37.68073211787285,2,"₹ 37,771.72",3,1,1,99094.4417132381,0
16382,Female,Pune,43.82961751094639,4,"₹ 84,823.97",1,1,1,61140.03336858432,0
16383,Male,DELHI,42.84457323506739,1,"₹ 84,236.07",2,0,1,97134.94582272845,0
16384,Male,Chennai,18.0,10,"₹ 79,229.09",1,1,0,64726.220528677855,0
16385,Male,mumbai,50.21846320457211,9,"₹ 24,272.07",1,1,0,140612.07177450595,0
16386,Female,Pune,46.97244809513382,3,"₹ 107,597.25",1,1,1,126271.69472788184,0
16387,Female,Kolkata,59.41721486659243,6,"₹ 58,418.23",1,1,1,59647.05790598091,0
16388,Female,Bangalore,41.792848488213,1,"₹ 61,938.64",1,1,0,77256.7279603671,0
16389,Male,Kolkata,61.26650363404586,9,"₹ 47,620.81",1,0,1,150090.00751096208,0
16390,Female,Kolkata,42.70453857116313,5,"₹ 50,200.98",2,1,1,97943.88784367975,0
16391,Male,Chennai,50.10117888535326,4,"₹ 51,471.43",1,0,1,91038.23821702777,0
16392,Male,Pune,31.242975939432863,2,"₹ 3,880.63",2,1,1,104914.37817724324,1
16393,Female,Bangalore,62.04120366742458,4,"₹ 57,732.37",2,1,1,,0
16394,Female,Mumbai,64.49996411217404,9,"₹ 73,982.61",1,1,1,56326.976075252795,0
16395,F,Hyderabad,73.249735307769,6,"₹ 32,840.31",2,1,1,119149.96063852412,0
16396,Male,Hyderabad,36.86337853296264,2,"₹ 46,882.34",1,0,1,80881.52277428456,0
16397,Male,Chennai,,7,₹ 0.00,2,1,1,118947.40683475169,0
16398,Male,mumbai,23.403023978095504,6,"₹ 83,282.56",3,1,0,59665.00523339401,1
16399,Male,Delhi,18.0,3,"₹ 96,774.97",2,0,0,120885.81640267425,1
16400,Female,Mumbai,53.45153430179779,4,"₹ 56,561.59",2,1,1,39004.42230143986,0
16401,Female,Bangalore,43.30739779383506,9,"₹ 60,586.54",1,1,1,16619.102711996566,0
16402,Female,Hyderabad,25.723649293812116,10,"₹ 58,827.20",1,0,1,101329.17007891793,0
16403,Male,mumbai,47.686959026764136,3,"₹ 72,460.27",1,0,1,117364.42242179914,0
16404,Female,Delhi,59.004612763014975,1,"₹ 57,533.31",1,1,1,87812.68738391873,0
16405,Male,Pune,45.94648178721187,8,"₹ 80,701.84",2,0,1,155983.48857941464,0
16406,Female,Bangalore,63.427161054945664,0,"₹ 70,614.09",1,1,1,68140.08663422521,0
16407,Male,Kolkata,35.088658703777355,7,"₹ 73,093.12",1,1,1,131901.19578308417,0
16408,Male,mumbai,61.2411550953303,3,"₹ 61,518.63",2,0,0,,0
16409,Female,Bangalore,39.243438259943886,8,"₹ 71,511.22",1,1,1,87740.55166929796,0
16410,Female,Mumbai,63.45248395862951,2,"₹ 27,063.21",2,1,1,122600.92644952942,1
16411,Male,Kolkata,25.93213717667326,6,₹ 0.00,1,1,1,135842.54217554792,0
16412,Male,Mumbai,48.461031956595754,2,"₹ 47,593.14",1,1,0,54997.52015933104,0
16413,Female,DELHI,48.42929829335738,9,"₹ 105,791.37",1,0,1,26331.277105848007,0
16414,Male,Hyderabad,52.156738578345525,6,"₹ 69,888.39",1,1,1,82768.42677530111,0
16415,Male,Delhi,39.72870146848855,1,"₹ 72,098.69",1,0,0,113009.80474002061,1
16416,Male,mumbai,51.47514789302834,2,"₹ 19,775.82",1,1,0,25208.582562310403,0
16417,Male,Kolkata,42.02568759421809,7,"₹ 63,450.11",4,0,0,112248.70056800486,1
16418,Female,Hyderabad,37.10125949738197,6,"₹ 17,182.07",2,1,0,174612.71033040155,0
16419,Female,Chennai,66.2113910510879,10,"₹ 49,514.44",2,0,0,14855.799918421952,0
16420,Female,Mumbai,46.17048810854384,2,"₹ 42,134.66",1,0,0,10000.0,0
16421,F,DELHI,22.292529558627802,7,"₹ 63,953.21",1,0,1,12198.28876510197,0
16422,Male,Mumbai,34.90454926991025,8,"₹ 50,983.81",1,1,0,140397.65075981454,0
16423,Male,Bangalore,66.77230940745359,1,"₹ 76,817.65",2,1,0,58620.69228970063,0
16424,Male,Pune,31.37089268165922,1,"₹ 80,886.01",2,1,0,50817.87838155683,1
16425,Male,DELHI,53.11267309153138,6,"₹ 86,857.74",1,1,0,54233.067206237414,0
16426,Male,DELHI,34.581869714784176,10,"₹ 140,646.59",2,1,0,99645.68243402419,0
16427,Female,Delhi,23.426930044123182,7,"₹ 27,295.59",1,0,0,126301.31957076343,1
16428,Female,mumbai,52.206823299177046,4,"₹ 37,799.30",1,1,0,126561.7784689338,1
16429,Male,Chennai,40.07121138201061,1,"₹ 38,569.23",4,1,0,119514.10995557334,1
16430,Female,Chennai,68.82792652045129,9,₹ 0.00,1,1,1,72687.36664979234,0
16431,Female,Delhi,61.883158329168424,4,"₹ 58,484.21",2,0,1,77407.38851507295,0
16432,Female,Mumbai,63.97886878231772,2,"₹ 47,101.65",2,0,0,38105.57650256126,1
16433,Female,Hyderabad,60.99130095322162,8,"₹ 84,618.63",1,1,0,136995.59790867803,1
16434,Female,Bangalore,55.34268449878907,1,"₹ 77,414.37",3,0,0,102385.57604483064,1
16435,Female,Chennai,24.512936403487338,8,"₹ 63,403.18",1,1,1,84479.76632706942,0
16436,Female,mumbai,41.49068438709134,1,"₹ 58,134.44",1,1,1,34175.931341572235,0
16437,Female,Pune,55.063111666024724,0,"₹ 33,214.32",1,1,1,10000.0,0
16438,Male,Mumbai,40.64391840547703,9,"₹ 55,912.52",1,1,0,31087.226312941835,0
16439,Male,mumbai,44.5500252757148,5,"₹ 61,464.25",1,0,0,100914.68689615652,0
16440,Female,mumbai,55.869175651426985,10,"₹ 49,204.57",2,1,0,52726.8654644882,0
16441,Male,Kolkata,60.84085535077271,5,"₹ 49,416.95",1,0,1,140134.54498377,0
16442,Male,DELHI,31.16111053110757,3,"₹ 54,253.64",1,0,1,30351.043729971134,0
16443,Female,Hyderabad,,1,"₹ 56,325.24",1,1,0,79451.80841119123,0
16444,Male,DELHI,53.47441833653717,9,"₹ 77,025.67",1,1,0,92025.49366883487,0
16445,Female,mumbai,30.16697139995618,10,₹ 0.00,2,1,1,10000.0,0
16446,Female,Delhi,38.90275099628269,2,"₹ 58,404.83",2,0,0,119048.87408098864,0
16447,M,Kolkata,47.24527739815119,5,"₹ 57,868.60",2,1,1,67581.49070886085,0
16448,Male,DELHI,65.84922441053558,3,"₹ 75,473.45",1,0,0,10000.0,0
16449,Male,Bangalore,38.77871683896364,4,"₹ 46,948.69",2,1,1,65665.87950330944,0
16450,Female,Pune,51.264824337710614,10,₹ 0.00,1,0,1,122842.65273750582,0
16451,Female,Pune,62.53149697314936,8,₹ 0.00,1,0,0,40911.89113881776,1
16452,F,Hyderabad,72.82021164833694,4,₹ 0.00,2,1,1,16781.607259120334,1
16453,Male,Bangalore,48.40241763317752,9,"₹ 80,437.28",2,1,1,16034.955246854566,0
16454,Male,DELHI,18.0,10,"₹ 6,872.72",1,0,1,63793.76463676877,0
16455,Female,DELHI,58.851228949212754,7,"₹ 89,594.03",2,0,0,111556.25779983528,0
16456,Male,mumbai,48.16605753797255,1,"₹ 38,866.09",3,0,0,93411.21109838963,1
16457,Female,DELHI,32.32626376998582,5,"₹ 43,584.96",1,1,1,10000.0,0
16458,Male,Bangalore,55.66595356685328,10,"₹ 102,301.39",1,1,0,53195.39744493374,1
16459,Male,Pune,72.97997063248594,10,"₹ 58,455.50",1,1,0,106383.06616944609,0
16460,Male,mumbai,48.1348388833107,5,"₹ 9,050.24",1,1,1,35562.912270083274,0
16461,Male,Mumbai,20.672823195433452,4,"₹ 53,634.46",2,1,0,62109.72646866007,0
16462,Female,Bangalore,66.66138146610761,5,"₹ 78,794.92",2,0,1,16696.17078375352,1
16463,Female,Delhi,,4,"₹ 34,009.34",1,1,1,75033.99603387053,0
16464,Male,DELHI,55.68822946785228,1,"₹ 104,692.09",1,0,1,89163.7894232503,0
16465,Female,Pune,45.93018446137551,4,"₹ 12,537.34",3,0,0,149069.02490374947,0
16466,Male,DELHI,51.842529402788756,0,₹ 0.00,2,1,0,83115.36669541906,1
16467,Female,Delhi,54.98524577859392,2,"₹ 102,290.79",2,0,1,91316.96173854027,0
16468,Male,Pune,57.10424039823239,6,"₹ 24,508.13",2,1,0,86625.11309084506,0
16469,Female,Hyderabad,47.19992838027901,3,"₹ 20,770.89",1,1,0,60777.23054710425,0
16470,Female,DELHI,33.59135147430747,7,"₹ 34,947.61",1,1,1,83822.145110903,0
16471,Female,mumbai,47.905205266322504,2,"₹ 20,801.82",1,1,0,149710.97230779828,0
16472,Female,Kolkata,56.82805852529002,6,"₹ 76,977.95",2,1,1,64767.13240134516,0
16473,Female,Bangalore,33.69590785179585,1,"₹ 36,054.14",3,0,0,32626.11378638968,1
16474,M,Delhi,28.40027223385677,7,"₹ 14,312.86",1,0,0,100685.51170110599,0
16475,Female,DELHI,64.99541698045202,2,"₹ 41,786.13",1,0,0,31556.4543335607,0
16476,Female,Mumbai,70.37372208367458,5,"₹ 22,800.68",4,0,0,115432.80322131637,1
16477,Female,Pune,45.575579514205934,1,"₹ 48,811.25",1,1,1,27747.98463125383,0
16478,Male,Delhi,54.018297802771315,6,"₹ 21,368.55",1,1,1,149019.30314317683,0
16479,Female,Bangalore,50.63671693290648,3,"₹ 44,158.36",1,1,1,90528.1692791989,1
16480,Male,DELHI,18.0,5,"₹ 44,887.34",2,1,1,59261.6431526947,0
16481,Female,Mumbai,48.10090270698163,1,"₹ 105,949.72",2,0,0,101932.74681533827,0
16482,Male,Pune,66.9895947945798,2,"₹ 85,340.01",2,1,0,99505.44410064921,0
16483,Female,Bangalore,27.384374704711714,2,"₹ 55,181.61",2,1,0,97736.47739797569,0
16484,Male,Pune,26.012436156107206,3,"₹ 40,836.30",2,1,1,79626.84087008056,0
16485,Male,Bangalore,34.04476778628244,0,"₹ 40,448.22",2,1,1,69008.15842874722,0
16486,Male,DELHI,37.88796657445267,5,"₹ 53,850.72",1,1,0,135028.92372962632,1
16487,M,Kolkata,55.007138548920594,10,"₹ 24,816.08",2,1,0,69571.1613165725,0
16488,Male,Chennai,64.80960606732017,5,"₹ 38,728.32",2,0,1,62993.1450171712,0
16489,Male,mumbai,64.45771086784862,3,"₹ 42,496.96",1,1,1,96958.06445630443,0
16490,Female,Kolkata,54.809209035824665,7,"₹ 49,375.32",2,1,0,92155.59534739304,0
16491,Female,Chennai,21.133702700426923,4,"₹ 54,756.12",2,1,1,36193.572823080765,0
16492,Male,DELHI,21.072293370563727,9,"₹ 71,814.56",1,1,0,143487.7972541622,0
16493,Male,DELHI,56.01270347970035,3,"₹ 77,682.09",1,1,0,26633.373438209863,0
16494,Male,DELHI,21.19519499602892,6,"₹ 66,289.67",1,1,1,25573.567133855555,0
16495,M,Chennai,53.330323920787485,9,"₹ 102,329.20",1,1,1,151242.54027652933,0
16496,Male,Mumbai,49.16245044269198,9,"₹ 69,730.26",1,1,0,77308.45576304395,1
16497,Male,Delhi,,7,"₹ 48,342.80",2,0,0,88972.52659815236,0
16498,Male,Chennai,18.0,1,"₹ 47,526.26",1,1,1,57085.772354645625,0
16499,Male,Delhi,48.026726644904684,0,"₹ 77,317.03",1,1,0,68184.14234959807,0
16500,Female,Bangalore,52.677851824060085,5,"₹ 42,636.86",1,1,1,124101.64744842143,0
16501,Male,mumbai,36.65839858834495,1,"₹ 62,204.67",2,1,1,104121.7275757207,0
16502,Male,mumbai,28.62096809147799,10,"₹ 65,169.51",1,1,1,101223.90300168426,0
16503,Male,mumbai,49.400028859549316,7,₹ 0.00,2,1,1,32380.466165957405,0
16504,Male,Hyderabad,23.216004710312788,4,"₹ 5,217.25",2,1,0,72141.76459583241,0
16505,Male,Chennai,54.25290652620133,1,"₹ 76,186.55",2,1,1,107633.68976583004,0
16506,Female,Mumbai,60.8376436582518,10,"₹ 63,382.01",2,1,1,10000.0,0
16507,Female,Bangalore,18.0,4,₹ 0.00,2,0,0,44506.0588846909,1
16508,Female,DELHI,37.07794834650808,1,₹ 0.00,2,1,1,110738.15835952703,0
16509,Female,Chennai,44.268470697067485,5,"₹ 93,576.44",2,1,0,35805.78728918618,0
16510,Female,Delhi,44.709001251609116,7,"₹ 69,466.39",2,0,1,54832.219900078635,0
16511,Male,DELHI,31.815104851207604,1,"₹ 91,377.03",2,1,1,121556.80840926123,0
16512,Female,Hyderabad,24.956069018861704,5,"₹ 20,994.14",1,1,1,99665.35340309571,0
16513,Female,mumbai,38.0979016731937,5,"₹ 31,619.45",1,0,1,109882.43105125337,0
16514,Female,Delhi,54.661771759871016,0,"₹ 104,598.41",1,1,1,98761.98919107711,0
16515,Female,Kolkata,53.55717059122654,8,"₹ 62,368.18",1,0,1,99442.82891105484,0
16516,Male,Pune,53.74052766509341,7,"₹ 52,528.27",2,1,0,83120.33382635335,0
16517,Female,Delhi,63.76484741185941,3,"₹ 45,198.62",1,1,0,28863.589187726146,0
16518,Female,Delhi,29.289890892601242,6,₹ 0.00,3,1,0,64579.43384148602,0
16519,F,Chennai,39.33035250118283,3,"₹ 83,914.36",1,0,0,70468.29211225465,0
16520,Male,DELHI,42.22744683327049,7,₹ 0.00,1,1,1,18254.70723055442,0
16521,Male,Kolkata,18.0,9,"₹ 69,698.45",2,1,0,57718.20891863483,0
16522,Male,mumbai,48.36362965243711,1,"₹ 52,495.62",1,1,0,65248.03444321337,0
16523,Female,Chennai,44.55500139545572,1,"₹ 58,884.04",1,0,0,137193.46474003032,0
16524,Male,Bangalore,27.954674266640197,2,"₹ 32,311.68",2,0,1,10000.0,0
16525,Male,DELHI,58.069393613869785,3,"₹ 93,792.00",2,1,1,83681.15454799782,1
16526,F,Mumbai,57.121555443610255,10,"₹ 32,647.87",2,0,0,94291.710976291,0
16527,Male,mumbai,50.99743242107249,5,"₹ 49,312.26",1,1,0,108666.96365919239,0
16528,Female,Chennai,19.36755910654312,4,"₹ 50,404.41",1,0,1,123097.77557704553,0
16529,Male,mumbai,30.40486933135763,9,"₹ 40,050.48",2,1,0,31935.51548940593,0
16530,Female,DELHI,49.560532279471225,9,"₹ 62,197.75",2,0,0,62171.30037188027,0
16531,Female,Bangalore,36.94566130398556,6,"₹ 71,653.43",1,1,1,105853.19798251521,0
16532,Female,Bangalore,41.53758628098498,5,"₹ 46,700.10",1,1,1,65049.64478091901,0
16533,Female,mumbai,28.48271586926837,3,"₹ 68,851.19",2,1,0,86290.89234926994,1
16534,Male,Bangalore,47.87860133362368,10,"₹ 69,266.24",2,1,0,126100.32773656404,0
16535,Male,Chennai,67.5718587535239,9,"₹ 61,924.48",4,1,0,117703.39344883541,1
16536,Male,mumbai,49.85607997091172,8,"₹ 95,223.17",2,1,0,101118.09715335218,0
16537,Female,Chennai,59.56868156416238,6,"₹ 98,533.42",4,1,1,128655.43909488454,1
16538,Female,Bangalore,58.16419505775812,0,"₹ 38,052.15",1,1,1,48880.73333866225,0
16539,Male,Hyderabad,39.62714249179446,7,"₹ 40,999.71",2,1,0,70782.16968649435,0
16540,Female,Pune,42.21658006297491,3,"₹ 70,790.15",1,1,0,82540.87435280794,0
16541,Male,Mumbai,67.06054448011507,6,"₹ 48,074.20",1,1,1,43738.18875854934,0
16542,Female,DELHI,55.988085529824474,10,"₹ 59,316.60",2,1,0,131313.80167966845,0
16543,M,Mumbai,59.413059804725535,1,"₹ 14,841.15",3,1,0,103742.12213835111,0
16544,Male,Chennai,47.4990502145782,2,"₹ 41,828.07",2,0,1,97607.95381716586,0
16545,Male,Pune,39.12065575032295,0,"₹ 52,487.46",1,1,0,24984.697755400302,0
16546,Male,Pune,40.946265645010754,1,"₹ 22,579.98",3,1,1,34449.49811620499,1
16547,Female,Hyderabad,65.6592043581364,10,₹ 426.18,2,1,1,36682.37362005956,0
16548,Female,Kolkata,44.987846629180375,4,"₹ 88,278.30",1,0,1,10000.0,0
16549,Male,Kolkata,63.71473636650917,1,"₹ 3,712.20",1,1,1,84949.20169546496,0
16550,Male,Chennai,66.07703352094725,5,"₹ 96,850.42",1,0,0,10000.0,1
16551,Male,Pune,58.8091363996214,5,"₹ 83,895.67",2,1,1,70617.52079569323,0
16552,Female,Hyderabad,57.05470018321156,5,"₹ 59,263.40",2,1,0,136124.98800702722,1
16553,Female,Mumbai,70.4535680177858,10,"₹ 63,540.71",1,1,0,87618.29726031245,1
16554,Male,mumbai,32.315813489223714,2,"₹ 72,407.61",1,1,0,52754.51971640157,0
16555,Female,DELHI,38.815736212993905,10,"₹ 37,506.22",2,1,0,72993.85232099445,0
16556,Female,Hyderabad,26.10962210182372,2,"₹ 38,848.21",2,1,1,116851.42412090758,0
16557,Male,mumbai,22.53832649702895,9,"₹ 44,197.51",2,0,1,90412.07596163618,0
16558,Male,Bangalore,44.33526893361265,6,"₹ 60,360.38",2,1,0,42595.18894873975,0
16559,Female,Chennai,49.028572625887996,3,"₹ 29,957.04",2,1,0,82504.7512614629,0
16560,M,Hyderabad,52.58040271283612,5,"₹ 34,771.74",1,1,1,77632.11533770923,0
16561,Male,Pune,34.54077106265027,7,"₹ 110,073.97",1,1,1,28940.40977418467,0
16562,Male,Delhi,38.80422707609984,2,"₹ 59,318.06",1,1,0,121236.14862667865,0
16563,Male,Delhi,57.701085975598744,8,"₹ 15,130.02",2,1,1,10000.0,0
16564,Female,Hyderabad,23.0923939837518,8,"₹ 75,707.54",2,1,0,81766.36217974794,0
16565,Male,mumbai,45.19014009901214,2,"₹ 41,520.29",1,0,1,71717.3344125953,0
16566,Male,mumbai,64.58912099813567,5,"₹ 31,895.29",1,1,0,51172.90331906871,1
16567,Female,Hyderabad,41.015942246707255,4,"₹ 123,247.48",1,1,0,44216.94656947355,1
16568,Female,DELHI,38.68257640440483,3,"₹ 52,237.54",1,1,1,174088.12121057452,0
16569,Male,Bangalore,63.642510038152416,7,"₹ 25,921.55",3,1,1,53377.36878248623,0
16570,Male,Mumbai,23.793995291091385,9,"₹ 32,566.72",3,0,1,62149.40814022222,0
16571,Female,Hyderabad,32.93957192270908,8,"₹ 54,456.38",1,0,1,89655.45767198545,0
16572,Male,DELHI,33.515913517292454,8,"₹ 54,252.81",2,1,0,60763.64058377837,1
16573,Male,Delhi,55.4132223169838,4,"₹ 64,007.40",1,0,1,48761.694978812244,0
16574,Female,mumbai,20.939149851257064,4,₹ 0.00,2,1,0,49404.46159254857,0
16575,Male,Chennai,63.504255173693096,10,"₹ 16,525.38",2,1,1,65736.83677664824,1
16576,Female,mumbai,44.60082917159753,2,"₹ 44,374.02",1,1,0,121753.23393270631,1
16577,Female,Bangalore,60.68693530829111,8,"₹ 34,026.42",2,0,1,82195.33198377676,1
16578,Male,DELHI,63.612376034449284,0,"₹ 17,685.29",2,1,0,142832.47764157184,0
16579,Male,Delhi,33.216009244779556,2,"₹ 61,089.80",1,0,0,126912.21151201463,0
16580,Female,Bangalore,45.275065331999095,6,"₹ 63,694.91",1,1,0,124415.68794512285,0
16581,Female,Mumbai,41.57891851412745,6,"₹ 101,607.49",2,1,1,91525.16230361866,0
16582,Female,Kolkata,,4,"₹ 71,139.35",2,1,1,87949.04132261766,0
16583,Female,Chennai,36.45600514279042,5,"₹ 64,422.39",2,0,1,107183.73821200638,0
16584,Male,Mumbai,61.71248473313615,3,"₹ 44,791.78",1,1,1,118050.23084476749,0
16585,Female,mumbai,42.20908651946973,7,"₹ 131,438.10",1,0,0,29931.480216790238,1
16586,Male,Pune,39.98804385693823,3,"₹ 39,957.21",2,0,1,100996.82226339445,0
16587,Male,Pune,61.85320115928104,9,"₹ 39,706.47",1,1,0,64474.619725072276,0
16588,Male,Delhi,57.542585683368635,5,"₹ 79,058.83",1,0,1,72071.23302340352,1
16589,Male,Hyderabad,49.31318012856746,4,"₹ 1,955.33",2,1,0,92020.12268002985,0
16590,Female,mumbai,39.1141863014889,9,"₹ 47,614.99",1,0,0,13740.728607429963,0
16591,Male,Pune,66.9691602672512,5,"₹ 53,059.56",2,1,1,143578.2234752574,0
16592,Male,DELHI,29.147261186713123,2,"₹ 37,882.89",2,1,1,65500.51080641207,0
16593,Male,Kolkata,61.08574741375796,2,"₹ 81,474.19",2,1,0,56833.97669978516,1
16594,Female,Delhi,54.396796242074075,9,"₹ 64,793.68",1,1,0,102019.84943225842,0
16595,Female,Chennai,26.003952627415007,6,"₹ 58,872.96",1,0,0,96153.73647505167,1
16596,Male,Mumbai,46.10857769520156,0,"₹ 52,014.86",1,0,0,33059.44962253756,1
16597,Male,Mumbai,25.188835760686437,0,"₹ 39,251.94",1,0,0,142522.0259059089,0
16598,Male,Pune,39.78147835609805,0,₹ 0.00,2,1,1,34364.95610935557,0
16599,Female,Delhi,49.202389321637895,5,"₹ 66,270.70",1,0,1,72302.61603545262,0
16600,Female,Pune,,3,"₹ 78,772.01",2,1,0,13219.66275500477,0
16601,Female,Mumbai,18.0,5,"₹ 49,791.02",4,0,1,166862.48992560102,0
16602,Female,Bangalore,43.08369455307285,0,"₹ 5,147.13",1,0,1,102371.66104208553,0
16603,Male,mumbai,48.21834214273877,3,"₹ 35,162.34",2,0,1,63586.80125730895,0
16604,Female,Delhi,39.345367752359735,3,"₹ 35,719.19",1,1,0,76505.38013944121,0
16605,Female,DELHI,44.76915814145734,1,"₹ 36,230.18",2,0,1,35250.28529832613,0
16606,Male,Pune,42.3057786988436,0,"₹ 65,017.77",1,0,1,115816.49887141792,0
16607,Male,Pune,29.734989303551693,7,"₹ 10,725.28",3,1,1,17438.06628719846,0
16608,Female,Hyderabad,74.20677024592763,5,"₹ 44,191.91",2,1,0,106473.36360072791,0
16609,Female,Kolkata,49.7548132676384,3,"₹ 45,218.46",2,1,0,40931.85894619479,0
16610,Male,Chennai,38.61255270580348,1,"₹ 95,358.73",1,1,1,135599.22888763476,0
16611,Female,Pune,32.62824014939631,4,"₹ 61,887.67",2,1,1,52861.83956464042,0
16612,Female,DELHI,39.03653320565326,8,"₹ 36,793.15",2,0,0,83534.74151736921,0
16613,Male,Chennai,39.525597260932855,6,"₹ 91,677.64",2,1,1,145477.589908053,0
16614,Male,Kolkata,45.57229416907006,3,"₹ 13,808.15",2,1,0,97137.91542514476,0
16615,Male,Hyderabad,62.19309340266221,4,"₹ 29,847.99",1,1,1,102952.7329654051,0
16616,Female,Pune,32.93145228059848,7,₹ 0.00,1,1,0,78465.65420461421,0
16617,Male,Chennai,47.66586086930958,10,"₹ 97,458.96",1,1,0,63289.692710470525,0
16618,Male,Chennai,56.99456509516121,4,"₹ 56,425.01",1,1,0,92096.74686553658,0
16619,Female,Chennai,34.89228829147381,5,"₹ 43,679.73",1,0,1,83978.41132849372,0
16620,Female,Mumbai,34.80606349641971,9,"₹ 87,176.99",2,1,1,103663.25540929574,0
16621,Male,Kolkata,22.363426353048396,5,"₹ 32,604.04",1,1,1,137043.15146697193,0
16622,Male,DELHI,70.2181640938924,7,"₹ 36,591.56",1,1,0,70329.98479080574,1
16623,Male,Hyderabad,52.61888329919694,10,"₹ 82,800.09",1,0,1,59310.4491278706,1
16624,Female,Kolkata,36.44429028600144,4,"₹ 32,691.29",2,1,1,46212.526157705855,0
16625,Female,Bangalore,35.7947194968529,0,"₹ 35,418.14",1,1,0,89918.02622353715,0
16626,Male,Mumbai,29.529267524109194,3,"₹ 52,009.63",1,1,0,115617.06190280696,0
16627,Female,Hyderabad,47.3565054733517,2,"₹ 60,220.16",2,1,1,66029.38187150843,0
16628,Female,Bangalore,39.86774056225234,1,"₹ 72,093.60",3,1,1,96473.0029044137,1
16629,Female,Chennai,31.23922232587684,6,"₹ 43,611.79",1,1,1,59653.679744221125,0
16630,Female,Kolkata,33.423930997380104,6,₹ 0.00,1,1,0,99218.56869008882,0
16631,Male,DELHI,55.88576445093253,7,"₹ 60,613.36",1,1,1,53152.408029220096,0
16632,Male,Hyderabad,39.278479859473144,9,"₹ 56,107.75",2,1,1,98902.35583534067,0
16633,Female,mumbai,26.579182314416276,4,"₹ 55,289.90",1,1,1,67166.87788678317,0
16634,Female,Bangalore,45.97018996406098,0,"₹ 27,326.69",2,1,1,10000.0,0
16635,Female,Mumbai,34.70636875197533,5,₹ 0.00,1,1,1,88087.81550343403,0
16636,Male,Mumbai,54.69108726468076,5,"₹ 49,046.90",1,0,0,94618.12956676126,0
16637,Female,Mumbai,67.60412823763606,10,"₹ 21,571.54",1,1,0,62951.28823512028,0
16638,Female,Delhi,18.0,7,"₹ 66,710.52",2,1,0,10516.848097666909,0
16639,Male,Delhi,34.39588816932441,9,"₹ 72,455.28",1,1,0,100483.88020619648,0
16640,Male,Hyderabad,47.07774673102098,1,"₹ 3,799.72",1,1,0,73016.43549135911,0
16641,Female,mumbai,43.85320889024277,10,"₹ 28,956.00",1,1,0,74197.63803088765,0
16642,Female,DELHI,63.7777669784854,8,"₹ 101,140.77",2,1,0,85123.43868001507,0
16643,Male,Chennai,44.71047787047261,10,"₹ 36,664.02",1,1,1,117688.09447159208,0
16644,Female,Delhi,48.065241450547255,5,"₹ 55,914.73",1,0,1,39368.036374035495,0
16645,Male,Bangalore,51.462446557718934,0,"₹ 76,364.85",1,1,1,40418.12214686257,0
16646,Male,Kolkata,34.78735066462591,8,"₹ 56,686.52",1,1,0,110808.98247226657,0
16647,Female,mumbai,52.72795494624773,7,"₹ 82,686.26",2,1,0,137375.7999657037,0
16648,Female,DELHI,51.08362922949476,9,"₹ 78,078.02",1,1,0,120889.64021913231,0
16649,Female,Bangalore,46.54791654129521,0,"₹ 89,917.86",2,0,1,72627.3203778158,0
16650,Female,mumbai,18.0,7,"₹ 55,206.71",1,0,0,53494.747260614604,0
16651,Male,Bangalore,33.58496004160585,6,"₹ 37,924.64",2,1,0,129401.80358131838,0
16652,Female,DELHI,47.78586609379258,4,"₹ 10,504.34",1,0,1,,0
16653,Male,Mumbai,43.57317487965932,5,"₹ 62,598.17",1,1,1,63721.564055395094,0
16654,Male,Chennai,56.23475625434166,3,"₹ 87,371.29",2,1,0,116653.26295408986,0
16655,Male,Chennai,56.35462119978812,8,"₹ 27,783.65",2,1,1,124417.55150143236,1
16656,Male,Pune,50.168865424208185,8,"₹ 31,120.13",1,1,1,31711.043706570745,0
16657,Male,Delhi,56.35692209112261,9,"₹ 39,212.47",2,1,1,33287.7145477177,0
16658,Male,Hyderabad,52.50141094703051,0,"₹ 22,928.88",2,1,0,78444.40026664636,0
16659,Male,Kolkata,37.10550376520582,8,"₹ 54,479.88",1,0,1,17213.161947991117,0
16660,Male,Pune,44.91260839788501,2,"₹ 34,880.82",1,1,1,58425.52362622686,0
16661,Female,Pune,28.51714481711181,1,"₹ 14,280.90",2,1,0,80483.65020547801,0
16662,Male,Pune,67.40091142978869,3,"₹ 25,129.19",1,1,1,70056.94565536,0
16663,Male,DELHI,26.18298770575439,3,"₹ 93,247.33",2,1,1,10000.0,0
16664,Female,Chennai,18.0,8,"₹ 53,382.68",1,0,0,103720.76176842011,0
16665,Female,DELHI,76.80997022746679,3,"₹ 93,490.90",2,1,1,61537.853020161,0
16666,Female,mumbai,43.60718594760105,4,"₹ 33,768.78",2,1,0,10000.0,0
16667,Male,Chennai,58.421318647872106,5,"₹ 6,555.56",2,1,1,94388.58642686023,0
16668,Female,Mumbai,55.99408855693147,3,"₹ 41,802.33",4,1,1,83614.85728607938,0
16669,Male,Bangalore,60.680973153713694,0,"₹ 99,328.16",2,1,1,110023.86330979156,0
16670,Male,Mumbai,53.86700019518953,1,₹ 0.00,1,1,1,78460.34761001302,0
16671,Male,Hyderabad,53.960751348444184,2,₹ 0.00,1,0,1,82870.01019375483,0
16672,Female,Mumbai,18.0,3,"₹ 41,099.51",1,1,0,92590.05634331897,0
16673,Male,Chennai,30.545705138911543,4,"₹ 81,688.86",2,1,0,52661.681819660866,1
16674,Male,Mumbai,18.0,9,"₹ 18,751.81",1,1,1,83769.11884772628,0
16675,Male,Delhi,32.701187997382306,9,"₹ 55,139.27",2,0,0,112449.41540313589,0
16676,Female,Mumbai,37.004266492555516,2,"₹ 48,256.73",1,1,0,127539.81941758632,0
16677,Female,Kolkata,43.25131732080395,10,"₹ 85,850.40",1,0,1,153015.00864508905,0
16678,Male,Hyderabad,30.784007551712424,0,"₹ 119,432.95",1,1,0,106623.987786057,0
16679,Female,Bangalore,39.713585519973485,10,"₹ 26,384.00",2,1,0,37058.19817140953,0
16680,Female,DELHI,37.231622962883684,10,"₹ 39,313.35",2,1,0,107874.77354341204,0
16681,Female,Kolkata,50.18121434722878,7,"₹ 47,983.53",1,1,0,72782.58267219615,0
16682,Male,Kolkata,56.38688311844769,7,"₹ 25,434.17",1,1,0,139191.2300482631,1
16683,Female,Kolkata,48.21311408666763,3,"₹ 103,151.86",1,1,0,40134.53454767302,1
16684,Male,DELHI,54.45466263687049,6,"₹ 16,531.88",2,1,1,132698.3366962074,0
16685,Female,Delhi,47.86259823785123,3,"₹ 87,697.81",1,0,1,143705.0595981655,0
16686,Male,Delhi,62.805040025622894,2,"₹ 37,157.40",2,1,1,,1
16687,Male,DELHI,72.96220348408865,6,"₹ 48,150.53",1,0,0,142990.28409015137,0
16688,Male,mumbai,18.0,5,"₹ 53,650.76",2,1,0,132800.8250282615,0
16689,Female,Delhi,61.99807076642331,0,"₹ 35,555.80",2,1,0,81019.06951068631,0
16690,Male,Chennai,25.655988380889685,8,"₹ 73,362.18",1,1,1,25598.26996201356,0
16691,Female,DELHI,,1,"₹ 62,841.58",1,1,0,47778.54490206857,1
16692,Male,Delhi,48.92032850244402,2,"₹ 95,948.52",1,0,0,23975.76138673217,0
16693,Female,Chennai,54.12654188202539,4,"₹ 69,146.69",1,0,1,112505.18293797734,0
16694,Female,Mumbai,44.235968470259756,2,"₹ 14,043.30",3,0,0,52736.39600709122,0
16695,Female,Delhi,44.92678883620829,2,"₹ 45,422.90",1,0,1,63399.81194098128,0
16696,Female,Hyderabad,50.15094642599344,7,"₹ 97,435.23",1,0,1,100030.83322439178,0
16697,Female,Mumbai,39.80787257103881,3,"₹ 32,913.99",1,1,1,97487.42579693496,0
16698,Male,Mumbai,18.0,9,"₹ 94,574.14",1,1,0,60439.9387162403,1
16699,Female,Delhi,44.97369517677388,1,"₹ 71,655.11",1,0,0,99884.82273279096,0
16700,Male,Chennai,33.767570614486665,4,"₹ 74,106.27",1,1,0,148386.35559762004,0
16701,Female,Hyderabad,32.48574479356254,1,₹ 0.00,1,1,0,122123.01046703859,0
16702,Female,Chennai,31.0264855533702,9,"₹ 62,619.60",1,1,0,75286.52524919748,0
16703,Male,Kolkata,18.0,10,"₹ 112,370.85",1,1,1,115384.11794442606,0
16704,Male,Chennai,39.00492811112511,7,"₹ 23,873.91",2,1,0,27080.917882434325,0
16705,Male,Chennai,45.011974029786614,2,"₹ 97,729.65",2,0,1,70856.37705453143,0
16706,Female,mumbai,56.52015614071168,1,"₹ 55,538.64",1,0,1,72642.12240767074,0
16707,Female,Pune,36.13906762733647,2,"₹ 25,865.07",1,0,1,99263.98668618982,0
16708,Female,Bangalore,68.6627422748627,2,"₹ 41,438.85",2,1,1,14818.343034220714,0
16709,Female,Pune,53.756363823390835,0,₹ 0.00,1,1,1,106505.8800479553,0
16710,Female,Hyderabad,28.183710618584943,2,"₹ 51,189.59",1,1,1,10000.0,0
16711,Male,Hyderabad,37.67573485484447,2,"₹ 62,361.50",1,1,1,194173.27880706228,0
16712,Male,DELHI,75.3231546704269,3,"₹ 120,945.59",1,1,0,17307.299305314467,1
16713,Female,Chennai,56.39928627569064,7,"₹ 61,584.89",1,1,1,67977.06983716329,0
16714,Female,Mumbai,37.09673497229363,8,"₹ 92,926.90",2,0,0,161645.92270294426,0
16715,Female,Pune,58.38984236289485,0,"₹ 20,032.24",1,1,1,116270.46366235024,0
16716,Male,DELHI,26.081753973709162,0,"₹ 44,541.59",1,1,0,146351.52668867382,0
16717,Male,Kolkata,36.70984222451405,5,"₹ 59,548.11",2,1,1,88483.11464040227,0
16718,Male,Bangalore,18.0,0,"₹ 24,158.12",1,0,0,144417.31974936195,0
16719,Male,Chennai,54.055573414131125,4,"₹ 43,474.09",1,1,0,121994.4404752169,0
16720,Male,DELHI,27.516622028965813,0,"₹ 79,159.66",1,1,0,116013.49335044922,0
16721,Female,Pune,43.79133547229859,7,"₹ 122,967.17",2,1,1,60227.27868916222,0
16722,Male,Kolkata,21.803466999045046,4,"₹ 74,630.43",1,1,0,91013.00247805694,0
16723,Female,mumbai,48.00623868307225,5,"₹ 28,771.29",1,0,1,68272.16691269471,0
16724,Male,Bangalore,43.88764963076818,3,"₹ 48,905.76",1,1,1,93685.63899148183,0
16725,Female,Hyderabad,22.892445122235884,7,"₹ 18,557.17",2,1,0,11594.168261481507,0
16726,Male,mumbai,37.8399266219698,8,"₹ 57,723.37",1,0,1,111615.80850119138,0
16727,Male,Chennai,46.99795883741335,8,"₹ 94,642.97",2,1,0,118025.91951420665,0
16728,Male,Bangalore,51.67770814347213,0,"₹ 59,046.70",1,1,0,87422.28305227876,1
16729,M,Mumbai,68.74952481542716,6,"₹ 49,714.18",1,0,1,88468.19741562387,1
16730,Female,mumbai,63.26812205343677,3,"₹ 47,966.82",1,1,0,91565.37825616414,0
16731,Male,Mumbai,34.574238248736506,9,"₹ 55,807.45",2,0,1,81333.1393835365,0
16732,Male,Delhi,34.39128329605079,10,"₹ 100,000.84",2,0,0,134396.72139612967,0
16733,Female,mumbai,23.540405047116916,7,"₹ 73,109.37",2,1,1,76088.80505814652,0
16734,Male,Kolkata,29.85391480150181,6,"₹ 19,038.96",2,1,0,123753.53766558715,0
16735,Male,Chennai,57.90233115088561,0,"₹ 32,206.53",1,1,1,87443.53799325634,0
16736,Female,mumbai,21.163253725745513,0,"₹ 86,690.05",3,1,0,74544.46634293531,1
16737,Female,mumbai,42.67607694528967,0,"₹ 62,234.04",1,1,0,171743.06993286795,0
16738,Male,Delhi,40.47674936947521,1,₹ 0.00,1,1,0,43180.07979029525,0
16739,Male,Bangalore,33.632490753406856,9,"₹ 81,667.43",1,1,1,51774.49590449907,0
16740,Female,Bangalore,25.465231315460848,1,"₹ 37,313.97",3,1,0,88547.26884965423,1
16741,Male,Kolkata,18.0,8,"₹ 28,897.36",1,1,0,27217.388451902152,0
16742,Male,Bangalore,25.600101617708624,4,"₹ 81,304.17",2,1,0,25419.758356949096,1
16743,Female,Pune,43.75343869541328,0,"₹ 79,441.25",1,1,0,118567.12143013063,0
16744,Female,Delhi,53.96486007825775,6,"₹ 46,748.02",2,0,1,127161.7719302949,0
16745,Male,Pune,69.17897258629009,9,"₹ 63,125.40",1,1,1,53771.32981204396,0
16746,F,Pune,50.01725014237469,1,"₹ 31,794.89",2,1,1,32855.64202592031,0
16747,Female,Delhi,53.89164545281758,2,"₹ 27,786.69",1,0,1,87556.45168465821,1
16748,Male,Pune,69.12324069613432,3,"₹ 39,305.79",1,1,0,73050.23173374764,0
16749,F,Pune,50.07493815272675,2,"₹ 39,527.94",1,0,1,30038.262420849132,1
16750,Male,Pune,59.74618216219801,2,"₹ 32,070.66",1,1,0,114532.03102283995,0
16751,Male,Kolkata,39.306121731611306,8,"₹ 76,428.33",1,0,0,68099.62630861119,0
16752,Female,Hyderabad,55.8187663315794,3,"₹ 53,115.21",1,1,0,100768.86003719667,0
16753,Male,Kolkata,48.14996228516024,7,"₹ 21,177.57",1,1,0,70113.33853155683,0
16754,Male,Mumbai,41.37234012471999,0,"₹ 31,121.37",1,0,1,77602.96404231075,1
16755,Male,mumbai,68.2080332449708,5,"₹ 13,383.85",3,1,0,15599.979839960033,1
16756,Male,Bangalore,26.953628568499145,0,"₹ 47,723.83",2,1,1,157965.0447256274,0
16757,Female,Delhi,32.10133206388186,4,"₹ 93,415.44",1,1,0,90417.92192169222,0
16758,Female,Pune,62.664070164259094,6,"₹ 58,877.09",1,1,1,83292.71965939768,1
16759,F,DELHI,59.567235863500116,0,"₹ 53,087.10",2,1,1,92448.96064106775,0
16760,Male,Delhi,45.190456442581706,8,"₹ 5,668.06",1,1,0,10000.0,0
16761,Male,Chennai,50.09540534589399,10,"₹ 91,062.49",1,1,1,85750.91268244243,0
16762,Male,Delhi,52.76076019366011,8,"₹ 51,382.77",2,1,1,22695.211789500427,0
16763,Male,mumbai,50.47523416781618,5,"₹ 53,109.62",1,1,1,61898.73604710688,1
16764,Male,Delhi,48.617341502430456,1,"₹ 15,549.35",2,1,0,62249.153031418915,0
16765,Female,Delhi,32.392933798231155,1,"₹ 46,380.97",2,1,0,99226.80662319266,0
16766,Female,Kolkata,63.57347957299616,8,"₹ 22,545.83",2,0,0,72944.8505184357,0
16767,M,Kolkata,41.93922903762586,3,"₹ 29,671.52",2,1,0,32594.764897476234,0
16768,Male,Hyderabad,30.141343027324872,5,₹ 0.00,1,1,1,138900.24572967816,0
16769,Female,Mumbai,47.01145438369492,9,₹ 0.00,2,1,1,33340.07587586143,0
16770,Male,Delhi,50.14819646920669,1,"₹ 114,762.47",2,1,0,101532.2550864327,0
16771,Male,Pune,50.93032403523966,3,"₹ 56,002.03",1,1,1,106659.17187695505,0
16772,Female,Delhi,59.591779558948815,1,"₹ 84,356.28",2,1,1,88720.44479474553,0
16773,Female,Chennai,39.302874298470485,2,"₹ 41,365.63",2,0,1,85280.87005532549,0
16774,Male,Pune,44.022646559088415,1,"₹ 44,682.60",1,1,1,106681.90322673481,0
16775,Male,Hyderabad,32.34070767344756,7,"₹ 18,252.81",1,1,1,69003.88571330676,0
16776,Male,Kolkata,48.50577605817573,4,"₹ 68,276.23",2,1,1,117040.23605242891,0
16777,Female,DELHI,32.12025556489904,4,"₹ 72,397.47",1,1,1,66778.22840719926,0
16778,Male,Pune,36.151250124888094,7,"₹ 65,709.52",2,0,0,110742.74990194108,0
16779,F,Kolkata,59.7517708543252,10,"₹ 50,077.21",2,1,1,99228.2618116876,0
16780,Male,Chennai,47.04719735682213,7,"₹ 58,955.51",1,1,0,89324.1574349812,0
16781,Male,Pune,66.36848911005475,6,"₹ 37,007.36",2,1,0,13134.02758678842,1
16782,Male,Pune,62.650762923938466,4,"₹ 81,161.19",2,1,1,99284.44546038838,0
16783,Female,Pune,48.236157834457686,6,"₹ 9,084.92",1,1,1,53393.68288468532,0
16784,Male,Mumbai,50.305665653758524,0,"₹ 26,091.82",1,1,1,93599.6108339256,0
16785,Female,Pune,41.422563627106626,2,"₹ 43,302.48",1,1,1,110079.28407568774,0
16786,Female,Mumbai,60.65861111796437,2,"₹ 12,146.15",2,1,0,68280.2125169636,0
16787,Female,Kolkata,,1,"₹ 3,975.61",2,1,0,18351.338415182152,0
16788,Female,Hyderabad,58.643413998566736,5,"₹ 43,402.52",1,1,0,98065.03984911808,0
16789,Female,Mumbai,35.29703214420637,2,"₹ 36,913.28",2,0,1,60235.18147898151,0
16790,Female,Mumbai,24.58389900035789,3,"₹ 45,208.45",1,1,0,135468.2898407768,0
16791,Female,Pune,52.533818938180495,2,"₹ 50,390.68",2,1,0,22822.984846320003,1
16792,Male,Hyderabad,55.541896628716316,6,"₹ 68,175.76",2,0,0,95825.42775385773,0
16793,Male,Pune,46.127843672711805,3,"₹ 52,983.40",2,0,1,73993.4515144614,0
16794,Male,Kolkata,53.67924596606912,4,"₹ 102,295.85",2,1,0,75501.66286189051,1
16795,Male,Pune,32.220001187166844,6,"₹ 55,854.21",1,1,0,117175.35272268552,0
16796,Male,Bangalore,59.089470050347416,3,"₹ 96,399.85",1,1,0,90949.35229806024,1
16797,M,mumbai,62.575780672796554,5,"₹ 81,501.38",1,0,1,82016.55768078999,0
16798,Male,Kolkata,60.3102267674394,8,"₹ 84,355.53",1,1,1,64314.81743064624,0
16799,Male,Delhi,46.859528492332274,5,"₹ 3,472.71",2,1,0,80600.54301114393,1
16800,Female,Hyderabad,62.79741060099029,4,"₹ 55,796.28",2,1,1,10000.0,0
16801,Male,Bangalore,27.856978147027068,0,"₹ 61,334.91",2,1,1,69160.73499020125,0
16802,Male,Mumbai,53.60208205372716,7,"₹ 41,274.02",2,0,0,60603.76364577027,1
16803,Male,Bangalore,55.74675138051907,4,"₹ 54,758.94",1,1,1,80514.81755344903,1
16804,Male,mumbai,52.518625710766436,4,"₹ 19,529.43",2,1,1,82976.30013987144,0
16805,Male,Kolkata,30.89445078400218,2,"₹ 93,104.04",2,0,0,77285.81483171647,0
16806,Female,Hyderabad,48.440370890774865,9,"₹ 50,366.19",2,1,0,88757.5284897665,0
16807,Female,Bangalore,41.158469896286576,1,"₹ 62,220.67",4,0,0,65734.73940909338,0
16808,Male,Chennai,18.0,0,"₹ 26,210.41",2,1,1,10000.0,0
16809,Male,Mumbai,27.33429119507821,8,"₹ 97,140.74",2,1,0,10000.0,0
16810,Male,Bangalore,62.41887259964863,4,"₹ 74,801.13",2,1,0,70578.72125136989,0
16811,Female,Hyderabad,39.03128372079776,9,"₹ 81,355.00",2,1,1,10565.864726265369,0
16812,Male,Chennai,60.8419579799868,3,"₹ 110,770.42",2,1,0,199947.28695796983,0
16813,Male,Delhi,62.154762162256205,6,"₹ 43,646.12",2,0,0,74405.5618157109,0
16814,Female,Kolkata,53.19361137919961,3,"₹ 67,896.23",1,1,1,160881.98889549176,0
16815,Male,Kolkata,35.78353304248944,10,"₹ 65,675.17",1,0,0,23964.53093284592,0
16816,Male,Delhi,59.16351870728421,1,"₹ 33,268.54",2,0,1,112385.74934687387,0
16817,Male,Pune,48.2033448390197,8,"₹ 61,554.11",2,1,1,69753.10390431315,0
16818,Female,Chennai,45.67001900437626,7,"₹ 26,193.39",1,0,1,17033.189673052715,0
16819,Female,Mumbai,31.325895743622873,3,"₹ 49,236.50",2,1,0,,0
16820,Female,Bangalore,37.488264769693544,7,"₹ 1,510.83",1,1,0,43850.94024774538,0
16821,Male,mumbai,31.544173570886265,8,"₹ 26,417.94",1,1,1,118551.5012075786,0
16822,Female,Hyderabad,59.38695253440279,1,₹ 0.00,2,0,1,59881.18282425201,0
16823,M,Pune,68.01553906875284,3,"₹ 95,472.32",2,0,1,37093.67053614154,0
16824,M,Mumbai,58.85528148731247,10,"₹ 69,950.06",3,0,0,114375.96973734966,1
16825,Male,mumbai,,5,"₹ 35,948.67",2,1,1,152546.6718351623,0
16826,Female,mumbai,40.397433609565084,6,"₹ 27,423.85",2,1,0,72813.83062600667,0
16827,Male,Mumbai,52.14624279472002,4,"₹ 84,576.69",1,1,0,79499.98730034445,1
16828,Male,Pune,38.74385979509098,9,"₹ 103,362.21",1,1,0,65395.2397613548,0
16829,Female,Hyderabad,44.52957192377663,9,"₹ 73,641.98",2,1,1,41018.55780166911,0
16830,Male,Delhi,32.67798102839889,6,"₹ 89,851.70",2,1,0,79179.72648638695,0
16831,Female,DELHI,54.759612635958035,10,"₹ 49,719.51",2,0,1,87973.47629773726,0
16832,Male,DELHI,55.513623809304164,3,₹ 0.00,1,0,1,14787.104698991949,0
16833,Female,Pune,58.632834539897864,7,"₹ 46,845.62",2,1,1,16498.965048291284,0
16834,Female,mumbai,53.36678413110852,2,"₹ 53,866.15",1,1,1,39087.16380603434,0
16835,Female,Bangalore,52.31955210884543,2,"₹ 81,899.97",1,1,0,38732.43741124803,1
16836,Male,Delhi,29.34266950979191,4,"₹ 38,494.28",4,0,1,49387.15607806104,1
16837,Male,Delhi,28.714849040990398,5,"₹ 15,396.22",2,0,0,156722.03015211562,0
16838,Female,Pune,49.96584289626314,2,₹ 0.00,1,0,0,95459.99579802316,0
16839,Male,Hyderabad,61.51346845848678,9,"₹ 69,800.27",1,0,1,71759.77048442044,1
16840,M,Pune,40.99152697628353,1,"₹ 41,040.78",2,1,1,83458.3070777746,0
16841,Female,Bangalore,45.08413175182734,4,"₹ 16,747.90",1,1,0,78342.15976379375,0
16842,Male,Kolkata,45.23994118165843,9,"₹ 68,650.57",3,1,1,66583.17085791359,0
16843,Male,DELHI,18.0,5,"₹ 73,845.24",1,0,0,76330.51659095504,0
16844,Male,Pune,48.60636628042214,2,"₹ 43,971.82",2,1,0,54556.044256971174,1
16845,Female,Delhi,36.75221957840882,6,"₹ 80,177.55",3,1,0,61514.32693466256,1
16846,Male,Hyderabad,54.166206463409345,2,"₹ 69,540.58",2,1,0,73169.33543894469,0
16847,Male,DELHI,44.5299406510929,1,"₹ 45,760.44",3,1,1,83694.98675370139,1
16848,Male,Chennai,42.311061964942866,9,"₹ 43,524.51",1,1,1,74360.69592861037,0
16849,Female,Mumbai,42.63781441682483,3,"₹ 39,940.93",1,1,1,41848.11531883223,0
16850,Male,Delhi,40.09470531962899,2,"₹ 49,999.88",1,0,0,120040.17835640616,0
16851,Male,Chennai,24.576774873749674,6,"₹ 94,938.43",2,1,0,66099.06432287119,0
16852,Female,Hyderabad,59.30022842002091,7,"₹ 85,608.30",2,1,1,44185.993413568634,0
16853,Female,Delhi,35.491440798391935,2,"₹ 65,494.66",2,1,0,182902.9812577031,0
16854,Female,Pune,37.983716347352384,5,"₹ 104,623.82",1,0,0,10000.0,1
16855,Male,Delhi,46.18598181639763,0,"₹ 84,268.65",2,1,0,82799.02816491992,0
16856,Male,Hyderabad,28.266705166927885,4,"₹ 45,410.19",2,1,1,66826.10151321554,0
16857,Female,Delhi,37.51380361941025,1,"₹ 67,159.00",2,1,1,137668.2874144651,0
16858,Male,Bangalore,73.74739527735366,0,"₹ 90,826.16",2,1,0,132500.96500900187,0
16859,Female,mumbai,50.05101547034664,6,"₹ 52,660.03",1,0,1,97823.36324946306,0
16860,Female,Chennai,32.13295760751737,9,"₹ 43,772.90",1,0,0,84930.85574097696,0
16861,Male,Kolkata,18.0,3,"₹ 104,697.03",2,0,0,39753.290906264134,0
16862,Female,mumbai,60.020913643987384,4,"₹ 66,441.40",3,1,1,126115.62433222655,0
16863,M,Hyderabad,29.818750812106494,1,"₹ 81,374.86",1,1,1,68557.86241095427,0
16864,Male,DELHI,36.856953601450456,7,"₹ 28,637.90",1,1,0,132295.79529782152,0
16865,Female,Bangalore,38.756485770562506,10,"₹ 77,293.70",2,1,1,87003.57656387814,0
16866,Male,Chennai,31.303060405749797,9,"₹ 44,321.99",1,1,1,59315.034626588706,0
16867,Male,Hyderabad,43.85645530082547,2,"₹ 48,872.13",1,1,0,106048.72861807619,0
16868,Male,Chennai,36.72883226852235,6,"₹ 21,093.56",1,1,0,72872.87337257061,0
16869,Female,Delhi,,10,"₹ 43,256.82",1,1,1,65413.51307628765,0
16870,M,Pune,47.10827546477693,0,"₹ 7,355.33",2,1,1,74927.41564231401,0
16871,Female,mumbai,66.48192810236252,9,"₹ 83,970.98",1,1,1,105409.94312203048,1
16872,Male,Delhi,66.78527762320942,0,"₹ 33,628.17",2,0,0,97246.61507622604,0
16873,Female,Mumbai,30.677746658583906,6,"₹ 60,305.07",3,1,0,41835.66759539681,1
16874,Male,DELHI,40.09477195105761,0,"₹ 15,256.01",1,1,1,131527.37704146426,0
16875,Female,Mumbai,77.3145862106448,8,"₹ 64,662.08",1,1,1,35844.250271528,0
16876,Male,Mumbai,27.623107604672292,8,₹ 0.00,2,1,1,76804.61252726303,0
16877,Male,Bangalore,56.96437927767704,7,"₹ 22,905.73",2,0,1,58584.6293166656,0
16878,Male,Kolkata,53.2199682290448,7,"₹ 90,651.88",1,1,0,105577.00608649223,0
16879,Female,mumbai,32.26575418037467,3,"₹ 30,194.78",2,1,1,60772.94101218649,0
16880,Male,Delhi,32.989517826753605,3,"₹ 43,778.21",1,1,0,124827.64335521056,0
16881,Female,Mumbai,72.67415793302166,4,₹ 0.00,2,0,0,117104.59014947328,1
16882,Male,Mumbai,72.374289349152,8,"₹ 90,602.82",2,1,1,53200.169576352375,0
16883,Male,DELHI,51.44873460634657,2,"₹ 42,298.04",1,0,0,116771.98353719292,0
16884,Male,Delhi,24.206935112375447,3,"₹ 89,601.68",3,1,0,136241.01317196677,1
16885,Female,mumbai,63.85286804558835,9,"₹ 29,384.96",1,0,0,95904.45083170291,0
16886,Female,mumbai,24.14347057834951,4,"₹ 5,572.26",2,1,1,92942.07435221547,0
16887,Male,Delhi,55.727985379597804,6,"₹ 92,382.60",1,0,0,85693.45525476028,0
16888,Male,Bangalore,20.71106588789849,4,"₹ 61,830.98",1,1,0,100678.82258042158,0
16889,Male,Delhi,45.11427755079861,8,"₹ 53,137.45",1,1,0,69903.47382905352,1
16890,Female,Pune,58.274711743535846,5,"₹ 31,933.85",1,1,1,51744.550781794445,0
16891,Male,Hyderabad,18.0,2,"₹ 85,832.59",2,1,1,113724.02769756212,0
16892,Female,Pune,37.074313343229555,5,₹ 0.00,2,1,1,108470.00315691986,0
16893,Female,Bangalore,47.29967926017095,5,"₹ 74,056.57",3,1,1,72362.7828669289,1
16894,Male,Bangalore,39.83729330236514,9,"₹ 14,151.45",2,1,1,79867.33360442324,0
16895,Male,Delhi,34.93388136860197,0,"₹ 63,781.57",1,1,1,86591.51223063045,0
16896,Female,Delhi,42.99786795986168,6,"₹ 109,769.79",1,1,0,142213.89860070104,1
16897,Female,Kolkata,60.56285734705302,2,"₹ 48,797.02",1,1,1,34201.571213908355,1
16898,Male,DELHI,65.53432360468389,0,"₹ 47,409.38",2,0,1,91736.25271295807,0
16899,Male,Pune,55.57531747010527,0,"₹ 34,537.44",1,1,0,89496.69948816692,0
16900,Male,mumbai,68.30041891821551,4,"₹ 45,280.51",1,1,1,117541.28996824322,0
16901,Male,Kolkata,36.97829143573851,9,"₹ 36,710.69",2,0,1,63843.80207725367,0
16902,Male,Chennai,53.95176985791631,9,"₹ 50,660.73",2,0,0,69817.17752403942,0
16903,Male,mumbai,29.71730188820804,1,"₹ 41,416.89",1,1,0,115514.67309602715,0
16904,Female,Kolkata,88.96686672656773,1,"₹ 44,929.49",1,1,1,48999.680694271054,0
16905,Male,Mumbai,46.5022059404241,3,"₹ 33,129.93",2,0,1,,0
16906,Male,Kolkata,57.06160396558225,9,"₹ 46,223.13",3,0,1,55746.84055696583,1
16907,Male,Kolkata,18.563026383980493,10,"₹ 48,834.39",1,1,1,55644.23384223125,0
16908,Female,Kolkata,56.72001818868167,6,"₹ 99,870.70",3,1,0,94789.13616728966,1
16909,Female,Delhi,46.70548858544651,7,"₹ 97,768.19",1,1,1,73554.747122696,0
16910,Male,Pune,51.961573502910845,10,"₹ 59,804.75",2,0,1,89948.95173920595,0
16911,Male,Kolkata,45.20358273036976,9,"₹ 36,668.89",2,1,0,107382.16274637851,0
16912,M,Delhi,43.20304248823937,6,"₹ 60,425.39",2,0,1,128551.64739383696,0
16913,Male,DELHI,40.37777138661123,8,"₹ 25,463.69",2,1,0,45307.23510948384,1
16914,Male,Pune,43.65513633133924,6,"₹ 33,377.85",1,1,1,77327.01005524915,0
16915,Male,Bangalore,67.02412887685932,3,"₹ 51,674.64",1,1,0,83016.20020959416,0
16916,Male,mumbai,39.489250658676795,8,"₹ 30,093.86",2,1,0,118986.77636822741,0
16917,Male,Chennai,78.88175630279278,8,"₹ 30,684.41",1,1,1,77583.08818957799,0
16918,Female,Bangalore,45.92065346583631,2,"₹ 36,033.23",1,1,0,39675.57790890746,0
16919,Female,Hyderabad,65.99950544640711,9,"₹ 118,576.31",1,0,0,69566.50063441307,0
16920,Male,DELHI,62.158891586328885,7,"₹ 55,192.42",1,0,1,47278.74275755971,0
16921,Female,Hyderabad,21.548446781602422,0,₹ 0.00,2,1,0,66230.64304740199,0
16922,Male,Mumbai,24.721984988516887,1,"₹ 55,855.80",2,0,0,57901.10862965251,1
16923,Male,Mumbai,34.82653840189159,7,"₹ 63,713.43",2,1,1,56844.03874044116,0
16924,Female,Kolkata,21.844744420331626,7,"₹ 48,186.60",3,1,1,106964.7361610112,0
16925,Female,DELHI,38.804067210002984,5,"₹ 68,286.79",2,1,1,29581.895721874404,0
16926,Male,Bangalore,45.421769333977316,7,"₹ 32,904.62",2,0,0,105795.6748462247,1
16927,Male,DELHI,54.72914200183394,7,"₹ 45,646.40",2,0,1,136637.16015723778,0
16928,Female,Bangalore,47.70864621866518,1,"₹ 47,366.12",2,1,1,106943.79209210246,0
16929,Female,Chennai,45.078596769108906,2,"₹ 29,359.16",1,1,0,71046.77389415978,1
16930,Female,Hyderabad,60.35611935079589,6,"₹ 21,515.20",3,1,0,,1
16931,Male,Bangalore,58.348247631275754,2,"₹ 52,320.50",1,0,0,32776.766207767236,0
16932,Male,Chennai,73.61761869666589,10,"₹ 56,883.89",2,1,1,69608.77051917565,0
16933,Male,DELHI,47.79935766131243,1,₹ 0.00,2,1,0,53781.81162586319,0
16934,Male,Chennai,18.0,5,"₹ 34,541.51",2,1,0,87336.60200616955,0
16935,Female,mumbai,51.40797926486522,1,"₹ 41,482.88",2,1,1,61765.928370800786,0
16936,Male,Chennai,79.03546820500483,1,"₹ 55,452.67",2,1,1,39229.19993407338,0
16937,Male,Chennai,60.38979140821789,10,"₹ 74,624.46",2,1,0,50747.52853254482,0
16938,Female,Kolkata,63.82950104180739,1,"₹ 40,637.14",2,1,0,37839.41521272469,0
16939,Male,Mumbai,46.422448091095944,3,"₹ 67,433.21",1,1,1,32693.990565440406,0
16940,Male,Hyderabad,58.69704973389737,6,"₹ 8,693.58",2,1,0,81834.08482219602,0
16941,Female,mumbai,64.61892798537203,5,"₹ 90,229.35",2,0,1,111425.25742562662,0
16942,Female,mumbai,39.98624527570629,4,"₹ 48,476.30",2,0,0,101794.52852059924,0
16943,Female,Mumbai,37.48825575500287,3,"₹ 4,826.35",1,0,1,34698.98187253283,0
16944,Male,Pune,51.82054593039011,1,"₹ 67,874.29",1,1,0,48297.25506630186,1
16945,Female,Bangalore,59.53892295407206,10,"₹ 42,045.63",2,1,1,40130.65865908431,0
16946,Female,Chennai,18.0,7,"₹ 105,090.84",1,1,1,21752.574752527325,0
16947,Male,DELHI,42.07830949536404,1,"₹ 97,894.40",1,0,0,10000.0,1
16948,Male,Chennai,18.0,10,"₹ 76,641.23",1,0,1,14370.121146123114,0
16949,Female,DELHI,43.161341567662554,7,₹ 0.00,1,0,1,90852.62559781937,0
16950,Male,Chennai,70.3442168238937,9,"₹ 43,189.64",1,1,1,70062.23169420267,0
16951,Female,mumbai,35.639724612023514,3,"₹ 88,077.23",2,1,0,86520.33165380012,0
16952,Male,Pune,40.70873586192906,4,"₹ 75,219.60",1,1,0,84293.93264324192,0
16953,Male,Mumbai,54.92903652041521,10,"₹ 22,329.43",3,1,1,161332.8435454831,1
16954,Male,Delhi,59.90678000463247,0,"₹ 46,867.33",2,0,1,92068.24446392359,0
16955,Female,Hyderabad,59.342499495912804,1,"₹ 67,828.86",2,1,0,101796.7570256716,0
16956,Male,Hyderabad,45.55976927263225,10,"₹ 2,184.08",2,1,1,138709.03799864344,0
16957,Female,Bangalore,53.55700260926146,7,"₹ 4,781.17",1,0,1,92359.93665573599,0
16958,Female,Mumbai,52.89874990275301,0,"₹ 123,106.46",1,1,1,154112.34588742623,1
16959,Female,DELHI,34.443814467057685,2,"₹ 40,767.19",2,0,1,89134.51140206074,0
16960,M,Hyderabad,18.734319422293623,1,₹ 0.00,2,1,0,78097.81134779647,1
16961,Female,DELHI,31.544635921097605,9,"₹ 29,221.45",2,1,0,129826.24190514586,0
16962,Male,Mumbai,66.58096371616833,4,"₹ 59,752.79",1,0,1,76688.00966151424,0
16963,M,Bangalore,78.19819777781095,3,"₹ 73,857.40",2,1,1,18447.936911774734,0
16964,Female,Delhi,43.634723906193365,3,"₹ 30,239.34",1,1,1,106506.86808500632,0
16965,Male,Mumbai,,3,"₹ 14,093.62",2,1,0,29577.847493205925,1
16966,Male,Kolkata,40.539027382295195,10,"₹ 76,132.97",1,1,0,39914.12539631571,0
16967,Female,Bangalore,50.23549673572893,3,"₹ 21,658.18",2,1,1,110298.29227763513,0
16968,Male,DELHI,35.78692542378796,3,"₹ 42,408.69",1,1,1,131308.98890844162,0
16969,Female,Pune,60.218228069964454,5,"₹ 70,142.85",1,1,0,45713.06188255745,0
16970,Male,mumbai,35.420761701100275,1,"₹ 35,423.75",1,1,1,94960.41393004594,0
16971,Male,mumbai,31.610797514387155,3,"₹ 110,191.11",1,1,0,78904.94028548544,0
16972,Female,Pune,45.70126482460263,6,"₹ 24,433.84",1,0,0,13775.019283175061,0
16973,Male,Delhi,57.25149628185478,6,"₹ 38,960.84",1,1,1,71541.69916533418,0
16974,Male,mumbai,47.454796678625335,0,"₹ 38,139.45",2,0,0,121811.36791431955,1
16975,Female,Delhi,37.96459897551796,9,"₹ 30,897.80",2,1,0,68325.81985935703,0
16976,Male,Bangalore,31.5048281757512,8,"₹ 82,544.83",2,1,0,38051.7649062097,0
16977,Female,Pune,19.696624167627185,6,"₹ 39,547.37",1,1,0,136683.58822057777,0
16978,Female,Delhi,38.15620369070096,10,"₹ 135,646.98",1,0,1,,0
16979,Female,Kolkata,42.70629246301591,5,"₹ 53,043.62",1,0,1,,0
16980,Male,Delhi,53.30940837847602,1,"₹ 56,580.63",2,1,0,91048.27198500553,1
16981,Male,Chennai,27.49338933923751,5,"₹ 3,016.68",2,1,0,96770.65823503077,1
16982,Female,Bangalore,,4,"₹ 32,644.37",1,1,0,53173.7834272313,1
16983,Female,Kolkata,36.08762357387421,8,"₹ 70,523.49",2,1,1,23809.945997722105,0
16984,Female,Pune,37.293441076772496,0,"₹ 66,355.59",2,1,1,114513.85496795947,0
16985,Female,Hyderabad,63.73079649948755,4,"₹ 18,152.09",1,1,1,42369.871926462954,0
16986,Male,DELHI,18.0,2,"₹ 36,171.36",1,1,1,30131.858402940205,0
16987,Male,mumbai,26.59756591181616,8,₹ 0.00,2,1,0,40730.932899045336,1
16988,Male,Chennai,45.68468337534885,0,"₹ 26,275.50",2,1,1,78093.83458497706,0
16989,Male,Chennai,44.92543506422008,5,"₹ 101,838.29",1,1,1,71059.42550651396,0
16990,Male,Hyderabad,19.470232340466467,2,"₹ 56,998.19",1,1,0,53713.11902273119,0
16991,Female,mumbai,37.58689426709917,0,"₹ 83,671.62",1,1,0,72980.0700945819,0
16992,Male,Delhi,59.3702277559905,10,₹ 0.00,2,1,1,109670.96312172954,0
16993,Male,Pune,27.55754349443458,2,"₹ 52,874.75",1,1,0,102084.57530176165,1
16994,Male,DELHI,61.21128415347539,1,"₹ 46,488.67",1,0,0,137817.71699352626,1
16995,Female,Kolkata,34.25759614397562,9,"₹ 31,334.77",2,1,1,66960.92981605844,0
16996,Female,Kolkata,18.0,7,"₹ 43,080.93",1,1,1,110332.64402370999,0
16997,Female,DELHI,57.28628278859479,2,"₹ 34,185.80",2,1,0,100347.31544910379,0
16998,Female,Mumbai,48.7603766366243,10,"₹ 15,022.56",2,1,0,59451.96956587162,0
16999,Male,Pune,23.010950615642003,6,"₹ 54,035.88",1,1,1,137555.33426761974,0
17000,Female,mumbai,36.85831530768872,9,"₹ 76,222.81",1,1,1,169765.653555401,0
17001,Male,Pune,70.87444622555705,5,"₹ 26,545.37",1,0,1,75342.76451480198,1
17002,Male,Hyderabad,54.875285136666754,6,"₹ 27,925.66",1,1,0,74552.98911954781,0
17003,Female,Chennai,61.73079088897842,10,"₹ 74,183.04",1,1,1,106193.12690844506,0
17004,Female,Mumbai,27.925234973631675,6,"₹ 51,464.11",2,0,0,49451.76062756873,0
17005,Male,mumbai,63.3791767750048,9,"₹ 39,536.63",2,0,1,109054.7376207455,0
17006,Male,Pune,23.640704852704093,0,"₹ 52,957.08",2,0,1,148024.5743085441,0
17007,Female,Bangalore,24.115211979719938,3,"₹ 111,847.78",2,0,1,108675.04463880297,0
17008,Male,Chennai,57.5267897022728,3,"₹ 84,491.51",2,1,1,58965.1585802761,0
17009,Male,Pune,25.033793565759698,4,"₹ 101,715.59",1,1,0,97352.84458041313,0
17010,Male,Pune,67.76341431783193,9,"₹ 72,073.22",1,0,0,89300.05997919649,1
17011,Male,mumbai,26.21385183174926,4,"₹ 27,124.96",2,0,0,28245.39529442104,0
17012,Female,Chennai,30.419065077364635,7,"₹ 36,740.82",1,1,1,113433.9855516766,0
17013,Male,Kolkata,62.297573453261116,3,"₹ 27,314.05",2,1,1,60756.23878706999,0
17014,Male,Kolkata,35.68871835346667,0,"₹ 68,681.53",2,1,0,141622.4757074531,0
17015,Female,Bangalore,56.92732236757607,4,"₹ 40,885.04",1,1,1,135514.31710738307,1
17016,Female,Delhi,28.299204541056547,0,"₹ 24,990.37",2,0,1,136855.35808821468,0
17017,Male,DELHI,40.8509889071168,2,"₹ 46,588.16",2,0,0,93929.3075762239,0
17018,Male,mumbai,56.1129737438524,7,"₹ 8,016.56",1,0,1,110514.88649042504,0
17019,Male,mumbai,32.31413823069836,9,"₹ 80,262.59",2,1,1,118092.65029163435,0
17020,Female,Kolkata,60.34090268036994,4,"₹ 21,008.19",1,0,1,147396.97948027312,0
17021,Female,mumbai,39.595717386280825,6,"₹ 77,374.52",1,1,1,68023.44048968128,0
17022,Female,Chennai,46.80136752186986,0,"₹ 63,978.51",2,1,0,55934.97623088384,0
17023,M,Delhi,29.960062177023428,5,"₹ 67,280.51",2,1,1,14818.576153903974,0
17024,Female,Bangalore,33.44457386641135,7,"₹ 15,634.01",1,1,1,69402.95088085305,0
17025,Female,Mumbai,32.33786467150196,5,"₹ 51,991.11",1,1,0,81772.10652640066,0
17026,Male,Kolkata,35.865400949704075,3,"₹ 34,437.02",1,1,1,29333.91133059247,0
17027,Male,Mumbai,68.19304577771791,10,₹ 0.00,1,1,0,96959.29543648392,0
17028,F,Mumbai,61.811848718993645,7,"₹ 93,081.77",2,0,0,122392.80352366471,1
17029,Male,Hyderabad,51.776993665330934,7,"₹ 47,142.42",2,0,0,48295.08233108245,0
17030,Male,Delhi,35.120726463904944,5,"₹ 36,483.15",2,0,1,97213.54858297446,0
17031,Female,DELHI,32.3688156808681,7,"₹ 91,219.34",2,0,1,70851.66016579997,0
17032,Male,Pune,30.45578561973349,5,"₹ 79,011.21",2,0,1,86997.17450387927,0
17033,Female,Chennai,40.44249393848252,3,"₹ 149,108.72",2,0,1,105752.86702232891,0
17034,Female,mumbai,,10,"₹ 21,451.41",1,0,1,65108.762577765236,0
17035,Male,DELHI,54.21407336412797,5,"₹ 32,913.59",2,1,1,62757.00015276889,0
17036,Female,Bangalore,45.21612249873136,8,"₹ 108,195.71",2,1,1,38850.2350783192,0
17037,Male,Bangalore,53.48172181001803,7,"₹ 24,315.01",1,1,0,50102.20719292248,0
17038,Male,Chennai,59.039269572309635,6,"₹ 28,074.16",2,1,1,98442.08778483831,0
17039,Female,mumbai,39.42365898733908,4,"₹ 47,563.79",2,1,1,86279.83923268407,0
17040,Female,mumbai,61.47570210763516,6,"₹ 99,453.07",2,0,1,32298.551629179346,0
17041,Female,Kolkata,30.24399715069159,0,"₹ 34,089.12",1,0,0,47769.21478164644,0
17042,Male,mumbai,53.795728754378395,7,"₹ 118,329.19",2,1,1,87052.18294032663,0
17043,Female,Pune,45.4794613687408,4,"₹ 49,602.09",2,1,1,141497.43046052085,0
17044,Male,DELHI,47.62950081068287,6,"₹ 90,241.80",1,1,0,54864.29117779396,1
17045,Female,DELHI,39.48297797231381,6,"₹ 39,771.20",1,1,0,31697.693827945368,0
17046,Male,Hyderabad,,7,"₹ 20,748.91",2,1,1,50315.28038240776,0
17047,Female,Chennai,35.936455713547105,6,"₹ 67,204.84",2,1,0,76309.99475120849,0
17048,Male,Chennai,65.81187340275471,5,"₹ 6,400.62",2,1,1,39732.81999981295,0
17049,Male,Pune,65.91048099403845,5,₹ 744.63,2,1,0,86189.21105608923,0
17050,Male,mumbai,51.76668131464229,4,"₹ 71,203.75",1,1,1,103881.99931934118,0
17051,Female,Hyderabad,40.30745074021782,4,"₹ 32,822.84",1,0,1,76613.47447182248,0
17052,Female,Kolkata,32.43339906370484,3,"₹ 8,659.66",1,1,1,73924.28959003351,1
17053,Female,Kolkata,,6,"₹ 32,000.02",2,1,1,114581.9607426553,0
17054,Male,DELHI,53.09817178056558,10,"₹ 66,851.73",1,1,1,112414.59575708187,0
17055,Male,Pune,28.32757425484577,2,"₹ 21,781.25",1,0,1,55173.48331131261,0
17056,Male,Mumbai,30.42775165936787,4,₹ 0.00,1,1,0,72876.71382128238,0
17057,Female,Mumbai,53.26511747750411,2,"₹ 45,186.62",1,1,0,148568.58329516283,0
17058,Male,mumbai,38.55172499148882,7,"₹ 60,757.83",1,1,1,90869.71514732439,0
17059,Female,DELHI,48.263993720939695,4,"₹ 74,345.08",2,0,1,123888.86575351501,0
17060,Female,Pune,51.90873992375655,10,"₹ 80,671.29",1,1,1,54425.950115785694,1
17061,Female,Mumbai,69.07050227308845,9,"₹ 45,236.56",1,0,1,41417.406767757966,0
17062,Female,Delhi,47.97860507690105,5,"₹ 107,010.14",2,1,0,60118.52849889145,0
17063,Female,Bangalore,36.75578019739795,0,"₹ 46,306.81",1,0,1,65340.86807899109,0
17064,Female,Bangalore,43.87382634895111,10,"₹ 43,203.53",2,1,0,91960.65680444198,0
17065,Male,Delhi,36.33197085720286,3,"₹ 41,313.20",1,1,0,103943.0977507369,0
17066,Female,Delhi,73.1963187577733,8,"₹ 54,276.66",1,1,1,62674.546075214006,0
17067,Male,Pune,50.583503917213676,4,"₹ 65,258.48",2,1,1,31667.05150203807,0
17068,Male,Hyderabad,53.770015187253705,0,"₹ 91,875.90",1,1,0,83198.2549221769,0
17069,Male,Chennai,65.28752863844826,3,"₹ 33,766.92",1,1,1,133234.8794981713,0
17070,Male,Mumbai,32.28525461558795,5,"₹ 25,923.60",1,0,1,151620.50510167622,0
17071,Male,Pune,23.602669412057015,6,"₹ 54,231.23",1,1,0,10000.0,0
17072,Male,Hyderabad,44.658888309423816,6,"₹ 36,860.76",2,0,1,105603.71056308385,0
17073,Female,Chennai,23.644817666797856,7,"₹ 16,379.89",1,1,1,137866.87319240154,0
17074,Male,Pune,38.83341615601101,4,"₹ 86,123.22",1,1,1,59301.06076487631,0
17075,Female,mumbai,18.0,5,"₹ 85,174.90",1,1,0,85444.11544896834,1
17076,Male,Chennai,24.72476946636112,10,"₹ 5,932.75",2,1,1,109767.77680312711,0
17077,Female,Chennai,63.3439503692705,10,"₹ 45,910.29",2,0,1,112740.36241430926,1
17078,Female,Kolkata,51.069553169643626,1,"₹ 67,310.58",1,1,1,59538.38997878834,0
17079,Female,Bangalore,71.96477223009546,9,"₹ 107,658.13",1,0,0,135110.38322129947,1
17080,Female,Delhi,44.53292895496034,1,"₹ 48,136.10",1,1,0,78477.76965883424,0
17081,Male,mumbai,43.95701689434945,2,"₹ 75,893.69",2,0,0,55108.14786658481,0
17082,Female,Mumbai,48.23211923292995,3,"₹ 38,931.00",1,1,0,39284.25873023176,1
17083,Male,Kolkata,90.0,5,"₹ 63,616.20",2,1,0,112457.92801345114,0
17084,Male,Kolkata,60.78907105128431,5,"₹ 77,046.12",1,0,1,42504.60200339618,0
17085,Female,DELHI,32.39093078942784,2,"₹ 60,466.31",2,0,0,128744.08441302227,0
17086,Male,Pune,51.11013225040552,0,"₹ 50,799.25",1,0,1,117796.61995905195,0
17087,Female,Pune,47.2884857479403,2,"₹ 79,029.06",1,1,0,17499.249412207617,0
17088,Female,Pune,55.81357535028998,3,"₹ 91,018.33",1,1,0,100033.56594994766,1
17089,Male,Chennai,73.0983001991596,8,"₹ 54,521.31",1,0,1,15289.741971092662,0
17090,Male,Mumbai,53.81663377365759,9,"₹ 80,981.79",1,0,0,41069.37111134387,0
17091,Male,Bangalore,39.438609852772004,7,"₹ 33,165.43",2,1,0,150729.86225868415,0
17092,Female,Pune,72.9652337834662,3,"₹ 38,052.34",2,1,1,79450.62988725178,0
17093,Female,Kolkata,25.41190050734847,6,"₹ 97,047.65",1,1,0,54837.612403509476,0
17094,Male,Mumbai,40.93261001612284,8,₹ 0.00,1,1,1,35184.22256113727,0
17095,Male,Kolkata,58.52187838468573,1,"₹ 42,849.42",1,1,0,131360.66681292508,0
17096,Female,Delhi,33.14245926237125,2,"₹ 56,499.41",2,1,1,127116.21147643513,0
17097,Female,Mumbai,44.2233713584772,0,"₹ 15,101.89",2,0,1,88169.40761738954,0
17098,Male,Chennai,34.480149873277064,7,"₹ 82,289.24",2,1,1,93129.93916216587,0
17099,Male,Pune,44.4249072707822,1,"₹ 48,558.30",2,0,0,93382.325931347,0
17100,Female,Hyderabad,34.50601537967774,6,"₹ 71,398.90",1,0,0,94181.2730125682,0
17101,Male,mumbai,46.18567159343066,6,"₹ 95,284.59",1,1,1,112522.70246454861,0
17102,Male,Kolkata,40.055662152210424,10,"₹ 86,925.06",1,1,1,56283.47205173224,0
17103,M,DELHI,64.90861907710617,2,"₹ 39,575.58",2,0,0,18218.866932801167,1
17104,Female,DELHI,50.782494236305965,1,"₹ 15,879.21",2,1,0,132740.89640160196,1
17105,Male,mumbai,56.071946865888705,2,"₹ 37,883.49",2,1,1,35315.73146553068,0
17106,Male,Bangalore,47.164653095432676,7,"₹ 54,700.91",2,1,0,107355.93207891646,1
17107,Male,Bangalore,38.483672161686286,8,₹ 0.00,2,1,0,96574.88030419056,0
17108,Male,mumbai,50.02200959022419,10,"₹ 97,629.66",1,1,1,69651.01674704172,0
17109,Female,Hyderabad,48.04189209928333,7,"₹ 53,640.21",1,1,0,54074.37779918437,0
17110,Male,Chennai,18.0,10,"₹ 42,987.06",1,0,0,90401.2067158789,0
17111,Female,Mumbai,45.503295887202945,1,₹ 0.00,1,0,1,132493.35573261077,0
17112,Female,Hyderabad,55.079424968493385,8,"₹ 50,393.27",2,0,0,27715.409682217418,1
17113,Male,Pune,34.25851374232237,5,"₹ 52,874.32",1,0,0,78995.86055528045,0
17114,Male,Bangalore,58.01280742154884,1,"₹ 24,833.14",2,1,0,153176.91660430486,0
17115,Female,Kolkata,50.33387535940346,8,"₹ 58,929.19",3,1,1,112186.73196219785,1
17116,Female,Bangalore,39.04828219890914,4,"₹ 46,121.21",1,1,0,32790.84782152649,0
17117,Female,DELHI,53.12855030324403,5,"₹ 1,843.43",1,1,1,47361.53547498782,1
17118,Male,Kolkata,39.47111971516899,0,"₹ 70,504.37",2,1,1,119327.84294819628,0
17119,Female,Pune,49.151972089577605,1,"₹ 124,122.24",1,1,0,28805.46002398379,1
17120,Female,Delhi,41.10117583699358,0,"₹ 103,708.39",2,0,0,68126.94474213485,0
17121,Female,DELHI,53.23507876671698,3,"₹ 64,750.01",2,1,0,53595.35250656925,0
17122,Male,mumbai,65.2023711039825,1,"₹ 58,316.06",1,0,1,76213.49387766157,0
17123,Female,Bangalore,38.458215761696486,0,"₹ 4,779.56",1,0,0,115994.39378320103,1
17124,Female,Pune,58.53340247775273,2,"₹ 57,548.02",2,1,0,74906.99653265705,0
17125,Male,Pune,40.515566006742155,3,"₹ 41,192.75",2,1,0,61676.326199777526,1
17126,Male,Delhi,40.63316194938955,3,₹ 0.00,2,1,1,87506.70646716088,0
17127,Male,DELHI,39.07103300327049,2,"₹ 38,701.30",1,1,1,80636.17503781001,0
17128,Male,Kolkata,19.67989943108926,1,"₹ 32,762.78",2,1,1,45635.576951330586,0
17129,Male,DELHI,52.50534478303366,7,"₹ 3,645.50",2,0,0,63729.542699219775,0
17130,Female,DELHI,,9,"₹ 46,955.59",1,0,1,14108.814596105221,0
17131,Male,Bangalore,47.44425591606844,10,"₹ 5,664.66",2,1,0,58060.20904523904,0
17132,Male,Kolkata,68.31780610449269,1,"₹ 62,144.82",1,1,0,135111.87223985995,0
17133,Female,Hyderabad,69.96931695164254,4,"₹ 66,747.50",1,1,1,104895.20069762738,0
17134,Male,Kolkata,64.61922092171773,6,₹ 0.00,2,1,0,67437.34357494352,0
17135,Male,Pune,41.47007402827558,8,"₹ 37,641.99",2,0,1,115238.98326765627,0
17136,Female,Delhi,40.70921371270239,2,"₹ 35,946.16",1,1,0,135984.42776531575,0
17137,Female,DELHI,29.72763974688832,0,"₹ 42,919.36",1,1,1,80064.80887156865,0
17138,Female,Kolkata,45.92755153626499,8,₹ 0.00,1,1,0,48483.4402915282,0
17139,Female,Pune,45.12380056818797,0,"₹ 61,574.81",2,1,0,65810.97059017347,0
17140,Male,Mumbai,53.0766734356839,7,"₹ 95,564.47",1,0,0,100716.50662881439,1
17141,Female,Delhi,28.96730388961778,1,"₹ 95,492.11",2,0,1,120600.8651468768,0
17142,Male,Chennai,39.38608126300136,6,"₹ 77,289.42",1,0,0,82209.24200769469,0
17143,Female,mumbai,19.57581618864936,2,₹ 0.00,1,0,0,71115.68729112632,0
17144,Male,Pune,34.259419047969324,5,"₹ 31,123.86",1,1,1,118771.39109878335,0
17145,Female,DELHI,58.38951841702338,5,"₹ 65,107.34",2,1,0,40932.80681402577,1
17146,Female,Delhi,28.47862597270957,3,"₹ 63,823.56",1,0,1,80710.93394529186,0
17147,Female,Kolkata,71.15967252781736,7,"₹ 84,838.20",1,1,1,125124.02226241134,1
17148,Male,Mumbai,60.13353720580665,4,"₹ 42,125.62",2,1,1,84292.14796733922,0
17149,Male,Chennai,52.51861727734446,6,"₹ 13,398.68",1,1,0,73475.16101123347,0
17150,Female,Mumbai,65.00304195164955,4,"₹ 65,909.80",1,1,0,28820.463147070033,0
17151,Female,mumbai,43.18449350311524,3,"₹ 35,706.06",2,0,1,62243.49725641668,0
17152,Male,Delhi,33.937132784206014,5,"₹ 91,841.88",2,1,0,85633.9419686075,0
17153,M,Hyderabad,43.56086514104341,2,"₹ 70,165.26",1,0,0,117653.18804397111,0
17154,Female,Bangalore,19.217321291416507,5,"₹ 38,921.12",1,0,0,26669.34037277195,0
17155,Male,Delhi,62.86107146244973,5,"₹ 55,051.04",1,1,0,53548.24981849444,1
17156,Female,Chennai,39.76667133031768,10,"₹ 83,486.94",2,1,0,66855.01275978964,1
17157,Female,Hyderabad,33.67189843562623,10,"₹ 65,907.57",2,0,1,92097.50751005294,0
17158,Male,Hyderabad,35.40682563989715,5,"₹ 54,143.60",2,1,0,48168.40119454557,0
17159,Male,mumbai,45.24864657282467,10,"₹ 57,559.32",2,1,0,59027.286306264294,0
17160,Female,Bangalore,46.7943453119268,2,"₹ 40,851.18",3,1,0,140018.42772719092,1
17161,Female,Hyderabad,42.8084391522625,7,"₹ 62,371.05",3,1,0,86756.87877739144,1
17162,Male,Pune,42.741755828286664,3,"₹ 50,679.25",1,1,0,65238.90576201458,0
17163,Female,Hyderabad,53.24639027502023,10,"₹ 18,891.09",1,0,0,102161.73784283531,0
17164,Female,Hyderabad,28.519863703162343,1,"₹ 62,834.57",1,0,1,21598.07736094306,0
17165,Female,Kolkata,48.37787131828932,6,"₹ 66,534.70",1,1,0,64049.27146105892,1
17166,Male,mumbai,40.23205661612603,10,"₹ 80,210.82",2,0,0,51449.839782600524,0
17167,Female,Hyderabad,18.0,7,"₹ 2,462.68",1,1,0,53680.91746878905,0
17168,Male,Hyderabad,28.750451451318163,10,"₹ 58,026.26",2,1,0,47058.32193787841,0
17169,Male,Bangalore,33.12028712402109,3,"₹ 38,363.90",2,1,1,73223.07609823655,0
17170,Male,Mumbai,70.05589657661798,5,"₹ 67,156.86",2,0,0,72195.81382715139,0
17171,Male,Kolkata,51.78756082852841,7,"₹ 13,025.66",1,1,1,60062.56190482573,0
17172,Female,DELHI,49.064841313029156,4,"₹ 88,881.01",1,1,1,11790.27033624961,0
17173,Male,Kolkata,37.695423524398656,8,"₹ 17,787.66",2,0,1,48628.949469024396,0
17174,Female,Bangalore,37.31477129365063,5,"₹ 34,846.54",2,1,1,56190.08898953416,0
17175,Male,mumbai,27.256803238039094,5,"₹ 131,365.18",1,1,1,24737.729235541825,1
17176,Male,Delhi,40.1038600054992,1,"₹ 52,793.60",2,0,1,134906.69434784728,0
17177,F,Bangalore,65.634140534283,6,"₹ 82,723.53",2,1,1,17805.42304175152,0
17178,Female,Chennai,25.22824005647607,8,"₹ 57,434.04",2,1,1,143962.45788136232,0
17179,Male,Mumbai,36.203580425794755,4,"₹ 88,052.61",1,0,1,10000.0,1
17180,Female,Chennai,58.89280597343426,4,"₹ 74,131.14",1,1,0,29939.79499340173,0
17181,Male,Chennai,58.85211712831734,10,"₹ 26,046.87",1,0,0,66325.843092578,0
17182,Male,mumbai,34.191892135500346,4,₹ 0.00,1,0,0,121461.68674682706,0
17183,Female,DELHI,62.45430131447087,0,"₹ 11,709.93",2,1,1,49088.63800184737,1
17184,Female,Delhi,38.47954564345718,4,"₹ 34,845.72",1,1,0,174492.14780060248,0
17185,Male,Hyderabad,27.761106271135173,9,"₹ 66,942.66",1,0,1,28494.25298849534,0
17186,Female,Pune,67.47467986509474,7,"₹ 80,044.02",2,1,0,95644.31949808032,0
17187,Female,Hyderabad,46.37941022038948,2,"₹ 48,595.74",2,1,0,89129.3905048082,1
17188,Male,Chennai,42.48207807272533,8,"₹ 54,978.75",2,1,1,41567.746415067806,0
17189,Female,Kolkata,47.622446021589056,8,₹ 0.00,1,0,0,26889.760727808396,1
17190,Female,Pune,30.45113706133727,5,"₹ 41,481.14",1,1,1,82362.97856261236,0
17191,Female,mumbai,36.57144618626937,3,"₹ 47,178.38",2,1,1,85033.75643459405,0
17192,Male,Delhi,66.553527439997,3,"₹ 63,465.67",2,0,0,23855.750536028776,0
17193,Female,mumbai,72.88698991007101,10,"₹ 40,218.69",3,1,0,102857.92897724762,1
17194,Male,Mumbai,28.302448319923094,0,"₹ 34,975.07",2,1,0,101680.47843091132,0
17195,Female,Chennai,39.15962141022958,9,"₹ 106,649.00",1,1,0,111592.65111580798,0
17196,Female,Kolkata,,4,"₹ 8,649.41",1,1,1,40774.25203773536,1
17197,Male,mumbai,48.01040797889209,4,"₹ 90,995.21",2,1,1,173653.49831066522,0
17198,Female,Pune,30.74421522184524,4,"₹ 68,706.67",1,1,1,64129.19509102939,0
17199,Female,Chennai,54.756607548783194,0,"₹ 46,217.03",1,1,1,72548.78391099424,0
17200,Female,Delhi,55.88983506537206,0,"₹ 116,073.18",2,1,1,37967.850090029,0
17201,Male,Kolkata,57.75467674996177,9,"₹ 48,065.88",2,1,0,80287.94834951172,0
17202,Male,DELHI,56.28696238602009,1,"₹ 24,292.77",2,0,0,,1
17203,Female,DELHI,46.21848960823991,0,"₹ 56,420.97",1,1,0,85217.79629110034,1
17204,Male,Pune,59.85833793870213,7,"₹ 76,272.46",1,0,1,10000.0,0
17205,Female,Mumbai,53.16099394317321,3,"₹ 66,579.11",1,1,0,104772.70627910968,1
17206,Male,DELHI,22.7418732408498,5,"₹ 33,793.59",2,1,1,15076.864891181402,0
17207,Male,Chennai,22.847358156234353,7,"₹ 69,953.90",1,0,0,97201.27704860782,0
17208,Male,Delhi,49.628621391284604,4,₹ 0.00,1,1,1,54195.38791086682,0
17209,Male,Mumbai,64.28727715444194,5,"₹ 90,837.15",2,1,1,109482.60538243796,1
17210,Female,Hyderabad,51.69068184084505,3,"₹ 74,003.31",1,1,0,82693.49636933689,1
17211,Male,Delhi,53.82473546357413,5,₹ 0.00,4,0,0,85223.71876224467,1
17212,Male,Chennai,,5,"₹ 28,049.46",2,1,1,134338.44346200657,0
17213,Male,Chennai,46.010145297665844,2,"₹ 87,388.47",3,0,0,52978.147547875604,1
17214,Female,Mumbai,62.13159895948138,3,"₹ 43,093.56",2,1,0,33441.200997006825,0
17215,Male,Delhi,51.687172580121995,5,"₹ 48,936.66",1,0,0,109397.33045338369,0
17216,Female,Mumbai,46.56963482772989,7,"₹ 92,180.64",1,1,0,71137.87360086714,0
17217,Female,Pune,53.911881361122624,6,"₹ 32,207.08",2,1,0,114953.41231310113,0
17218,Female,Bangalore,48.39811885664669,3,₹ 0.00,1,1,1,41826.15567867561,0
17219,Female,Mumbai,62.61807597389826,2,"₹ 91,466.71",1,1,1,31979.651169692523,1
17220,Female,DELHI,48.386813219367134,10,"₹ 36,885.52",1,1,0,92896.16908139315,0
17221,Female,Chennai,44.538786735286415,7,"₹ 49,204.95",1,1,0,43145.347677657046,0
17222,Male,Hyderabad,29.289570054581844,5,"₹ 44,163.67",2,1,0,40473.99554475697,0
17223,Male,Delhi,63.21587765735178,7,"₹ 35,448.22",1,1,0,100807.65537426114,1
17224,Male,Pune,30.893714594197,8,"₹ 24,105.87",1,1,1,56535.978986119575,0
17225,Female,Pune,48.56217543639578,8,"₹ 44,600.20",1,1,1,94011.61677727671,0
17226,M,Hyderabad,57.01434096630083,9,"₹ 21,317.05",1,1,0,10000.0,0
17227,Female,Mumbai,71.84003742949925,10,"₹ 91,130.33",2,1,0,25093.033184307744,0
17228,Male,Mumbai,48.39944130558611,8,"₹ 86,472.92",4,0,0,86132.42476200138,0
17229,Female,Delhi,65.86938319313464,9,"₹ 66,596.29",2,1,0,61661.71627689054,0
17230,Male,Delhi,45.41079582108227,0,"₹ 65,633.86",1,1,0,62483.20797215348,0
17231,Male,Kolkata,36.59359766675178,2,₹ 0.00,2,1,0,27903.441544747526,1
17232,Male,Mumbai,86.49632459273323,8,"₹ 83,931.38",3,0,0,84217.46933935481,1
17233,Male,Delhi,26.72870135832114,3,"₹ 36,525.62",2,1,1,148679.28088948794,0
17234,Female,Pune,88.81986559373404,9,"₹ 90,507.31",1,1,0,85739.9232377422,0
17235,Male,Bangalore,69.42550380419488,1,"₹ 100,922.39",2,1,1,74155.10726283299,1
17236,Male,Chennai,36.377963386518545,0,"₹ 42,749.57",2,1,1,99805.53633965072,0
17237,Female,Mumbai,54.74772079583068,4,₹ 0.00,1,0,0,13100.986299657423,0
17238,Female,Kolkata,24.03368687026333,3,"₹ 56,940.84",1,1,1,109814.67153004638,0
17239,Female,Chennai,53.895484530428746,4,"₹ 15,286.07",1,0,0,161059.28329658642,1
17240,Male,DELHI,49.831492617459766,10,"₹ 32,014.15",3,0,0,44047.306577921314,0
17241,Female,Bangalore,57.99711257782527,4,"₹ 43,671.54",1,1,0,101921.22902025006,0
17242,Female,Mumbai,38.94032985424268,7,"₹ 78,426.74",2,1,1,63326.120591156665,0
17243,Male,Kolkata,47.38536812083497,5,"₹ 63,495.20",1,1,1,115239.2513451376,0
17244,Female,Mumbai,52.144120085668966,2,"₹ 96,171.25",1,0,0,95249.54964278528,0
17245,Male,Kolkata,37.67305366399572,8,"₹ 26,170.62",1,1,0,38887.930825571544,0
17246,Male,mumbai,66.09143028002833,7,"₹ 83,809.21",1,0,0,132852.92696058837,1
17247,Female,Kolkata,46.95207791938887,8,"₹ 73,247.32",2,1,1,94035.99081552071,0
17248,Female,Delhi,50.16560958168641,3,"₹ 70,204.03",2,1,0,51934.196663976545,0
17249,Male,Delhi,32.50833183345975,7,"₹ 83,347.45",1,0,1,39244.09267702657,0
17250,Female,mumbai,20.22987756867002,10,"₹ 74,873.46",2,1,0,33839.97853762707,0
17251,Female,Kolkata,24.804887973064577,2,"₹ 1,491.74",2,1,0,80845.88948888083,0
17252,Female,DELHI,53.94471732342555,4,"₹ 32,673.15",2,1,1,86565.5863195022,0
17253,Male,Chennai,33.145638038555,6,"₹ 79,240.16",2,0,0,10000.0,1
17254,Female,Delhi,55.933165645641985,0,"₹ 64,511.97",2,1,1,78120.11098275727,0
17255,Male,Chennai,69.82112319177823,0,"₹ 81,180.76",2,0,1,51339.11196493624,0
17256,Female,Chennai,56.56464779397701,2,"₹ 56,124.17",2,0,1,50248.52935670194,0
17257,Male,mumbai,51.39465965090156,3,"₹ 34,070.27",1,1,0,68231.50259556783,0
17258,Male,Pune,54.83523413211662,0,"₹ 25,382.48",1,1,0,121052.3563866206,0
17259,Female,Pune,61.56035426199689,7,₹ 607.70,2,1,0,166445.9478726249,0
17260,Male,Kolkata,49.67578734184103,1,"₹ 65,821.92",1,1,1,43956.11236645544,0
17261,Male,Pune,,10,"₹ 6,601.95",1,1,1,78444.50123199675,0
17262,Male,Mumbai,36.51876581519026,4,"₹ 50,017.74",1,1,1,52648.55748839934,0
17263,Female,Kolkata,30.35681559047766,5,"₹ 46,552.03",2,0,1,101980.3878663223,1
17264,Male,Pune,37.41310157696034,10,"₹ 83,432.84",2,0,1,58959.20690285943,0
17265,Female,DELHI,40.10463916026573,5,"₹ 118,805.88",2,1,0,105056.72565155732,0
17266,Male,Chennai,39.49252363511216,5,"₹ 38,372.14",2,1,0,68629.47162337347,0
17267,Male,Kolkata,62.19963791286591,10,"₹ 65,749.26",1,1,0,46955.509148064186,1
17268,Male,Chennai,18.0,0,"₹ 49,945.51",1,0,0,107194.87609569148,1
17269,Male,Hyderabad,41.794016272176556,2,"₹ 23,131.84",2,1,1,122856.64505372048,0
17270,Male,Pune,56.1492074519944,2,"₹ 85,450.07",1,0,0,95166.7960608377,0
17271,Male,Chennai,55.601446948469764,7,"₹ 61,996.71",2,0,0,66597.00279003462,1
17272,M,Pune,32.716009115030026,5,"₹ 67,679.88",2,1,1,105594.74582795605,0
17273,Female,Chennai,71.08076725443095,1,"₹ 76,925.98",1,0,1,118387.23350898342,0
17274,Male,DELHI,24.243708431918666,0,"₹ 77,142.81",1,1,1,98787.0553367715,0
17275,Male,Bangalore,39.75049298843163,3,"₹ 45,059.36",2,0,0,69212.88258848833,0
17276,Female,DELHI,40.35257274470352,0,"₹ 81,514.62",1,0,1,45697.07122392511,0
17277,Male,Delhi,40.202247519560466,4,"₹ 45,126.50",2,1,0,65850.75462769635,0
17278,Male,Pune,65.39550634766803,10,"₹ 13,873.21",1,1,0,87585.3638969676,0
17279,Female,DELHI,45.23944534548024,7,"₹ 64,952.45",2,1,0,100691.8653538091,0
17280,Female,Mumbai,49.79663212587069,9,"₹ 90,661.65",1,1,0,93503.32145379712,0
17281,Female,Pune,58.18975937233145,1,"₹ 29,945.13",2,1,1,54079.20094608114,0
17282,Male,mumbai,35.40627398821127,7,"₹ 2,566.24",3,0,0,109288.19592881273,1
17283,Male,Delhi,42.679050566930236,7,"₹ 53,792.06",2,0,1,99689.56087837432,0
17284,Female,Mumbai,70.14101889704851,5,"₹ 18,594.60",1,1,1,115070.87794931725,0
17285,Male,Delhi,50.673643961671225,7,"₹ 32,963.68",2,1,0,113831.44589232767,0
17286,Female,Kolkata,28.575344994023755,1,"₹ 52,834.84",2,0,0,113780.50461848776,0
17287,Female,Pune,,6,₹ 0.00,1,0,0,116611.37372156452,0
17288,Male,Mumbai,58.37899302041375,7,"₹ 36,288.41",1,1,1,75428.91378651913,0
17289,Female,Hyderabad,28.05788771499057,3,"₹ 38,487.77",2,0,0,231390.78129227232,0
17290,Female,Chennai,37.90514864206062,8,"₹ 105,479.21",2,1,1,72128.24438827607,0
17291,Female,mumbai,48.04953295113454,10,"₹ 45,309.39",1,1,0,118115.27479573985,0
17292,Male,Pune,45.20432259904057,5,"₹ 113,962.02",1,0,0,148021.86108998314,0
17293,Male,mumbai,67.2482638965439,2,"₹ 87,065.95",3,0,0,88933.57581470907,0
17294,Male,Mumbai,18.0,3,"₹ 63,447.07",1,1,0,84361.72888355203,0
17295,Male,Chennai,52.229207587977044,3,"₹ 60,733.32",2,1,0,119053.5491648599,0
17296,M,Delhi,40.761256814448195,0,"₹ 59,753.00",1,1,0,10000.0,0
17297,Male,Pune,64.7551231260666,9,"₹ 54,061.82",2,1,1,78200.47630692736,0
17298,Male,Chennai,41.46559317704913,0,"₹ 5,580.10",2,1,1,96345.15917557181,0
17299,Male,mumbai,41.90026106859966,0,"₹ 60,433.36",1,1,1,121129.51922848466,0
17300,Female,Bangalore,44.93885120572702,3,"₹ 52,862.29",1,1,0,53785.8817495115,1
17301,Male,Mumbai,35.08289021315789,0,"₹ 56,300.58",1,1,0,112592.34877937632,0
17302,Male,Mumbai,36.13630991986578,5,"₹ 102,256.30",2,0,1,78855.69496416916,0
17303,Male,mumbai,42.76566450933456,1,"₹ 43,776.42",1,0,1,167536.8469333307,0
17304,Female,mumbai,69.67458647168128,0,"₹ 18,046.89",1,1,0,116344.37432091087,1
17305,Male,Kolkata,37.62975223933613,6,"₹ 33,179.53",1,1,1,184803.44212380337,0
17306,Female,Delhi,34.687539368939156,5,"₹ 75,060.57",1,0,0,65153.926333731695,0
17307,Female,mumbai,38.997778404136156,0,"₹ 58,532.69",2,1,0,42268.161859387335,0
17308,Male,DELHI,45.05094053838706,9,"₹ 51,381.50",3,1,0,54030.205688083806,1
17309,Female,Pune,71.8866686139599,8,"₹ 8,795.63",1,0,1,24988.562687087746,1
17310,Male,Hyderabad,33.543220893516846,5,"₹ 85,936.63",2,1,0,57842.42620332073,0
17311,M,Pune,82.4863942396183,1,"₹ 31,649.73",1,1,1,109817.79282191308,1
17312,Female,Kolkata,51.784490287015295,6,"₹ 60,815.21",3,1,0,53209.511099069176,1
17313,Male,Chennai,29.99510796652324,2,"₹ 46,988.66",2,1,1,84012.43554648303,0
17314,Male,Hyderabad,36.79117337491916,6,"₹ 2,349.65",2,1,1,74620.70450652721,0
17315,Male,Chennai,18.0,8,"₹ 61,111.69",1,1,1,32497.852764758813,0
17316,F,mumbai,46.6002285776743,4,"₹ 14,053.57",2,1,0,174270.14629970188,1
17317,Male,Kolkata,60.77302898533589,0,"₹ 60,093.63",1,1,0,69171.56519498899,1
17318,Female,DELHI,45.46633470446494,4,"₹ 34,282.56",1,0,0,119609.73135197231,0
17319,Male,Pune,57.04211097851319,7,"₹ 44,241.21",2,1,0,93130.52577486317,0
17320,Female,Chennai,51.427309217853484,7,"₹ 71,286.76",1,0,0,10852.124073736399,0
17321,Male,Bangalore,63.152017327596624,2,"₹ 12,144.22",2,1,0,38883.644672445385,0
17322,Female,Pune,30.30393199325031,3,"₹ 142,956.94",2,1,0,86297.15218793777,0
17323,Male,Mumbai,58.24323323113199,7,"₹ 24,632.70",1,1,1,57822.768359601,0
17324,Female,Delhi,73.30163913582629,7,"₹ 70,943.43",1,0,0,130300.71080619616,0
17325,Male,Hyderabad,,6,"₹ 77,053.48",1,1,1,10000.0,0
17326,Male,Chennai,66.30489263862455,5,"₹ 95,822.97",2,0,0,121188.10599315209,0
17327,Male,Kolkata,47.57207115098682,3,"₹ 29,944.12",2,1,0,63001.470224832214,0
17328,Female,Mumbai,30.52090171767246,9,"₹ 27,556.21",2,1,0,10000.0,0
17329,Male,Delhi,32.75065531719073,8,"₹ 82,910.38",2,1,1,58693.195951838556,0
17330,Female,Chennai,42.402375115673166,1,"₹ 66,335.18",1,1,1,98902.83711031574,0
17331,Male,DELHI,72.89883581280475,1,"₹ 67,002.49",2,1,1,62703.58352652022,0
17332,Female,Chennai,37.04445438818878,0,"₹ 91,926.91",3,1,0,96007.72648330106,0
17333,Female,Bangalore,47.69395846239554,10,"₹ 52,865.14",1,0,1,146359.0198463297,0
17334,Female,Bangalore,59.11145665519311,2,"₹ 55,425.85",1,1,1,168902.46381155436,0
17335,Male,Kolkata,18.0,2,"₹ 89,878.35",1,0,1,52036.97443933855,0
17336,Male,Bangalore,29.04881218572426,3,"₹ 55,286.25",2,1,1,124884.8392425078,0
17337,Male,DELHI,74.29756803620243,2,"₹ 19,573.10",1,1,0,72899.6002818835,0
17338,Male,Kolkata,,9,"₹ 23,045.55",1,0,0,21410.99484808986,0
17339,Female,Hyderabad,60.744668102985734,5,"₹ 41,975.75",2,1,1,21862.034198254434,0
17340,Female,DELHI,30.907583335888507,8,"₹ 60,689.87",1,1,0,80693.56901024815,0
17341,Female,Kolkata,66.7725237895516,7,"₹ 78,750.07",1,1,1,122363.31597847895,0
17342,Male,DELHI,32.74587736050892,5,"₹ 121,927.47",2,1,0,52982.47246943246,1
17343,Female,Bangalore,46.37321785412713,7,"₹ 42,607.54",1,0,1,75277.3810924737,0
17344,Male,Hyderabad,55.42038650532622,7,"₹ 7,964.37",2,1,0,88614.93475814788,0
17345,Female,DELHI,57.49329862651369,9,"₹ 2,154.23",2,0,0,10000.0,0
17346,Male,Hyderabad,52.40321953027713,5,"₹ 43,570.67",1,0,1,101556.17467805439,0
17347,Male,Delhi,41.98605808182422,1,"₹ 49,704.73",1,1,1,112139.98716765412,1
17348,Male,DELHI,18.0,4,"₹ 68,436.72",1,0,1,117125.69752187989,0
17349,Female,Pune,46.235292076037084,3,"₹ 123,420.34",1,0,0,96611.5210493095,0
17350,Female,Bangalore,18.0,5,"₹ 68,539.15",1,0,0,82312.16978656333,0
17351,Male,Chennai,53.51368995277192,1,"₹ 52,586.37",2,0,0,,0
17352,Male,Hyderabad,30.320097310873603,3,"₹ 80,045.37",1,1,1,122795.57341521129,0
17353,Male,Bangalore,42.6070673024063,7,"₹ 2,497.30",2,0,1,84536.28866981414,0
17354,Female,Mumbai,37.32701017427273,0,"₹ 57,490.12",1,1,0,111985.68501522795,0
17355,Male,Pune,53.49018460384844,2,"₹ 1,182.87",2,1,1,80205.3872198671,0
17356,Female,Bangalore,33.14844418874245,3,"₹ 92,231.56",2,1,0,130143.98675189429,0
17357,F,Pune,48.843175651915224,1,"₹ 9,488.51",2,1,1,70595.04489282068,1
17358,Female,Bangalore,47.76823056198384,1,"₹ 79,843.05",1,1,1,134326.0023446789,0
17359,Male,Pune,45.98655080444349,5,"₹ 74,368.81",2,1,0,26593.831456528118,0
17360,Female,Chennai,50.89013453735563,5,"₹ 94,212.96",2,1,0,92565.66213240818,0
17361,Female,Chennai,26.962696427006257,2,"₹ 22,373.06",2,1,0,129574.5925992612,0
17362,Male,Delhi,27.511667095856907,7,"₹ 48,252.22",1,1,1,99679.61684075052,0
17363,Female,Chennai,66.50213578898598,2,"₹ 79,485.90",1,0,1,99105.77826975206,0
17364,Female,Chennai,21.901911109276426,1,"₹ 60,420.23",1,1,0,103980.80418779484,0
17365,Male,Hyderabad,77.49521722409422,4,"₹ 64,727.06",1,1,0,85177.5715431931,0
17366,Male,Kolkata,42.93355795718617,6,"₹ 72,132.44",2,1,1,69071.5831346477,0
17367,Male,DELHI,32.24280922765504,0,"₹ 40,031.80",2,0,0,101550.72198427108,0
17368,Female,Hyderabad,57.91722813697193,1,"₹ 21,113.44",1,1,1,105990.16209057157,0
17369,Male,mumbai,36.56649922393003,1,"₹ 26,279.12",1,1,1,51239.26636204113,0
17370,Female,DELHI,50.07295231219613,7,"₹ 47,321.34",2,1,0,108299.02290650933,0
17371,Female,mumbai,63.646222477835636,9,"₹ 27,632.04",2,0,1,77768.86732550141,0
17372,Female,Mumbai,55.698828091595864,5,"₹ 41,430.48",3,1,1,45317.29988235222,1
17373,Male,Bangalore,51.3974016852334,3,"₹ 49,291.12",1,1,0,124250.71219984762,0
17374,Female,Kolkata,54.8194715261365,3,"₹ 95,557.85",1,0,1,97964.82272848541,1
17375,Male,mumbai,45.601109658723864,4,"₹ 17,066.00",2,1,1,122443.1242428537,0
17376,Male,DELHI,57.166419715327784,2,"₹ 27,240.54",2,1,0,60673.04051070486,1
17377,Female,Hyderabad,28.908325108572537,3,"₹ 48,727.32",2,0,1,139761.69799016038,0
17378,Male,Delhi,66.88674067361448,3,"₹ 19,092.78",1,1,0,80327.62833098296,0
17379,Female,Pune,42.65690167244138,6,₹ 0.00,2,1,0,109114.25818112714,0
17380,Male,Chennai,47.65772744151244,6,"₹ 31,529.51",1,1,0,50003.00761991016,0
17381,Male,Kolkata,40.296734390370936,0,"₹ 42,145.96",1,1,1,106343.7307206855,0
17382,Male,Kolkata,54.09166256921937,2,"₹ 55,460.67",1,1,0,106779.52271443605,1
17383,F,Chennai,60.81185397723722,8,"₹ 20,942.37",1,1,0,72793.16337455086,0
17384,Female,Chennai,30.11895699954495,5,"₹ 100,187.49",2,1,1,42224.82052476278,0
17385,Female,Chennai,43.96076040872153,5,"₹ 73,301.08",2,1,1,107239.89895314182,0
17386,Male,Delhi,47.54783138126511,3,"₹ 16,760.22",2,0,1,124393.28675695791,0
17387,Male,Mumbai,51.54485095369873,9,"₹ 31,659.07",1,0,0,35230.59712114315,0
17388,M,Delhi,40.626613205805896,8,"₹ 29,393.46",2,1,1,83288.35297203193,0
17389,Male,Hyderabad,38.52062418851005,2,"₹ 17,824.76",1,1,1,103618.65737561333,0
17390,Male,Mumbai,58.291532752960805,7,"₹ 84,428.43",1,0,1,41027.782764165924,1
17391,Female,Pune,52.62956861503318,5,"₹ 18,000.40",2,1,0,142257.63876497978,0
17392,Male,Chennai,,1,"₹ 53,146.82",2,1,1,121377.14296608244,0
17393,Female,Delhi,63.74107930976233,2,"₹ 34,436.32",2,0,1,109005.09087209136,0
17394,Female,Bangalore,24.934085327601103,0,"₹ 44,018.17",1,1,1,96671.27030346803,0
17395,Male,Hyderabad,56.9767902920183,2,"₹ 80,874.63",1,1,0,56760.77007490855,1
17396,Male,Pune,50.60441429436677,3,"₹ 59,527.49",1,0,1,69709.84800403725,0
17397,Male,Pune,23.17619847640039,5,"₹ 60,905.89",2,0,0,21352.365646464532,0
17398,Female,DELHI,62.49490772610928,9,"₹ 59,480.79",1,1,0,55581.81287188901,0
17399,Female,DELHI,53.84794926589571,6,"₹ 64,503.83",1,0,1,98818.53386480222,0
17400,Male,Pune,55.85012715590859,2,"₹ 18,554.06",1,0,0,88906.75716783505,0
17401,Male,Mumbai,,10,"₹ 29,587.14",2,1,1,60083.89333386727,0
17402,Female,Hyderabad,56.43883989766647,6,"₹ 61,114.41",2,1,1,87781.4719305263,0
17403,Female,DELHI,34.03590956894548,3,"₹ 28,312.97",2,1,1,105710.51723582137,0
17404,Male,Kolkata,24.818731433292246,0,"₹ 39,443.68",2,0,0,46266.05414749298,0
17405,Male,Chennai,44.80417005769216,0,"₹ 58,227.18",1,1,0,141249.94952404982,0
17406,Male,Hyderabad,55.1251379131291,7,"₹ 83,120.37",1,1,1,78382.66503827885,0
17407,Female,Pune,60.22388407481414,9,"₹ 75,631.14",2,1,1,88406.57941838013,0
17408,M,Pune,47.26036162894575,6,"₹ 97,962.29",2,1,0,72090.80326023234,0
17409,Male,Bangalore,46.10300581573442,3,"₹ 54,398.38",2,0,0,88367.47329087065,0
17410,Female,Chennai,60.21480699066055,0,"₹ 53,542.15",3,0,0,10000.0,0
17411,Male,Kolkata,39.990953369217976,5,"₹ 30,150.54",2,1,0,67514.56760045604,0
17412,Male,mumbai,36.56813295601035,10,"₹ 66,638.65",2,0,0,47601.52914225345,0
17413,Male,DELHI,69.27358219940461,10,"₹ 87,641.88",2,1,1,92308.89731577516,0
17414,Female,Bangalore,40.833579152697126,9,"₹ 33,128.00",1,1,0,76320.0797711799,0
17415,Male,Pune,58.749209822327636,6,"₹ 63,378.08",1,0,0,43492.37965302675,1
17416,Female,Mumbai,65.39445563334566,5,"₹ 83,566.79",2,1,0,53317.29961823811,0
17417,Male,Bangalore,48.15009017931076,5,"₹ 24,966.68",1,0,1,61465.44332064985,0
17418,Male,Hyderabad,48.95777967549627,7,"₹ 66,469.26",2,1,0,94459.48830904922,0
17419,Male,Hyderabad,71.96705945187622,5,"₹ 68,176.33",1,1,1,103467.90926740097,0
17420,Female,Delhi,25.38041591821597,1,₹ 0.00,1,1,0,35302.5663839725,0
17421,Male,Bangalore,25.126026092118334,6,"₹ 33,931.68",2,0,1,124137.41586561644,0
17422,Female,Hyderabad,57.233080996789184,9,"₹ 16,535.89",2,0,0,97651.60455430116,1
17423,Male,Pune,38.86866635726137,3,"₹ 34,644.88",1,1,0,65586.0826012683,0
17424,Male,Hyderabad,57.9224279146021,10,"₹ 37,499.14",1,1,0,61312.36696583431,1
17425,Male,mumbai,44.15358858092867,10,"₹ 48,879.23",1,0,0,94284.13153282383,0
17426,Male,DELHI,57.491580747697995,2,"₹ 77,199.16",1,0,0,112346.70376307933,0
17427,Male,Pune,31.778084360749315,7,"₹ 86,590.48",2,1,1,145475.49888714642,0
17428,Male,Chennai,54.19683071409648,9,"₹ 55,245.58",1,1,1,88726.82952620559,0
17429,Female,mumbai,37.48551962374782,4,"₹ 88,937.66",2,1,0,135128.70890108086,0
17430,Female,Hyderabad,55.803460906129025,3,"₹ 74,909.61",1,1,0,124404.29977069449,0
17431,Male,Kolkata,80.46894730208203,10,"₹ 47,436.35",2,1,0,119569.27852218086,0
17432,Male,Delhi,32.93260910933943,3,"₹ 93,979.46",3,1,0,87469.64426871052,1
17433,Male,mumbai,39.68868098122569,4,"₹ 52,008.81",1,1,1,89120.45742621318,0
17434,Male,Hyderabad,43.08386228812436,3,"₹ 57,430.13",2,0,1,114289.05570275284,0
17435,Male,mumbai,49.84126580590891,2,"₹ 20,960.14",1,0,1,68839.63111257678,0
17436,Female,mumbai,18.0,3,"₹ 60,799.11",1,1,1,148747.53917372727,0
17437,Male,Kolkata,45.49858677631843,9,"₹ 62,656.41",1,1,1,112139.3229199292,0
17438,Male,Hyderabad,41.72275546323877,4,"₹ 75,985.23",1,0,1,25588.686196147224,0
17439,Male,Kolkata,41.82836718537882,1,"₹ 43,243.93",2,1,1,56572.357283683625,0
17440,Male,Bangalore,49.418017093102804,6,"₹ 28,165.38",2,0,0,111095.78608190874,0
17441,Female,DELHI,50.31108517860406,4,"₹ 62,277.52",2,1,1,137056.26280795195,0
17442,Male,DELHI,50.078743657581064,8,"₹ 72,183.88",2,0,0,138628.3366720071,0
17443,Male,mumbai,28.844328460787324,5,"₹ 39,878.71",1,1,0,85149.40780025588,0
17444,Female,Pune,41.24410743632318,10,"₹ 24,789.00",2,1,0,88317.72671152203,0
17445,Male,Delhi,40.61443513849858,0,"₹ 37,632.88",2,1,1,91903.54731707054,1
17446,Female,Bangalore,52.90940081069304,8,"₹ 97,626.85",2,1,1,132237.86918234365,0
17447,Female,Pune,30.508668479381534,4,"₹ 20,788.06",1,0,0,43213.40950603926,0
17448,Male,Mumbai,47.90053179953531,8,"₹ 19,979.94",1,1,0,112823.5417093217,1
17449,Female,Delhi,69.13286983444486,0,"₹ 106,052.18",1,1,1,152430.7269677659,0
17450,Male,DELHI,18.0,1,"₹ 45,300.03",1,1,0,115552.85261618736,0
17451,Female,DELHI,42.45135624853009,2,"₹ 13,311.89",1,1,1,66514.8478570286,0
17452,Male,Pune,18.0,4,"₹ 7,588.26",2,1,0,93465.1277477614,0
17453,Male,Bangalore,45.00410741801761,5,"₹ 67,217.13",2,0,0,122862.04677126782,0
17454,Female,Delhi,57.53195388626469,4,"₹ 60,057.07",1,1,1,54520.736648400896,0
17455,Female,Pune,,0,"₹ 67,460.65",1,0,0,53946.968633056764,0
17456,F,Mumbai,58.89090101289846,3,"₹ 24,158.05",2,1,1,10000.0,1
17457,Female,Pune,65.4125865072016,5,"₹ 14,373.60",1,1,0,137848.954827821,0
17458,Male,mumbai,51.02662430654647,3,"₹ 66,167.49",2,0,0,110370.95580239673,0
17459,Male,Hyderabad,37.27540574416611,3,"₹ 18,625.67",1,1,1,108671.63967344444,0
17460,Male,mumbai,53.04006406518465,4,"₹ 45,051.70",4,1,1,63319.94657475795,0
17461,Male,Delhi,70.21336135847801,7,"₹ 23,442.73",1,1,0,26215.977053787094,0
17462,Male,Kolkata,25.03289714589094,4,"₹ 99,444.30",2,1,1,49451.184287599805,1
17463,Female,mumbai,61.62231358958127,6,"₹ 77,670.93",1,1,0,41041.20690273698,0
17464,Male,Hyderabad,25.66625157114998,7,"₹ 129,046.78",1,1,0,135477.99312923913,0
17465,Male,mumbai,22.23638259198131,5,"₹ 69,161.21",1,1,1,10000.0,0
17466,Male,Pune,26.49720124569881,5,"₹ 59,396.33",1,0,1,83109.79470499672,0
17467,Female,Hyderabad,44.40920452618239,1,"₹ 70,392.63",2,1,1,79954.66893025355,0
17468,Female,Kolkata,63.944870070940446,9,"₹ 2,804.04",2,1,0,127110.39281644131,1
17469,Female,Pune,18.0,4,₹ 0.00,1,0,1,32298.775121262297,0
17470,Male,Mumbai,59.843102402229256,0,"₹ 71,343.16",1,1,0,10219.071456616643,0
17471,Female,Mumbai,42.703431543021715,8,"₹ 32,572.42",1,0,0,201158.62767862825,0
17472,Male,Delhi,28.45667641159132,6,"₹ 49,984.31",2,1,0,96672.53232950204,0
17473,Female,Chennai,53.873640545851295,1,"₹ 1,134.46",2,0,0,33029.68110841471,0
17474,Female,mumbai,37.87752972794207,5,"₹ 34,440.64",2,1,1,105247.28700112723,1
17475,Male,Hyderabad,78.88354286407375,9,"₹ 39,159.42",2,1,1,18932.969667160272,0
17476,Male,Pune,52.476931654057964,8,"₹ 77,745.97",3,0,0,85052.35628304537,0
17477,Female,Mumbai,45.839313565390476,4,"₹ 53,991.16",1,0,1,152489.85620162517,0
17478,Male,Kolkata,54.72328149562683,2,"₹ 8,598.28",3,0,1,31586.631922515284,1
17479,Female,Chennai,65.15285038886945,10,"₹ 34,380.73",1,1,1,97557.48486646052,0
17480,Male,Kolkata,66.61244751653709,9,"₹ 83,277.81",1,1,0,67909.52267345332,0
17481,Male,mumbai,58.92057890369766,10,"₹ 36,456.98",2,1,0,38625.79106665501,0
17482,Male,Bangalore,65.65199314854121,3,"₹ 77,015.12",1,0,0,36507.32398128839,1
17483,Male,Chennai,63.04897468450062,2,"₹ 33,593.71",2,0,1,,0
17484,Male,DELHI,58.63936610559205,0,"₹ 60,046.27",1,1,0,108759.74777178271,0
17485,Male,Bangalore,39.08525265760081,9,"₹ 51,762.48",2,1,0,71442.95149757472,0
17486,Female,Bangalore,63.85856173666101,10,"₹ 46,752.15",1,1,1,37065.709491613765,0
17487,Male,mumbai,38.57040277969482,6,"₹ 10,643.13",2,1,1,77428.23243659404,0
17488,M,Kolkata,48.95354768347374,7,"₹ 1,596.21",2,0,1,10000.0,0
17489,Female,Mumbai,39.357627153802724,1,"₹ 57,299.66",1,0,1,16863.08182622928,0
17490,Female,Hyderabad,55.109722109859376,7,"₹ 51,111.77",1,0,0,121764.81620706503,0
17491,Male,Hyderabad,64.19344021440648,8,"₹ 34,012.76",1,0,0,39573.33268672857,0
17492,Male,Pune,38.89701863758698,6,"₹ 23,760.89",2,1,1,123295.36370029504,0
17493,Male,Pune,23.824043209636162,10,"₹ 90,155.64",3,1,1,174308.55441087164,0
17494,Female,Bangalore,60.158076654987624,0,"₹ 79,713.34",1,1,0,87712.32430317951,0
17495,Female,Bangalore,60.533986003824076,3,"₹ 72,384.24",1,1,1,89351.06977861992,0
17496,Male,mumbai,68.46697354294153,6,"₹ 98,366.36",2,1,1,109421.20998755898,0
17497,Male,Mumbai,58.40838652026821,5,"₹ 17,040.02",1,1,0,82748.06122589321,1
17498,Female,Hyderabad,58.75455319172716,10,"₹ 58,269.09",1,0,1,124798.78981031066,0
17499,Male,Hyderabad,34.23870975597859,7,"₹ 8,310.27",2,0,1,99950.07179987413,0
17500,Female,DELHI,56.055434580835254,5,"₹ 37,925.88",1,1,1,88932.94487788103,0
17501,Female,Pune,77.20241602259227,9,"₹ 40,698.02",1,1,1,72100.72402754285,0
17502,Female,DELHI,36.705117619033466,5,"₹ 29,610.89",2,1,0,160847.4181487143,1
17503,Male,Mumbai,26.730262333515768,9,"₹ 48,802.50",1,0,1,21976.589282319503,0
17504,Male,Mumbai,47.1084370861594,5,"₹ 114,527.19",2,0,0,157309.97097914902,0
17505,Female,mumbai,59.06159573511889,6,"₹ 57,846.48",1,1,0,97150.70499387385,0
17506,Female,Chennai,48.247679747730174,4,"₹ 79,401.11",1,1,1,57783.63923188881,0
17507,Male,Bangalore,71.75656519939832,10,"₹ 53,097.79",2,1,0,46027.801772410414,1
17508,Male,Pune,32.09428297536637,8,₹ 0.00,1,1,1,72828.18825973645,0
17509,Female,mumbai,22.26658997535781,6,"₹ 31,078.90",1,1,0,120264.49160267878,0
17510,Female,Chennai,66.43501060787305,0,"₹ 33,948.15",2,1,0,111104.67331060831,0
17511,Female,mumbai,23.880904385142536,10,"₹ 48,725.95",1,1,1,75735.50503048999,0
17512,F,Kolkata,49.75681886720748,8,"₹ 68,134.79",2,1,0,41853.41043119039,0
17513,Male,Hyderabad,66.0273147860809,10,"₹ 75,844.55",1,1,0,16631.47986607191,1
17514,Male,Bangalore,48.2443635883448,5,"₹ 60,464.83",1,1,0,75532.09180008448,0
17515,Female,Bangalore,34.531302504507366,10,"₹ 81,814.60",1,1,0,85832.40945189627,0
17516,Female,Bangalore,64.08435548834251,7,"₹ 30,426.11",2,1,0,136739.1265490175,1
17517,Male,DELHI,47.56175232733384,8,"₹ 66,843.94",2,1,0,10000.0,0
17518,Male,Pune,41.68689370304403,10,"₹ 65,014.83",1,0,0,118818.05971219038,0
17519,Female,mumbai,69.65260958106714,10,"₹ 77,028.66",1,0,1,109697.55022546668,0
17520,Male,mumbai,39.35781698630158,1,"₹ 28,009.27",2,1,1,54987.90593512388,0
17521,Male,DELHI,36.00993882191498,1,"₹ 105,238.50",1,1,0,16048.979385000246,0
17522,Female,Mumbai,31.45890304753096,4,"₹ 26,367.41",2,1,0,88125.19299246246,0
17523,Female,Pune,63.24062178462451,4,"₹ 36,092.55",2,1,1,142598.88577199032,0
17524,Female,Chennai,51.41469472571416,9,"₹ 72,380.39",1,1,0,10000.0,0
17525,Male,Chennai,37.687897158974124,9,"₹ 2,904.43",3,1,1,158346.56153491768,0
17526,Female,Bangalore,23.4152863501416,1,"₹ 21,985.56",2,1,1,154850.80471932772,0
17527,Female,mumbai,66.13083514926342,9,"₹ 52,595.15",1,1,1,88268.37482653519,0
17528,Female,Delhi,,3,₹ 0.00,1,1,1,30131.54991729676,1
17529,Female,Mumbai,18.0,8,"₹ 26,089.03",1,1,1,113302.25823895662,0
17530,Male,Bangalore,46.310193399628105,3,"₹ 52,641.25",2,1,1,10000.0,0
17531,Male,Chennai,60.490171184355745,0,"₹ 25,321.23",1,1,0,34023.099312232414,1
17532,Male,Chennai,55.80197779827324,4,"₹ 103,459.06",1,1,0,108399.37778975871,0
17533,Male,Pune,46.217956288495174,1,"₹ 71,754.79",1,0,1,90388.7810631085,0
17534,Female,Mumbai,38.373065823679255,5,"₹ 63,533.92",1,1,0,42247.13232469801,1
17535,Female,Mumbai,36.590519369368494,0,"₹ 54,210.10",2,1,1,110798.00872154489,0
17536,Female,Delhi,64.13963938251453,6,"₹ 73,003.39",2,1,0,96244.96420664735,0
17537,Female,Chennai,18.0,6,"₹ 51,734.49",2,1,1,59358.21710083216,0
17538,Male,Hyderabad,30.762326999792094,3,"₹ 20,263.56",2,0,0,66058.13886799147,1
17539,Male,Pune,43.56254711880758,8,"₹ 60,253.97",2,1,0,71612.60606228025,0
17540,Male,mumbai,18.0,2,"₹ 28,530.58",2,0,0,10000.0,0
17541,Male,Hyderabad,41.73072096405443,4,"₹ 62,850.45",2,1,1,115382.64328131622,0
17542,Male,Kolkata,26.59555831546986,4,"₹ 58,861.73",1,1,0,103956.22818177036,1
17543,Female,Pune,52.12188786345363,7,"₹ 31,060.36",1,1,0,61883.29056455133,0
17544,F,mumbai,36.40209130997624,9,"₹ 111,753.93",1,1,1,82215.46547991435,0
17545,Male,Mumbai,39.0040808263374,9,"₹ 88,237.58",1,1,1,67718.0697267211,0
17546,Male,mumbai,,3,"₹ 48,351.97",2,1,1,127667.94097091633,0
17547,Female,Pune,55.14333883182405,0,"₹ 65,222.81",2,1,1,51762.898465648934,1
17548,Male,Chennai,43.96632872603781,10,"₹ 60,022.65",2,0,1,106628.11256641599,0
17549,Female,Kolkata,,4,"₹ 33,771.40",1,0,1,62811.172158118905,0
17550,Female,Mumbai,63.11937263932228,0,"₹ 67,135.36",2,1,1,104734.69707350583,0
17551,Female,Hyderabad,40.694337416100765,2,"₹ 44,100.39",1,1,1,62557.40393981355,0
17552,Male,DELHI,34.54337537062577,5,"₹ 7,892.16",2,1,1,69554.77537839333,0
17553,Female,Kolkata,38.71570864505579,0,"₹ 34,657.78",2,0,1,34577.71667466769,0
17554,Male,Delhi,84.92735572753276,9,"₹ 34,838.50",1,0,0,96109.490642738,0
17555,Female,DELHI,35.73781743509676,2,₹ 0.00,2,0,1,63083.641212125876,0
17556,Male,Hyderabad,42.37896666585879,6,"₹ 90,049.91",2,1,0,108584.29127652277,0
17557,Male,mumbai,48.216956038577784,1,"₹ 34,226.41",2,1,0,134383.90957905835,0
17558,Female,Chennai,53.19852978617875,5,"₹ 38,675.55",1,1,1,86238.40576313829,1
17559,Female,mumbai,46.55051409803952,6,"₹ 117,526.54",2,1,0,26281.814714735832,0
17560,Female,Chennai,71.60912367835124,1,"₹ 20,759.85",1,0,1,51770.77923190092,0
17561,Female,Bangalore,48.53953110793081,10,"₹ 47,166.76",2,1,0,120015.35163321406,0
17562,Female,Bangalore,42.760740905696494,10,"₹ 2,318.82",1,1,0,97775.2545904064,0
17563,Male,Delhi,59.338181964653074,4,"₹ 30,796.54",2,0,1,45301.78000471309,1
17564,Female,Bangalore,31.7005323013405,9,"₹ 34,361.24",1,1,1,137993.82530284458,0
17565,Female,DELHI,53.08791446938199,9,"₹ 83,600.58",1,1,0,120531.49169323218,1
17566,Female,DELHI,39.43765174045264,0,"₹ 24,981.04",2,1,0,119313.96195013112,0
17567,Female,Delhi,,2,"₹ 75,512.72",1,1,1,67623.52961658625,0
17568,Male,Delhi,65.43933839623979,0,"₹ 131,001.78",2,0,1,176696.02970906367,0
17569,Female,Delhi,42.38868694683605,2,"₹ 102,507.81",2,0,0,78147.09362294571,0
17570,Male,Hyderabad,31.944171485254195,3,₹ 0.00,1,0,1,104908.35320926427,0
17571,Male,Pune,18.0,4,"₹ 64,824.61",1,1,0,87445.10908057819,0
17572,Female,Mumbai,48.37815727885091,3,"₹ 97,141.51",1,1,0,10000.0,0
17573,Male,Delhi,18.0,3,"₹ 25,155.87",1,1,1,61001.17338724945,1
17574,Female,Mumbai,43.724354821347724,8,"₹ 47,444.19",1,1,1,,0
17575,Male,Hyderabad,36.5855984470735,8,"₹ 40,610.71",2,1,1,120233.1830814403,0
17576,Male,Pune,53.3709210487635,8,"₹ 78,640.42",1,1,0,10000.0,1
17577,Female,Delhi,44.795383888688974,10,"₹ 35,702.31",3,0,1,67058.04245822196,0
17578,Female,Delhi,36.504822348044925,4,"₹ 107,332.70",2,1,0,124545.54799568586,0
17579,Female,Delhi,57.736050341539,10,"₹ 86,876.85",2,1,0,38634.99591943314,0
17580,Female,DELHI,28.63054044965363,4,"₹ 2,950.30",1,1,0,85531.69800625433,0
17581,Female,Hyderabad,53.446139573326654,1,"₹ 3,323.52",2,0,1,,0
17582,Male,Mumbai,75.93263904144452,5,"₹ 56,298.67",1,1,0,74821.2695967785,0
17583,Male,Chennai,59.48357422677139,1,"₹ 43,565.80",1,1,0,38652.3042223904,0
17584,Male,Chennai,38.91834134246063,9,"₹ 47,737.11",1,1,0,106663.10160663484,0
17585,Female,Hyderabad,29.725145374412776,4,"₹ 32,916.60",1,1,0,59922.40344870647,0
17586,Female,Delhi,59.019892023399414,10,"₹ 18,113.97",1,0,1,68070.7507520681,0
17587,Male,Chennai,26.635342799828713,4,"₹ 50,811.36",1,1,0,133521.07201258847,0
17588,Female,Mumbai,45.090221434196366,3,"₹ 64,140.91",2,0,1,63834.64301857266,0
17589,Female,Chennai,55.86763377591157,4,"₹ 81,226.59",2,0,1,112218.19741937515,0
17590,Male,Mumbai,29.86573763398362,6,"₹ 86,118.48",2,1,1,37319.50029291217,0
17591,Male,Delhi,29.03800105341782,9,"₹ 51,240.30",1,1,0,135800.2245987305,1
17592,Female,Delhi,25.231941583612272,1,"₹ 60,714.90",1,1,0,50376.59769872036,0
17593,Female,Bangalore,68.91736360083505,0,₹ 0.00,1,1,1,50070.40136606371,0
17594,Female,DELHI,70.47762111134504,3,"₹ 71,526.93",2,1,1,73231.38488474282,0
17595,Male,Pune,70.254272703174,6,"₹ 90,163.19",1,0,0,75458.51592466091,0
17596,F,Pune,72.26128935900465,0,"₹ 69,653.92",1,1,0,172363.58218510286,0
17597,Male,mumbai,35.50447414257457,3,"₹ 48,560.13",1,0,0,56942.11637060087,1
17598,Male,DELHI,18.0,5,"₹ 21,257.49",2,1,1,78279.02514075223,0
17599,F,Delhi,70.5487141183362,5,"₹ 21,328.53",2,1,1,70791.41524379776,0
17600,Male,Pune,58.93765752478972,0,"₹ 44,205.11",2,1,1,76909.90520143246,0
17601,Female,Mumbai,57.731649520030146,6,"₹ 63,762.55",2,0,1,145777.62080787544,0
17602,Male,mumbai,29.399682770089377,4,₹ 0.00,1,1,0,81754.96063172644,0
17603,Female,Chennai,46.4557647873417,5,"₹ 10,308.02",1,1,1,45654.14613647237,0
17604,Female,Chennai,47.389005338487046,0,"₹ 78,178.37",1,1,0,28614.50799972438,1
17605,Male,mumbai,44.05292630645233,6,"₹ 101,829.66",1,1,0,159088.6730830371,0
17606,Female,Bangalore,32.24606522962946,3,"₹ 44,752.28",1,1,0,88439.77446863765,0
17607,Male,Kolkata,18.0,2,"₹ 69,664.46",1,1,1,107299.04671619492,0
17608,Female,Mumbai,33.71003762644172,10,"₹ 46,531.19",1,1,0,98457.96880808214,0
17609,Male,Pune,18.0,3,"₹ 53,702.60",3,1,1,,0
17610,Male,Bangalore,38.80682101805811,8,"₹ 17,125.58",2,1,1,69736.34701160005,0
17611,Male,Mumbai,35.775025247020025,4,"₹ 66,693.08",2,0,1,64234.97045096329,0
17612,Male,Pune,27.484115376912275,4,"₹ 27,730.65",1,1,1,47990.79769865031,0
17613,Female,Delhi,51.01298903097377,7,"₹ 57,314.04",1,1,1,73104.4746059254,0
17614,Male,DELHI,39.84943073891968,6,"₹ 72,580.38",1,1,1,74610.98929854672,0
17615,Male,Delhi,40.93267563064592,2,"₹ 68,838.81",1,0,1,10000.0,0
17616,Male,Chennai,65.86487063100644,0,"₹ 25,802.60",2,1,1,100490.80425621418,0
17617,Male,Bangalore,40.18388336760843,10,"₹ 58,102.94",1,0,1,51519.47132079836,0
17618,Female,mumbai,51.80646184124128,1,"₹ 32,747.05",1,1,1,140036.50755788415,0
17619,M,Delhi,28.753173389859004,2,"₹ 72,187.26",2,1,0,131655.6180704983,0
17620,Male,Bangalore,48.83149433371022,10,"₹ 75,081.17",1,1,0,88958.45456183449,0
17621,Female,Hyderabad,43.461733177688984,0,"₹ 73,410.31",2,1,1,10000.0,0
17622,Female,Chennai,46.388288077301745,0,"₹ 94,935.73",1,1,1,125360.61256128222,0
17623,Male,Pune,26.62729016791441,7,"₹ 66,096.64",2,0,1,86913.8596248104,0
17624,Female,Bangalore,28.05392106770196,7,"₹ 96,649.47",2,1,1,37171.69803885396,0
17625,Female,Mumbai,39.807425701528594,1,"₹ 72,507.60",2,1,1,124347.71807887995,0
17626,Female,Pune,64.95958801592565,7,"₹ 29,886.59",1,1,0,10000.0,0
17627,Female,Chennai,23.396084399663465,10,"₹ 58,174.01",2,0,0,68444.46031980646,0
17628,Male,Delhi,70.20770648198112,1,"₹ 83,165.16",3,1,1,145529.52808435864,1
17629,Female,Hyderabad,34.40178458985819,10,"₹ 85,412.31",2,1,1,108198.06676486216,0
17630,Female,Kolkata,46.246351204779835,4,"₹ 38,509.41",2,1,1,88155.20466493144,0
17631,Male,Pune,60.03903313674623,0,"₹ 38,147.94",2,1,1,78636.94322084858,0
17632,Female,Pune,39.6650399606993,8,"₹ 70,192.04",2,1,1,82540.42473618564,0
17633,Male,mumbai,41.34574089079651,3,"₹ 28,562.23",2,1,0,149144.15143233747,0
17634,F,Delhi,66.6978017313398,9,"₹ 45,897.09",2,0,1,10000.0,0
17635,Female,Pune,61.449379193315295,10,"₹ 55,295.98",1,1,0,100960.5787181553,1
17636,Male,mumbai,55.5094612865325,1,"₹ 47,575.65",1,0,1,77601.4541446912,0
17637,Male,Chennai,42.81050743858266,0,"₹ 76,705.16",2,1,0,86799.9427180035,1
17638,Female,Pune,43.85387177655785,5,"₹ 74,525.48",1,0,0,,1
17639,Male,Hyderabad,28.915444415523123,10,"₹ 56,807.62",2,1,1,92651.74336569529,0
17640,Male,Mumbai,40.737994742337406,7,"₹ 18,377.07",1,1,0,43534.657032439565,0
17641,Male,Kolkata,46.010731746945574,3,"₹ 93,931.52",2,0,0,121551.9107914163,0
17642,Male,Chennai,44.496135746134826,0,"₹ 29,145.85",2,1,0,56632.96341361734,0
17643,Male,Delhi,49.44150147487692,0,"₹ 35,339.97",2,1,0,10000.0,0
17644,Male,Delhi,61.67211680015156,5,"₹ 26,948.07",1,1,1,21784.52342094917,1
17645,Male,Delhi,22.32950384948658,1,"₹ 6,701.54",2,1,1,48969.210820929955,0
17646,Female,Hyderabad,35.50128197920957,4,"₹ 81,015.93",2,1,1,121325.65477066912,0
17647,Female,Chennai,62.16666209320398,1,"₹ 105,626.32",1,1,0,62474.30698479179,0
17648,Male,Pune,81.99309124004549,8,"₹ 13,115.57",2,0,1,108138.3613819099,0
17649,Male,Hyderabad,28.894179905983435,1,₹ 0.00,1,1,1,37932.48901112131,0
17650,Female,mumbai,35.61941454959857,4,"₹ 55,019.04",1,0,1,115617.94645000607,0
17651,Male,Delhi,25.370466096071503,3,"₹ 60,981.02",2,1,0,111392.71852066497,0
17652,Male,mumbai,18.0,10,₹ 0.00,2,1,0,101803.60799098088,0
17653,Male,Kolkata,49.117236078552985,0,"₹ 19,242.64",2,0,0,65489.86587234221,0
17654,Female,Pune,53.91365290191302,9,"₹ 90,020.43",1,1,1,65639.21391773775,0
17655,Female,Pune,40.50556690237504,8,"₹ 68,607.88",1,1,0,51580.80519274577,0
17656,Female,Bangalore,40.641668893162404,2,"₹ 89,780.83",4,1,0,101098.2193257784,1
17657,Female,Hyderabad,43.33337572264991,9,"₹ 18,970.40",1,1,1,86606.61746764796,0
17658,Female,Hyderabad,36.47077208517182,7,"₹ 50,162.11",1,1,0,123537.51262099328,0
17659,Male,DELHI,44.34630324349611,3,"₹ 48,322.43",3,0,1,14700.685019941811,1
17660,Female,Kolkata,65.80339541982163,10,"₹ 82,478.85",2,1,0,83143.99834437342,0
17661,Male,Delhi,32.58929334863734,8,"₹ 31,112.80",1,0,1,110766.34519618115,0
17662,Female,Bangalore,40.754364477010505,4,"₹ 34,883.41",2,0,1,79954.0618088398,0
17663,Female,mumbai,43.085333956150784,1,"₹ 65,406.79",2,0,0,54002.74765657111,0
17664,Female,Pune,36.487448654022025,7,"₹ 73,650.02",2,1,0,84118.53892164421,1
17665,Male,DELHI,46.01888464979169,3,"₹ 36,448.55",1,1,0,,0
17666,Male,DELHI,18.0,1,"₹ 57,122.64",1,1,0,102712.657484282,0
17667,Female,Kolkata,53.593710724375825,5,"₹ 78,356.02",1,0,0,112731.80567664542,1
17668,Female,Mumbai,30.416921891580536,0,"₹ 59,556.14",1,1,1,58909.09042507807,0
17669,Female,Pune,32.390301409081154,7,"₹ 36,795.60",1,0,0,,1
17670,Male,Hyderabad,42.48756189881437,8,"₹ 59,195.02",2,1,1,136238.87279287216,0
17671,Female,mumbai,24.154540406953803,6,"₹ 69,594.64",1,1,1,10000.0,0
17672,Female,Delhi,64.9680939927163,8,"₹ 52,505.59",2,1,0,175909.67759476544,0
17673,Female,Delhi,32.642296032775036,1,"₹ 66,145.81",3,1,0,27934.312279425598,1
17674,Female,Mumbai,84.49037219193431,10,"₹ 78,773.57",1,0,0,69941.28766198673,0
17675,Female,Kolkata,54.453003157793674,0,"₹ 62,654.17",1,1,1,45345.369773379076,0
17676,Female,Delhi,36.475592025291355,6,"₹ 76,022.61",2,1,0,92080.86420083819,0
17677,Female,Bangalore,40.40404287430601,3,"₹ 45,207.11",1,1,0,89375.7793406088,0
17678,M,Delhi,47.22886608520561,9,"₹ 35,696.30",2,0,1,102099.601171495,0
17679,Male,Chennai,70.48080681028848,7,"₹ 92,684.43",1,0,0,86691.78655536435,0
17680,Male,Bangalore,59.25429355338764,2,₹ 0.00,1,0,0,60628.100228466086,0
17681,Female,mumbai,58.128816733310074,6,"₹ 62,723.97",2,0,0,,0
17682,Female,Delhi,40.41644058104376,6,"₹ 40,975.09",1,1,0,112959.27914588939,0
17683,Female,Hyderabad,36.496103711969994,10,"₹ 70,573.33",2,1,0,63335.8245901411,0
17684,Male,Bangalore,54.56107513092531,9,"₹ 14,582.78",2,1,0,78609.72742290917,0
17685,Male,DELHI,65.00355809888508,8,"₹ 61,000.93",1,1,1,79730.89887589557,0
17686,Female,Chennai,42.92955494631841,10,"₹ 67,795.53",2,1,1,96701.19985115269,0
17687,Female,Chennai,34.729943322775554,3,"₹ 62,067.61",2,1,1,77940.34758765141,0
17688,Male,mumbai,29.500565540099608,9,"₹ 23,918.33",2,1,0,117926.51446499256,0
17689,Male,Bangalore,19.897379809077687,0,"₹ 32,020.21",1,1,1,40025.658707757524,0
17690,Female,Hyderabad,38.29790309726068,6,"₹ 71,097.35",1,1,0,70330.84376810356,0
17691,Male,Mumbai,41.18415192518113,9,"₹ 46,850.41",1,0,1,62782.68713749174,0
17692,Female,Hyderabad,44.69904044922519,5,₹ 0.00,1,1,0,118049.80567869594,0
17693,Male,Delhi,53.124588931424945,10,"₹ 35,780.84",1,1,0,89242.33653478257,0
17694,Female,Pune,37.968483574229005,0,"₹ 85,571.39",2,1,1,79760.84621729572,0
17695,Female,mumbai,71.92926746641108,8,"₹ 45,666.34",2,1,1,126867.01613876721,0
17696,Female,Pune,27.91958237219682,9,"₹ 10,437.17",1,1,1,117632.38516393663,0
17697,Male,Bangalore,55.241548194336886,7,"₹ 39,318.38",2,1,0,41237.76207554861,1
17698,Female,Mumbai,26.706628482365023,9,"₹ 49,481.04",2,1,1,45116.47910235561,0
17699,Male,Chennai,32.24316815501335,3,"₹ 27,535.10",1,0,1,110405.24677333944,0
17700,Male,Chennai,49.21501199441987,4,"₹ 90,437.38",1,0,0,16044.011123973542,1
17701,F,DELHI,60.65511548477239,7,"₹ 41,029.30",2,1,1,87054.4048648791,0
17702,Female,Hyderabad,40.80684830628759,1,"₹ 43,306.13",2,1,0,96651.95812278295,0
17703,Female,Hyderabad,46.26920960351647,5,"₹ 45,422.15",2,1,0,116363.12325693294,1
17704,Male,Hyderabad,,9,₹ 0.00,2,1,0,25488.23743122154,0
17705,Male,Delhi,26.667843099503177,1,"₹ 61,318.51",2,1,1,71230.93999139726,0
17706,Male,mumbai,56.548241034408555,10,"₹ 32,274.41",1,1,0,36660.36403014682,1
17707,Female,Pune,34.66401216401519,7,₹ 0.00,4,0,0,67912.72203391796,0
17708,Female,Delhi,48.646436691464764,4,"₹ 5,025.71",1,0,1,98710.94638815382,0
17709,Female,Mumbai,53.09604756873192,9,"₹ 48,447.48",2,1,1,48512.67965977247,0
17710,Female,Mumbai,27.363855531459034,2,"₹ 86,896.20",1,1,0,84325.55705921922,0
17711,Male,Mumbai,33.80159924161339,1,"₹ 71,542.49",1,1,1,71181.77700755153,0
17712,Male,Chennai,54.98786785927092,3,"₹ 66,660.11",3,1,0,22274.81986506274,1
17713,Male,Chennai,41.0983413687892,7,"₹ 53,054.46",1,1,1,70328.2823132284,0
17714,Male,mumbai,34.29507616359544,0,"₹ 61,472.58",2,0,0,106448.36491644278,1
17715,Male,Mumbai,47.92098379202417,9,"₹ 52,951.86",2,0,1,115037.91305706902,0
17716,M,Bangalore,28.808734471335242,2,"₹ 27,909.16",1,1,1,162369.08982653925,0
17717,Male,Bangalore,27.260389440425225,0,"₹ 29,040.86",1,1,1,76713.51744545062,0
17718,Female,DELHI,18.0,1,"₹ 50,451.11",1,1,0,,0
17719,Male,Delhi,50.39684943426582,9,"₹ 27,092.69",3,1,1,63053.20814033394,1
17720,F,Pune,45.47988114021819,10,₹ 0.00,2,1,1,48030.99433557609,0
17721,Female,Chennai,53.10885148232593,6,"₹ 67,998.80",2,1,0,73289.06207671671,0
17722,Female,Pune,63.32788875723092,0,"₹ 63,153.72",1,0,0,70548.02275026187,1
17723,Male,Kolkata,41.38032818229613,8,₹ 0.00,1,1,0,136565.425679848,1
17724,Female,mumbai,43.95684293362513,7,"₹ 13,051.07",4,0,0,21803.186300723646,0
17725,Female,mumbai,50.148175568512976,0,"₹ 60,117.92",3,1,0,90890.22108805539,1
17726,Male,Mumbai,36.448838321222865,9,"₹ 15,621.32",2,1,0,38374.172677084964,1
17727,Male,Bangalore,23.13436465753291,0,"₹ 50,827.91",2,0,0,99667.93556059484,0
17728,Male,Mumbai,27.72593068460144,1,"₹ 75,250.16",2,1,1,110675.4569002315,0
17729,Female,Pune,44.402747893879486,1,"₹ 36,152.73",1,0,1,120955.37071011512,0
17730,Female,Bangalore,59.99686927590355,5,"₹ 69,851.78",1,1,0,40657.257749345445,0
17731,Female,Mumbai,68.50985539047716,0,"₹ 34,839.59",2,1,0,112971.4327287481,0
17732,Male,Pune,40.729458142045644,3,"₹ 40,107.75",3,0,1,53393.37378080039,0
17733,Male,Kolkata,47.51769142515903,6,"₹ 62,484.26",1,0,1,96957.39633391191,0
17734,Female,DELHI,73.06210468377921,8,"₹ 70,171.13",2,1,1,51980.27015757222,0
17735,Male,Delhi,52.752313736266544,9,"₹ 12,381.29",2,0,1,83165.45350840762,0
17736,Female,DELHI,47.05826586033275,2,"₹ 10,442.69",2,0,1,89679.42076965842,0
17737,Female,Kolkata,48.152385851668825,3,"₹ 4,252.72",2,1,1,142227.37368112215,0
17738,Male,DELHI,53.72941924318482,4,"₹ 100,297.06",2,1,0,10000.0,0
17739,Female,Chennai,26.69551267320668,4,"₹ 36,938.04",2,0,1,143682.6456793651,0
17740,Male,Chennai,56.408142945479,1,"₹ 29,036.63",1,0,0,51872.30788049442,0
17741,Female,Chennai,51.586741344213856,4,"₹ 58,764.35",1,1,1,50993.49910282083,0
17742,Male,Pune,61.32355620583088,9,₹ 341.03,1,1,1,45980.343054645244,0
17743,Female,Chennai,52.41182260006124,0,"₹ 38,772.40",1,1,0,164259.825234392,0
17744,Male,mumbai,60.3187282054497,6,"₹ 50,213.13",1,0,1,83658.89506422041,0
17745,Male,mumbai,31.156865027337773,4,"₹ 20,841.49",2,1,1,64125.49121012031,0
17746,Female,Bangalore,36.05354722588023,5,"₹ 15,317.79",1,1,1,50630.18475395826,0
17747,Male,Hyderabad,47.29060462522649,8,"₹ 38,684.89",1,1,0,74804.37196563101,0
17748,Female,Kolkata,33.73184769865186,2,"₹ 35,279.32",1,1,0,10000.0,0
17749,Male,mumbai,57.83229487527838,0,"₹ 34,422.65",2,1,0,76023.93787441464,0
17750,Female,Delhi,23.76693766694138,7,"₹ 5,200.84",2,1,0,96940.5776135737,0
17751,Male,Bangalore,42.606077594860075,1,"₹ 4,979.59",1,1,1,68407.41012974242,0
17752,Female,Kolkata,36.502587505437035,1,"₹ 87,754.79",2,1,1,121874.68987586646,0
17753,Male,Kolkata,33.863684126609776,9,"₹ 10,687.01",1,0,1,54894.71680890025,0
17754,Male,Hyderabad,24.43519016096837,3,"₹ 43,803.76",1,1,0,69154.7501602591,0
17755,Male,DELHI,45.62700707866832,4,"₹ 45,074.42",1,0,0,39181.87313888625,0
17756,Female,DELHI,43.753387118001896,0,"₹ 35,601.97",1,0,0,120568.6412828632,1
17757,Male,Mumbai,73.56577620495227,10,"₹ 45,107.07",1,0,1,42068.94161509846,0
17758,Female,Mumbai,82.31880610852339,2,"₹ 39,311.46",1,1,1,136665.81453780347,0
17759,Female,Bangalore,28.9804908207461,10,"₹ 37,543.08",2,1,1,52481.67075582297,0
17760,Male,Mumbai,18.0,7,"₹ 81,603.41",1,1,0,106956.99660128588,0
17761,Female,Mumbai,26.990132581347524,5,"₹ 21,399.39",2,0,1,51638.88729221926,1
17762,Male,DELHI,44.072105399123586,2,"₹ 30,933.44",2,0,0,34075.97093629884,1
17763,Male,Mumbai,61.87756274818348,6,"₹ 77,382.95",1,1,1,86534.0953551368,0
17764,Female,mumbai,37.77806562084767,10,"₹ 32,294.00",2,1,0,26524.167611840334,1
17765,Female,Delhi,53.67416705756237,5,"₹ 36,550.84",1,1,0,171692.71768893662,0
17766,Female,mumbai,33.014388288818864,4,"₹ 31,899.36",1,1,0,89821.2197891921,0
17767,Male,Hyderabad,37.69316333756123,7,"₹ 81,446.01",1,0,1,79582.96580424112,0
17768,Male,mumbai,47.50194931611483,7,"₹ 76,640.93",1,1,1,10000.0,0
17769,Male,Bangalore,44.83298036464215,2,"₹ 14,421.17",2,1,1,90047.96011876932,0
17770,Female,Mumbai,44.459124400236526,7,"₹ 92,405.38",2,1,1,110618.16518438573,0
17771,Female,Mumbai,28.77301505882282,9,₹ 0.00,2,1,0,55853.46743185489,0
17772,Female,Pune,63.38840712716268,8,₹ 0.00,1,1,1,75794.38057689316,0
17773,Male,Hyderabad,63.27497121090364,9,"₹ 2,491.29",1,1,0,93959.84070685485,1
17774,Male,mumbai,63.52626400542569,2,"₹ 16,921.98",2,1,1,142355.093221824,1
17775,Male,Pune,34.841634734554106,10,"₹ 37,039.80",2,1,0,32608.491188628956,0
17776,Male,Kolkata,46.79085323606774,7,"₹ 17,841.84",1,0,0,125753.07068348196,0
17777,Male,Delhi,37.126877753117014,7,"₹ 13,716.06",2,0,0,109640.3650589548,0
17778,Female,Delhi,30.379249401062914,6,"₹ 63,857.93",2,1,1,26234.076712696035,0
17779,Female,DELHI,49.274446203689855,7,"₹ 39,069.06",1,1,1,10000.0,0
17780,Female,Mumbai,18.0,0,"₹ 72,001.13",2,1,0,41800.01235180043,0
17781,Male,DELHI,57.702602288861414,2,"₹ 75,853.69",2,1,0,62549.77433809372,0
17782,Male,Hyderabad,27.559532954465578,5,"₹ 52,870.11",2,1,1,26109.660909608298,0
17783,Female,Hyderabad,40.304782569064805,6,"₹ 68,985.84",3,0,0,94042.83458711914,0
17784,Male,Kolkata,18.0,6,"₹ 42,406.91",3,1,1,35048.76163121927,0
17785,Female,Bangalore,72.11636415179998,10,"₹ 10,717.54",3,1,0,100568.3599137714,1
17786,Male,Hyderabad,54.87336572014506,5,"₹ 5,725.50",1,0,1,65638.92277396611,0
17787,Male,Hyderabad,46.28807651236244,10,₹ 0.00,1,1,0,69763.24889038042,0
17788,Female,Hyderabad,34.678035852103164,3,"₹ 70,861.17",2,1,0,124778.60879941456,0
17789,Male,Delhi,29.014098970382776,4,"₹ 52,408.78",2,1,1,123203.1205459914,0
17790,Female,Bangalore,41.99536041213136,8,₹ 0.00,1,1,0,108208.76596532753,0
17791,Female,Bangalore,49.53316446367858,0,"₹ 67,050.18",2,0,1,31074.04540577002,0
17792,Male,Chennai,41.55235227347341,1,"₹ 49,667.93",2,0,0,34374.91611672118,0
17793,Male,mumbai,52.96379641564448,4,"₹ 20,524.47",1,1,1,56323.9239236701,0
17794,Female,Mumbai,72.83594221033997,4,"₹ 20,142.57",2,1,0,155014.0809599747,0
17795,Female,Hyderabad,28.902700795530016,6,"₹ 39,300.50",1,1,0,29018.088285986873,0
17796,Male,Hyderabad,48.54729088440023,7,"₹ 83,480.47",4,1,0,104305.9984897965,1
17797,Female,Chennai,71.11823710797171,9,"₹ 48,955.74",1,1,0,23623.245016362285,0
17798,Male,Mumbai,40.33869077821547,5,"₹ 26,224.60",1,1,1,104136.88394698947,0
17799,Male,Bangalore,42.914380281468084,5,"₹ 114,423.35",1,1,0,47701.139855054294,0
17800,Male,Kolkata,51.91890080184888,4,"₹ 77,494.60",1,1,1,,0
17801,Male,Delhi,55.141459346441025,4,"₹ 76,945.26",1,1,0,42936.83844738567,1
17802,Male,Hyderabad,60.74654924668131,10,"₹ 79,011.08",2,1,1,53425.09800647259,0
17803,F,Hyderabad,46.639167528173616,7,"₹ 85,454.30",1,1,0,74049.42741034746,1
17804,Male,Kolkata,33.07715868158907,4,"₹ 62,620.87",2,0,1,50196.290730517285,0
17805,Male,Pune,53.41143901317497,5,"₹ 50,610.71",1,1,1,36479.21979502877,0
17806,Male,Mumbai,30.496287600423873,2,"₹ 53,201.61",1,1,1,60026.199041028114,0
17807,Female,Chennai,49.97936784192777,4,"₹ 8,582.13",2,1,1,88111.80696911595,0
17808,Female,Chennai,46.15876790633808,8,₹ 0.00,1,1,0,10000.0,0
17809,Male,DELHI,45.79109337452249,2,"₹ 71,280.43",2,1,1,87733.83460453083,0
17810,Male,Delhi,43.76553853902587,7,"₹ 104,597.76",1,1,0,10936.686376805752,0
17811,Male,Mumbai,60.02857738247446,10,"₹ 38,653.97",2,1,1,92639.51663332677,0
17812,Male,Hyderabad,54.270616687835464,6,"₹ 91,637.06",2,1,0,168454.40243763156,0
17813,Male,Pune,55.418520908834694,3,"₹ 96,060.12",1,1,0,71976.50992307194,1
17814,Male,Kolkata,38.04527554154303,4,"₹ 34,518.00",2,1,1,87674.89406092724,0
17815,Male,DELHI,,7,"₹ 86,276.07",1,1,1,33920.61601241139,0
17816,Female,Delhi,39.04314584979959,9,"₹ 68,981.96",1,1,0,70717.82092784307,0
17817,Male,Delhi,51.53632500272397,6,"₹ 40,250.78",2,0,1,14206.05564463044,0
17818,Female,mumbai,45.485964644813095,9,"₹ 65,953.66",2,0,1,124543.42302795395,0
17819,Female,Mumbai,38.50838347670994,9,"₹ 58,581.38",2,1,1,30702.8609120505,0
17820,Female,Pune,48.321463768441035,1,₹ 0.00,2,1,0,72957.53487614098,0
17821,Male,Bangalore,40.992121789084145,7,"₹ 124,668.27",2,1,0,148536.76192872575,0
17822,Male,Kolkata,45.7319890189629,7,"₹ 17,777.08",1,1,1,72272.49807524221,0
17823,Male,DELHI,18.0,8,"₹ 55,878.91",2,1,1,73818.34142531327,0
17824,Female,Hyderabad,56.50715736955851,1,"₹ 105,032.99",1,1,1,92440.86710214285,0
17825,Male,Chennai,54.19235545520806,3,"₹ 41,835.78",1,1,0,137416.42087171384,0
17826,Female,DELHI,76.68373775275131,1,"₹ 27,738.15",1,1,1,66592.84303677877,0
17827,Female,Delhi,34.3209882101291,3,"₹ 53,895.93",2,1,0,145381.8045566738,1
17828,Male,Hyderabad,37.45210333963166,2,"₹ 39,624.30",1,1,0,95759.26882390317,0
17829,Female,Kolkata,47.61395677381897,6,"₹ 86,713.61",2,1,0,108019.7154762847,0
17830,Male,Pune,44.48837001647859,4,"₹ 24,913.13",1,0,0,114174.14245498835,1
17831,Male,Bangalore,68.69799678620072,6,"₹ 32,837.04",2,1,1,88509.55449413699,0
17832,Male,Hyderabad,38.8750313904887,1,"₹ 47,345.18",2,1,1,69239.66235039652,0
17833,Male,Hyderabad,42.694146312712945,3,"₹ 11,344.60",2,0,1,72079.92466167202,0
17834,Female,Delhi,36.56675877273287,5,"₹ 33,457.52",1,1,0,48396.66050991379,0
17835,Male,Mumbai,67.8543456288075,4,"₹ 33,710.21",1,0,1,40487.57894890695,1
17836,Male,Delhi,52.307945599153534,10,"₹ 11,972.90",1,1,0,62863.789577171294,1
17837,Female,DELHI,68.56328808267641,1,"₹ 31,386.97",1,1,1,67151.50735178129,0
17838,Female,Bangalore,88.72595152293874,6,"₹ 72,190.48",2,0,1,56053.45900697714,0
17839,Male,Chennai,33.55778113964459,1,₹ 0.00,1,0,1,39356.89981076502,0
17840,Female,DELHI,61.17290844146038,8,"₹ 80,438.32",1,1,1,105756.61388066315,0
17841,Female,Bangalore,41.148934654086666,6,"₹ 34,266.79",1,0,1,147806.67454047845,0
17842,Male,Pune,34.68537458670727,2,"₹ 59,810.21",1,1,0,159552.95234543068,0
17843,Male,Delhi,23.00575778513742,5,"₹ 80,070.34",1,0,1,106321.713880552,0
17844,Male,Bangalore,76.9254966292062,4,"₹ 21,818.23",2,1,0,17784.210890219023,0
17845,Female,Mumbai,60.03052372360895,8,"₹ 63,499.69",3,0,1,153307.47720365194,0
17846,Female,mumbai,41.61857079442424,2,"₹ 10,721.12",2,1,1,103848.12876246643,0
17847,Female,Chennai,54.329017725682476,1,"₹ 8,068.26",1,0,1,117940.2543439375,0
17848,Male,Pune,18.0,1,"₹ 42,626.67",2,1,1,134671.28156292037,0
17849,Male,Hyderabad,43.58428723942281,3,"₹ 45,196.21",2,1,0,140675.26076565968,1
17850,Male,Delhi,33.57121652409512,0,"₹ 78,938.09",2,0,0,83862.53779765588,1
17851,Male,DELHI,66.68355779685254,8,"₹ 5,748.00",2,1,1,45368.3629298173,0
17852,Female,mumbai,67.69183062375026,2,"₹ 67,710.66",2,1,0,130789.07139116553,0
17853,Female,Delhi,58.35677492043842,4,"₹ 37,487.09",1,1,0,10000.0,1
17854,Male,Kolkata,59.21044687419857,1,"₹ 45,749.78",1,1,1,42690.66146340845,0
17855,Male,Delhi,35.25198712747545,7,₹ 0.00,1,1,0,153243.91760029242,0
17856,Male,Kolkata,55.754322398841566,10,"₹ 43,036.20",1,1,0,53323.83549460546,0
17857,Male,Hyderabad,24.309250933180724,10,"₹ 72,059.43",2,0,1,146992.86362294125,0
17858,Male,Pune,22.28754410131025,2,"₹ 40,349.22",2,1,0,,0
17859,Male,Chennai,43.41778260146362,4,"₹ 38,487.48",2,1,0,28532.421756505915,0
17860,Male,Delhi,52.95294091657172,6,"₹ 104,952.70",1,1,1,90173.02912616935,1
17861,Male,Hyderabad,53.97202780746868,1,"₹ 47,901.11",2,1,1,113075.42955068476,0
17862,Male,mumbai,26.144674968900738,2,₹ 0.00,1,1,0,61577.65512780237,0
17863,Male,Mumbai,21.726419029306076,7,"₹ 2,104.66",2,0,1,95675.45085678826,0
17864,Female,Bangalore,38.22679347567451,9,"₹ 93,494.72",1,1,0,93725.23445503,0
17865,Male,Hyderabad,31.853832205821536,7,"₹ 34,209.59",2,1,1,92410.42962131966,0
17866,M,mumbai,54.18026349820461,2,"₹ 73,566.28",2,0,0,196980.12092715432,0
17867,Male,Kolkata,29.807064850231416,9,"₹ 37,975.42",1,1,0,55145.22571664391,0
17868,Male,Hyderabad,74.16453132066067,6,"₹ 61,299.14",2,0,1,95818.20826861949,0
17869,Male,Hyderabad,50.43540309516622,10,"₹ 35,820.55",2,1,0,55412.516335919994,0
17870,Male,Chennai,42.79610216288984,1,"₹ 45,108.35",1,1,1,35886.6790783604,1
17871,Female,Kolkata,27.79006532168267,8,"₹ 63,092.37",2,1,0,75704.35316593348,0
17872,Male,Delhi,25.18307243602393,7,"₹ 11,741.74",2,1,0,14371.537081517177,0
17873,Female,DELHI,40.18624137403107,8,"₹ 58,111.26",3,0,1,98416.2763093494,1
17874,Female,Mumbai,36.317395198768814,8,"₹ 55,158.01",1,0,0,96582.57571969627,0
17875,Female,Delhi,19.022570404757197,6,"₹ 3,185.96",2,1,1,58730.70830319328,0
17876,Female,Bangalore,65.57449472292602,3,"₹ 129,955.82",1,1,1,71256.86547904536,0
17877,Female,Hyderabad,28.42170528911165,4,"₹ 38,706.19",1,0,0,130519.64271991247,0
17878,Male,Pune,50.28920356562462,6,"₹ 17,972.38",2,0,1,68795.26919118463,0
17879,Female,Hyderabad,51.63307790439976,4,"₹ 94,104.87",1,1,1,39244.03470424087,0
17880,Male,Kolkata,20.71733528285961,9,"₹ 12,124.15",1,1,1,54580.06409404905,0
17881,Male,Chennai,39.22926425123525,7,"₹ 31,252.02",2,0,0,122278.74327466017,0
17882,Male,Hyderabad,23.85550363367167,4,"₹ 54,211.48",1,0,1,151952.03362573803,0
17883,Female,Bangalore,51.1139814717097,4,"₹ 31,969.44",1,1,1,87188.2414483454,0
17884,Female,Hyderabad,45.93775346304061,4,"₹ 65,709.17",2,1,1,89825.70976749418,0
17885,Male,Delhi,43.840764334097436,3,"₹ 66,249.84",2,1,0,71641.40628782733,0
17886,Female,DELHI,32.69741559448876,10,"₹ 26,439.96",2,1,0,,0
17887,Male,Pune,62.71555090793772,10,"₹ 94,005.09",2,1,0,,0
17888,Male,Bangalore,39.33256231674821,6,"₹ 40,666.82",2,0,0,80549.42457784529,0
17889,Male,Bangalore,22.83979319494925,1,"₹ 55,978.03",1,0,0,68482.5569697861,0
17890,Male,Kolkata,30.83562043818706,9,"₹ 38,274.62",2,1,0,19827.311757376316,0
17891,Male,Bangalore,18.0,3,"₹ 36,618.09",2,0,1,90279.82217118121,0
17892,Female,Pune,35.184812838973066,10,"₹ 47,834.31",1,1,0,32526.083432722597,1
17893,Female,Delhi,31.364192424992687,2,"₹ 105,387.50",1,0,0,10000.0,1
17894,Male,DELHI,55.41867396557373,9,"₹ 62,566.51",1,1,0,74426.32920210194,1
17895,Male,mumbai,53.583413168056836,7,"₹ 18,382.13",1,1,1,52666.96927008386,0
17896,Female,Hyderabad,48.189908255395,6,"₹ 52,367.61",1,1,1,56471.66985754945,0
17897,Female,Bangalore,59.206813469537444,2,"₹ 33,137.16",1,1,1,111172.06345668918,0
17898,Male,Chennai,27.32395294448161,3,"₹ 79,123.48",2,1,0,13888.52108292091,0
17899,Male,Delhi,49.77480282504329,3,"₹ 46,634.21",2,1,0,137629.26681489786,0
17900,Female,mumbai,23.429952428159737,9,"₹ 7,328.80",2,1,1,97101.55447284985,0
17901,Female,Kolkata,37.84731959074241,6,"₹ 62,203.52",2,1,0,123432.90641094875,0
17902,Male,Delhi,50.117778277369524,7,"₹ 25,102.73",1,1,1,39272.58232532055,0
17903,Male,Pune,37.02354828512176,3,"₹ 62,098.80",1,1,1,162414.16017102983,1
17904,Female,Hyderabad,69.49880731808406,7,"₹ 78,696.37",2,0,0,62499.83121877735,0
17905,Male,Delhi,39.77946210415087,0,"₹ 41,425.43",1,1,0,67873.5968408535,1
17906,F,Mumbai,57.01182685622585,8,"₹ 45,152.48",1,1,0,91662.0106814528,0
17907,Male,Hyderabad,41.03207515295364,6,"₹ 55,118.25",2,0,0,84442.55062029282,1
17908,Female,Mumbai,46.975005249154755,3,"₹ 30,125.56",1,1,0,99882.23520229041,0
17909,Male,Bangalore,39.524529782497,7,"₹ 52,694.34",2,0,0,88000.68937534261,0
17910,Male,Chennai,47.657182235142244,9,"₹ 56,254.77",2,1,0,10000.0,0
17911,Female,Delhi,70.89971932062574,1,"₹ 23,398.31",2,0,0,110604.13256845863,0
17912,Male,Hyderabad,68.14736615365617,7,"₹ 85,940.58",1,1,1,102548.27758975842,1
17913,Female,Kolkata,37.6924691201349,9,₹ 0.00,2,1,0,37494.74051527698,0
17914,Male,Mumbai,41.56492003503732,5,"₹ 74,221.96",1,1,0,28315.415051141485,0
17915,Male,DELHI,45.7625869945209,6,"₹ 91,384.91",2,0,0,95727.97007424812,0
17916,Male,Hyderabad,54.63130573612616,6,"₹ 73,668.81",1,0,1,94728.68647356801,0
17917,Female,Chennai,72.81728028053757,1,"₹ 18,269.89",1,1,1,124969.07406821512,0
17918,Male,Delhi,64.2891407806182,10,"₹ 75,951.98",1,0,0,125921.97488716169,0
17919,Male,Hyderabad,40.99863992417881,1,"₹ 113,128.29",1,0,1,155417.50506133505,0
17920,Male,Delhi,51.04511703572715,3,"₹ 44,601.72",1,1,0,57420.048758332145,0
17921,Female,Pune,48.38584706477555,5,"₹ 49,981.75",2,1,1,37969.3976076546,0
17922,Female,Mumbai,35.91350163289029,3,"₹ 73,131.66",2,1,1,22046.24179410541,0
17923,Male,Hyderabad,60.20316471229688,5,"₹ 23,821.55",2,0,1,50500.95983135051,0
17924,Male,Hyderabad,18.0,4,"₹ 3,979.45",3,1,1,119536.2041479153,0
17925,Female,Chennai,60.09194038732571,5,"₹ 62,636.41",1,0,0,17193.397907091043,1
17926,Male,Chennai,51.17802896686595,8,"₹ 51,096.07",1,1,1,23042.822205843586,0
17927,Female,Kolkata,18.0,5,"₹ 18,909.77",2,0,1,48565.844533345844,0
17928,Female,Delhi,29.37347314539195,5,"₹ 61,555.97",1,1,1,88425.07038082913,0
17929,Female,mumbai,18.0,10,"₹ 39,537.90",1,1,0,109144.70370274613,0
17930,Male,Chennai,70.45164294399848,10,"₹ 61,269.74",2,1,1,78276.54524793793,0
17931,Female,mumbai,30.125362797090702,7,"₹ 55,659.46",1,0,0,47500.57716758521,0
17932,Female,Bangalore,58.65295184637612,4,"₹ 54,029.14",2,1,1,114076.2367713328,0
17933,Female,mumbai,59.18824963432834,4,"₹ 49,571.03",1,1,1,64035.79219622187,0
17934,Male,Mumbai,43.18993733228124,9,₹ 0.00,2,1,1,10000.0,0
17935,Male,Hyderabad,35.03142008170809,10,"₹ 4,905.78",1,1,1,109763.18630162263,0
17936,Male,Chennai,52.691481160215844,0,"₹ 103,919.80",2,1,1,108323.39222543944,0
17937,Female,Hyderabad,48.23138787875576,5,"₹ 91,529.61",2,0,1,121407.51940013166,1
17938,Female,Pune,59.04356552144825,0,"₹ 41,683.33",1,0,0,42224.92412113191,0
17939,Male,Chennai,27.400409562167432,10,"₹ 62,869.48",1,1,0,94717.19754341917,0
17940,Male,Chennai,60.33648453654468,7,₹ 0.00,2,0,1,129651.42555239977,0
17941,Male,DELHI,65.21520332519276,9,"₹ 5,393.16",2,1,1,130568.32695717955,0
17942,Female,Hyderabad,41.14847935670138,8,₹ 0.00,2,1,0,59172.26011725867,1
17943,Female,Chennai,30.660239208369212,5,"₹ 17,621.99",1,0,0,32848.62180220376,0
17944,Male,Pune,37.75071884350035,8,"₹ 30,496.46",2,1,0,30207.881418252437,0
17945,Male,Pune,35.39804729394907,1,"₹ 71,211.59",2,1,1,10000.0,0
17946,Male,Mumbai,42.28746261342329,8,"₹ 43,004.85",1,1,1,81356.0859898459,0
17947,Female,Delhi,33.92802465290157,3,"₹ 57,972.92",2,1,1,22192.413577362975,0
17948,Female,Chennai,51.847617664730365,2,"₹ 38,901.82",1,1,1,126444.86431977691,0
17949,Female,Pune,,0,"₹ 45,953.32",2,0,1,22153.08027985831,0
17950,Male,Pune,39.614984215331226,0,"₹ 39,046.56",1,1,1,84586.05350274868,0
17951,M,Mumbai,18.0,7,"₹ 57,773.13",2,1,0,10000.0,0
17952,Male,DELHI,51.64539109664989,1,₹ 0.00,2,0,1,109923.83186785843,0
17953,Female,Delhi,22.873102240722954,0,"₹ 49,875.57",2,1,0,143380.8789977504,0
17954,Male,Kolkata,48.74382947580209,1,"₹ 45,329.22",1,0,0,119688.12622122526,0
17955,Female,Chennai,46.078020895373236,2,"₹ 100,009.00",2,0,1,117601.0802703021,0
17956,Female,Kolkata,40.065448228219395,3,"₹ 56,820.07",2,0,0,115434.70164144231,0
17957,Female,Kolkata,54.672488463762534,10,"₹ 97,692.92",2,1,0,126148.42667919377,0
17958,Female,DELHI,50.45347566179368,8,"₹ 26,393.22",2,1,1,62858.70676853453,1
17959,Male,Hyderabad,50.81522971902981,6,"₹ 27,375.53",1,0,1,10000.0,0
17960,Male,mumbai,57.31531687434912,4,"₹ 100,353.69",1,1,1,89422.03368248409,0
17961,Female,Mumbai,38.80767988798921,4,"₹ 42,881.03",1,1,1,73045.43856248773,0
17962,Male,Pune,38.59825929535073,5,"₹ 25,758.11",2,1,1,110208.83444887323,0
17963,Male,Pune,61.15834862434521,0,"₹ 50,639.08",1,1,1,123044.55679178648,0
17964,Male,Delhi,54.62845214641442,5,"₹ 55,717.45",1,1,0,98546.16288625145,0
17965,Female,DELHI,37.95457643520721,10,"₹ 87,018.50",1,1,1,10000.0,0
17966,Male,Pune,18.0,5,"₹ 25,918.33",2,1,1,17180.49436297916,0
17967,Male,mumbai,50.88062521023747,10,"₹ 72,231.00",2,1,1,77911.42297229593,0
17968,Male,Kolkata,52.288617453681375,4,"₹ 102,566.17",1,1,0,107151.4396060145,0
17969,Male,Hyderabad,26.81412005003485,9,"₹ 83,527.42",1,1,0,47747.07928853753,0
17970,Female,Pune,32.27193989124395,8,"₹ 104,248.58",1,1,0,65029.076945968634,0
17971,F,Kolkata,38.882573654846,9,"₹ 50,362.87",2,1,1,118854.1726600556,0
17972,Female,Pune,51.7848812193655,9,"₹ 68,126.66",1,1,1,77806.28191721154,0
17973,Male,Chennai,82.25364271663068,4,"₹ 26,783.58",2,1,0,134152.1687103813,1
17974,Female,Bangalore,61.76568994820306,8,"₹ 123,872.17",1,1,1,77578.54182537658,0
17975,Female,Mumbai,22.373373034823143,9,"₹ 76,917.50",2,1,0,64686.88435017956,0
17976,Male,Mumbai,38.456806802769854,6,"₹ 56,902.63",2,1,0,26623.674940972793,0
17977,Female,Pune,43.5820057188429,2,"₹ 48,364.34",2,1,1,34250.48838994017,0
17978,Female,mumbai,52.5368240327213,10,₹ 0.00,2,1,1,52455.63011066841,0
17979,Female,DELHI,32.81282201174422,8,₹ 0.00,2,0,1,154350.61317132256,0
17980,Female,Delhi,53.76795878471131,9,"₹ 17,203.99",1,1,1,176762.34344948438,0
17981,Male,mumbai,37.30433852232313,6,"₹ 33,749.65",3,1,1,,0
17982,Male,DELHI,53.74401258894879,3,"₹ 69,462.31",1,0,1,129920.12783977808,0
17983,Female,mumbai,46.136905473747184,8,"₹ 74,252.14",1,0,1,107652.62861524252,0
17984,Male,Chennai,75.68149857529784,5,"₹ 49,995.32",1,1,0,59117.00616313415,0
17985,Male,mumbai,59.68232560166497,8,"₹ 59,699.52",1,0,1,40624.90228776654,0
17986,Female,Delhi,64.70831723871738,3,"₹ 44,607.72",2,1,1,97126.18668251448,0
17987,Female,Mumbai,29.135098710593677,9,"₹ 82,883.93",1,1,1,26392.447836670297,0
17988,Male,mumbai,,1,"₹ 28,094.71",2,1,1,173743.1004676969,0
17989,Female,DELHI,49.907624766109805,8,"₹ 40,575.10",1,1,1,92910.01464091204,0
17990,Female,Hyderabad,26.49907453313007,9,"₹ 55,735.35",2,0,1,123914.98146495034,0
17991,Female,DELHI,60.68075478031207,3,"₹ 26,833.88",1,0,0,72741.2689676118,0
17992,Male,Mumbai,46.95715023912636,10,"₹ 5,258.93",1,1,1,137952.1626589691,0
17993,Male,mumbai,61.498932716147834,1,"₹ 60,708.52",1,1,0,129542.76510377764,0
17994,Male,mumbai,52.234833744657536,6,"₹ 117,585.87",2,1,0,95615.85283381294,0
17995,Male,mumbai,45.672945566285435,6,"₹ 53,380.31",1,1,1,10000.0,0
17996,Male,Pune,43.15980603934449,4,"₹ 72,420.84",2,1,0,32517.755378345828,0
17997,Male,Chennai,33.46718781971498,4,"₹ 39,842.82",2,1,0,102419.96031875286,0
17998,Male,Delhi,32.57454549553003,7,"₹ 61,958.71",1,1,1,129371.97787014139,0
17999,Female,Chennai,58.32998971573418,5,"₹ 7,562.63",2,1,1,109144.3267891562,0
18000,Male,Hyderabad,55.02028836865391,0,"₹ 17,615.86",1,0,1,107971.45048317486,1
18001,Female,Mumbai,63.51105483722807,10,"₹ 68,307.46",2,1,1,120700.78308008733,0
18002,Female,mumbai,36.814886556552416,3,"₹ 42,884.89",2,0,1,96133.11953280846,0
18003,Male,Bangalore,61.838831703562775,0,₹ 48.40,1,1,0,102230.4873375173,1
18004,Female,Chennai,42.351359528406434,4,"₹ 37,426.35",2,0,1,144974.00036603905,0
18005,Female,Kolkata,53.699014974780994,4,"₹ 77,686.79",2,1,0,79464.19384915945,0
18006,Male,Bangalore,64.37300120696894,3,"₹ 31,234.21",1,1,1,144469.6310177549,0
18007,Female,Chennai,76.0655800136249,8,₹ 0.00,1,1,1,10000.0,0
18008,Male,Kolkata,61.08630985488587,7,"₹ 102,700.51",2,1,1,72203.46928101935,0
18009,Female,Mumbai,48.04224320518901,9,"₹ 53,435.35",1,1,1,61192.166001809215,0
18010,Male,mumbai,53.41435959726523,2,"₹ 98,863.19",2,1,1,112535.94942679802,0
18011,Female,Chennai,63.73510911186572,4,"₹ 60,573.49",1,1,1,47859.85251960169,0
18012,Male,mumbai,55.64852109856992,5,"₹ 30,506.10",2,0,0,,1
18013,Female,Chennai,39.01124421230077,4,"₹ 60,638.92",1,1,0,36291.91115096007,0
18014,Male,Mumbai,54.22182673222562,7,"₹ 59,522.89",2,0,0,103343.2656492054,1
18015,Female,Kolkata,64.55463342715922,4,"₹ 105,028.75",2,0,0,96112.22790540488,0
18016,Female,mumbai,72.18644996993248,7,"₹ 88,556.82",2,1,0,109899.71352320602,0
18017,Male,Bangalore,45.93204707142073,9,"₹ 70,565.08",1,1,0,62382.32063808381,0
18018,Female,Kolkata,28.24861404592383,9,"₹ 61,510.44",2,0,0,94215.95950410856,0
18019,Male,Bangalore,18.30486837813674,2,"₹ 52,419.08",1,1,1,52612.82787466713,0
18020,Female,Bangalore,56.93456445668936,4,"₹ 32,606.40",1,1,1,92228.44081483645,0
18021,Male,Mumbai,21.99852129168861,3,"₹ 82,283.62",1,1,0,136142.62682895525,0
18022,Female,Delhi,49.80060553466184,10,"₹ 37,315.23",2,1,1,74846.9885610114,0
18023,Female,Delhi,61.165161898717784,5,"₹ 42,713.90",1,1,1,,0
18024,Male,mumbai,42.55231885013935,2,"₹ 52,058.66",1,1,0,74545.52672265656,0
18025,Male,Hyderabad,22.560848432874696,9,"₹ 31,221.65",2,0,0,94094.46064732835,0
18026,Male,DELHI,26.100879611207024,3,"₹ 36,579.43",2,0,1,105947.83424164157,0
18027,Female,Delhi,31.202753879630542,10,"₹ 50,070.98",2,0,0,77744.79594509475,1
18028,Male,mumbai,43.13915192495501,3,"₹ 47,629.39",2,0,0,74027.54696186163,0
18029,Female,Bangalore,63.062210720893745,4,"₹ 93,672.69",1,0,0,117650.49101342427,1
18030,Female,Delhi,45.17635155837154,10,"₹ 4,163.69",1,1,0,66961.29658003584,1
18031,Male,Mumbai,77.29946773893532,5,"₹ 66,870.86",2,1,1,84652.24801197623,0
18032,Female,mumbai,60.61318875524291,1,"₹ 35,545.58",3,1,1,72862.76634309108,0
18033,Male,DELHI,49.4322092999026,9,"₹ 39,564.40",1,1,1,,0
18034,Male,Chennai,43.926639053436034,7,₹ 0.00,1,1,1,92245.60662411898,0
18035,Female,Hyderabad,37.53499213844328,3,"₹ 27,638.75",1,1,0,91736.70650586548,0
18036,Male,Bangalore,47.239385569411276,6,"₹ 65,572.60",1,0,0,64841.53011383409,1
18037,Male,Bangalore,53.13536747088742,6,"₹ 29,242.10",1,1,1,110184.71454744588,0
18038,Female,Chennai,49.818193455120465,9,"₹ 35,710.99",1,0,0,68738.54497334186,0
18039,Male,Delhi,37.5208680681403,10,"₹ 40,876.93",1,0,1,70918.70968260066,0
18040,M,Chennai,29.521165270857573,10,"₹ 56,076.67",1,0,0,108637.5086521313,0
18041,M,Bangalore,72.93848622396742,1,"₹ 99,883.17",1,1,0,103533.84909955083,0
18042,Male,DELHI,54.513719378333626,6,"₹ 47,804.94",1,1,0,85548.753964955,0
18043,Male,Delhi,50.332540291814794,0,"₹ 136,712.98",1,0,0,84118.14384920626,0
18044,Female,mumbai,52.59581519080582,1,"₹ 127,568.29",1,1,1,73757.51662866143,0
18045,Male,Bangalore,61.520435385410906,4,"₹ 99,170.88",1,1,1,76936.32874576116,1
18046,Male,Chennai,37.98200196252006,7,"₹ 80,529.86",2,0,1,55479.6144047851,0
18047,Female,Bangalore,43.05524197426245,6,"₹ 60,389.81",2,1,0,,0
18048,Male,Bangalore,33.712483140963236,2,"₹ 95,557.68",3,1,1,109570.5820925015,0
18049,Female,DELHI,44.89216022466514,9,"₹ 113,365.66",2,1,1,64379.10527466894,0
18050,Male,DELHI,34.860857968958555,8,"₹ 53,348.76",1,1,0,98576.89084837874,0
18051,Male,Pune,29.90439563514872,4,"₹ 58,010.53",2,1,1,12408.219940140902,0
18052,Male,Chennai,20.704727723732802,2,"₹ 73,136.05",1,1,0,62340.19879263996,0
18053,M,Mumbai,69.87054951267875,6,"₹ 46,967.40",1,1,0,133681.232325439,0
18054,Female,Chennai,39.98185051147022,3,"₹ 94,320.51",2,0,0,163419.06339592507,0
18055,Female,DELHI,52.30132933015129,0,"₹ 13,049.49",1,1,0,57183.362394888245,0
18056,Male,Pune,46.44537646945986,4,"₹ 60,347.74",1,1,1,100343.09561019238,0
18057,Male,Delhi,52.45839217296707,10,"₹ 14,372.08",1,1,1,59393.58224130017,0
18058,Male,Bangalore,18.0,7,"₹ 48,834.90",1,0,1,122997.14644444095,0
18059,Male,Hyderabad,37.95170534427153,3,"₹ 27,913.20",1,1,1,20972.858324817418,0
18060,Female,Chennai,62.393118663073665,6,"₹ 48,325.72",2,1,1,94933.48668387311,0
18061,Female,Chennai,74.14601735081392,7,₹ 0.00,1,1,0,29341.355652636543,0
18062,Male,Kolkata,39.53227437828902,8,"₹ 67,967.78",2,1,0,76582.07391728443,0
18063,Female,DELHI,41.2611214541735,10,"₹ 38,456.19",2,1,1,69949.17794048498,0
18064,Male,Hyderabad,60.99623269345717,8,"₹ 81,873.21",1,0,0,84095.98071248225,1
18065,M,mumbai,51.6109216491615,4,"₹ 48,362.63",1,1,0,138135.52630694886,1
18066,Male,Kolkata,45.444563588269745,5,"₹ 75,230.21",2,1,0,103404.0652642362,0
18067,Male,Mumbai,44.03172759983342,6,"₹ 36,040.45",2,1,0,84227.6715665527,0
18068,Male,Chennai,36.44285298476232,9,"₹ 74,022.82",2,0,0,85080.10168109153,1
18069,Male,Pune,35.918230709335596,1,"₹ 113,267.92",2,1,0,89883.31281872073,1
18070,Female,Pune,46.98060520027496,8,"₹ 27,091.82",2,1,0,114063.72508784081,0
18071,Male,mumbai,49.74989717925761,0,"₹ 74,328.15",4,1,1,98560.32038310368,0
18072,Male,Kolkata,50.53058456406635,5,"₹ 12,679.46",1,1,0,135413.4679274751,0
18073,Female,Kolkata,34.7179863909499,5,"₹ 45,881.58",2,1,0,43354.43079132172,0
18074,Female,Pune,64.98895978316862,6,₹ 0.00,1,0,0,76310.41800197987,0
18075,Female,Pune,20.68078879415124,1,"₹ 69,915.73",1,0,0,78827.48662661795,0
18076,Male,Bangalore,52.94424277160056,5,"₹ 32,267.20",4,1,1,71144.6933315142,0
18077,Female,Pune,36.90099974036192,5,"₹ 72,417.85",1,0,0,81001.64878025073,0
18078,Female,DELHI,32.01163339057658,8,"₹ 59,138.36",1,1,0,98422.30384572767,0
18079,Male,Pune,40.12758509794539,7,"₹ 42,776.22",2,1,0,,0
18080,Male,Kolkata,,4,"₹ 73,327.01",2,1,1,10000.0,0
18081,Male,Bangalore,50.31411776694382,6,"₹ 81,863.20",2,1,0,96173.63288584932,1
18082,Male,Mumbai,69.21726456727136,6,"₹ 37,428.22",2,1,1,49606.067480739686,0
18083,Male,Kolkata,35.33583137117528,4,"₹ 83,011.28",2,1,1,32835.814600856735,0
18084,Male,Pune,80.2629707714452,6,"₹ 43,202.15",2,1,0,73412.29219320529,0
18085,Female,Pune,32.08708116730873,2,₹ 0.00,2,1,0,148280.6748983817,0
18086,Female,Pune,38.65145496111966,6,"₹ 56,477.19",1,1,1,143255.0970673155,0
18087,M,Bangalore,65.39716673304011,5,"₹ 30,563.42",2,0,0,73594.73427943946,0
18088,Female,Chennai,27.043114844530475,5,"₹ 38,503.42",2,1,0,27434.938033271064,1
18089,Male,Bangalore,41.60070740004267,1,₹ 0.00,1,1,1,120753.16874559008,0
18090,Female,Delhi,70.78577789280723,1,"₹ 58,971.41",1,1,0,161281.8038288717,0
18091,Female,DELHI,27.316159292774877,6,"₹ 29,313.28",1,0,0,150478.10443730408,0
18092,Male,Hyderabad,53.858281939971306,0,"₹ 34,309.31",2,1,0,80536.92667492939,0
18093,Female,DELHI,52.65879185254901,8,"₹ 81,712.57",2,1,0,101931.59568662306,0
18094,M,Pune,18.0,2,₹ 0.00,1,0,1,99907.1436320058,0
18095,Female,Hyderabad,35.76649606133991,5,"₹ 61,153.51",2,1,0,89527.54400832346,0
18096,Female,Mumbai,80.72236652000456,2,"₹ 61,739.97",1,0,0,55618.50498411684,0
18097,Male,Kolkata,48.35693055824684,8,"₹ 57,122.46",1,1,1,41195.13861569487,0
18098,Male,Chennai,50.75752226751123,9,"₹ 83,173.36",1,1,0,118012.17202242768,1
18099,Male,Bangalore,48.56903972583049,6,"₹ 76,526.59",1,1,0,89744.2941743459,0
18100,Female,Delhi,75.64201527609755,0,"₹ 53,899.02",1,1,1,100940.92023895402,0
18101,Female,mumbai,30.3933505657222,3,"₹ 27,443.42",1,1,1,64593.681422519454,0
18102,F,DELHI,34.823106719541734,4,"₹ 36,547.27",1,0,1,56340.65381084882,0
18103,Male,Delhi,43.33866901421663,6,"₹ 49,304.79",2,1,1,11880.904580381524,0
18104,Male,Pune,53.336009770072764,6,₹ 0.00,2,1,0,10000.0,1
18105,Female,Bangalore,47.30562623082897,4,"₹ 34,988.64",1,0,1,120175.9966410649,0
18106,Female,Bangalore,47.72985488427362,0,"₹ 85,869.07",1,1,1,153835.33075440506,0
18107,Male,Kolkata,36.71720165620694,4,"₹ 38,264.18",1,1,0,83372.7194478084,0
18108,Male,Hyderabad,54.10666572755077,4,"₹ 74,218.73",1,1,1,83393.09708767675,0
18109,Female,Hyderabad,18.0,3,"₹ 76,177.16",2,0,0,52369.545609810266,0
18110,Female,Mumbai,36.786641402003944,5,"₹ 86,345.28",1,1,0,37260.55515496168,0
18111,Male,Hyderabad,32.682275260967494,7,"₹ 40,460.96",2,0,1,55537.841833541344,0
18112,Male,Hyderabad,28.481459309653864,9,"₹ 42,413.17",2,1,0,141102.16309431242,0
18113,M,Pune,18.28999377413081,4,"₹ 59,273.84",1,1,0,166480.80457988117,0
18114,Female,Pune,48.487742062939866,7,"₹ 26,129.57",1,1,1,33084.4907365205,0
18115,Male,Delhi,51.44391239976495,4,"₹ 28,970.89",1,0,0,111065.0334726925,0
18116,Male,Bangalore,51.55087023273537,2,"₹ 80,024.29",1,1,1,133838.71601393036,0
18117,Female,Bangalore,59.119524513846926,7,"₹ 29,141.82",1,1,1,63213.27407155311,0
18118,Male,Bangalore,61.732221675315415,3,"₹ 65,315.77",1,1,1,89263.25452038004,0
18119,Male,Delhi,18.0,2,"₹ 61,920.59",2,1,1,48189.03049240941,0
18120,Female,mumbai,54.46396919118295,2,"₹ 49,711.35",1,0,0,126232.53029443306,0
18121,Male,Pune,47.73739145896259,5,"₹ 58,012.92",1,0,0,107518.94182874793,0
18122,Female,Delhi,47.57037277231866,7,"₹ 70,458.16",1,1,1,25167.642866852897,0
18123,Male,Bangalore,43.1420509794855,9,"₹ 93,140.70",2,1,1,70304.50846945796,0
18124,Female,Pune,36.74409545780209,4,"₹ 21,796.87",2,1,0,65035.115413536434,0
18125,Male,Chennai,52.91822810236865,0,"₹ 20,734.60",2,1,0,139003.59667133988,1
18126,Male,Hyderabad,30.294203107006524,0,"₹ 47,027.79",1,1,1,91135.16584563117,1
18127,Male,Pune,61.542835218380404,2,"₹ 60,612.60",2,0,0,71657.18624995438,1
18128,Female,Pune,37.53506410804984,5,"₹ 58,452.62",1,1,0,121852.38881069887,0
18129,Female,Bangalore,18.0,1,"₹ 101,585.95",1,1,0,13965.05202049727,1
18130,Male,DELHI,46.689125913559145,0,"₹ 21,240.63",2,0,1,20646.935508451083,0
18131,Female,mumbai,27.338901289344996,6,₹ 440.05,1,1,0,143892.03040665234,0
18132,Female,Pune,27.02699503347895,1,"₹ 65,413.94",1,0,1,64446.40479274052,0
18133,M,Delhi,55.256956315294225,7,"₹ 56,692.66",2,0,0,53181.65208574741,0
18134,Male,Mumbai,59.020491322733704,1,"₹ 45,900.16",2,0,0,67850.33555937759,0
18135,Female,Bangalore,43.364695625144016,10,"₹ 74,223.17",1,1,0,161155.8570329438,1
18136,Male,Bangalore,18.0,0,₹ 992.68,2,1,1,123638.7312223025,0
18137,Male,DELHI,52.9712877634776,9,₹ 0.00,2,1,0,20551.043193563637,0
18138,M,Kolkata,40.20678043877491,1,₹ 0.00,1,1,0,87003.27406713106,1
18139,Female,Mumbai,,1,"₹ 28,714.29",1,0,1,51205.698356100416,0
18140,Male,Chennai,74.50698270212321,6,"₹ 86,651.17",2,1,1,130472.95004219821,0
18141,Male,Hyderabad,22.43594013076318,0,"₹ 5,505.33",1,1,1,36932.00576069206,0
18142,Female,Kolkata,82.08875870081374,2,"₹ 51,161.95",1,1,1,,0
18143,Female,Pune,21.626189441563824,4,"₹ 59,148.07",1,1,1,69648.28667029153,0
18144,Male,Chennai,36.92453864336979,6,"₹ 96,412.20",2,1,1,81731.84727921925,0
18145,M,Delhi,60.394405921965486,5,"₹ 24,138.60",2,0,0,92129.35834219382,0
18146,Male,mumbai,34.17524858993479,7,"₹ 22,937.43",1,0,1,125709.33980505224,0
18147,Male,Delhi,32.80000170246786,0,"₹ 81,051.20",2,1,1,53232.62794729894,0
18148,Female,Delhi,19.40328665375833,6,"₹ 17,831.46",2,1,0,34781.86428142792,0
18149,Male,Delhi,24.965192655215382,8,"₹ 86,283.97",3,0,1,97628.89044384,1
18150,Male,Mumbai,32.78490118482219,6,"₹ 60,707.10",2,0,0,44334.4280894832,0
18151,Female,Bangalore,56.61601410228071,5,₹ 0.00,2,1,0,98753.12580488034,1
18152,Female,Pune,70.17772343515351,8,"₹ 69,595.69",1,1,1,74826.91725313323,0
18153,Male,Hyderabad,33.62122930241498,3,"₹ 63,550.79",1,0,0,43822.659047801346,0
18154,Female,Mumbai,38.98841305572003,9,"₹ 42,737.59",2,1,1,39224.00728696618,0
18155,Female,Kolkata,30.09193396184853,5,"₹ 31,217.98",1,0,0,110800.04052629312,0
18156,Male,Kolkata,22.076651334218404,5,"₹ 98,465.16",2,0,1,73288.44573899086,0
18157,Female,Mumbai,22.117097082248588,9,₹ 0.00,2,0,1,43364.64504347487,0
18158,Male,Chennai,25.867403991197637,2,"₹ 4,619.11",2,1,1,77614.30672653808,0
18159,Male,Mumbai,44.24870493850217,6,"₹ 34,144.12",1,1,1,46970.96378270845,0
18160,Female,Mumbai,35.57348209260557,0,"₹ 64,505.68",1,1,0,89691.70258107482,0
18161,M,Hyderabad,39.34130640785969,10,"₹ 49,925.94",1,0,1,96422.37475067079,0
18162,Male,Hyderabad,50.952121309638564,7,"₹ 28,803.54",1,0,0,82915.95218543163,1
18163,Male,Bangalore,43.612294538465406,7,"₹ 65,898.38",2,0,1,62779.74613527151,0
18164,Male,Hyderabad,27.531379273471376,7,₹ 0.00,2,1,0,,0
18165,Male,Bangalore,59.35915712074047,8,"₹ 60,904.59",2,1,1,86536.83252425122,0
18166,Male,Delhi,18.0,3,"₹ 40,999.85",1,1,0,44113.47217826067,1
18167,Male,Chennai,33.390959588856006,5,"₹ 70,131.49",2,1,1,56698.10097249996,0
18168,Female,Bangalore,70.83258060098822,10,"₹ 64,808.50",2,0,0,78445.3776109657,1
18169,Male,Hyderabad,50.10751116025619,6,"₹ 72,854.23",1,1,0,95329.82286005755,1
18170,Male,Mumbai,18.026544244172698,1,"₹ 31,679.28",2,1,1,,0
18171,Female,Pune,21.25026042704829,5,"₹ 27,897.25",1,1,0,51525.25588676108,0
18172,Female,Delhi,39.90106557272064,7,"₹ 55,833.36",1,1,1,57730.546140193735,0
18173,Male,DELHI,37.70073057630901,3,"₹ 6,265.55",1,0,1,10000.0,0
18174,Male,Kolkata,55.63606796775529,4,"₹ 116,457.99",2,0,1,85535.36508441487,0
18175,Female,Bangalore,61.961234633156366,7,"₹ 98,233.78",1,1,1,32245.07125274562,0
18176,Male,Hyderabad,37.26577032606793,2,"₹ 3,308.15",2,1,0,114650.61445501838,0
18177,Male,Delhi,43.41983181165695,5,"₹ 56,843.18",1,1,1,91939.22626423782,0
18178,Female,Kolkata,29.51150166540061,0,"₹ 85,466.95",1,1,1,31718.43754413216,0
18179,Male,DELHI,42.632499178191466,3,"₹ 38,225.07",1,0,0,78368.83986426175,0
18180,Male,Mumbai,29.624503887768622,5,"₹ 27,501.91",2,1,1,80998.20584982449,0
18181,Male,Mumbai,45.365686461254704,2,"₹ 85,419.53",2,0,0,126967.65500396388,0
18182,Male,Bangalore,35.602816674490015,0,"₹ 90,587.31",2,0,0,97733.24951027165,0
18183,Male,Bangalore,54.384560379929,5,"₹ 1,638.47",1,1,0,48006.152774776216,0
18184,F,Hyderabad,60.741112059230915,2,"₹ 53,521.64",1,1,1,150638.60395192952,0
18185,Male,Pune,64.40908804662672,7,"₹ 46,378.27",1,1,1,35612.632658896066,0
18186,Male,Hyderabad,45.54131527960053,6,₹ 0.00,1,0,0,148809.2314648665,0
18187,Male,Chennai,54.10695007315773,10,"₹ 1,802.46",2,1,1,,0
18188,Female,Delhi,37.50589733352777,6,"₹ 22,373.49",1,0,1,27824.92866254285,0
18189,Female,Delhi,32.38737010901485,7,"₹ 50,472.63",1,0,1,50290.45523222421,0
18190,Male,Mumbai,24.48825820873507,6,"₹ 88,746.36",2,1,0,99208.46796449905,0
18191,Female,mumbai,50.378717468773374,4,₹ 0.00,1,1,0,132270.08850787662,0
18192,Male,Hyderabad,18.0,9,"₹ 53,559.42",1,1,1,47394.437596116375,0
18193,Male,Bangalore,58.09429819413879,7,"₹ 21,425.42",1,0,1,60395.70551342999,1
18194,Male,Delhi,39.61795731354047,7,"₹ 65,937.16",1,1,0,,1
18195,Male,Bangalore,40.609795743009855,10,"₹ 80,544.62",1,1,1,54988.2411577952,0
18196,Male,Hyderabad,55.109903364904966,7,"₹ 81,441.23",2,1,1,50484.886983976,0
18197,Female,Kolkata,18.0,9,"₹ 47,072.86",1,0,1,53115.569273203546,0
18198,Male,Bangalore,41.6699421151296,5,"₹ 39,925.89",2,1,1,89472.74731601315,0
18199,Female,mumbai,68.67647309762108,1,"₹ 89,986.92",1,0,0,46111.5039909333,0
18200,Male,Delhi,40.741791983620395,7,"₹ 40,065.57",2,0,1,81670.42660231254,0
18201,Male,Hyderabad,25.153063297688433,9,"₹ 51,681.47",2,1,0,144101.33639497086,0
18202,Male,Pune,39.80174667269086,0,"₹ 36,134.73",1,0,1,29927.687850126305,0
18203,Female,Pune,64.63364709670482,8,"₹ 60,054.82",2,1,0,111167.06964332616,0
18204,Male,Hyderabad,33.52333837851157,8,"₹ 8,998.93",2,1,1,31134.266009533123,0
18205,Female,Pune,21.901301140771885,5,"₹ 41,193.74",2,0,0,72750.12136426651,0
18206,Male,Delhi,37.99668138280638,9,"₹ 52,766.44",2,1,0,93488.64234723288,0
18207,Male,Kolkata,23.928857309172333,5,"₹ 81,016.53",2,0,0,82461.97548981181,0
18208,Male,Bangalore,18.0,5,"₹ 44,846.20",1,0,1,103262.63405896099,0
18209,Male,mumbai,56.305074491477555,10,₹ 0.00,1,1,0,41537.75911423117,1
18210,Male,DELHI,60.7207258033565,3,"₹ 32,286.77",2,0,0,80269.29954292293,0
18211,Male,Delhi,51.28514484556427,0,"₹ 93,769.35",1,1,1,43341.9455662617,0
18212,Female,Mumbai,58.40224238359812,0,"₹ 54,712.75",2,1,0,84885.31543349635,0
18213,Male,Chennai,38.904544445946726,0,"₹ 28,274.90",1,1,0,121060.11115731706,1
18214,Female,Chennai,65.27631685237445,4,"₹ 19,731.83",1,1,0,129761.03410135231,1
18215,Male,Delhi,35.57467097284648,6,"₹ 61,206.58",2,1,0,110592.13888904359,1
18216,Female,Hyderabad,45.007735156163555,0,"₹ 29,384.83",1,1,1,94822.89160940502,0
18217,Female,Bangalore,32.344976240857584,0,"₹ 50,820.28",2,1,0,91239.72439392004,1
18218,Male,Hyderabad,23.968287001449262,10,"₹ 27,010.22",1,1,0,87112.94264525865,0
18219,Male,Hyderabad,35.46218187345204,5,"₹ 23,231.48",1,0,0,122914.94817608863,1
18220,Female,Mumbai,78.43825514425515,10,"₹ 38,432.00",1,1,0,10000.0,0
18221,Female,Pune,68.00035066521137,1,"₹ 46,311.93",2,1,1,81590.80286379557,1
18222,Male,Chennai,56.62681686580382,1,"₹ 48,327.86",2,1,1,88573.3413834283,0
18223,Male,DELHI,38.57171787943408,6,"₹ 41,649.46",2,0,0,38410.96123557156,0
18224,Female,DELHI,38.23129930505746,8,"₹ 82,923.00",2,1,0,10000.0,1
18225,Male,Bangalore,70.69948451601834,7,"₹ 37,746.22",3,1,0,49504.888819632295,0
18226,Female,Chennai,45.33470066737682,1,"₹ 93,191.86",2,1,0,133993.08685997612,0
18227,Male,Mumbai,56.85976724040407,6,"₹ 45,146.09",1,1,1,178981.61062212486,0
18228,Male,Delhi,36.694196895626376,4,"₹ 30,146.54",2,1,0,10000.0,0
18229,Female,Hyderabad,40.540258399363616,10,"₹ 58,899.44",3,1,1,106634.80093503064,1
18230,Female,Hyderabad,56.71004213392263,9,"₹ 72,446.43",1,1,1,,0
18231,Male,mumbai,33.96895174265209,3,"₹ 25,473.06",1,0,0,63352.21906052889,0
18232,Male,mumbai,50.224047643965605,9,"₹ 6,969.44",1,1,0,31949.82286524189,0
18233,Female,mumbai,34.49514141348632,3,"₹ 79,896.58",2,1,0,82281.80518912581,1
18234,Female,Pune,52.6527323664795,3,"₹ 90,190.93",2,0,0,10000.0,1
18235,Male,DELHI,34.04505370588965,8,"₹ 66,131.25",1,1,0,114882.40591710628,0
18236,Female,mumbai,71.28847830911704,6,"₹ 27,638.70",2,1,1,161379.1040021942,1
18237,Female,Hyderabad,44.03636732332982,6,"₹ 45,450.69",2,0,1,57378.864400071565,0
18238,Female,Chennai,56.61736835674776,3,"₹ 14,040.15",2,1,0,17953.394742416152,0
18239,Female,Chennai,44.69008643641426,8,"₹ 80,900.21",2,1,1,21379.043461627356,0
18240,Male,Pune,37.47944482458659,7,"₹ 56,563.75",1,1,0,63022.97225651549,0
18241,Female,Chennai,53.61456045481833,9,"₹ 63,472.42",2,1,1,25617.106837976855,0
18242,Female,Hyderabad,62.30702229092695,3,"₹ 53,889.74",1,1,1,77315.05045451182,0
18243,Male,DELHI,23.274696113312572,5,"₹ 50,111.82",2,1,1,98574.60468016726,0
18244,Male,DELHI,46.965531064677045,3,"₹ 56,267.43",1,1,0,64378.443595582445,1
18245,Male,DELHI,43.378647421611134,0,"₹ 49,985.24",1,1,0,73439.90570122396,1
18246,Female,Delhi,48.14656575144725,4,"₹ 85,019.96",1,0,0,105788.00600960614,0
18247,Male,Delhi,65.30771755123624,9,"₹ 7,920.64",1,1,0,64312.125650272,1
18248,Female,Delhi,57.24416550273851,10,"₹ 23,994.92",2,1,0,134377.72593931455,0
18249,Female,Delhi,62.34974003803843,2,"₹ 39,118.06",2,0,1,109628.39372076053,0
18250,Female,Chennai,48.94654379099973,0,"₹ 44,441.33",2,1,1,88546.44274019245,0
18251,Female,Kolkata,38.49569835847073,1,"₹ 80,055.87",2,1,1,79160.24526031857,0
18252,M,Chennai,18.0,1,"₹ 9,109.33",2,0,0,92033.16425324611,1
18253,Male,Kolkata,66.22983996030163,7,"₹ 66,274.15",2,1,0,123271.71327118637,0
18254,Female,Chennai,18.0,3,"₹ 45,828.41",2,0,0,76401.79343683543,1
18255,Male,Hyderabad,68.81354288659747,2,"₹ 75,592.26",1,0,0,111494.38659540219,1
18256,Female,Mumbai,56.113915382347066,3,"₹ 61,824.55",1,0,0,106142.08532365726,0
18257,Male,Mumbai,74.52829855934678,9,"₹ 46,175.90",1,0,1,19325.112975234464,0
18258,F,Delhi,48.98567300426061,0,"₹ 20,182.55",1,1,1,133445.3525020472,0
18259,Female,Mumbai,52.504501306187834,0,"₹ 60,274.14",1,1,0,72942.77404123993,0
18260,Female,Bangalore,42.22108952226238,4,"₹ 38,120.93",1,1,1,33105.05917089987,0
18261,Male,Pune,46.136871727395715,6,"₹ 46,780.64",2,0,1,119567.25691345718,0
18262,Male,Pune,34.128990863542384,8,"₹ 73,478.95",2,1,1,77750.06799637106,0
18263,Female,Mumbai,43.238690497424486,6,"₹ 94,270.04",2,0,0,40488.929477145626,0
18264,Male,Pune,32.302369375088155,10,"₹ 1,077.61",2,0,0,111990.71122011414,0
18265,Female,Kolkata,45.69335932114097,4,"₹ 73,601.73",3,1,0,75443.11975827266,1
18266,Male,Hyderabad,44.6152867822605,2,"₹ 88,954.80",2,1,1,76866.19919259858,0
18267,Female,Pune,44.69736882814677,7,"₹ 45,063.16",1,1,0,96919.87321263138,0
18268,Male,Hyderabad,43.64555620772786,6,"₹ 15,408.14",2,1,0,10000.0,0
18269,Female,Delhi,35.72903017569843,3,"₹ 60,784.21",2,1,1,96472.53454694289,0
18270,Female,Mumbai,53.39321332214584,0,"₹ 44,514.91",1,1,1,113641.83135486308,0
18271,Male,Hyderabad,49.72365586257797,2,"₹ 155,365.88",1,1,1,86118.22568486519,0
18272,Male,mumbai,49.14408147662513,10,"₹ 60,023.80",1,1,1,84038.6930544012,0
18273,Male,Delhi,30.87327332623236,7,"₹ 35,464.51",2,1,1,139807.364401131,0
18274,Female,Hyderabad,55.100000913701436,1,"₹ 5,912.89",1,1,1,19317.159191220388,0
18275,Female,Bangalore,33.54311402346076,8,"₹ 20,835.51",2,1,0,104981.73954493502,0
18276,Female,Pune,37.15851262915091,3,"₹ 76,570.10",2,1,1,94273.78530796301,0
18277,Female,Bangalore,46.37618302540775,6,₹ 0.00,2,0,0,23978.737231976076,0
18278,Male,Kolkata,62.25233284213576,9,₹ 0.00,2,1,1,,0
18279,Male,Delhi,26.882635608362317,6,"₹ 79,889.21",2,1,1,112958.56766085135,0
18280,Male,DELHI,30.17011521764463,7,"₹ 38,737.51",1,0,1,104444.82430081193,0
18281,Male,DELHI,18.0,6,"₹ 42,021.88",1,0,1,74390.80859625273,0
18282,M,Hyderabad,52.59317258993583,10,"₹ 67,358.47",2,0,1,54512.35047097897,0
18283,Female,Pune,39.94086494685515,3,"₹ 42,818.10",1,1,0,85048.69107974709,0
18284,Male,Mumbai,51.366184707323974,6,"₹ 2,150.00",1,1,0,74051.86233186728,1
18285,Female,DELHI,50.073617678635514,4,"₹ 30,199.27",2,1,1,96136.55477855017,0
18286,Female,Mumbai,56.82048955929584,9,"₹ 64,070.36",1,0,0,53020.17996309602,1
18287,Male,DELHI,45.0215875818592,6,"₹ 52,003.56",2,0,1,74075.57879597903,0
18288,Male,Delhi,34.36046827708679,2,"₹ 94,975.40",1,1,0,118677.33217334625,1
18289,Male,DELHI,48.48020251354931,9,"₹ 62,353.46",1,1,1,128320.60138511911,0
18290,Female,Chennai,51.218341568119634,10,"₹ 24,165.64",2,1,0,41312.62914971574,1
18291,M,Hyderabad,39.77471788177748,6,"₹ 92,190.10",1,1,1,30103.68226685062,0
18292,Female,Kolkata,46.362505638951454,6,"₹ 94,203.02",2,1,0,10000.0,0
18293,Male,DELHI,24.8248686657675,1,"₹ 28,876.31",2,0,0,65140.45471945866,0
18294,Male,Pune,25.912617969480763,7,"₹ 66,883.37",2,1,1,149506.16465727723,0
18295,Female,Kolkata,20.093393730720564,6,"₹ 69,989.06",2,1,0,102007.106639698,0
18296,Female,Mumbai,49.32837224184513,8,"₹ 60,193.25",2,1,0,114787.49717187806,1
18297,Female,Bangalore,56.099472913252555,3,"₹ 8,680.83",1,0,0,82290.34077449307,1
18298,Female,mumbai,23.61631868439794,8,"₹ 139,650.01",1,1,1,106257.74632809483,0
18299,Male,mumbai,47.41670340420831,0,"₹ 37,168.09",1,1,1,60758.33395321583,0
18300,Female,Kolkata,51.707416079469915,4,"₹ 60,801.52",2,1,1,86916.98197851026,0
18301,Female,Bangalore,39.010426671580106,9,"₹ 77,567.07",2,1,1,103435.88689038617,0
18302,Male,Pune,69.02323391708708,6,"₹ 37,600.81",1,1,0,132366.83893406836,0
18303,Female,Kolkata,23.142927056493125,3,"₹ 87,199.04",1,0,0,99071.09632010857,1
18304,Male,Mumbai,39.336613583152364,6,"₹ 49,975.34",3,1,0,79227.33993746745,0
18305,Male,Delhi,,8,"₹ 30,942.23",2,0,0,39573.43897264002,0
18306,Male,Kolkata,50.18440761282645,4,"₹ 7,176.15",2,1,1,68410.42288704967,0
18307,Male,mumbai,34.02112117431767,4,"₹ 38,676.01",2,0,0,98607.81005613778,0
18308,Male,Chennai,18.0,1,"₹ 60,890.35",2,1,0,69996.60829525841,0
18309,Male,mumbai,53.910148654609856,4,"₹ 40,541.60",2,1,0,38740.57720577509,0
18310,Female,Bangalore,42.6470606261641,7,"₹ 69,638.32",2,1,0,104835.6681742016,1
18311,Male,Mumbai,40.39534874794711,3,"₹ 99,662.39",2,1,0,78117.80150806448,0
18312,Male,Pune,61.9115757359426,1,"₹ 40,894.56",2,1,0,50073.35649437278,1
18313,Male,Hyderabad,33.281559339718896,7,"₹ 84,328.11",1,0,0,10000.0,0
18314,Female,Chennai,54.65928896656757,3,"₹ 55,370.31",1,1,1,81542.15237539854,0
18315,Male,Kolkata,56.83950110639272,4,"₹ 59,213.83",3,1,1,64183.767340569095,0
18316,Male,Chennai,36.562478007519815,6,"₹ 50,341.91",2,1,1,180298.1373570322,0
18317,Female,Bangalore,45.12702225728835,10,"₹ 61,824.94",2,0,0,135140.62641044473,0
18318,Female,Mumbai,70.18114824868658,4,"₹ 25,441.82",3,1,1,35329.45436563458,1
18319,Female,Pune,29.853129814344364,9,"₹ 28,128.48",2,1,0,127817.47624786358,0
18320,Male,Kolkata,53.32396152066389,3,"₹ 31,983.67",1,0,1,83869.00976679334,0
18321,Male,Mumbai,45.931666975746474,6,₹ 0.00,2,0,1,121716.76110165531,0
18322,Female,Kolkata,64.06027081780222,3,"₹ 13,665.61",1,0,1,188388.8545816196,0
18323,Male,Pune,44.4939857828066,9,"₹ 47,252.39",1,1,1,59246.561826679404,0
18324,Male,Kolkata,55.28629588667675,3,"₹ 32,753.77",1,0,1,62296.68003355341,1
18325,Male,Mumbai,20.992218578870528,1,"₹ 48,623.96",1,0,0,42154.59336042072,1
18326,Female,Kolkata,18.0,4,"₹ 68,773.56",2,1,0,114668.75647497241,0
18327,Male,Mumbai,29.261416182317383,7,"₹ 57,454.65",2,1,1,112765.48689409933,0
18328,Female,Bangalore,38.376814153379684,3,"₹ 46,710.14",2,1,0,150666.7214725925,0
18329,Female,Delhi,39.6873915519118,10,₹ 0.00,1,1,1,105516.24290254922,0
18330,Male,Mumbai,61.384186212276184,1,"₹ 51,489.34",2,1,0,23304.582363885238,1
18331,Female,Chennai,39.105172890067216,8,"₹ 29,707.95",2,1,0,139852.83092402332,1
18332,Female,Delhi,45.35739320068362,5,"₹ 70,776.83",1,1,0,92857.77001281784,1
18333,Female,Kolkata,47.09341437369216,2,"₹ 26,084.13",1,1,1,69864.55277458687,0
18334,Male,Mumbai,35.52747198686327,9,"₹ 15,657.95",2,1,1,43787.259124790995,0
18335,Female,Mumbai,44.72541399421867,10,"₹ 92,605.82",1,1,1,117652.24105078685,0
18336,Male,Chennai,60.76741563797111,4,₹ 0.00,2,1,1,24273.398233771317,0
18337,Female,Hyderabad,49.48786823862576,5,"₹ 100,691.10",2,1,1,152800.17674684746,0
18338,Male,Delhi,53.898110339436634,8,"₹ 53,178.90",1,1,0,79219.57638286466,1
18339,Male,Delhi,49.998304509482175,4,"₹ 39,904.93",2,0,0,10000.0,0
18340,Female,Mumbai,69.70686249954215,8,"₹ 37,023.67",2,1,1,94853.02660951592,0
18341,Female,Kolkata,29.213997980358275,0,"₹ 76,400.25",3,0,1,,0
18342,Female,Pune,82.5092608194644,9,"₹ 56,523.10",1,1,0,72325.85476653853,0
18343,Male,Pune,59.94512806476369,3,"₹ 55,218.10",2,1,1,152440.68816546636,0
18344,Male,Delhi,62.67208868078512,0,"₹ 48,029.83",1,1,0,123468.8593725512,0
18345,M,Hyderabad,64.64931695675602,1,"₹ 36,174.42",1,0,1,25653.790313539692,1
18346,Female,Pune,60.545154794527036,1,"₹ 87,502.55",2,1,1,,0
18347,Female,DELHI,25.6483551885725,9,"₹ 35,753.31",2,1,1,115910.86333920056,0
18348,Male,Pune,28.004899910911384,10,"₹ 11,510.54",2,1,0,61554.59369893203,1
18349,Male,mumbai,55.48814471776914,4,"₹ 59,171.55",1,0,0,67632.34847138713,0
18350,Female,Delhi,53.663695075852765,0,"₹ 7,066.44",1,1,1,78702.39299214986,0
18351,Female,Hyderabad,58.28702963515695,9,"₹ 94,219.92",1,1,0,19766.69006491827,1
18352,Male,Kolkata,45.699680755051865,2,"₹ 62,336.36",2,0,1,65700.51456212424,0
18353,Female,Mumbai,25.24069554521376,10,₹ 0.00,1,1,0,81523.53879008308,0
18354,Female,Bangalore,43.348084809281275,5,"₹ 61,425.76",2,0,0,125382.70674998732,1
18355,Male,Chennai,56.120456921941695,0,"₹ 38,804.05",3,1,1,54338.293802750224,1
18356,Male,Delhi,41.20242977361667,10,"₹ 88,231.58",2,1,1,82981.06233699489,0
18357,Male,Hyderabad,44.92865049658743,0,"₹ 45,785.37",1,1,1,42059.196718840256,0
18358,Female,Mumbai,45.45079680094541,2,"₹ 46,459.72",2,1,1,49680.410098994515,0
18359,Male,Bangalore,37.16988978017887,8,"₹ 37,992.71",1,1,0,48841.77666278841,0
18360,Male,mumbai,32.791362939319356,1,"₹ 41,131.03",1,1,0,59424.30032925523,0
18361,Female,Delhi,76.6256321074805,5,₹ 0.00,1,0,1,85465.2588632494,1
18362,Male,Kolkata,68.37900066050184,2,"₹ 32,924.31",1,0,0,99699.84638846568,0
18363,Male,Chennai,61.052135050310234,5,"₹ 19,881.43",1,0,0,117967.97253523613,0
18364,Male,Bangalore,51.22546642305477,10,"₹ 37,412.03",1,0,0,29098.21980869423,0
18365,Female,Kolkata,29.92949091152537,10,"₹ 82,771.02",1,1,0,96015.61675166122,0
18366,Female,Pune,58.309532560927295,6,"₹ 98,562.76",1,1,0,20124.51529844021,0
18367,Male,Mumbai,61.72964364563392,6,"₹ 56,273.34",2,0,1,10000.0,0
18368,Female,Delhi,39.83287294753871,1,"₹ 31,920.40",2,0,0,94869.9355485224,0
18369,Female,Mumbai,28.984490083021786,2,"₹ 7,537.35",1,1,0,,0
18370,Male,Bangalore,51.403798144948695,3,"₹ 35,263.22",1,1,0,120740.44251618767,0
18371,Male,DELHI,61.01872045600696,7,"₹ 12,556.70",2,1,1,39287.83444231395,0
18372,Male,DELHI,35.399407853306215,4,"₹ 43,272.36",1,1,0,62099.989428710935,0
18373,Male,Chennai,52.93064450928558,0,"₹ 48,228.93",3,0,0,96262.64478624765,0
18374,Female,Pune,31.388400649808077,8,"₹ 55,607.06",2,0,1,67243.4383412451,0
18375,Female,mumbai,27.94980910626052,0,"₹ 53,026.76",1,0,0,68861.82044361978,1
18376,Male,Hyderabad,48.07300130159822,1,₹ 0.00,2,1,0,92811.70088936786,0
18377,Male,Delhi,32.784184173983704,6,"₹ 21,201.88",2,0,0,120114.6510090277,0
18378,Male,Delhi,51.45128899420402,10,"₹ 21,765.15",1,1,0,134057.3405454497,0
18379,Female,Bangalore,20.768496671424707,2,"₹ 36,595.63",2,0,1,109858.69750898349,0
18380,Male,DELHI,32.14449627772006,5,"₹ 53,056.33",2,0,0,45549.47807570347,1
18381,Female,mumbai,60.43657990308565,7,"₹ 26,915.58",2,0,1,36148.91690167759,0
18382,Male,Bangalore,55.38772962615457,4,"₹ 144,821.06",1,1,1,192601.4137808223,0
18383,Female,mumbai,51.2856094809168,0,"₹ 86,845.31",2,0,1,61144.02557529336,0
18384,Female,DELHI,,9,"₹ 18,895.20",4,1,1,66632.98758897404,0
18385,Male,Kolkata,45.20564650951939,2,"₹ 89,838.42",2,1,0,81194.22802817273,0
18386,Male,Bangalore,41.62858926048169,10,"₹ 99,943.93",1,1,1,17468.162984903443,0
18387,M,Hyderabad,80.00661960941437,1,"₹ 12,480.24",1,0,0,41471.37160648028,0
18388,Male,mumbai,49.746531177507165,5,"₹ 14,458.18",1,1,1,101078.6471160943,0
18389,Female,Pune,33.500863162950225,4,"₹ 53,744.71",1,0,1,16988.33828447885,0
18390,Male,Bangalore,43.78629268304075,6,"₹ 81,808.54",2,0,1,53948.13914633584,0
18391,Female,Kolkata,19.791974619463055,1,"₹ 59,806.73",1,1,1,32925.19280257847,0
18392,Male,Hyderabad,18.0,5,₹ 0.00,1,1,1,53777.054487913156,0
18393,M,DELHI,66.94071003776415,10,"₹ 26,183.69",2,1,1,65400.35932890092,0
18394,Female,Chennai,49.105327812954826,4,"₹ 32,349.41",2,1,1,113368.88410242066,0
18395,Female,Delhi,38.22617679676921,5,"₹ 75,211.54",1,1,1,114643.59828118015,0
18396,Female,Delhi,44.60218280634054,4,"₹ 7,393.42",1,1,0,81052.54487132629,0
18397,Female,Bangalore,43.43748437356549,6,"₹ 12,195.74",1,1,0,71736.96943112834,1
18398,Male,DELHI,46.01385160109102,4,"₹ 51,784.64",2,1,0,20440.001251312096,1
18399,Female,Mumbai,62.2162154511947,6,"₹ 49,886.93",1,1,1,16489.091128590204,0
18400,M,Hyderabad,53.031558921813236,0,"₹ 77,069.40",1,1,1,89881.69419985975,0
18401,Male,Pune,38.85623724038578,8,"₹ 31,322.96",2,1,0,129437.39177742461,0
18402,Female,Delhi,18.76679644507421,5,"₹ 82,401.31",1,1,0,86765.87572940781,0
18403,Female,mumbai,29.965330982925302,8,"₹ 77,391.11",1,1,1,83991.51647922154,0
18404,Female,Kolkata,56.37684214054275,0,"₹ 46,902.49",2,1,1,160522.03862519187,0
18405,Male,Delhi,68.43146437337737,1,"₹ 33,833.46",1,1,1,107972.97524243005,0
18406,Male,Bangalore,31.830805845288296,6,"₹ 100,605.87",1,1,1,27902.704764677794,0
18407,Male,Hyderabad,29.563319601351097,3,"₹ 64,021.11",2,0,1,30702.731177001653,1
18408,Male,Hyderabad,38.514258331826795,9,"₹ 41,351.59",2,1,1,60116.11348514905,0
18409,Female,Mumbai,71.76609289681718,0,"₹ 20,893.20",2,0,1,34659.60944497988,0
18410,Male,Chennai,47.21553020599637,4,"₹ 89,070.00",1,0,0,54433.246087326945,1
18411,Male,Pune,33.56606727643667,3,"₹ 30,623.68",1,1,1,79265.57479141312,1
18412,F,DELHI,39.583019995550146,5,"₹ 33,859.31",1,1,0,28667.158018322472,0
18413,Male,Bangalore,37.077218059490335,6,"₹ 27,320.13",2,1,0,78161.77518600516,1
18414,Male,Bangalore,55.56199938194857,10,"₹ 38,704.06",1,1,1,87494.28611425917,0
18415,Male,DELHI,74.30222603563722,2,"₹ 62,006.18",1,0,0,170715.68983290845,0
18416,Male,DELHI,46.96247779379847,5,"₹ 34,607.23",1,0,1,72297.80297888818,0
18417,Female,DELHI,61.40632593130548,1,"₹ 47,054.67",2,1,1,61091.42555042123,0
18418,Female,Mumbai,24.808976068033346,9,"₹ 28,836.52",1,1,0,154411.2091616174,0
18419,Female,DELHI,80.11508365362042,3,"₹ 64,643.10",2,0,0,19676.33962441553,0
18420,Male,DELHI,24.913809801675114,9,"₹ 46,977.10",1,1,0,179080.46824591304,0
18421,Female,Delhi,63.17770251261535,8,"₹ 13,055.77",2,1,0,92944.56380397684,0
18422,Male,mumbai,50.07932123193172,6,"₹ 46,246.33",2,1,0,124956.52224961182,0
18423,Male,Hyderabad,26.1284313466985,1,"₹ 56,992.04",2,1,1,65168.492892645016,0
18424,Male,DELHI,57.51678305502828,5,"₹ 37,618.70",2,0,1,24317.94212953937,0
18425,Male,Delhi,44.56378978138037,3,₹ 0.00,3,1,1,30814.990197723586,0
18426,Male,Chennai,31.324154457904015,7,"₹ 87,557.89",2,1,1,98074.6767006822,0
18427,Male,Hyderabad,45.16100834820462,7,"₹ 19,809.87",1,1,1,157299.45961590693,0
18428,F,Pune,20.25214786573707,0,"₹ 68,484.05",2,1,0,34560.37144747578,0
18429,Male,Hyderabad,37.764630081609596,7,"₹ 38,614.96",2,1,1,87566.90098908807,0
18430,Male,Mumbai,30.533500986514674,9,"₹ 47,127.00",1,1,1,19265.21866746919,0
18431,Male,DELHI,42.26415353329085,6,"₹ 44,045.10",1,1,0,128660.74127825469,0
18432,Female,Hyderabad,,0,"₹ 80,090.27",1,1,1,93029.30031643333,0
18433,Male,Chennai,18.135366927863366,2,"₹ 56,995.37",1,0,0,13463.680312435215,0
18434,Female,Mumbai,32.26359298360255,4,"₹ 54,343.43",2,0,1,89348.03955426827,0
18435,M,DELHI,44.42537910396369,2,"₹ 13,459.73",2,0,0,97973.79018036195,0
18436,Male,Hyderabad,30.401193981177016,2,"₹ 94,933.23",2,0,1,125139.4956878968,0
18437,Male,DELHI,51.923190731342984,0,"₹ 4,401.08",2,0,1,97012.76652219976,0
18438,Male,Mumbai,55.531325541762826,7,"₹ 89,023.49",2,0,0,10000.0,0
18439,Female,Kolkata,32.337949641660884,8,₹ 0.00,2,1,0,,0
18440,Male,mumbai,65.85704215086734,4,"₹ 104,366.22",2,1,0,98901.14144242863,0
18441,Male,Kolkata,40.45649340488542,0,"₹ 62,372.07",1,0,0,10000.0,0
18442,Male,Bangalore,72.47299582594715,0,"₹ 34,534.69",1,1,0,212584.88013762166,1
18443,Female,mumbai,41.10563933983973,8,"₹ 8,501.62",1,1,1,88580.75919300645,0
18444,Male,mumbai,28.1754561179488,0,"₹ 49,520.41",1,1,1,102548.26606891093,0
18445,Male,Chennai,63.4213704058792,8,"₹ 63,762.50",1,0,1,57856.65908903742,0
18446,Female,Chennai,29.37895986516164,2,"₹ 51,721.38",1,0,0,87003.34083775786,0
18447,Female,DELHI,62.06556401237103,2,"₹ 37,783.28",2,0,1,180324.25399613008,0
18448,Female,Hyderabad,46.809383764077914,3,"₹ 28,185.90",2,1,1,69643.35790385763,0
18449,Male,Kolkata,36.66170492499721,4,"₹ 85,439.29",2,1,0,103006.6362410188,0
18450,Female,Pune,33.47357409540832,5,"₹ 40,410.65",2,0,1,111364.04725257774,0
18451,Female,Bangalore,43.70632022791806,5,"₹ 61,106.25",2,0,1,40780.47077631235,0
18452,Male,Pune,55.19772620365486,9,"₹ 66,394.75",1,1,1,84726.04980375542,0
18453,Female,DELHI,44.39865112691608,8,"₹ 12,752.59",2,0,0,93137.75137270888,0
18454,Male,mumbai,67.19262786963915,0,"₹ 46,959.31",2,1,1,133158.24581666358,0
18455,Female,Bangalore,27.363439417118908,8,"₹ 89,396.74",2,0,0,62176.90804545356,0
18456,Male,DELHI,43.550800891794154,3,"₹ 58,718.52",1,0,1,12558.528526197246,0
18457,Female,Bangalore,61.50990201127664,6,"₹ 63,371.05",2,1,1,136353.07512061932,0
18458,Male,Delhi,26.941514055345504,5,"₹ 37,279.68",1,1,0,85952.79206573046,0
18459,M,Kolkata,60.60395798603633,8,"₹ 82,632.32",2,0,0,110523.75213172409,0
18460,Male,Chennai,45.29694009827274,1,"₹ 108,558.85",2,1,1,105938.95604221486,0
18461,M,Kolkata,46.6517766354159,10,"₹ 26,723.53",2,1,0,155628.95777650352,0
18462,Female,Pune,39.9067029556396,1,"₹ 73,566.71",2,0,0,94117.04869270624,0
18463,Male,Bangalore,26.865551370218526,6,"₹ 8,710.89",1,1,1,124599.15903691953,0
18464,Female,Mumbai,43.81786160751013,8,"₹ 68,254.03",1,1,0,100211.48092351646,0
18465,F,Chennai,36.66324293617048,4,"₹ 63,212.21",2,1,0,81026.55073672553,0
18466,Male,Pune,67.86458625629395,6,"₹ 15,675.83",1,0,1,155611.89652725495,0
18467,Male,Delhi,52.65633921894513,10,"₹ 77,766.56",3,0,0,129817.05039092599,1
18468,Female,Delhi,45.5174819860092,7,"₹ 20,117.11",1,1,0,51726.39014848409,0
18469,Male,Mumbai,64.76608718784883,7,"₹ 107,984.24",1,0,1,90776.74488803164,0
18470,Male,mumbai,44.158317075999754,3,"₹ 54,308.34",2,1,0,82507.02201030597,0
18471,Male,Bangalore,55.54320924241736,9,"₹ 45,375.40",2,0,0,77144.4231461001,0
18472,Male,Delhi,62.463176978318394,6,"₹ 29,980.01",1,1,0,100227.91295977356,0
18473,Male,Chennai,40.91600141927258,0,"₹ 68,236.96",1,0,0,94185.60113076582,0
18474,Male,Pune,51.52411825713002,3,"₹ 60,234.56",1,1,0,24175.433468343515,0
18475,Female,Mumbai,38.449634950325816,4,"₹ 54,271.73",1,0,0,66356.5982178695,1
18476,Female,mumbai,62.192745947142775,9,"₹ 27,490.70",1,0,0,69689.51075018861,0
18477,Male,mumbai,44.59134716509559,6,"₹ 41,965.02",2,1,1,55693.9114263016,0
18478,Female,DELHI,65.55929843672693,5,"₹ 27,867.89",1,1,1,36915.749200842765,0
18479,Female,Pune,47.98285718673935,3,₹ 0.00,2,1,1,62822.337704762496,0
18480,M,Chennai,83.18793560391855,2,"₹ 45,806.67",1,1,1,68465.46746890366,0
18481,Male,Delhi,34.3927033317229,10,"₹ 16,589.62",2,1,0,77207.30671389701,1
18482,Male,DELHI,57.89553048598518,5,"₹ 110,555.25",1,1,0,56813.65332931607,0
18483,Female,Hyderabad,44.35270655854327,9,"₹ 106,311.98",2,1,1,80108.75945625616,0
18484,Female,Chennai,41.623322629369724,4,"₹ 60,590.21",2,1,0,10000.0,0
18485,Female,Bangalore,18.0,2,₹ 0.00,2,1,0,62079.23881246529,0
18486,Female,Pune,46.09172881915436,3,"₹ 63,733.26",2,1,0,135209.39355607925,0
18487,Male,Mumbai,30.38592046810012,1,"₹ 43,454.56",3,1,1,77807.2904858336,1
18488,Female,Delhi,40.35468870093045,8,"₹ 83,437.26",1,1,1,67441.26436721183,0
18489,Male,Hyderabad,,6,"₹ 80,567.27",1,1,0,78729.72963237272,0
18490,Male,Bangalore,32.98260484029538,9,"₹ 27,296.87",2,1,0,161686.37635465566,0
18491,Female,Mumbai,28.909889662796438,2,"₹ 39,043.49",1,0,1,131029.81859156142,0
18492,Male,Delhi,29.064648005008827,7,"₹ 36,846.43",2,1,1,84939.61111653708,0
18493,Male,mumbai,21.13244841054004,7,"₹ 37,483.80",2,0,1,59182.236354638095,0
18494,Female,Hyderabad,50.643197157371716,10,"₹ 2,481.11",2,1,0,51951.364136378324,0
18495,Male,Hyderabad,45.27146043677466,0,"₹ 61,471.57",1,1,1,107126.82515739318,0
18496,M,DELHI,55.6168814331984,4,"₹ 52,440.71",1,0,0,99724.82807914868,0
18497,F,DELHI,39.12161379755449,4,"₹ 40,204.32",2,1,1,72980.63611348804,0
18498,Female,mumbai,35.10370615467351,2,"₹ 58,235.70",2,0,1,132051.59428212408,0
18499,Male,Delhi,43.682008980809385,1,"₹ 59,791.66",1,0,1,68822.55532763025,0
18500,Male,DELHI,55.52549750967421,0,"₹ 84,971.61",2,1,1,47091.39797284773,0
18501,Male,DELHI,49.49759811231965,3,"₹ 76,873.85",2,1,0,83560.81163610004,1
18502,Male,Kolkata,45.19410851505591,10,"₹ 80,956.23",1,0,0,10000.0,1
18503,Male,Kolkata,54.96574589185243,9,"₹ 23,063.23",1,1,1,97319.7179005831,0
18504,M,Chennai,45.07574482458042,1,"₹ 16,369.00",2,0,1,38221.002713802816,0
18505,Male,Kolkata,36.127103302140874,4,"₹ 78,539.36",2,1,1,88864.95903855556,0
18506,Female,Delhi,58.613103119897,10,"₹ 101,244.52",3,1,0,147247.4891953208,1
18507,Male,Delhi,26.274578055492643,9,"₹ 75,452.52",2,1,0,73998.71477667298,1
18508,Female,Kolkata,23.69471572419096,1,"₹ 59,895.75",1,1,0,99148.64939385884,0
18509,Female,Bangalore,44.625866948641054,0,"₹ 50,206.79",1,0,0,55826.34287394561,0
18510,Male,Mumbai,46.287500725637265,9,"₹ 135,820.26",1,0,1,116321.07779095469,0
18511,Male,mumbai,48.49534376077941,9,"₹ 74,987.68",2,1,1,89038.91659630046,0
18512,Female,Delhi,40.08579451176726,9,"₹ 44,003.02",1,1,0,63182.75934028074,1
18513,Female,Delhi,65.29627951035224,9,"₹ 109,514.92",1,1,1,10000.0,0
18514,Female,Chennai,22.521839196038442,8,"₹ 101,664.31",2,1,1,87605.55871004333,0
18515,Male,Delhi,47.02476531780511,1,"₹ 7,010.57",1,1,1,62114.17998367502,0
18516,Male,Hyderabad,56.3796924898322,9,"₹ 13,174.54",1,1,1,141236.69274711213,0
18517,M,Mumbai,65.76527604062069,3,"₹ 43,814.61",1,1,1,10000.0,0
18518,Female,Delhi,65.01491590991316,2,"₹ 88,273.62",2,1,1,117628.89299013658,0
18519,Male,Kolkata,28.557196855818482,0,"₹ 32,608.57",2,1,0,86376.86318845346,0
18520,Female,Delhi,50.43207331341875,7,"₹ 19,404.41",2,1,0,65711.17565635618,0
18521,Male,mumbai,41.789326363827186,1,"₹ 74,421.58",3,0,0,145277.2580933948,0
18522,Male,Chennai,44.71577157776855,10,₹ 0.00,2,1,0,117827.44951722941,1
18523,Male,mumbai,62.00894998785849,7,"₹ 39,461.97",1,0,1,47291.39682242538,0
18524,Male,Mumbai,73.49894277725247,0,"₹ 17,785.36",1,0,1,39591.494567364716,0
18525,Female,Mumbai,48.913661937464965,5,"₹ 49,753.03",2,1,0,116109.6871067996,0
18526,Male,Mumbai,18.0,3,"₹ 21,569.06",1,0,1,121915.45572465882,0
18527,Male,Chennai,19.974066109262594,2,"₹ 45,447.90",2,1,0,56878.994383373385,0
18528,Female,mumbai,44.30250460026786,0,"₹ 62,645.24",2,1,0,121963.58351094957,0
18529,Female,DELHI,59.963468285613665,9,"₹ 53,893.00",2,1,1,144886.26932219334,0
18530,Female,Hyderabad,33.218467751412504,10,"₹ 33,882.29",1,1,1,103316.77537388829,0
18531,Female,Mumbai,42.13236972596136,0,"₹ 39,743.65",1,0,0,107344.086080636,0
18532,Male,Bangalore,69.26862752830803,10,"₹ 117,636.54",2,1,0,146316.8914289134,0
18533,Female,mumbai,39.0527990921393,6,"₹ 76,485.06",4,1,1,80835.81281646022,0
18534,Female,mumbai,71.29274593623751,5,"₹ 43,043.22",2,1,0,103967.34397131055,0
18535,Female,Kolkata,38.545854622564356,2,"₹ 55,349.70",1,1,0,69795.75761380352,0
18536,Male,Pune,58.56405347434652,1,"₹ 63,545.19",1,0,1,,0
18537,Male,Pune,46.15280298290719,9,"₹ 27,142.37",1,1,0,92255.89426347644,0
18538,Female,Chennai,56.64951610888622,2,"₹ 50,064.75",1,1,0,34525.77696671051,1
18539,Male,Mumbai,75.1296156135007,7,"₹ 17,799.36",2,1,0,124656.69555485938,0
18540,Female,Kolkata,51.29505952254307,10,"₹ 20,188.68",1,0,1,108093.36545968769,0
18541,Female,Mumbai,63.91610396682733,6,"₹ 76,263.14",1,1,0,41967.04704738942,1
18542,Female,Mumbai,31.5805286705992,6,"₹ 80,167.46",1,1,0,22053.59828710124,0
18543,Female,Kolkata,31.02858305056375,4,"₹ 84,600.67",1,0,0,62799.23046942288,0
18544,Female,Kolkata,20.51349683258803,9,"₹ 47,853.32",1,1,1,94408.38060900057,0
18545,Male,Hyderabad,29.165297903720436,2,"₹ 35,199.11",2,0,1,62911.59470306606,1
18546,Female,Delhi,67.75899978060549,0,"₹ 50,318.91",2,1,1,108351.83900484457,0
18547,Female,Pune,49.97193222653408,0,₹ 0.00,1,1,0,18956.146938737103,0
18548,Male,Delhi,40.9889688706442,5,"₹ 91,636.58",1,1,0,71069.25987393825,0
18549,Male,Kolkata,48.06292519314841,3,₹ 0.00,1,1,1,97072.5109883687,0
18550,Male,Chennai,55.20294831630722,6,"₹ 79,191.95",2,0,1,56274.61549622356,1
18551,Female,Kolkata,56.6775897657658,9,"₹ 20,316.15",1,1,1,54779.325568797096,0
18552,Male,Delhi,48.27866092834699,9,"₹ 49,757.19",1,0,0,122374.377673552,0
18553,Female,DELHI,65.74076149033131,9,"₹ 24,466.35",2,0,0,,0
18554,Male,DELHI,30.438578356029023,0,"₹ 24,924.14",2,1,0,106221.29317549706,1
18555,Male,Pune,39.740011892600144,5,₹ 0.00,1,1,0,127781.74844224946,0
18556,Female,Bangalore,62.55394162306676,6,"₹ 11,905.77",1,0,0,83236.8017987758,0
18557,Male,Chennai,59.34535955276427,0,"₹ 77,312.26",1,1,1,90120.19243087602,0
18558,Female,Mumbai,50.56243311875376,1,"₹ 13,256.30",2,1,0,118443.9543356758,0
18559,Female,mumbai,36.85624855346697,8,"₹ 11,982.39",2,1,1,149099.90434173757,0
18560,Female,Kolkata,56.81351172735391,8,"₹ 46,758.25",1,1,1,111529.10190983428,1
18561,Male,DELHI,31.36257658404041,5,₹ 0.00,1,1,1,155213.76749548648,0
18562,Female,Bangalore,62.73023354563301,10,"₹ 39,476.52",1,1,0,145743.00922288478,1
18563,Female,Chennai,67.8258434926285,3,"₹ 57,754.20",2,1,1,13548.387725689608,0
18564,Female,Chennai,36.35822378412995,6,"₹ 61,129.54",1,1,0,116672.65620003724,1
18565,Male,DELHI,83.82493965499312,4,"₹ 18,877.78",2,0,1,51253.09169192468,0
18566,Female,mumbai,30.039981356374565,2,"₹ 86,237.42",2,0,1,131437.44576685247,0
18567,Female,Bangalore,42.16457863332681,3,"₹ 80,637.52",1,1,0,132546.0344078856,1
18568,Female,Hyderabad,41.79535140542851,1,₹ 0.00,1,1,0,114262.99006510506,0
18569,Male,mumbai,43.442788542639,5,"₹ 71,432.47",1,1,1,19154.241456174837,0
18570,Male,Delhi,66.37244680757213,2,"₹ 54,547.61",3,1,1,92960.98450376584,0
18571,Male,Chennai,51.565952610221544,6,"₹ 65,298.02",1,1,0,130650.83088178151,0
18572,Male,Bangalore,32.52891103507334,3,"₹ 31,512.75",1,0,1,92548.44802190346,0
18573,Male,DELHI,46.63553486432932,7,"₹ 11,211.95",1,1,0,89296.42480785665,0
18574,Male,Chennai,54.94819215090424,10,"₹ 45,538.67",1,0,0,55371.31092568468,0
18575,Female,mumbai,52.81234778978984,0,"₹ 61,347.26",2,1,1,91900.53799783307,0
18576,Male,Mumbai,63.3327317475773,8,"₹ 61,896.63",2,0,0,48443.16401118759,0
18577,Female,Mumbai,46.340839709571995,2,"₹ 60,276.26",1,1,1,102851.06490564723,0
18578,Male,Chennai,56.99394565458084,2,"₹ 17,737.33",3,0,1,67069.40460031763,0
18579,Male,Bangalore,42.86479983589071,4,"₹ 91,117.65",2,0,0,15833.193601793486,0
18580,Male,Bangalore,35.29858947820399,9,"₹ 85,782.27",4,1,0,21994.13670006294,0
18581,Male,Delhi,27.879481192002793,0,"₹ 57,399.17",2,1,1,79617.15116449544,0
18582,Female,Delhi,68.4972922867849,2,"₹ 21,408.81",2,1,1,60569.420356051196,0
18583,Female,DELHI,22.36736113410717,3,"₹ 57,876.56",2,0,0,110374.67971055019,0
18584,Male,Mumbai,48.81068897032809,1,"₹ 37,164.95",1,0,1,84705.938050108,0
18585,Male,DELHI,51.14465532732813,5,"₹ 39,432.08",1,0,1,140314.2217516357,0
18586,Male,Bangalore,30.28968092170811,9,"₹ 70,116.89",2,1,1,153422.24333763888,0
18587,Female,Delhi,58.51425805767167,3,"₹ 37,426.78",1,1,0,112829.55573184969,1
18588,Female,mumbai,24.742815663216003,0,"₹ 92,423.36",2,0,1,,0
18589,Female,Kolkata,36.30472975223533,2,"₹ 68,915.51",4,1,1,30599.98880385564,0
18590,Female,Kolkata,59.47035631209275,6,"₹ 80,235.34",2,0,0,75425.6705204865,0
18591,Female,Pune,25.488577068620117,2,"₹ 23,105.47",2,1,0,71677.34322793098,1
18592,Male,Chennai,57.254698778580725,5,"₹ 31,483.55",1,1,1,88836.31896798174,1
18593,Male,Hyderabad,61.73674928791688,10,"₹ 12,689.49",2,1,1,79122.7116738869,1
18594,Female,Hyderabad,61.0968566866031,5,"₹ 89,607.58",2,1,0,83069.49636291403,0
18595,Female,mumbai,50.61564527994213,0,"₹ 136,381.51",2,1,0,83429.96286224193,0
18596,Female,Pune,32.421790734322435,1,"₹ 65,614.12",2,1,0,87676.92246042305,1
18597,Female,Mumbai,30.14652402936423,9,"₹ 57,771.68",2,0,1,124522.26090858314,0
18598,Male,mumbai,37.449396462733105,10,"₹ 35,690.19",3,1,1,106914.50866920415,0
18599,Female,mumbai,18.0,10,"₹ 98,503.91",2,0,0,60223.15603535196,0
18600,Female,Kolkata,45.34821089875595,5,"₹ 48,656.50",2,0,0,30245.385896222666,1
18601,Male,Hyderabad,43.27315709965551,1,"₹ 30,567.39",2,1,0,33146.74335014296,1
18602,Female,Mumbai,46.138282615822376,1,"₹ 5,708.23",1,1,1,65847.29656701954,0
18603,Female,Chennai,41.396791724583636,3,"₹ 18,657.16",1,1,1,144079.88047316115,0
18604,Male,Chennai,47.65040525139748,7,"₹ 52,107.46",1,0,1,95787.26393273729,0
18605,Male,Kolkata,46.18902415864933,5,₹ 0.00,1,1,0,114041.92693325662,0
18606,Male,Pune,23.09874754812033,7,"₹ 13,209.80",2,1,0,42717.5682360861,0
18607,Female,Chennai,49.19931747651068,3,"₹ 99,897.79",2,1,0,62094.10946326202,0
18608,Male,Pune,44.68366839170855,10,"₹ 74,881.79",2,1,1,101498.27548897237,0
18609,Female,Hyderabad,19.112779168727563,2,"₹ 40,243.37",2,1,0,82001.26993944735,0
18610,Female,Bangalore,58.42238439690323,6,"₹ 78,291.17",2,1,0,116489.4468545492,0
18611,Male,mumbai,40.52559467722755,6,"₹ 27,048.75",2,1,1,62094.09781887587,0
18612,Female,DELHI,54.534455974967464,1,"₹ 73,384.63",2,1,1,111410.08492869254,0
18613,F,Mumbai,44.335658465592545,0,"₹ 39,112.31",1,0,0,11961.036294951002,0
18614,Male,Delhi,18.296948680881787,10,"₹ 109,079.07",3,0,0,106059.86912024979,1
18615,Male,Delhi,48.757781096375936,7,"₹ 15,871.30",2,1,0,179219.04676952987,0
18616,M,mumbai,52.446111502855274,2,"₹ 95,909.30",2,0,1,,0
18617,M,mumbai,62.558171798750195,5,"₹ 46,161.50",2,1,1,125827.02176167702,0
18618,Male,mumbai,58.78414051512731,6,₹ 0.00,1,1,1,51031.506698335885,0
18619,Male,Mumbai,62.974751843063316,7,"₹ 59,279.00",1,1,1,124914.82123378248,0
18620,Male,Hyderabad,56.04519080421008,5,"₹ 70,967.19",1,1,1,42250.489526533216,0
18621,F,Bangalore,37.62531784586773,6,"₹ 94,977.65",2,1,1,100644.73858784644,0
18622,Male,mumbai,37.97957982347271,4,"₹ 72,841.64",2,0,0,128936.03021919756,0
18623,Female,DELHI,59.83406821933899,2,"₹ 22,095.62",1,0,1,32069.440038311594,1
18624,Female,Bangalore,39.174037924404544,1,"₹ 81,147.55",1,1,1,46139.12618818815,0
18625,Male,Mumbai,52.94753925400089,6,"₹ 51,620.82",2,0,0,31417.257311389767,0
18626,Female,mumbai,70.64010207636886,7,"₹ 2,563.40",2,0,1,10000.0,0
18627,Male,Mumbai,35.731201519023095,7,"₹ 47,467.95",1,1,0,147394.20652345568,0
18628,Female,Bangalore,,2,"₹ 14,698.46",2,1,0,115825.26740698208,0
18629,Male,Pune,32.954457751719914,1,"₹ 45,808.06",2,1,1,43818.63871292604,1
18630,Female,Pune,53.79604215407728,8,"₹ 71,854.67",2,1,1,68391.3437360382,1
18631,Female,Chennai,69.20539585672077,5,"₹ 16,203.86",1,0,0,10000.0,1
18632,Male,Delhi,65.08143988155604,9,"₹ 58,827.08",2,1,1,44936.79388074715,0
18633,Male,Pune,39.22347564479005,2,"₹ 82,499.24",2,0,1,133730.32283473053,0
18634,Male,Kolkata,68.60599602499548,4,"₹ 31,251.70",2,0,0,10000.0,1
18635,Male,Pune,41.628673771727385,0,"₹ 41,472.24",2,1,1,21869.58200264554,0
18636,Female,Hyderabad,79.32712511357008,1,"₹ 82,052.22",1,1,1,89016.45003918193,1
18637,Female,mumbai,45.486316928947936,8,"₹ 83,419.48",1,1,1,110414.01451271234,0
18638,Male,Hyderabad,54.94245137538949,9,"₹ 15,244.09",3,0,1,41186.32188157229,0
18639,Female,Chennai,54.486551845330766,10,"₹ 18,780.73",2,1,0,37256.562461510795,0
18640,Female,Kolkata,28.591203112751632,9,"₹ 73,709.12",2,1,1,58164.76990932159,0
18641,Female,Pune,65.6439931375589,2,"₹ 43,067.84",2,1,0,62415.73186432675,1
18642,Male,mumbai,48.2931601443731,7,"₹ 45,346.15",2,1,0,10000.0,0
18643,Male,Kolkata,36.66151353009092,9,₹ 0.00,2,1,0,73855.6616127122,0
18644,Male,Kolkata,33.73059568968097,7,"₹ 36,160.35",1,1,0,23612.713881435033,0
18645,Female,Hyderabad,35.95960109202636,4,"₹ 45,096.53",2,1,1,51959.00468512588,0
18646,Male,Delhi,43.845719779327396,7,"₹ 71,692.28",2,1,1,101140.47504793841,0
18647,Male,Bangalore,28.99193730200725,1,"₹ 38,822.15",2,1,0,49160.815582661,0
18648,Male,Delhi,32.75422692389607,1,"₹ 71,782.00",1,1,0,69064.5017882832,1
18649,Female,Delhi,19.07765489516517,3,"₹ 44,830.56",1,1,0,66453.08513374694,0
18650,Male,Bangalore,32.86068276189877,7,"₹ 87,674.04",1,1,0,23072.45097488579,1
18651,Male,Pune,65.46564141295832,1,"₹ 49,568.45",1,1,0,80702.22978420046,0
18652,Male,Kolkata,63.01899064815974,3,"₹ 34,531.55",2,1,1,108061.7848624906,0
18653,Male,Kolkata,,7,"₹ 28,067.22",1,1,1,110551.49273261719,0
18654,Female,Delhi,76.59471497985595,2,"₹ 18,878.26",1,0,0,60711.63905887763,1
18655,Male,Delhi,63.22258819406699,7,"₹ 59,410.80",1,0,1,47934.74171752515,0
18656,Male,Mumbai,51.52058248971045,1,"₹ 108,802.62",2,1,1,87940.91840348611,0
18657,Female,Bangalore,53.152564211364655,0,"₹ 73,570.09",3,1,0,166085.7157759199,1
18658,Male,Hyderabad,46.33188056137834,5,"₹ 62,380.86",2,1,0,101417.97254027634,0
18659,Male,Kolkata,26.109637621965714,7,"₹ 13,035.83",1,0,1,81440.25575927985,0
18660,Female,Hyderabad,41.00239186668053,8,"₹ 14,574.09",2,1,0,66009.59774486536,0
18661,Male,mumbai,18.0,9,"₹ 78,512.69",1,1,1,53112.76576373441,0
18662,Male,Pune,28.584322281227973,7,"₹ 63,830.17",2,1,1,10000.0,0
18663,Male,Delhi,65.81982252549085,1,"₹ 30,940.50",1,0,1,80291.9797371479,0
18664,Male,Mumbai,46.161335429125735,0,₹ 0.00,1,1,0,40343.29489558425,0
18665,Female,Mumbai,29.008291849011673,6,"₹ 44,044.41",1,1,0,72983.24319437095,0
18666,Female,mumbai,52.90549310129577,6,"₹ 23,037.47",2,1,1,93492.55438315061,0
18667,Female,Pune,54.06547973804206,2,"₹ 34,148.84",1,1,1,141826.91541476705,0
18668,Male,Pune,68.13097287347532,5,"₹ 11,487.37",1,1,0,31241.04025216937,1
18669,Male,Chennai,71.67421247467956,6,"₹ 74,193.63",1,1,0,44933.675365027506,0
18670,Female,Delhi,56.718352957080015,8,"₹ 31,689.77",2,0,0,122891.4314843617,1
18671,Female,Bangalore,22.280549689622475,0,"₹ 65,335.40",1,1,1,44802.5134551214,0
18672,Male,Bangalore,79.20540980238226,2,"₹ 61,597.94",1,1,0,65433.98569740961,1
18673,Male,DELHI,65.30077484357795,4,"₹ 32,546.91",1,1,1,34959.35070393958,0
18674,Male,Pune,57.73796916757334,2,"₹ 44,444.84",2,1,1,133135.21063350153,0
18675,Male,Hyderabad,44.74990994725917,7,"₹ 102,792.67",1,0,0,94196.25894401278,0
18676,Male,mumbai,21.752372536384087,9,"₹ 19,124.32",2,1,1,41718.978722857624,0
18677,Male,Mumbai,36.59957288464112,5,"₹ 24,797.67",1,1,1,129448.56440343102,0
18678,Female,Delhi,44.23631455884688,1,₹ 0.00,2,1,0,144663.45193959045,1
18679,Female,mumbai,38.98645893035657,0,"₹ 45,590.13",1,1,1,25795.83775550298,0
18680,Male,Kolkata,61.40184139617647,9,₹ 0.00,3,0,1,123469.63186847944,1
18681,Male,Chennai,43.852181901484684,4,"₹ 35,364.82",1,1,0,88600.10717307938,1
18682,Female,Mumbai,33.35001157307442,10,₹ 0.00,1,0,1,17662.798091341443,0
18683,Male,mumbai,52.51088371017485,8,"₹ 71,786.99",2,0,1,,0
18684,Female,mumbai,32.56164870441103,9,"₹ 44,951.13",2,1,1,87122.72261812307,0
18685,Male,Chennai,20.52400505161554,8,₹ 0.00,1,0,0,10000.0,0
18686,Female,mumbai,52.641523347478405,0,"₹ 20,966.66",1,1,0,167754.4064338974,0
18687,Male,Mumbai,43.91253675273547,2,"₹ 35,697.13",1,1,1,55663.38191103721,0
18688,Male,Kolkata,47.35228246560995,5,"₹ 65,805.26",1,1,1,96835.4671484722,0
18689,Male,Mumbai,65.64353311094496,4,"₹ 76,064.55",2,1,0,76534.61006930041,0
18690,Male,Chennai,48.7647599602068,3,"₹ 61,840.57",2,0,1,69077.74953432541,0
18691,Male,Kolkata,53.53790885288559,1,"₹ 59,082.46",2,1,0,56674.036872000375,0
18692,Female,Bangalore,45.25737162397536,3,"₹ 62,420.64",3,0,1,84737.64143540619,1
18693,Male,Delhi,57.14966507948219,4,"₹ 69,448.66",2,0,0,36088.35595638924,0
18694,Male,Pune,18.0,1,"₹ 50,342.60",2,1,0,80115.11679916571,0
18695,Female,Bangalore,33.384735194110384,9,"₹ 43,507.73",1,0,0,16619.768575432616,0
18696,Female,Mumbai,39.20755897638326,0,"₹ 55,530.23",2,0,0,115919.65914093913,0
18697,M,Kolkata,37.808484360378635,6,"₹ 84,957.47",1,1,1,56654.782866901616,0
18698,Female,Delhi,33.125804580123884,6,₹ 0.00,1,1,1,73091.85947892322,0
18699,Male,Delhi,43.77021106717767,7,₹ 0.00,3,0,0,100286.33691527609,0
18700,Female,Chennai,42.96480846887381,9,"₹ 66,805.55",2,0,0,134551.72507127112,0
18701,Female,Chennai,43.762606530790194,5,"₹ 23,063.75",1,0,1,152271.76921697028,0
18702,Female,Chennai,48.00687752992163,0,"₹ 52,093.99",1,1,1,117291.71913138893,0
18703,Male,Hyderabad,52.46686004512608,7,"₹ 49,056.32",1,0,1,31518.856162209733,0
18704,Male,Mumbai,33.36063773664031,1,"₹ 114,881.38",1,0,1,133745.50842536727,0
18705,Male,DELHI,37.16484054910218,2,"₹ 70,262.92",2,1,1,42184.467244948086,0
18706,Female,mumbai,58.84093604809067,7,"₹ 80,139.91",3,0,0,37882.61780721004,0
18707,Female,Pune,30.870832574520502,3,"₹ 40,683.98",1,1,1,61925.1351789357,0
18708,Female,Chennai,32.8808739736822,4,"₹ 25,836.08",1,1,1,97028.172903325,0
18709,Male,Pune,33.405517546336625,8,"₹ 24,607.40",2,1,0,173310.2068692539,0
18710,Female,Hyderabad,42.00175409742966,10,"₹ 86,777.51",1,1,1,,1
18711,Female,Pune,59.972040543308225,6,"₹ 65,734.44",1,1,0,,0
18712,Male,Mumbai,52.85848156584508,9,"₹ 52,282.07",2,0,1,114519.75827979523,0
18713,Female,Kolkata,31.906034735351025,6,"₹ 101,347.46",1,1,1,61121.625090934154,0
18714,Male,DELHI,72.19849810787491,0,"₹ 45,824.17",4,1,0,117518.18416979302,1
18715,Female,DELHI,34.56528222789791,0,"₹ 26,879.66",1,1,1,39778.228496197524,1
18716,Female,mumbai,20.681655267898574,7,"₹ 39,732.06",1,1,1,61445.00828762616,0
18717,Female,Chennai,72.36284125674828,9,"₹ 82,249.18",2,0,1,48937.45814067348,1
18718,Female,Pune,32.447220749834926,0,"₹ 8,866.07",1,0,1,106563.20897308944,0
18719,Female,Hyderabad,43.33645063377884,9,"₹ 48,569.60",2,1,0,126801.32477880405,0
18720,Male,Kolkata,42.99023038741599,1,"₹ 98,290.02",1,0,1,82612.00508785922,0
18721,Male,DELHI,53.72631205750205,3,"₹ 62,185.81",2,1,0,68950.23300521902,0
18722,Female,Bangalore,18.0,8,"₹ 44,088.81",2,1,0,70434.45220756117,0
18723,Male,DELHI,40.48969403703786,6,"₹ 107,779.41",1,1,1,10000.0,0
18724,Male,Kolkata,39.49844347737013,6,"₹ 60,469.91",1,1,0,63695.17658164087,0
18725,Female,Mumbai,66.20567686162457,9,"₹ 1,664.63",1,1,1,82963.89323759377,0
18726,Female,Pune,36.84661467982652,6,"₹ 44,834.66",1,0,0,167725.22133524006,0
18727,Male,Delhi,40.188913137204906,4,"₹ 86,469.63",2,0,1,33072.71196451647,0
18728,Male,Hyderabad,56.40239295261902,0,"₹ 55,036.21",2,0,1,93044.31622823734,0
18729,Male,mumbai,52.67100095380452,4,"₹ 96,580.13",2,1,0,26774.43249830806,1
18730,Male,Bangalore,34.139351936162456,7,"₹ 17,788.55",3,1,1,95978.9043305756,1
18731,Male,Chennai,51.42609138897324,6,"₹ 47,414.53",2,1,0,93051.75875597713,0
18732,Female,Chennai,33.93932173811922,6,"₹ 60,685.45",1,1,1,128094.50395959525,0
18733,Male,Chennai,57.04849584352147,1,"₹ 12,657.16",2,0,1,83845.26901583369,0
18734,Male,Bangalore,42.59664793416869,0,"₹ 49,822.20",2,1,1,85859.15264620719,0
18735,Male,Kolkata,26.150262513090876,3,"₹ 62,743.47",1,1,0,96861.22606660158,0
18736,F,mumbai,18.0,7,"₹ 12,069.55",1,1,0,70831.4816547579,0
18737,Male,DELHI,39.35972642805791,0,"₹ 5,560.12",2,0,1,86876.02458666386,0
18738,Male,Delhi,33.24454656823523,1,"₹ 85,633.27",1,1,0,78408.47874190015,0
18739,Male,mumbai,41.40569277742984,6,"₹ 53,477.38",2,0,1,40818.134140206064,0
18740,Female,Delhi,44.261313408917715,4,₹ 0.00,1,1,0,106554.26325711314,0
18741,Female,Hyderabad,18.0,5,"₹ 29,618.13",1,1,0,145535.1440584483,0
18742,Male,Kolkata,34.05190531863798,7,"₹ 52,377.09",1,1,1,38607.07977094238,0
18743,Male,Hyderabad,43.05948299899388,8,₹ 0.00,2,1,0,94729.56120817343,0
18744,Male,Kolkata,46.50070018300451,7,"₹ 22,348.25",1,0,1,135565.2702360916,0
18745,Female,Pune,56.97342404481549,0,"₹ 40,395.89",1,0,1,74790.53304971106,0
18746,Female,DELHI,59.55817810630119,10,"₹ 40,401.70",1,0,0,148133.17720079125,0
18747,Male,Mumbai,41.42022102569538,3,"₹ 18,357.46",3,0,1,,1
18748,Male,Mumbai,42.781859010838566,4,"₹ 45,771.14",1,0,0,38175.54909391301,0
18749,Male,Kolkata,37.78982514512953,8,"₹ 37,834.28",1,1,0,58735.94934734878,0
18750,Male,Mumbai,54.83629059980382,5,"₹ 44,177.29",1,0,0,117886.15479410315,0
18751,Female,Bangalore,39.23231892681603,5,"₹ 59,276.94",1,1,0,10000.0,0
18752,Male,mumbai,30.497680838482303,2,₹ 0.00,2,1,0,46805.97572671599,1
18753,Male,Hyderabad,20.062445794511177,1,"₹ 71,417.89",1,1,0,96647.91752558196,1
18754,Male,Pune,30.787411620129156,1,"₹ 65,808.40",2,1,1,57865.862556889944,0
18755,M,DELHI,41.011950706699224,6,"₹ 64,520.35",2,1,0,29989.309362853026,0
18756,Female,DELHI,59.693364237046595,4,"₹ 44,634.00",1,1,1,81496.42505749589,0
18757,Male,Pune,45.68270044271852,9,"₹ 44,004.09",1,1,0,130451.7107455215,0
18758,Male,Chennai,46.71725565395125,0,"₹ 46,292.08",1,1,0,47784.59687628124,0
18759,Male,Chennai,45.05060321745993,4,"₹ 52,225.15",1,1,1,53761.99073363084,0
18760,Male,Chennai,64.19725453211629,10,"₹ 73,755.22",1,1,1,72555.60544710782,0
18761,Male,Pune,52.617949608179174,0,"₹ 72,669.24",2,0,1,156730.67961199637,0
18762,Female,Mumbai,44.77932060154201,8,"₹ 41,537.23",2,1,0,39392.14706623964,0
18763,Female,Delhi,36.020007289832556,7,"₹ 67,668.12",1,1,0,35835.77412720665,1
18764,Female,Pune,26.092596259930726,3,"₹ 64,654.84",1,1,0,95782.65209224426,0
18765,Male,Mumbai,69.78679719645191,10,"₹ 70,781.40",2,1,0,142528.46696313433,0
18766,Female,mumbai,,0,"₹ 38,445.61",2,1,1,50545.985078773665,0
18767,Female,Pune,42.0990279158163,10,"₹ 88,523.83",2,1,1,153771.39330561087,0
18768,Male,Hyderabad,71.90935771074328,7,"₹ 74,241.28",2,1,0,17818.540084087144,0
18769,Male,Mumbai,44.88559081623811,4,"₹ 17,322.61",2,1,1,24646.10842809263,0
18770,Male,DELHI,32.748800313900205,0,"₹ 25,961.07",1,1,0,49576.3018040365,0
18771,Male,Kolkata,63.32492374918324,1,"₹ 95,594.90",2,1,0,77996.81306213597,1
18772,Male,Kolkata,25.785138673803008,4,₹ 0.00,2,1,0,67267.43125579866,0
18773,Female,Pune,38.98653956147898,8,"₹ 49,227.46",1,1,0,44977.78053514323,0
18774,Male,Hyderabad,26.99014918091478,9,"₹ 112,998.81",1,1,1,10000.0,0
18775,Female,Hyderabad,33.00975080794736,7,"₹ 82,234.40",1,0,1,80314.7578974012,0
18776,Male,Kolkata,47.99745143821271,10,"₹ 80,769.56",2,1,1,71053.72980763088,0
18777,M,Mumbai,50.05786057486759,9,"₹ 14,238.03",1,1,0,79589.59595191228,1
18778,Male,mumbai,28.467115292138615,7,"₹ 73,860.50",2,1,0,38475.50561757541,0
18779,Female,Pune,72.13740243099403,8,"₹ 96,011.89",1,0,0,65850.29364469467,0
18780,Male,mumbai,18.0,1,"₹ 40,707.27",2,1,1,75102.02673122798,0
18781,Male,Chennai,46.943563189932455,6,"₹ 50,091.93",2,1,0,59465.77385799348,0
18782,Female,Delhi,47.32727588973152,9,"₹ 80,374.23",2,1,0,51622.413936767334,0
18783,Male,Bangalore,48.9522376594044,4,"₹ 43,527.31",2,1,0,101637.3432504,0
18784,Female,Chennai,58.189935398224065,2,"₹ 4,546.03",1,1,1,24268.754067905087,0
18785,Female,DELHI,18.0,9,₹ 0.00,2,1,0,77147.82724336752,1
18786,Male,Bangalore,33.389243549642906,7,"₹ 59,466.92",1,1,0,56867.201037913685,0
18787,Male,DELHI,47.26901797654565,1,"₹ 34,883.45",1,1,0,56741.48935287955,0
18788,Female,Pune,70.5461517993967,3,₹ 0.00,1,0,0,114307.42714381035,1
18789,Male,Chennai,36.2726962674447,4,"₹ 26,051.93",2,0,1,108933.0325603137,0
18790,Female,Hyderabad,42.11395292136487,4,"₹ 38,330.61",2,1,1,87179.84765093683,0
18791,Female,Kolkata,55.88187447140863,3,"₹ 35,462.41",1,0,1,101688.47839604027,1
18792,Male,Kolkata,26.856536728576074,2,"₹ 83,900.30",1,1,1,98883.54078995145,0
18793,Male,mumbai,,2,"₹ 69,746.68",2,1,0,47170.290121045364,0
18794,Female,Bangalore,43.42297818726494,4,"₹ 45,645.30",2,0,0,75108.14922313814,0
18795,Male,Chennai,35.861655039467564,9,"₹ 11,777.62",2,0,0,48308.57885187085,0
18796,Male,Kolkata,52.545611108692704,5,"₹ 71,184.83",1,0,1,79014.34358477283,0
18797,Male,Mumbai,77.35372895764327,0,"₹ 94,089.22",1,1,1,10000.0,1
18798,Female,Hyderabad,47.605676615108194,10,"₹ 101,951.61",2,1,0,10000.0,0
18799,Male,DELHI,18.0,3,"₹ 41,805.80",2,1,1,87731.10358586637,0
18800,Male,Pune,31.933248221568412,9,"₹ 67,762.10",1,1,1,132779.0654925452,0
18801,Female,mumbai,67.18964154132713,9,"₹ 30,635.88",1,0,1,75989.45032216462,0
18802,Male,Bangalore,41.406885079886585,5,"₹ 25,250.88",2,1,0,42769.50259803668,0
18803,Male,Delhi,27.406175696313568,1,"₹ 71,686.82",2,1,0,59767.89834650631,0
18804,F,Kolkata,56.318230871729675,9,"₹ 12,459.88",1,1,1,91878.45689401319,0
18805,Female,mumbai,35.41998971213029,4,"₹ 35,461.13",1,1,1,148254.3735076375,0
18806,Female,Mumbai,45.525852953261726,10,"₹ 84,441.84",2,0,1,10000.0,0
18807,Male,Mumbai,28.024468242863318,8,"₹ 34,971.65",1,1,0,109067.40020833313,0
18808,Female,Bangalore,38.72910204744761,2,"₹ 19,007.52",1,0,0,55863.837165589895,0
18809,Male,Bangalore,44.547707065782554,2,"₹ 109,808.81",2,0,1,77905.1837363776,0
18810,Male,Kolkata,43.48814358144627,8,"₹ 66,929.10",1,0,1,10000.0,0
18811,Male,Chennai,50.61971988828519,2,₹ 823.33,1,1,0,50245.70062846599,0
18812,Male,Pune,48.01810558437823,3,"₹ 60,066.74",1,1,0,70555.83115339572,0
18813,Female,DELHI,29.722958967569344,8,"₹ 46,379.78",2,1,0,94051.01861966356,0
18814,Male,DELHI,70.28725479565476,3,"₹ 74,334.87",1,1,1,10441.331422753836,0
18815,Female,Chennai,42.648446166607606,4,"₹ 65,075.33",2,0,1,108960.57727105219,0
18816,Female,Mumbai,24.741925966142293,1,"₹ 48,676.59",2,1,0,110125.42801458584,0
18817,Female,Hyderabad,18.0,7,"₹ 57,934.76",2,1,0,128587.76348140187,0
18818,Male,Pune,46.127734964778774,8,"₹ 59,543.59",2,0,0,80278.32540592416,0
18819,Female,Kolkata,31.1060149310508,9,"₹ 62,016.33",1,1,0,59439.24450081576,0
18820,Male,Chennai,53.59207690540754,3,"₹ 38,722.18",2,0,1,165337.79059451824,0
18821,Male,Pune,45.72539369197844,2,"₹ 6,788.15",2,0,0,19454.839801978793,0
18822,F,DELHI,90.0,3,"₹ 43,354.59",1,1,1,81006.76610822283,0
18823,Male,Pune,26.087056084753538,6,"₹ 36,304.65",1,1,0,80472.30915137137,0
18824,Male,Bangalore,60.865301052773326,0,"₹ 48,191.39",1,0,1,130198.37878728048,0
18825,Female,mumbai,28.65602470383164,10,"₹ 83,096.08",1,0,1,62679.99425722782,0
18826,Male,Bangalore,57.464352249768794,10,"₹ 93,658.47",1,1,1,66148.91271815894,0
18827,Female,Chennai,66.34682146375593,1,"₹ 71,560.18",1,0,1,179227.3255046979,0
18828,Male,Kolkata,39.83417330453262,9,"₹ 74,371.44",1,1,1,128734.80788710655,0
18829,Male,Delhi,34.06198066720296,4,"₹ 47,235.14",1,1,0,93063.06617078074,1
18830,Male,Delhi,42.65126897692885,8,"₹ 38,416.49",1,1,0,57017.170763225804,0
18831,Male,Pune,33.85491630193927,5,"₹ 72,077.07",2,1,0,104528.3578248214,0
18832,Male,Delhi,69.15923051434218,2,"₹ 79,182.75",1,0,0,126238.82369691902,1
18833,Female,Mumbai,42.03630632018093,2,"₹ 78,782.50",2,0,1,46176.6380190663,0
18834,Female,DELHI,51.59297005448643,6,"₹ 45,741.93",1,1,0,29298.01089995393,0
18835,Female,Mumbai,52.03331811930752,2,"₹ 52,500.60",2,1,1,101090.89593030568,0
18836,Male,Pune,58.38282970139926,9,"₹ 108,137.55",1,0,0,112291.63561518354,0
18837,Female,Mumbai,38.21983922730174,2,₹ 0.00,3,0,1,113278.626674453,1
18838,Female,DELHI,56.510759701479216,9,"₹ 79,417.50",2,1,0,66662.08771288734,0
18839,Female,Kolkata,64.52059844186314,6,"₹ 39,786.54",1,0,1,81718.34604695803,0
18840,Male,Bangalore,42.664830969946074,8,"₹ 39,793.78",1,1,1,97464.81522254842,0
18841,Female,Kolkata,25.00503395728946,8,"₹ 41,435.47",2,1,0,97881.72938448869,0
18842,Female,Mumbai,65.52892204803774,2,₹ 0.00,1,0,1,,0
18843,Male,Mumbai,47.604608873256005,7,"₹ 43,704.21",1,1,1,44570.74322764985,0
18844,Female,Chennai,45.06297930493525,0,"₹ 88,380.78",1,1,0,65215.57935226525,1
18845,Male,mumbai,55.15143743996497,7,"₹ 41,185.41",1,0,0,146404.8762512927,1
18846,Female,mumbai,66.43772202116759,10,"₹ 45,315.86",1,1,0,104541.00977426677,0
18847,Female,Mumbai,41.670329663351175,1,"₹ 23,294.11",2,1,0,88111.53046226734,1
18848,Female,Bangalore,63.83462441134434,3,"₹ 50,653.08",2,0,1,52051.69092764287,1
18849,Male,Chennai,46.081547047252876,6,₹ 0.00,1,0,0,43572.67774537835,1
18850,Male,Delhi,54.35705302440762,5,"₹ 26,204.04",2,1,1,67564.11943213535,0
18851,Female,Hyderabad,35.895873134529204,8,"₹ 61,609.28",2,1,0,25514.829850869864,0
18852,Male,Bangalore,41.1926232466417,7,"₹ 10,199.05",1,1,1,112030.07814017557,0
18853,Male,Mumbai,61.27014729128008,1,"₹ 12,862.85",1,1,1,146875.45563864865,1
18854,Female,Mumbai,18.0,3,"₹ 35,994.97",2,0,1,25351.183815330318,1
18855,Male,Bangalore,55.50671353484097,0,"₹ 64,928.61",2,1,1,43463.63340002069,1
18856,Male,Pune,50.69281509065249,6,"₹ 80,337.69",2,1,1,90748.31743643813,0
18857,Male,Chennai,69.91534361268236,3,"₹ 50,035.97",1,1,0,82388.9494736718,0
18858,Male,Mumbai,60.09146823346844,7,"₹ 40,589.69",2,1,1,84329.28276535374,1
18859,Female,Hyderabad,47.652806926517705,1,"₹ 62,158.63",1,0,0,96078.16164129431,0
18860,Female,Delhi,25.922403509981223,7,"₹ 43,301.58",2,1,0,151326.12425695665,0
18861,Female,Kolkata,36.29127730691866,1,"₹ 72,045.40",1,1,0,11013.83751400336,0
18862,Female,DELHI,41.5961972062994,10,"₹ 94,555.24",2,1,1,162164.08249877027,0
18863,Female,Hyderabad,67.38037042436594,7,"₹ 45,268.36",2,0,0,59360.40734645458,0
18864,Female,DELHI,57.01150809934331,0,"₹ 15,819.32",1,0,0,59607.49952878621,0
18865,Male,Pune,33.07449783066219,1,"₹ 48,253.74",1,0,1,79790.26328174166,0
18866,Female,Hyderabad,51.04213658955573,4,"₹ 110,436.92",1,1,0,52119.61385924481,0
18867,Male,mumbai,38.118494762552146,0,"₹ 59,504.98",2,0,1,181150.41571018423,0
18868,Female,Pune,35.312735982876696,4,"₹ 20,537.83",2,1,1,,0
18869,Female,mumbai,54.42853557889782,4,"₹ 51,076.90",2,1,0,113424.72397758013,1
18870,Male,Delhi,42.833822389114005,6,"₹ 47,813.77",2,1,0,127387.65753256754,1
18871,Female,Delhi,27.536078647380997,1,"₹ 25,067.97",3,1,0,93222.03229518267,0
18872,Male,Delhi,57.403980385954455,1,"₹ 87,840.16",2,1,1,47664.6906421178,1
18873,Female,Pune,47.28002494195235,5,"₹ 68,535.43",1,1,0,99182.37101840728,0
18874,Male,Delhi,39.50469155648906,10,"₹ 84,787.52",2,1,0,53197.55479456003,0
18875,Female,Bangalore,67.38705566347011,9,₹ 0.00,1,0,1,99480.01303945351,0
18876,Male,DELHI,60.96186287205414,2,"₹ 58,401.16",1,1,1,43724.52597837272,0
18877,Male,DELHI,46.82396477637402,7,"₹ 52,346.77",1,0,1,71599.47182829892,0
18878,Male,Chennai,19.320914889464383,2,"₹ 20,509.91",2,1,0,60739.88420764489,0
18879,Male,mumbai,61.65786149618748,9,"₹ 63,133.33",1,1,0,20726.85627306367,0
18880,Male,DELHI,37.748683431628564,3,"₹ 21,053.39",1,1,1,39976.619068381944,0
18881,Female,Mumbai,42.631933206917715,6,"₹ 1,808.23",1,0,1,93224.03552719222,0
18882,Male,DELHI,40.459095158926964,0,"₹ 71,790.49",1,1,1,,0
18883,Male,Mumbai,25.56582721514528,0,"₹ 45,350.68",2,1,0,86607.67029260294,0
18884,Male,Chennai,51.78759240889354,8,₹ 860.24,2,1,1,85727.3633570889,0
18885,Female,Pune,,5,"₹ 93,099.09",2,1,0,124252.81344882384,0
18886,Female,Hyderabad,51.01030240261718,4,"₹ 51,806.55",1,1,0,34077.13284411977,1
18887,Female,Chennai,30.958901765465274,1,"₹ 25,877.81",1,1,0,56523.35088059536,1
18888,Female,DELHI,38.1848562122488,1,"₹ 1,034.47",2,0,0,10000.0,0
18889,Male,DELHI,50.47674852844811,6,"₹ 16,878.25",2,0,1,104037.6079002076,0
18890,Male,mumbai,46.85337766139861,5,₹ 980.59,1,0,1,128178.6680542304,0
18891,Male,Pune,54.32556258347572,7,"₹ 101,387.84",1,0,1,144775.2334386282,0
18892,Female,Chennai,55.458311775305525,2,"₹ 109,994.69",1,1,0,150835.12044279673,0
18893,F,Delhi,64.98492410762105,2,"₹ 86,789.68",2,1,1,71886.89966128572,0
18894,Male,Hyderabad,44.98882777415225,4,₹ 201.03,2,1,0,73734.5721617649,0
18895,Male,Bangalore,63.10468707013807,9,"₹ 66,226.49",2,1,1,124966.77340966581,0
18896,Male,Bangalore,40.16392643976709,3,"₹ 120,005.58",1,0,1,,0
18897,Male,Bangalore,56.667933095977865,7,"₹ 25,919.81",2,1,1,94529.47997018653,0
18898,Female,Chennai,61.85345948743296,5,"₹ 47,282.07",3,1,0,97256.62713160118,1
18899,Male,Delhi,61.796963507178475,7,"₹ 103,863.55",1,0,1,124259.34178670967,0
18900,Female,Kolkata,23.11785492761424,6,"₹ 60,450.60",1,1,0,65264.038914604826,0
18901,Male,Bangalore,18.0,1,"₹ 70,041.40",2,1,0,129208.32341017004,0
18902,Female,Kolkata,53.32621511550961,8,"₹ 29,465.37",1,1,1,101156.52037355864,1
18903,Female,Hyderabad,45.03773273227438,10,"₹ 6,115.40",2,1,1,77465.8159874067,0
18904,Female,mumbai,49.20624134155622,5,"₹ 64,450.52",2,1,1,61769.85369433648,0
18905,Female,Delhi,46.3750514850551,10,"₹ 35,148.14",2,1,0,15325.255002937469,0
18906,Female,mumbai,39.91141055860414,10,"₹ 30,338.45",1,0,0,132856.51452368265,0
18907,Female,Pune,53.58875907251266,5,"₹ 26,114.12",2,1,1,107354.33440085308,1
18908,Female,Pune,50.08414388519482,1,"₹ 74,804.79",1,1,0,115400.52196463989,1
18909,Female,Bangalore,43.427940231129426,8,"₹ 64,361.70",1,0,0,34471.379271680635,0
18910,F,mumbai,45.43406806819925,0,"₹ 107,433.52",1,0,0,10000.0,0
18911,Female,Chennai,54.253429172416645,5,"₹ 84,707.84",1,1,1,201432.6062078913,0
18912,Female,Kolkata,36.08729643791056,7,"₹ 54,611.21",2,1,0,56890.89629409244,0
18913,Female,Bangalore,28.324237112267106,1,"₹ 53,131.92",2,1,0,39810.88806700617,0
18914,Male,Kolkata,28.09296754965074,2,"₹ 81,797.62",3,0,1,50078.68627792406,1
18915,Male,DELHI,37.37151310945141,9,"₹ 54,495.12",2,1,0,162060.70714130718,0
18916,Male,DELHI,67.26666478874778,9,"₹ 87,306.71",1,0,1,63841.058522526306,0
18917,Female,DELHI,46.99154117535554,6,"₹ 55,412.21",1,1,0,59008.83380586679,0
18918,Female,Pune,34.81470105454578,10,"₹ 70,084.64",1,1,0,160045.10021929623,0
18919,Male,Mumbai,48.03454173511257,0,"₹ 95,190.45",1,1,1,97853.73213257157,0
18920,Female,Pune,29.335640503872007,4,"₹ 3,278.87",2,1,0,84620.58403178834,0
18921,Female,Hyderabad,42.21249056940096,10,"₹ 92,280.01",2,0,0,96496.85272178549,1
18922,Male,mumbai,38.843677449256504,5,"₹ 94,226.11",3,1,0,77888.683727458,1
18923,Female,DELHI,25.150812497443557,9,"₹ 43,198.74",2,1,1,42353.61732122783,0
18924,Female,DELHI,61.39845802295278,6,"₹ 53,667.44",1,1,1,130024.36931667998,0
18925,Male,Hyderabad,39.35060058222277,9,"₹ 40,954.86",2,1,0,67421.2809881517,0
18926,Female,Delhi,44.42348277617952,9,"₹ 33,449.27",2,1,1,61601.44484822707,0
18927,Female,Mumbai,55.45221044158521,6,"₹ 88,417.93",2,1,1,38805.13165526045,0
18928,Male,Delhi,50.27677203734031,2,"₹ 8,164.93",1,1,1,127018.74318854127,0
18929,Male,Pune,46.158037762214754,6,"₹ 54,786.87",1,1,1,81997.10164655905,0
18930,F,Delhi,41.42932762450336,0,"₹ 11,717.77",1,0,0,105767.13329355922,0
18931,Male,Chennai,55.92287027644659,10,"₹ 34,821.09",1,1,0,135480.32639117487,0
18932,Male,Bangalore,44.89172418956035,3,"₹ 16,949.82",2,0,1,84457.62264550244,0
18933,Male,Pune,47.16276673575772,6,"₹ 53,325.54",2,0,1,105322.76554337505,0
18934,Female,DELHI,61.69319001668925,6,"₹ 66,482.41",1,1,1,120245.11967412788,0
18935,Female,Pune,62.54287692149268,3,"₹ 85,988.41",1,1,1,84062.52984454576,0
18936,Female,Delhi,49.03081186457938,0,"₹ 50,134.11",1,1,1,103022.83145364105,0
18937,Male,Kolkata,46.56916403488482,7,"₹ 109,340.04",1,1,0,77241.80256454494,0
18938,Female,Pune,54.837291541541234,3,"₹ 37,298.07",2,1,0,117353.77965101018,0
18939,Male,mumbai,41.22515817593988,1,"₹ 73,672.30",1,1,0,49189.397932276464,0
18940,Male,Pune,,3,"₹ 91,977.76",1,1,1,110353.459941358,0
18941,Male,Kolkata,44.05972152396096,7,"₹ 40,268.17",1,0,0,63780.62088303606,1
18942,Male,Mumbai,29.72307575797827,7,"₹ 67,986.59",2,0,0,118613.09044865539,0
18943,Female,Kolkata,80.43575999645387,4,₹ 0.00,2,1,0,43214.83238345752,0
18944,Female,Kolkata,39.00450590983628,1,"₹ 84,536.77",2,1,0,126801.22761164696,0
18945,Male,Pune,52.01446912924029,6,"₹ 25,802.34",2,1,1,10000.0,0
18946,Female,Hyderabad,44.746037748912016,2,"₹ 97,093.95",1,1,1,104565.09893307365,0
18947,Female,Chennai,55.31929557634464,5,"₹ 49,282.92",1,0,1,18005.449170205982,0
18948,Female,Hyderabad,39.23908628278233,8,"₹ 79,437.61",1,1,0,88012.53641862782,0
18949,Male,Kolkata,48.25214895786828,4,"₹ 32,492.41",2,0,1,35743.46081824235,0
18950,Female,Pune,32.24671707249878,8,"₹ 145,420.10",1,1,0,80442.26345702703,0
18951,Male,Chennai,63.21300146043107,3,"₹ 56,003.66",2,1,1,108872.24203186278,0
18952,Female,DELHI,54.92339618822197,8,"₹ 120,784.48",1,1,0,34843.89593328085,0
18953,Male,mumbai,23.754521699352544,0,"₹ 50,434.58",2,0,1,66845.00530696398,0
18954,Female,Delhi,45.21206715377092,3,"₹ 40,294.08",2,0,0,10000.0,1
18955,Male,Chennai,24.142829337889143,10,"₹ 70,727.52",2,1,0,140453.27522672978,0
18956,Male,DELHI,33.00756083922985,0,"₹ 87,012.80",1,1,0,179253.66658527032,0
18957,Female,DELHI,58.81477243335991,8,"₹ 77,970.26",1,1,1,130027.74463315109,1
18958,Female,mumbai,18.0,7,"₹ 67,177.25",2,1,0,71689.19819963978,0
18959,Female,Bangalore,60.678890109561245,7,"₹ 51,812.72",1,1,0,130973.37939510039,0
18960,Female,Mumbai,50.681943392349766,6,"₹ 76,161.79",2,1,0,90637.23861419658,0
18961,Male,mumbai,43.798215324563614,8,"₹ 62,881.18",1,1,1,133317.77205792727,0
18962,Female,Mumbai,58.1683869775395,10,"₹ 46,127.58",2,1,0,77388.60850570991,0
18963,Male,Bangalore,85.54204245425942,10,"₹ 45,633.10",1,1,1,105799.42794129933,0
18964,Male,Bangalore,25.061566405950657,2,"₹ 93,655.59",2,1,1,58182.29448640434,0
18965,Female,mumbai,70.402695097681,6,"₹ 10,880.05",3,1,1,10000.0,0
18966,Female,Mumbai,59.49610900933793,5,"₹ 76,707.28",2,0,1,157138.46135134547,0
18967,Female,Hyderabad,34.42820295121621,4,"₹ 73,480.97",1,0,1,147401.21593955037,0
18968,Female,Delhi,52.87182595634067,8,"₹ 117,364.94",1,1,1,102072.45674073351,0
18969,Female,Hyderabad,28.31812585158992,3,₹ 0.00,1,0,1,59782.68979287764,0
18970,Male,Mumbai,37.61083172841406,2,"₹ 3,971.95",2,1,1,68817.04950622749,0
18971,Male,DELHI,18.0,10,"₹ 23,550.86",1,1,1,88013.75074032301,0
18972,Female,Delhi,24.771345088445624,2,"₹ 31,133.53",2,1,0,173813.5070720078,1
18973,Male,Bangalore,50.725474222667025,1,"₹ 78,576.25",1,1,0,75385.41298895044,1
18974,Male,DELHI,52.05333759052175,0,"₹ 10,249.43",1,0,1,55571.248069860565,0
18975,Male,Bangalore,51.88727519995039,2,"₹ 41,459.14",1,1,0,34563.96768362925,1
18976,Female,Mumbai,54.54269588450522,7,"₹ 29,439.32",2,1,0,17772.619931174944,0
18977,Male,mumbai,46.776785979129905,5,"₹ 41,391.49",2,1,1,45371.70454495794,0
18978,Female,DELHI,55.17532834277485,1,"₹ 91,996.32",1,1,1,134744.9802207921,0
18979,Female,Chennai,61.096456195057016,7,"₹ 67,267.68",1,1,1,10436.446238812336,0
18980,Male,DELHI,48.69606976588421,4,"₹ 31,665.31",2,1,0,94485.61966607101,0
18981,Female,Kolkata,38.4843635478872,3,"₹ 8,575.56",1,1,0,81151.70394657475,1
18982,Female,Bangalore,42.81925967543948,0,"₹ 66,145.63",1,0,1,72577.58098857325,0
18983,Female,Mumbai,32.45626642101612,0,"₹ 30,423.30",2,1,0,41577.340781146835,0
18984,Female,Kolkata,57.770910042254954,3,"₹ 41,975.35",2,1,0,102319.69991858846,0
18985,Male,Pune,20.918229443635703,8,"₹ 42,652.40",1,1,0,85740.10924995296,0
18986,Female,Chennai,42.60962062542283,9,"₹ 83,343.71",1,1,1,109540.09385389832,0
18987,Male,Hyderabad,,9,"₹ 39,566.29",1,0,0,95936.75921018874,0
18988,Female,Bangalore,29.698819865700283,5,"₹ 37,700.85",1,0,0,34683.63619688767,0
18989,Female,Hyderabad,24.030001155152778,0,"₹ 22,636.41",1,1,0,,1
18990,Female,Mumbai,18.0,7,"₹ 27,258.86",1,1,0,88591.1400027949,1
18991,Male,Hyderabad,40.73509088939499,8,"₹ 77,504.30",2,1,1,15332.08684052612,0
18992,Male,Mumbai,27.847353679344927,1,"₹ 50,224.45",2,1,1,116404.14621649394,0
18993,Male,Mumbai,58.15125280445196,5,"₹ 44,149.21",2,1,1,137292.04310081084,0
18994,Male,Delhi,21.726564090663196,6,"₹ 10,274.82",1,1,1,89497.84308341832,0
18995,Male,Delhi,52.93011502446467,10,"₹ 18,977.02",3,1,1,63728.94293723555,1
18996,Female,Chennai,25.46940878273453,0,"₹ 66,083.13",2,1,0,20620.502526269585,0
18997,Male,Mumbai,22.303447975571956,10,"₹ 43,501.68",1,1,1,60726.62620063974,0
18998,M,Chennai,26.947531266115625,4,"₹ 43,475.84",1,1,1,104040.00078724173,0
18999,Male,Delhi,61.13000275053351,10,"₹ 60,700.64",1,0,1,117468.59436251587,0
19000,Female,Chennai,26.95760809283503,10,"₹ 69,347.57",1,1,1,107622.23447712715,0
19001,Female,Chennai,62.12884002675176,4,"₹ 70,820.13",1,1,0,10000.0,0
19002,Female,mumbai,48.039775144325375,2,"₹ 41,537.13",1,1,0,37926.502794765365,0
19003,Female,mumbai,37.22437555195786,1,"₹ 46,452.84",1,0,0,104145.11020342231,0
19004,Male,Mumbai,29.215981849939617,0,"₹ 65,814.98",2,1,0,27985.551280828404,0
19005,Female,Kolkata,73.5664699972301,5,₹ 0.00,2,1,1,54180.45807934785,0
19006,Male,Hyderabad,36.17473276092279,6,"₹ 54,938.27",1,1,0,47457.98413526981,0
19007,Male,Chennai,36.23724745161897,1,"₹ 71,360.08",1,1,0,17545.7340568278,0
19008,Female,Kolkata,66.76749427324636,1,"₹ 29,217.06",2,0,1,107045.76003401738,0
19009,Male,Delhi,69.42607184795135,4,"₹ 11,729.06",1,0,0,105386.43866625294,0
19010,Female,Bangalore,42.900797450381404,4,"₹ 92,857.68",2,1,1,77960.67147391947,0
19011,Male,Hyderabad,62.76352425202247,2,"₹ 26,288.05",2,0,0,139073.8267225882,0
19012,Male,Hyderabad,35.81201376806396,2,"₹ 48,743.15",1,1,0,102304.37871667909,0
19013,Male,Chennai,78.70458612714307,0,"₹ 59,330.69",1,1,0,86398.21914483521,1
19014,Male,Mumbai,25.33099125533111,2,"₹ 22,708.28",1,0,1,82868.23476882269,0
19015,Male,Mumbai,31.288932032127747,8,"₹ 2,744.19",2,1,0,114592.21215053555,1
19016,Male,Chennai,64.69107902805659,1,"₹ 58,436.57",2,1,1,98554.58824440467,0
19017,Male,Chennai,40.66097043687441,0,"₹ 8,251.72",2,0,1,54547.120959635446,0
19018,Female,Pune,65.58245272216583,8,"₹ 70,236.06",1,1,1,97807.92969308821,0
19019,Male,Hyderabad,38.00710884418186,4,"₹ 45,515.01",3,0,1,121981.4518480841,1
19020,Female,mumbai,54.888954135670616,7,"₹ 114,424.14",2,1,1,138890.5895363487,0
19021,Male,mumbai,34.60512134098339,10,"₹ 54,286.52",1,1,1,175815.98740096512,0
19022,Female,Kolkata,43.863850408388856,3,"₹ 28,564.99",1,1,0,135222.51372718823,0
19023,Male,Bangalore,25.79249342778811,7,"₹ 73,692.39",2,0,1,32277.11370320149,0
19024,Male,Bangalore,44.28209365841877,4,"₹ 82,260.11",1,1,0,96029.4800788345,0
19025,Female,Pune,31.83276694467395,5,"₹ 9,653.33",2,1,0,122458.55507534245,0
19026,Male,Mumbai,76.08826170014665,5,"₹ 62,959.79",2,1,1,16705.04059158774,1
19027,Female,Hyderabad,40.18964353447229,5,"₹ 60,339.73",1,0,0,88872.53457729217,0
19028,Male,Bangalore,27.035109438946947,1,"₹ 79,033.15",2,1,1,,0
19029,F,Kolkata,55.37762297446522,9,"₹ 19,243.11",1,0,0,54935.192261920994,0
19030,Male,Hyderabad,26.881740396099136,9,"₹ 71,627.87",2,1,1,97276.35488883693,0
19031,Male,Hyderabad,58.15470011530939,8,"₹ 62,383.01",2,0,0,41982.266363709045,0
19032,Female,mumbai,36.63142147268404,6,"₹ 42,753.13",2,1,0,49473.309801619806,0
19033,Male,Mumbai,44.43420805667276,2,"₹ 130,180.17",1,1,0,57622.227543599816,0
19034,Female,Bangalore,42.153895370340734,1,"₹ 14,369.66",2,1,1,31312.60523559556,0
19035,Male,mumbai,41.193623091317995,3,"₹ 42,726.19",1,0,0,58469.89173870765,1
19036,Female,DELHI,45.93351503197706,7,"₹ 23,144.97",2,1,0,138763.28957678532,0
19037,Male,Delhi,35.05168713424901,8,"₹ 60,151.07",2,1,1,38056.991554242646,0
19038,Female,DELHI,28.619811136214036,9,"₹ 101,192.28",1,0,0,83871.04178012806,0
19039,Female,DELHI,45.58258159680619,1,"₹ 92,974.39",3,1,0,,1
19040,Male,Delhi,39.0338325625214,5,₹ 0.00,2,1,1,150424.9594732972,0
19041,Male,DELHI,25.81557936807083,7,"₹ 97,376.57",1,1,1,112528.83983646666,0
19042,Male,Bangalore,54.21408900479079,2,"₹ 35,004.09",3,1,1,77792.61748051962,0
19043,M,Hyderabad,44.7548435905731,10,"₹ 29,023.35",2,0,1,142689.72087716407,0
19044,Male,mumbai,28.69979686121301,8,"₹ 54,481.32",2,1,0,54479.356454794506,0
19045,Male,Chennai,41.4342163534985,3,"₹ 41,429.77",1,0,0,143139.11315928516,0
19046,Male,Pune,42.83176373104229,4,"₹ 39,877.58",1,0,1,134781.42633717778,0
19047,Male,mumbai,29.538253065846376,6,"₹ 27,971.79",2,1,0,,0
19048,Female,Kolkata,90.0,10,"₹ 59,628.51",1,1,0,55386.91439016731,0
19049,M,Mumbai,44.88317234852659,10,"₹ 86,534.57",1,1,1,132467.6498249104,0
19050,Female,Bangalore,41.70120903566142,4,"₹ 54,375.52",1,1,0,110832.44268800101,0
19051,Female,mumbai,81.55323060623145,3,"₹ 47,022.71",1,1,0,110419.4654611563,0
19052,Female,Bangalore,51.8487842350058,3,"₹ 68,565.14",1,1,0,94212.5988767157,0
19053,Male,Delhi,63.13116620350627,4,"₹ 88,030.38",2,1,0,66577.14303423767,0
19054,Male,Chennai,46.41448036931738,2,"₹ 53,834.79",1,0,1,105082.78973317608,0
19055,Female,Kolkata,45.963515457554664,8,"₹ 45,199.59",2,1,1,45900.935066992024,0
19056,M,Hyderabad,,1,"₹ 68,991.87",1,1,1,50539.283600779,0
19057,Female,Hyderabad,55.03329137548578,6,"₹ 29,397.07",3,1,0,140246.98535947298,1
19058,Male,mumbai,72.73040560946839,3,₹ 0.00,2,1,1,183327.09069469303,1
19059,Male,DELHI,68.656551861174,7,"₹ 68,345.70",2,1,0,72003.47330259277,0
19060,Male,Delhi,26.841177255188484,6,"₹ 37,442.11",1,0,0,125976.72846068963,0
19061,Female,DELHI,72.89341784071578,7,"₹ 34,135.47",2,1,0,94469.58114994073,1
19062,Female,DELHI,32.58935901070815,3,₹ 0.00,2,1,1,75257.02624828681,0
19063,Female,Kolkata,30.89065510878077,10,"₹ 27,575.05",1,0,0,70467.85050246982,0
19064,Male,Bangalore,31.712052663743954,1,"₹ 39,405.57",1,0,0,138929.09474235828,0
19065,Female,mumbai,39.134605077736076,6,"₹ 93,210.98",1,1,0,69009.85247692747,0
19066,Male,Hyderabad,18.0,8,"₹ 102,600.27",2,1,0,58045.045995191234,0
19067,Male,Mumbai,45.79116276357133,5,"₹ 44,560.59",1,0,1,126356.72991235027,0
19068,Female,DELHI,41.10661578242929,6,"₹ 66,445.83",2,1,0,143246.26484951252,0
19069,Male,Kolkata,45.62277358941383,5,"₹ 15,574.76",2,0,1,112119.34734867139,0
19070,Male,Pune,37.56000857656401,1,"₹ 53,744.95",1,0,1,12748.813247133876,0
19071,Female,mumbai,21.120075205606852,8,"₹ 37,678.17",1,0,1,72418.00954251287,0
19072,Female,DELHI,41.09363419458401,4,"₹ 2,645.60",2,0,1,136714.31389783166,1
19073,Male,Bangalore,63.30606100793893,2,"₹ 83,949.13",2,1,0,88505.50064261883,0
19074,Female,Kolkata,29.84741844158419,3,"₹ 55,969.09",4,1,0,19804.43535651004,1
19075,Male,Chennai,31.840621731934053,3,"₹ 70,796.83",2,1,0,107572.68428262572,0
19076,Female,Mumbai,,8,"₹ 38,276.05",1,1,0,67231.59305765331,0
19077,Female,Kolkata,26.429642990557376,10,₹ 0.00,2,1,0,38617.674477891385,0
19078,Female,Hyderabad,48.38717816708669,4,"₹ 7,207.52",1,1,0,23803.27312001129,0
19079,Female,Mumbai,51.66062156690432,1,"₹ 77,401.33",2,0,0,87914.21974118329,0
19080,Male,Chennai,36.554650799532524,5,"₹ 42,650.10",1,1,1,107721.92561998962,1
19081,Male,Pune,33.753770209990044,6,"₹ 68,288.29",1,1,1,39931.38962009768,0
19082,Male,mumbai,,7,"₹ 37,258.18",2,1,0,10000.0,0
19083,Male,DELHI,33.13407443838367,4,"₹ 52,797.34",2,0,1,124815.25194275694,0
19084,Female,Delhi,53.51651848024759,7,"₹ 50,016.91",1,1,1,132824.9630955942,0
19085,Male,Bangalore,57.57383217854548,7,"₹ 22,317.87",1,1,0,45280.43216296485,0
19086,Male,Kolkata,45.955091429854384,3,"₹ 57,813.43",1,1,0,67557.29325297315,0
19087,Male,Hyderabad,35.78320610584309,6,"₹ 96,297.84",1,1,1,151863.71580281778,0
19088,M,Bangalore,46.0996476669996,8,"₹ 35,231.44",1,0,1,46601.470907699164,0
19089,Male,Hyderabad,32.725146223228506,9,₹ 153.54,1,1,1,102173.65408980663,0
19090,Female,Kolkata,47.686422016266356,3,"₹ 71,596.70",2,1,1,66489.81748463711,0
19091,Male,Pune,56.20293144929994,8,"₹ 8,868.60",2,1,0,35723.55584763808,1
19092,Male,Pune,38.01968083883801,3,"₹ 20,466.70",1,1,0,55912.7708121833,0
19093,Male,Chennai,32.95356244146778,0,"₹ 41,786.39",2,1,1,20673.56386148341,0
19094,Female,DELHI,37.68423467811039,3,"₹ 68,935.97",2,0,0,61963.02156017483,0
19095,Female,mumbai,61.31266661403138,1,"₹ 64,546.78",3,0,1,45401.6531222009,0
19096,Female,Delhi,86.86994927842942,5,"₹ 40,380.29",2,1,1,76190.56549960529,0
19097,Male,mumbai,54.72875355575843,7,"₹ 10,456.78",1,0,1,145054.2080327784,0
19098,Male,Chennai,43.90264302947938,5,"₹ 130,478.29",2,0,0,62943.671596322456,0
19099,Female,Pune,30.3973504800743,8,"₹ 55,505.54",2,0,1,58915.40918271069,0
19100,Male,Hyderabad,29.466482591159522,5,"₹ 74,600.98",3,1,0,37570.71228788065,1
19101,Female,Chennai,51.41481007451289,10,"₹ 64,519.11",2,1,0,129000.80847965447,0
19102,Female,DELHI,33.302973345485114,6,"₹ 95,126.31",1,1,0,78855.75249077704,0
19103,Male,DELHI,60.33726140843762,4,"₹ 18,156.53",1,0,0,145211.20463361952,0
19104,Female,Mumbai,35.950318869011205,7,"₹ 60,948.75",2,1,1,61945.669514790905,0
19105,Male,DELHI,66.3459598771731,1,"₹ 40,394.62",1,0,0,97036.49216353885,1
19106,Male,Bangalore,38.86008312688029,1,"₹ 17,465.80",2,1,1,27514.996737235735,0
19107,Male,Kolkata,62.00160995048866,10,"₹ 89,079.85",1,1,1,93046.88333188585,0
19108,Female,DELHI,55.09526891366749,7,"₹ 21,691.63",2,0,1,136020.76131483022,0
19109,Male,Pune,57.7040020178851,5,"₹ 64,486.27",2,0,0,89343.56511115917,1
19110,Female,Chennai,43.97199715557202,1,"₹ 100,585.72",4,1,0,60787.36772297454,1
19111,Female,Chennai,35.03665693319822,5,"₹ 99,941.05",3,1,0,10000.0,1
19112,Female,Chennai,60.142575122756604,10,"₹ 22,321.85",2,0,0,101710.41288096686,0
19113,Female,Pune,71.89711928781614,7,"₹ 79,229.23",1,1,1,129442.8154994565,0
19114,Male,Hyderabad,29.96441624961578,5,"₹ 67,715.73",1,1,1,79236.12098913536,0
19115,Male,Kolkata,52.13323636311771,8,"₹ 14,605.34",2,1,0,49207.65949393267,0
19116,Male,DELHI,52.07631039567677,5,₹ 0.00,2,1,0,22120.961211659705,1
19117,Female,Hyderabad,47.48703955876193,2,"₹ 50,189.01",1,1,1,80666.55970426074,0
19118,F,DELHI,66.46691955744768,8,"₹ 86,272.76",2,1,1,88349.03661361549,0
19119,Female,Chennai,33.36673183591412,9,"₹ 137,297.32",2,1,1,59720.15158815775,0
19120,Female,DELHI,61.475479346798636,4,"₹ 31,826.55",2,0,0,104233.44806781126,0
19121,Female,Pune,40.83964298622234,5,"₹ 55,462.96",2,1,1,88869.80619916657,0
19122,Male,Bangalore,18.0,3,"₹ 18,811.29",1,1,1,94914.74570273458,0
19123,Female,DELHI,23.138220432441244,2,"₹ 97,609.95",2,1,0,127349.14785011954,0
19124,Female,Hyderabad,45.5353494261678,9,"₹ 59,645.90",1,1,0,49157.13573640358,1
19125,Male,Kolkata,63.301234152788254,4,"₹ 63,195.42",1,1,0,67918.80046634229,0
19126,M,Chennai,61.21979507556157,2,"₹ 53,890.31",2,0,0,113232.69301765366,0
19127,Male,Mumbai,46.58056738816548,1,"₹ 24,935.82",2,0,0,71772.91650590928,0
19128,Female,Bangalore,27.820559174779106,5,"₹ 77,329.55",2,1,0,129739.255540358,0
19129,Female,Delhi,26.88602182522234,7,"₹ 80,851.94",2,1,0,45691.53206558741,0
19130,M,DELHI,51.307987840414015,2,"₹ 88,448.48",2,1,1,120942.31631349583,0
19131,Male,DELHI,44.365892779952745,5,"₹ 81,779.17",1,1,1,109434.07186005714,0
19132,Female,Kolkata,59.564414846089505,10,"₹ 21,414.38",2,1,0,94933.2290851336,0
19133,Female,Kolkata,40.01890123880685,8,"₹ 44,135.90",3,1,1,140893.11426607333,0
19134,Male,Chennai,33.420667209371636,0,"₹ 62,965.27",2,1,1,75547.38350874055,0
19135,Female,Mumbai,40.826948039845625,2,"₹ 31,140.66",2,1,0,126453.16838029734,0
19136,Female,Mumbai,,1,"₹ 15,713.40",2,0,1,87563.53703154711,0
19137,Female,Pune,18.0,7,"₹ 41,575.29",2,1,1,124706.69834608253,0
19138,Male,Chennai,52.09396118937358,8,"₹ 54,589.61",1,0,0,107464.64013929074,0
19139,Male,Chennai,47.140515432807014,9,"₹ 150,291.61",1,1,1,89115.87064483517,0
19140,Female,Bangalore,59.205474814995675,5,"₹ 88,875.70",2,1,0,55783.24577182307,1
19141,Male,mumbai,56.700054936392505,2,"₹ 28,524.32",2,1,0,59163.9828047426,0
19142,Male,Bangalore,61.249397235164324,9,"₹ 28,104.51",2,0,1,97062.87144366783,0
19143,M,DELHI,70.21047467761457,7,"₹ 17,939.48",2,1,1,139057.6971663789,0
19144,Female,Delhi,47.09338941998092,9,"₹ 72,643.40",2,1,1,,0
19145,Female,Chennai,18.0,6,"₹ 38,548.79",2,1,0,96480.25967454552,0
19146,Male,Mumbai,57.91862310729336,1,"₹ 45,958.27",1,0,1,80749.11271743951,0
19147,Male,Kolkata,62.98710165912266,10,"₹ 35,640.38",2,1,0,118734.94225942128,1
19148,Male,Delhi,41.58883180413633,6,"₹ 118,835.09",1,1,0,73254.22797261189,0
19149,Male,Mumbai,18.0,0,"₹ 89,082.46",1,0,1,84239.3476725913,0
19150,Female,Mumbai,60.597815989751496,7,"₹ 20,135.23",1,1,1,44743.77242384506,0
19151,Female,Delhi,44.70982343684659,4,"₹ 15,747.76",2,0,1,97501.5604937238,0
19152,Male,Kolkata,24.981070089176516,8,"₹ 86,248.36",2,1,1,42279.57758727922,0
19153,Male,mumbai,40.98806809178374,10,"₹ 21,409.99",3,1,0,148573.30089443416,1
19154,Male,Pune,44.926322909766675,2,"₹ 89,442.41",1,1,1,54929.061818388276,0
19155,Male,Chennai,40.983072848439754,6,"₹ 71,832.07",2,1,1,76674.24462545614,0
19156,Male,Bangalore,37.41739275586025,7,"₹ 22,390.78",1,0,0,10000.0,0
19157,Female,DELHI,59.27916474684517,0,"₹ 69,617.27",2,1,0,58333.519338370184,1
19158,Female,Bangalore,65.26718261284708,5,"₹ 62,229.76",2,1,1,61924.32533437686,1
19159,Female,Mumbai,73.97897091632932,10,"₹ 2,564.99",4,1,1,119883.53198088915,0
19160,Male,Chennai,29.9441130323524,1,"₹ 50,167.37",1,1,0,50871.49673522367,0
19161,Female,Kolkata,64.51171211142982,7,"₹ 39,339.89",2,1,0,88486.01344982411,0
19162,Female,Kolkata,47.863468159315964,5,"₹ 61,039.03",1,1,0,137186.21672753798,0
19163,Female,Kolkata,50.636850143586685,10,"₹ 45,028.19",1,1,0,100078.4941880231,1
19164,Male,DELHI,63.2161303054757,10,"₹ 61,278.75",1,1,0,59655.478129179464,0
19165,M,DELHI,44.25157337588184,2,"₹ 31,464.17",2,1,0,131895.00989601974,0
19166,Female,Chennai,42.262169996722406,3,"₹ 46,449.27",1,1,1,10000.0,0
19167,Female,mumbai,34.597017880071256,6,"₹ 10,394.06",1,1,1,100207.17422625251,0
19168,Male,Mumbai,27.500569951070844,8,"₹ 37,939.11",2,0,1,126782.3826698573,0
19169,Male,Kolkata,35.513684564559796,10,"₹ 37,352.83",1,0,1,,0
19170,Male,Kolkata,47.56649905944758,9,"₹ 6,861.15",2,1,1,10000.0,0
19171,Male,Kolkata,44.24562366116493,1,"₹ 51,834.19",2,1,1,38793.60825199283,0
19172,Female,DELHI,39.290734326088355,8,"₹ 98,599.06",3,1,0,72161.46217739346,1
19173,Male,mumbai,39.753634915379045,5,"₹ 28,700.01",1,1,0,45524.530666745515,0
19174,Male,Bangalore,60.770156028926266,1,"₹ 84,960.57",1,1,1,98489.71140258931,0
19175,Male,mumbai,47.634515171029754,7,"₹ 58,536.91",1,1,1,40475.46610416366,0
19176,Male,DELHI,30.099283011235855,3,₹ 0.00,1,1,1,71573.5556240331,0
19177,Male,Bangalore,45.86851205874732,10,"₹ 124,010.12",1,1,1,114416.3386654974,1
19178,Female,Delhi,54.24144462931359,7,"₹ 22,577.22",1,0,1,87829.08799421896,0
19179,Female,Chennai,59.34666756111007,10,"₹ 50,678.94",2,0,0,18902.976789434448,0
19180,Male,Delhi,53.462094389788945,6,"₹ 61,512.17",1,1,1,142166.65316349483,0
19181,Male,Chennai,57.728001899968454,6,"₹ 48,980.36",1,1,1,73711.13111777924,0
19182,Male,Kolkata,52.59089302547586,10,"₹ 74,545.24",2,1,0,93533.4978933389,0
19183,Male,Delhi,18.0,6,"₹ 86,791.43",1,0,0,114686.7944049583,0
19184,Female,DELHI,42.59576228396555,1,"₹ 22,908.93",2,0,1,40685.37610307088,0
19185,Female,Mumbai,43.646123276754345,7,"₹ 43,319.90",2,0,1,20961.901506649687,0
19186,Female,Bangalore,75.59045032419088,1,"₹ 29,801.24",1,0,1,50024.28066403199,0
19187,Female,Hyderabad,56.390657276892895,2,"₹ 29,614.75",2,0,0,147093.29043998927,1
19188,Male,Mumbai,40.635792614552614,9,"₹ 53,349.04",2,1,0,69832.69726517897,1
19189,M,Delhi,33.40943608356915,6,"₹ 79,858.88",2,1,0,110993.33049412511,0
19190,Female,Bangalore,39.83936743946837,6,"₹ 1,484.72",1,1,1,59947.16947341581,0
19191,Female,Delhi,32.87409383994244,6,"₹ 45,457.68",2,1,0,68806.76516628478,1
19192,Male,Delhi,77.69765351817124,3,"₹ 24,612.43",2,1,1,170216.3069703388,0
19193,Female,Pune,44.77097243841598,4,"₹ 68,881.92",1,1,1,73517.80799364974,0
19194,Female,Hyderabad,57.37245147564852,6,"₹ 66,061.55",1,1,1,46608.92735573713,0
19195,Female,Pune,52.73004288999192,7,"₹ 79,430.45",2,0,1,82251.60528771793,0
19196,Male,Pune,54.86001535581327,2,"₹ 12,374.63",2,1,0,15453.258867894641,0
19197,Female,mumbai,31.79030942878505,5,"₹ 60,369.30",1,1,0,27423.23111615242,0
19198,M,DELHI,65.05910383429594,8,"₹ 47,645.52",1,1,1,124487.66595141563,0
19199,Female,DELHI,43.6751904458281,9,₹ 140.34,1,1,0,91504.64706774952,0
19200,Female,Pune,67.50601732225283,10,"₹ 4,478.56",2,0,0,89801.27599776587,0
19201,Female,Kolkata,51.385029017941264,4,"₹ 36,272.48",1,1,0,72831.61310161857,0
19202,Male,mumbai,71.3097018761945,3,"₹ 50,045.35",2,1,0,29269.818977205796,1
19203,Female,Delhi,54.004765557841175,8,"₹ 86,316.72",2,0,1,117638.77118746354,0
19204,Male,Hyderabad,42.21582959046577,3,"₹ 40,932.45",1,1,0,147215.18165696252,0
19205,Female,Pune,66.08436816031931,2,"₹ 60,978.12",1,1,1,22003.31727594734,0
19206,Male,Hyderabad,47.074654477864215,6,"₹ 52,621.21",2,1,0,97853.36494219145,0
19207,Female,Chennai,53.07125657699292,4,"₹ 22,159.11",1,1,0,10000.0,0
19208,Female,mumbai,46.33878498325768,0,"₹ 35,656.83",2,1,1,55558.084410927404,0
19209,Female,Hyderabad,36.88595690006916,7,"₹ 50,758.98",1,1,0,168193.2383410387,0
19210,Female,Delhi,42.60865947827608,10,"₹ 12,819.90",2,0,0,121634.75385141282,0
19211,Female,Chennai,55.67476065654029,0,"₹ 67,273.70",2,0,0,97703.32479183564,0
19212,Female,Kolkata,59.58249164254796,8,"₹ 93,374.78",1,0,0,10000.0,0
19213,Male,Delhi,18.0,0,"₹ 98,057.82",2,1,1,117301.38269159486,0
19214,Male,DELHI,49.804719089971215,3,"₹ 70,704.42",2,1,0,90662.9131747795,0
19215,Male,Mumbai,43.831488295762874,9,"₹ 60,158.34",1,1,0,66448.87246266889,0
19216,Male,Bangalore,24.447826028954015,3,₹ 0.00,2,1,1,38690.29242475951,0
19217,Female,Mumbai,57.86266676482637,10,"₹ 19,557.19",1,1,1,34920.176324519474,0
19218,Female,Kolkata,72.09963374709179,8,"₹ 8,698.32",1,1,0,46503.55575407681,0
19219,Female,DELHI,67.22508341096687,0,"₹ 35,702.52",2,0,0,105938.10768283895,0
19220,Male,Hyderabad,18.0,9,"₹ 72,998.93",2,0,0,75625.66332795286,1
19221,Male,mumbai,49.867943299453046,8,"₹ 57,911.59",2,1,1,83184.1196986272,0
19222,Female,Delhi,35.25504412812346,3,"₹ 61,201.66",2,1,1,128841.34550895068,0
19223,Female,DELHI,38.27654853548797,6,"₹ 64,169.50",1,0,0,26719.869429171747,0
19224,Male,DELHI,41.217297363947054,8,"₹ 27,585.45",3,1,1,10000.0,1
19225,Female,Pune,18.0,10,"₹ 43,222.37",1,0,1,111402.21937817702,0
19226,Female,Bangalore,18.0,6,"₹ 56,371.14",2,1,0,30743.817843202945,0
19227,Male,Delhi,46.27793121603084,1,"₹ 83,410.42",1,1,0,58917.56053016428,0
19228,Female,DELHI,48.71553425737656,5,"₹ 46,070.37",2,1,0,67210.08499387001,0
19229,Male,Pune,42.06939411299782,5,"₹ 42,987.40",1,1,0,74176.69504459976,0
19230,Female,Chennai,26.269168661434318,2,"₹ 8,491.24",1,0,1,10000.0,0
19231,Male,Kolkata,38.939050060756415,3,"₹ 25,585.33",1,0,1,76074.9590796398,0
19232,Male,Kolkata,66.68160177531058,5,"₹ 56,836.16",1,1,0,150642.47654470068,0
19233,Female,mumbai,39.55856142683918,10,"₹ 44,914.97",1,1,1,,0
19234,Male,mumbai,37.458058509348476,5,"₹ 5,989.77",1,1,0,88623.96034265368,0
19235,Female,DELHI,63.55303772415192,0,"₹ 5,410.89",2,0,1,116191.31042944102,1
19236,Male,DELHI,41.76380841500142,9,"₹ 17,855.80",1,1,1,131059.71279805774,0
19237,Male,Delhi,55.20649638741155,7,"₹ 41,550.05",2,0,0,130814.86680781217,1
19238,Male,Bangalore,51.91279618083661,8,"₹ 79,227.89",1,0,1,61180.47277094488,0
19239,Male,DELHI,31.61628852260499,1,"₹ 57,800.79",1,0,0,102530.82490727639,0
19240,Female,Kolkata,30.139420707273246,3,"₹ 21,188.38",2,1,1,148547.6869438682,0
19241,Male,Hyderabad,24.781351914464206,10,"₹ 28,681.01",4,0,0,65143.19943183897,1
19242,Female,DELHI,29.854613637776026,5,"₹ 64,514.54",2,0,0,140952.78965536662,0
19243,Female,Pune,57.4048674374165,1,"₹ 60,168.61",3,0,0,61264.713794723895,1
19244,Female,Kolkata,32.67300551019262,10,"₹ 29,393.95",1,0,0,84440.34528497704,0
19245,Male,DELHI,42.93135911031995,6,₹ 0.00,1,1,0,167720.67355050106,1
19246,Female,Mumbai,,5,"₹ 59,187.30",2,0,0,39221.47373697596,0
19247,Male,Mumbai,50.69394396146474,7,"₹ 39,760.13",1,0,1,10000.0,0
19248,Male,Mumbai,24.529034365590768,6,"₹ 101,976.60",1,1,1,103428.96588114384,0
19249,Male,Bangalore,61.4707759756833,9,"₹ 39,738.43",2,1,0,118379.75761126474,0
19250,Male,Pune,66.54301524897386,0,"₹ 49,260.92",3,1,0,65263.01215454383,1
19251,Male,Pune,44.62269449410272,9,"₹ 43,619.71",1,0,0,71082.39316007425,0
19252,Female,Kolkata,18.0,9,"₹ 63,123.63",2,1,0,110198.40864263364,0
19253,Male,Hyderabad,32.11358508130542,4,"₹ 61,889.25",2,1,1,56608.88140342072,0
19254,Male,Kolkata,49.74015878117576,5,"₹ 16,454.12",2,1,0,62496.927565276885,0
19255,Female,Delhi,50.58219639040813,6,"₹ 10,082.19",2,1,1,114119.76436840445,0
19256,Male,Chennai,41.133335503126865,3,"₹ 83,083.65",1,0,1,117783.71086056565,0
19257,Male,Mumbai,61.50924926001228,8,"₹ 35,921.53",1,1,1,79772.83592503607,0
19258,Male,Hyderabad,36.35640714406635,0,"₹ 66,405.92",2,0,1,48341.975142329466,0
19259,Female,Chennai,59.76160168223034,2,"₹ 39,680.74",1,1,0,112441.99892787678,0
19260,Male,Chennai,45.01506664222316,9,₹ 0.00,2,0,1,92143.62719859873,0
19261,Male,Chennai,36.50872524226883,1,"₹ 91,889.59",2,1,0,43013.12958310118,1
19262,Female,Bangalore,55.97354372549487,1,"₹ 73,693.81",2,1,1,43337.866731964656,0
19263,Female,DELHI,44.341300641851255,0,"₹ 66,339.51",1,0,1,62467.853963496236,0
19264,Female,Chennai,58.31211953306999,2,"₹ 21,455.27",2,1,1,135399.30585552473,0
19265,Female,DELHI,88.59557381960445,9,"₹ 71,398.66",2,0,1,40218.55390387876,0
19266,Male,mumbai,30.990170550673792,4,"₹ 58,231.18",2,1,0,156930.98644149353,0
19267,Male,Mumbai,58.211870539935795,5,"₹ 28,588.38",1,1,1,131985.3954570113,0
19268,Male,Chennai,54.56927083994199,7,"₹ 41,896.46",2,0,1,106877.26416336955,0
19269,Male,Pune,71.68965553014358,3,"₹ 47,851.58",1,1,1,60229.98552860738,0
19270,Male,DELHI,58.71221559482474,0,"₹ 32,359.73",2,0,1,165135.7369208322,0
19271,Male,Pune,68.5940663083433,8,"₹ 59,418.83",1,0,0,79246.46995377877,0
19272,Female,Pune,30.243300670023153,2,"₹ 75,889.84",2,1,0,54729.16149985137,0
19273,Female,Chennai,25.86629105518609,7,"₹ 36,177.40",2,1,1,62935.41575805797,0
19274,Male,mumbai,30.89065994312577,3,"₹ 46,780.51",1,1,1,18024.848558194746,0
19275,Female,Hyderabad,42.64732675358482,10,"₹ 46,657.64",3,1,1,41469.68636217264,0
19276,Male,Pune,65.73771178569785,2,"₹ 74,917.42",2,1,0,49488.70642001404,0
19277,Male,Mumbai,69.08619433488101,2,"₹ 55,512.50",1,1,1,74357.63690652087,0
19278,Female,Delhi,39.52764970891783,3,"₹ 80,914.88",2,1,0,71595.78598383119,0
19279,Male,Pune,43.3165834547605,3,"₹ 30,321.99",2,0,0,22192.180489802842,0
19280,Male,Mumbai,27.42058414965661,6,"₹ 49,675.38",1,1,0,64794.028142441406,0
19281,Male,Kolkata,46.09151711031399,1,"₹ 67,282.43",2,1,0,69106.1666405774,0
19282,Female,Mumbai,42.02684747395075,7,"₹ 71,102.37",1,1,1,61056.34975115412,0
19283,Female,Bangalore,42.07007563801288,10,"₹ 38,696.53",1,0,0,88831.59496418052,0
19284,Male,Hyderabad,62.710904150065275,1,"₹ 48,995.28",2,1,1,94205.22422048179,0
19285,Female,Kolkata,51.07213989016499,0,"₹ 25,378.67",1,1,1,102193.20163623478,0
19286,Female,Mumbai,25.388553590498663,7,₹ 0.00,2,0,1,24765.454435937194,0
19287,Female,Mumbai,18.0,3,"₹ 40,619.27",2,1,1,42296.100900424324,0
19288,Female,DELHI,53.279597174835004,5,"₹ 40,741.27",2,1,0,54939.74917455871,1
19289,Male,mumbai,48.48559448738694,0,"₹ 37,400.09",1,0,1,110970.42905705408,1
19290,Male,Hyderabad,50.664759211653354,2,"₹ 17,579.07",1,1,0,89105.87258471837,0
19291,Female,Bangalore,48.48754755682876,6,"₹ 66,907.93",1,1,1,72678.97387750204,0
19292,Female,Pune,27.831615111653278,6,"₹ 70,701.20",2,1,0,73750.895362826,0
19293,Female,Bangalore,42.15339210835214,10,"₹ 48,072.93",1,1,1,129955.9700065238,0
19294,Female,Chennai,40.41530032884294,7,"₹ 25,647.77",2,1,0,142682.7815704135,0
19295,Female,Chennai,43.781019177890734,1,"₹ 32,660.12",2,0,0,72448.0857309714,0
19296,Female,Bangalore,58.1753935541236,6,"₹ 49,123.89",1,1,0,56449.50853369981,0
19297,Female,Pune,36.339072026245475,3,"₹ 75,524.24",1,0,0,10000.0,1
19298,Female,Kolkata,27.660036693272502,5,"₹ 10,198.08",1,1,0,96787.81180343623,0
19299,Female,mumbai,65.09920951998733,3,"₹ 33,348.61",2,1,1,81874.05908706675,0
19300,Male,mumbai,34.04607458673004,8,"₹ 54,441.23",2,1,1,116673.75416797627,0
19301,Male,Bangalore,62.28650832353864,0,"₹ 72,673.40",1,0,0,118599.87967224323,0
19302,Male,mumbai,77.2719254971174,0,"₹ 10,399.75",1,0,1,75112.73088543117,0
19303,Female,Bangalore,67.60645550645259,4,"₹ 27,880.85",1,1,0,26541.434392168943,0
19304,Female,Chennai,54.967413151091606,4,₹ 0.00,1,1,1,133962.70956018782,0
19305,Female,Mumbai,42.02726489958941,10,"₹ 89,280.18",1,1,0,50311.75098826634,0
19306,Male,Kolkata,58.69621409243757,7,"₹ 16,770.53",1,0,0,136282.22885112884,0
19307,Male,mumbai,44.65635174257657,6,"₹ 64,885.42",2,0,0,108439.03093612377,0
19308,Female,Delhi,66.23138694028825,10,"₹ 92,876.97",2,1,1,10000.0,0
19309,Male,Chennai,54.578041166836584,2,"₹ 92,131.75",2,0,0,63459.280809903845,0
19310,Male,Delhi,50.67486540918002,7,₹ 0.00,2,0,0,53102.79400528653,0
19311,Male,DELHI,45.73888315224065,3,"₹ 80,443.43",2,1,1,10000.0,0
19312,Male,mumbai,37.58759596471884,2,"₹ 74,446.72",1,1,0,23690.21890115243,0
19313,Female,Bangalore,44.96611279777948,1,"₹ 78,823.32",2,0,0,17574.94876491605,0
19314,Male,mumbai,49.392362548892045,8,₹ 0.00,2,0,0,116662.97887995033,0
19315,Female,Pune,41.14582056246741,6,"₹ 32,199.07",1,1,1,55517.316275996935,0
19316,Male,Pune,49.47020408396673,4,₹ 0.00,3,1,1,73400.2113174247,0
19317,Female,Hyderabad,59.78410151490126,8,"₹ 35,655.00",2,1,0,79595.14831203423,0
19318,Male,Kolkata,49.163559547971175,2,"₹ 74,237.48",2,0,1,168014.4555696306,0
19319,Female,Pune,36.983858408200376,5,"₹ 108,625.19",2,1,1,80245.14745913114,0
19320,Female,Mumbai,18.0,7,"₹ 75,582.01",1,0,1,56368.79346739121,0
19321,Male,Bangalore,63.20639655038378,8,"₹ 62,073.26",2,1,0,53556.55768632087,0
19322,Female,mumbai,43.34133908887741,3,"₹ 34,633.70",3,1,0,62126.156249951906,0
19323,Female,Kolkata,48.00695154707884,0,"₹ 33,385.27",2,0,1,96969.15062221057,0
19324,Male,Kolkata,53.17489211696245,7,"₹ 62,611.19",1,1,0,66939.66139348435,0
19325,Male,DELHI,53.1787214732882,9,"₹ 46,595.00",2,1,0,40944.91303431203,0
19326,Female,Delhi,56.36672734692823,2,"₹ 67,223.32",2,0,1,82135.9485930003,0
19327,Female,Hyderabad,60.13247728459403,5,"₹ 45,993.40",2,1,1,128336.42210438711,0
19328,Male,mumbai,56.3331025531352,3,"₹ 93,792.71",1,1,0,84647.82808641449,1
19329,Male,Hyderabad,18.0,5,"₹ 79,994.92",3,1,1,56411.85716968101,0
19330,Female,Kolkata,50.89469641757729,2,"₹ 24,528.39",1,0,0,86835.37981704315,0
19331,Female,Pune,48.82493205753101,6,"₹ 72,928.21",2,1,1,10000.0,0
19332,Female,Chennai,41.207984910977245,1,"₹ 57,701.57",2,0,0,69703.19734871318,0
19333,Male,Hyderabad,52.19296296561095,4,"₹ 28,302.25",2,1,1,44203.54736075224,0
19334,Female,Mumbai,45.30376734985382,2,"₹ 112,103.56",1,0,0,10000.0,0
19335,Male,Chennai,36.48063252818274,4,"₹ 59,135.34",2,0,1,135492.40383501648,0
19336,Male,Bangalore,63.551216790814976,2,"₹ 60,575.85",2,1,0,58253.978331047154,1
19337,Female,Chennai,50.216820513416174,8,"₹ 73,702.83",2,1,1,45450.774419859976,0
19338,M,Mumbai,47.58741204973597,7,"₹ 67,060.83",1,1,0,82359.64404099449,0
19339,Male,Delhi,18.0,1,"₹ 79,432.90",2,0,0,20999.556403049617,1
19340,Male,mumbai,76.92948330472254,7,"₹ 13,258.05",2,0,0,51670.68658666971,1
19341,Female,Hyderabad,18.0,7,"₹ 92,128.90",2,1,0,49627.376591817956,0
19342,Female,Pune,52.86305785374925,9,"₹ 61,802.33",1,0,0,70297.25162117158,0
19343,Female,Delhi,55.694595406927334,2,"₹ 57,374.84",2,1,1,159705.56407182122,0
19344,Female,Mumbai,69.66627146084817,9,"₹ 27,628.21",1,1,0,146570.44582331466,0
19345,Male,Delhi,30.575029082761112,4,"₹ 22,937.15",2,1,1,17543.02435216178,0
19346,F,Hyderabad,32.868421956914254,1,"₹ 22,222.48",1,0,0,80949.29585338496,1
19347,Female,Delhi,57.00564899067939,9,"₹ 35,530.03",1,1,1,52421.05865405896,0
19348,Female,Bangalore,54.76393496595688,5,"₹ 51,778.65",1,1,1,90426.68487083798,0
19349,Female,DELHI,70.52698540509897,1,"₹ 9,453.02",1,0,1,21981.410974692175,1
19350,Female,Hyderabad,61.31117013869622,3,"₹ 102,970.69",2,1,1,161931.81917886683,0
19351,Male,mumbai,39.92392344614356,2,"₹ 65,064.01",2,0,1,75972.55976706905,0
19352,Male,Chennai,43.33416776537024,0,"₹ 18,440.16",1,0,0,53613.38297622348,0
19353,Female,Hyderabad,52.84532288705172,7,"₹ 79,322.79",2,1,1,49689.03086545939,0
19354,Male,Mumbai,22.073162911780205,7,"₹ 34,749.32",3,0,0,86585.37426496783,1
19355,Male,Delhi,53.41632182191731,0,"₹ 26,814.40",1,1,1,41941.79670888739,0
19356,Female,Hyderabad,54.50140647724421,5,"₹ 88,895.43",1,0,0,54214.519281728884,0
19357,Female,Delhi,32.849165504496824,0,"₹ 30,308.60",1,0,1,95971.53710064884,0
19358,Male,Pune,41.80522632822761,8,"₹ 51,523.38",1,1,1,30291.8152760148,0
19359,Female,mumbai,18.0,0,"₹ 77,280.14",1,0,1,86620.14175634658,0
19360,Female,Kolkata,58.93337027613734,2,"₹ 85,430.34",1,1,0,98701.81607195539,1
19361,Female,Hyderabad,51.26933154825099,8,"₹ 57,672.61",1,1,1,19032.4928021898,0
19362,Female,Mumbai,25.40126250178095,0,₹ 0.00,1,0,0,84512.46882083753,1
19363,Male,DELHI,29.09911791810722,1,"₹ 17,996.51",2,1,0,82953.18704074589,0
19364,Male,mumbai,38.481049057365745,3,"₹ 93,439.91",1,1,1,114498.844475522,0
19365,Male,Kolkata,57.73938688700189,6,"₹ 75,884.73",1,1,1,65458.826973519244,0
19366,Female,Pune,52.56803839364475,7,"₹ 69,681.68",1,1,0,38311.20820257321,0
19367,Female,DELHI,32.66652770227104,0,"₹ 28,290.84",1,0,0,32963.87839250249,0
19368,Female,Chennai,36.10088451170015,0,"₹ 19,801.70",2,1,1,24099.829532962394,0
19369,Female,Delhi,45.78894958800504,4,"₹ 7,456.22",2,0,0,76438.2026172295,0
19370,Female,DELHI,32.98998758520069,7,"₹ 34,156.11",1,1,1,42921.315539470066,0
19371,Female,Delhi,37.193298012152496,0,"₹ 61,353.49",1,0,0,122338.03455524304,0
19372,Male,Kolkata,55.378034969236126,2,"₹ 93,554.96",1,0,0,82929.0940554415,0
19373,Male,Pune,26.597673002463516,5,"₹ 46,882.54",2,1,0,93926.40779746123,0
19374,Female,Kolkata,42.86449300509883,0,"₹ 49,227.64",1,0,1,83831.31101387678,1
19375,Male,Pune,41.74852364503236,2,"₹ 78,064.86",1,1,1,72429.55683060587,0
19376,Male,Pune,44.35716518300192,0,"₹ 35,477.35",2,0,1,130625.57383602663,0
19377,Female,Bangalore,48.96316689977595,3,"₹ 45,584.01",1,1,1,10261.59846797373,0
19378,Male,Bangalore,54.21883885590847,8,"₹ 52,485.65",1,0,1,78797.55656237568,0
19379,Female,mumbai,56.76328259256725,4,"₹ 34,406.86",2,1,1,20350.01897998069,0
19380,Male,Bangalore,39.8408487363665,2,"₹ 64,645.74",2,1,1,10000.0,0
19381,Male,Bangalore,42.72853238101055,9,"₹ 53,793.79",2,1,0,24734.16887084965,0
19382,Male,Delhi,50.26434492914737,6,"₹ 55,818.60",2,1,1,156099.9182542055,0
19383,Female,Hyderabad,47.70211141061124,5,"₹ 20,300.69",1,1,1,63204.32588236223,0
19384,Male,Chennai,53.56059655712974,10,"₹ 74,494.68",1,1,0,83603.9338018859,1
19385,Female,Mumbai,51.74538687179074,8,"₹ 100,513.01",1,1,0,140319.8336879523,0
19386,Female,Pune,32.641908535507724,3,"₹ 72,218.39",2,0,1,35775.449376235905,0
19387,Female,Kolkata,73.11670143855403,3,"₹ 27,447.46",2,1,1,70942.23176369011,0
19388,Male,Delhi,45.05515047942651,8,"₹ 3,003.27",1,1,1,67650.77725709978,0
19389,Male,Pune,55.49555860706344,1,"₹ 46,346.45",2,1,1,114686.32040500964,1
19390,Female,Mumbai,54.158813936680886,9,"₹ 67,745.30",1,1,1,129713.96823076624,0
19391,Female,Bangalore,49.07888151012794,1,"₹ 29,571.30",1,1,0,36580.582365526745,1
19392,F,Chennai,48.93504543807805,8,"₹ 40,398.02",2,1,1,47504.524084087825,0
19393,Male,Bangalore,58.909995019296346,6,"₹ 83,670.35",2,1,1,128778.96676685661,0
19394,Female,Pune,41.87563827351142,4,"₹ 2,363.58",2,1,1,49112.28459839913,0
19395,Male,Chennai,56.6340399305582,4,"₹ 59,526.81",2,0,0,69274.02974563507,0
19396,Male,Mumbai,52.536355483411114,8,"₹ 18,125.18",2,1,0,59412.243687469425,1
19397,Male,Kolkata,62.6368583888124,9,"₹ 75,492.31",1,0,1,120094.79572542304,0
19398,Male,Kolkata,37.55393988399935,4,"₹ 72,921.79",2,1,1,91860.72040665349,0
19399,Male,mumbai,46.26462296546351,8,"₹ 48,814.27",1,1,1,10000.0,0
19400,Male,DELHI,32.171249089651084,7,"₹ 58,784.61",1,0,1,36985.64623083639,0
19401,Female,DELHI,61.646585720384216,5,"₹ 22,683.72",2,1,0,61519.97256223445,0
19402,Male,Kolkata,33.91111913273939,4,"₹ 75,258.09",2,1,0,73831.02447178893,0
19403,Female,DELHI,49.98074563647554,4,"₹ 61,963.39",1,1,0,135957.6082433403,0
19404,Male,Hyderabad,38.194634840830496,4,"₹ 48,504.63",2,1,1,91800.75524878378,0
19405,Male,Mumbai,62.117773344955935,0,"₹ 26,604.38",2,1,1,68276.64774868744,0
19406,Male,Hyderabad,44.12203354030383,10,"₹ 52,845.42",1,1,0,93261.09114168643,0
19407,Male,DELHI,54.7670985458053,4,"₹ 38,770.09",2,1,1,76049.17915749247,0
19408,Female,Bangalore,28.742415026279268,2,"₹ 73,763.24",1,0,1,52474.567159123355,0
19409,Male,mumbai,35.531941996639276,5,"₹ 99,269.44",1,1,0,43600.19485866767,0
19410,Female,DELHI,54.10562188085818,8,"₹ 69,857.73",1,1,1,65564.52051745511,0
19411,Male,Delhi,64.36428903004068,2,"₹ 39,387.66",1,0,1,32459.797447045523,0
19412,Female,Pune,52.891087485114475,0,"₹ 93,627.60",1,1,0,84253.54183618608,1
19413,Female,Chennai,80.74477225644183,7,"₹ 37,946.38",2,1,0,123588.47613502751,0
19414,Male,Bangalore,56.87219907887089,8,"₹ 58,592.13",2,1,0,104129.62222028026,0
19415,Male,Pune,45.240302210946645,9,"₹ 37,530.08",1,0,0,110497.31294728557,0
19416,Male,mumbai,40.185028981449214,3,"₹ 50,669.48",2,1,1,45868.10037412572,1
19417,Female,Delhi,72.25602595513848,9,₹ 0.00,1,1,0,27470.982187308393,0
19418,Male,Kolkata,57.1117156804674,4,"₹ 13,966.95",1,0,1,113413.8152392774,0
19419,Female,Pune,37.26858778410531,2,"₹ 48,123.67",2,0,1,91582.08849464668,0
19420,Female,Chennai,35.1166932992321,7,"₹ 58,782.39",2,0,0,70571.53448095082,1
19421,Female,Hyderabad,35.043918283538254,2,"₹ 45,861.59",1,0,1,105254.16216806948,0
19422,Female,Delhi,52.66877477427033,3,"₹ 76,038.77",1,1,1,68645.5069056275,0
19423,Female,Hyderabad,22.227767425502574,9,₹ 0.00,1,1,1,144775.52186101564,0
19424,Male,Delhi,37.33587636494119,6,"₹ 64,251.74",1,1,1,105486.28969721863,0
19425,Female,Mumbai,49.46290520813568,1,"₹ 89,778.62",2,1,0,78677.34567446823,0
19426,Female,Kolkata,45.41418038988101,0,"₹ 73,292.15",2,0,0,19331.574072277028,0
19427,Male,Delhi,38.175098825285744,3,"₹ 69,889.15",2,0,0,58083.16382229311,0
19428,Female,DELHI,55.4223705986058,7,"₹ 79,849.18",2,0,1,128989.63331538116,0
19429,Male,DELHI,55.34561430234494,0,"₹ 13,725.28",1,1,0,105212.00375727983,0
19430,Female,Mumbai,41.75302797370327,9,"₹ 13,586.45",1,1,1,145483.91696807614,0
19431,Female,Chennai,37.0285967613841,2,"₹ 40,588.96",2,1,1,43038.36630890813,0
19432,Male,mumbai,57.96865355978625,3,"₹ 46,902.98",2,0,1,10000.0,0
19433,Female,Kolkata,42.619175355897646,3,"₹ 55,554.34",1,1,0,115592.10692047188,0
19434,Male,Pune,45.210723988238605,2,"₹ 13,845.09",1,1,0,113812.20955973867,0
19435,Male,Bangalore,56.74270051333224,2,"₹ 42,153.33",2,1,1,83876.28587261448,0
19436,Male,Kolkata,28.499262347247818,6,"₹ 78,886.56",2,0,1,118985.42132111326,0
19437,Female,Mumbai,37.22622730542023,7,"₹ 39,298.19",2,1,0,138529.04253076718,0
19438,Male,DELHI,41.08621523872028,9,"₹ 2,066.30",1,0,1,68300.46253990589,0
19439,Male,Pune,73.6072215009386,3,"₹ 2,696.79",1,0,0,135963.3417470227,1
19440,Female,Delhi,26.21090401182012,10,"₹ 79,817.54",2,0,1,11514.830983771477,0
19441,Male,Chennai,45.59670173265909,10,"₹ 94,330.05",2,1,1,83881.9188805788,0
19442,Male,Chennai,31.701264185389274,7,"₹ 26,749.89",1,1,0,82378.10163000379,1
19443,Male,mumbai,79.63825313178764,7,"₹ 75,728.12",2,1,0,92700.14725296074,0
19444,Male,mumbai,49.00225491126689,5,"₹ 68,898.77",2,1,0,110733.63873405063,1
19445,Male,Kolkata,30.703084244094285,0,"₹ 7,227.21",2,1,1,118504.43802789749,0
19446,Male,Bangalore,20.310324248707474,6,"₹ 65,040.32",2,0,1,60512.73130812922,0
19447,M,Mumbai,54.180138533646826,6,"₹ 70,827.54",1,1,0,35785.24170167327,0
19448,Female,Pune,47.89679961882838,4,"₹ 41,325.52",3,1,0,115839.29422763582,1
19449,Male,DELHI,54.53591302696877,5,"₹ 37,858.68",4,1,1,43980.57427651679,0
19450,Male,Mumbai,29.901323505701452,8,"₹ 56,888.27",1,1,0,14227.975592959701,0
19451,Male,Mumbai,73.02423375026459,2,"₹ 26,571.91",1,0,0,93842.2149658363,1
19452,Female,Hyderabad,46.2284799950788,3,"₹ 85,087.19",1,0,0,68068.28093182785,0
19453,Male,Hyderabad,51.36602181666865,8,"₹ 49,556.48",1,1,0,20210.39693754523,0
19454,Male,Delhi,54.358847901578336,9,"₹ 37,001.84",2,1,1,22871.82727410843,0
19455,Female,Bangalore,46.54017597335758,1,"₹ 45,646.76",2,1,1,74028.88392628067,0
19456,Male,Delhi,64.58330967553084,8,"₹ 79,991.00",2,1,1,63436.3357968954,0
19457,Male,Pune,37.050992738717675,4,"₹ 45,614.44",4,0,1,96023.526034265,1
19458,Female,DELHI,60.33484836178371,2,"₹ 36,464.13",2,1,0,90845.7955414391,0
19459,Female,DELHI,64.99712853330779,7,"₹ 2,388.78",1,0,0,93687.03985213749,0
19460,Male,Mumbai,60.54958737747285,8,"₹ 55,140.98",1,0,0,46026.4930721208,0
19461,Female,mumbai,66.51518702453566,0,"₹ 41,472.18",2,0,1,71723.24333061806,0
19462,Male,DELHI,34.044677085294,4,"₹ 14,143.57",1,1,0,,0
19463,Female,mumbai,52.44963890365579,8,"₹ 63,002.48",2,0,0,71203.83516812488,0
19464,Male,mumbai,51.26129967370461,10,"₹ 17,286.91",2,0,1,123342.39357257012,0
19465,Female,Pune,,1,"₹ 30,691.29",1,1,1,60235.53722035765,0
19466,M,Bangalore,54.403904038416776,0,"₹ 64,053.80",2,0,1,102216.75138525972,0
19467,Female,Mumbai,63.10529780249455,7,"₹ 63,884.81",2,1,0,86118.9122435071,0
19468,Female,DELHI,34.164597083087806,5,"₹ 52,364.27",1,0,0,52473.2369362227,0
19469,Female,Bangalore,26.89343271496117,1,"₹ 41,868.94",1,1,1,112454.194999034,0
19470,Male,Hyderabad,41.92478270862208,2,"₹ 35,681.85",1,1,0,55266.65931096893,0
19471,Male,Pune,18.0,4,"₹ 23,749.11",1,0,1,102107.3569129467,0
19472,Female,Bangalore,43.95933932399897,0,"₹ 41,401.78",1,1,1,112135.64196449399,0
19473,Female,Pune,66.4448134593143,1,"₹ 81,799.45",2,1,0,112677.71048979896,1
19474,Male,Bangalore,23.648074344555933,10,"₹ 16,806.91",1,1,0,79822.42678647311,0
19475,Female,mumbai,38.734711880030325,0,₹ 0.00,1,1,0,30391.489246908823,0
19476,Female,Mumbai,27.949289919126674,10,"₹ 27,656.21",1,1,0,93258.2200342715,0
19477,M,DELHI,50.950675616527334,6,"₹ 95,775.24",1,0,0,146539.2543547098,0
19478,Female,Kolkata,54.55250188040431,6,"₹ 38,001.27",1,0,1,151861.31063320627,0
19479,Male,Chennai,45.32138943273734,9,"₹ 50,422.48",2,1,1,49445.507279482365,0
19480,Male,Mumbai,34.72732547672321,4,"₹ 52,341.40",2,1,1,90684.54195418613,0
19481,Male,mumbai,47.85402794809689,9,"₹ 29,478.91",1,1,1,46205.380989546,0
19482,Male,mumbai,63.55893748956738,5,"₹ 90,505.97",1,1,0,145944.18065060035,1
19483,Female,Kolkata,58.34524971501397,2,"₹ 42,876.44",1,1,1,108864.37174782396,0
19484,Female,mumbai,38.896978319783805,10,"₹ 82,244.34",1,1,0,87576.37840158786,0
19485,Female,mumbai,40.13736361464561,1,"₹ 51,537.82",1,1,0,105434.50822828311,0
19486,Female,Hyderabad,39.72421862498532,9,"₹ 52,747.95",1,1,0,10000.0,0
19487,Male,DELHI,52.35639613015921,8,"₹ 19,012.44",1,1,0,62556.199256829335,0
19488,Male,Mumbai,,1,"₹ 80,629.96",2,1,1,92449.54256807656,0
19489,Male,Chennai,,0,"₹ 44,491.79",2,1,0,43372.38975579296,0
19490,Male,Chennai,36.87893066012249,8,"₹ 54,132.53",2,1,1,65333.345487941195,0
19491,Female,mumbai,41.025742941956096,7,"₹ 100,971.86",1,1,0,98632.00283242679,0
19492,Male,Bangalore,34.039828840536195,7,"₹ 58,234.30",2,1,0,103275.98348706386,0
19493,Male,Mumbai,55.969136526888505,6,"₹ 55,347.05",2,0,0,69420.0873750793,0
19494,Male,Kolkata,36.10913304432051,8,"₹ 79,446.89",2,0,0,78018.02543588527,0
19495,Female,Hyderabad,30.60936191982443,10,"₹ 69,969.92",2,1,0,42204.12830634328,0
19496,Male,Chennai,36.31287343025868,2,"₹ 36,165.65",2,1,1,52888.17397005065,1
19497,Male,mumbai,28.768008310315196,7,"₹ 32,729.85",2,0,1,110207.1760295704,0
19498,Male,Pune,57.92540420223266,0,"₹ 63,359.10",1,1,0,37542.62545536472,0
19499,M,Pune,28.458553671582656,0,"₹ 33,459.57",1,1,0,121052.76646121057,1
19500,Male,Bangalore,44.35116048779479,10,"₹ 51,352.02",2,1,0,121531.02305124569,0
19501,Female,Kolkata,35.24046459650029,5,"₹ 12,375.35",1,1,0,100293.8445469027,0
19502,Female,Pune,68.52815534831946,7,"₹ 100,545.16",1,0,1,102144.6980933601,0
19503,Female,Chennai,51.344321999039394,7,"₹ 31,061.69",1,1,0,28374.83351490173,1
19504,Female,Bangalore,35.56157082113104,9,"₹ 67,916.89",2,0,1,104047.15703655011,0
19505,Male,Kolkata,47.5731490610862,0,"₹ 68,934.05",2,1,1,37204.371202937866,0
19506,Male,Hyderabad,31.359229620194668,10,"₹ 102,276.48",1,1,1,10000.0,0
19507,Male,Pune,55.07214816693286,0,"₹ 59,566.63",1,1,0,92902.88253929048,0
19508,Female,Delhi,47.51563912188673,8,"₹ 38,161.77",3,1,0,153360.36780005688,0
19509,Male,Mumbai,51.284702218620076,8,"₹ 48,841.60",1,1,1,52484.89899952043,0
19510,Male,Kolkata,30.69588714728747,6,"₹ 23,951.12",1,1,0,99550.2380545996,0
19511,Female,Kolkata,24.242361736717065,0,"₹ 89,675.52",1,1,1,98570.87495301274,0
19512,Female,Pune,20.04717080733832,9,"₹ 40,484.46",2,1,1,83398.6467980278,0
19513,Male,Bangalore,21.183528074226906,1,"₹ 102,742.70",1,1,1,20344.69356074593,0
19514,Female,Mumbai,45.163286558522074,7,"₹ 30,339.29",1,0,1,89274.8154472636,0
19515,Female,Chennai,73.82725515019355,7,"₹ 127,240.94",1,0,0,141827.84143651265,1
19516,Male,Chennai,39.01121958026416,10,"₹ 29,527.60",2,1,0,119977.4797974297,1
19517,Male,Delhi,36.31869261042011,4,"₹ 27,961.53",1,1,1,10000.0,0
19518,Female,DELHI,44.18618197814536,1,"₹ 30,819.61",3,1,1,125666.83426637619,0
19519,Female,Pune,33.206887460854645,2,"₹ 29,962.35",1,1,0,78683.88254255883,0
19520,Male,Bangalore,25.772947304794204,4,"₹ 61,137.17",2,0,1,131579.50603607757,0
19521,Male,Mumbai,35.18161429326216,2,"₹ 25,306.47",1,0,1,21921.65948146637,0
19522,Female,Bangalore,41.59563871675449,9,"₹ 15,528.97",1,1,0,56662.81898140616,0
19523,Female,DELHI,72.89105350454211,0,"₹ 22,788.02",2,1,1,83039.45641287035,0
19524,Female,Chennai,37.67237493341273,5,"₹ 110,766.81",1,1,0,130756.96903504107,1
19525,Male,Bangalore,47.92170156430219,4,"₹ 16,114.05",2,1,0,73104.6202501558,0
19526,Male,Chennai,24.420894986250875,2,"₹ 55,625.34",1,1,0,58721.65937924628,0
19527,Female,Chennai,55.408083632740116,8,"₹ 22,486.37",2,1,1,74419.93502866614,0
19528,Male,Delhi,33.910522121825196,9,"₹ 63,812.85",1,1,0,157190.4377979369,1
19529,F,Chennai,28.059256920069345,7,"₹ 54,756.63",2,1,0,40636.48911150247,0
19530,Female,mumbai,29.578613409855834,6,"₹ 99,893.09",2,1,0,63080.15740766845,0
19531,Male,Chennai,35.371161546789324,10,"₹ 36,762.76",2,1,0,39608.903863220956,0
19532,Female,Mumbai,27.65806514889037,1,"₹ 62,787.37",2,1,1,100750.71918813515,0
19533,Male,Mumbai,49.369264921066204,9,"₹ 81,349.14",2,1,1,39782.95619786793,0
19534,Female,Mumbai,28.734779534663367,4,"₹ 38,931.19",1,1,1,85534.80391599548,0
19535,Male,Kolkata,54.68782485516459,4,"₹ 56,335.86",4,1,0,48454.05583222244,0
19536,Male,Pune,37.370702121611465,5,"₹ 4,862.69",2,1,1,,0
19537,Female,Pune,31.245541179196994,5,"₹ 63,372.81",2,1,0,87409.08391057023,0
19538,Female,Pune,34.75102983176851,2,"₹ 55,459.14",2,1,1,114637.66933355856,0
19539,Male,mumbai,29.7658345171626,10,"₹ 27,210.91",1,0,1,100140.97351002261,0
19540,Female,Mumbai,45.323767974962536,3,"₹ 12,943.76",1,1,1,128432.72191363227,0
19541,Male,Pune,36.821762064054646,0,"₹ 41,751.64",1,0,1,170258.18159063233,0
19542,Male,DELHI,61.67066655747334,10,"₹ 14,312.69",1,1,1,173018.36305302763,0
19543,Male,DELHI,18.0,0,"₹ 52,956.58",2,1,1,97574.69798803853,0
19544,Male,Bangalore,62.521753252284995,4,"₹ 68,592.01",2,1,0,90452.08347856106,0
19545,Male,Kolkata,34.91038083897917,3,₹ 0.00,1,1,0,66149.32778018982,0
19546,Male,Chennai,69.00617113855975,6,"₹ 24,795.91",1,1,1,69917.75004612256,0
19547,Male,Mumbai,46.80731984449875,6,"₹ 98,223.28",2,1,1,92263.6403712444,0
19548,Male,mumbai,62.995482082457755,3,"₹ 68,311.71",1,1,1,44018.52410462201,0
19549,Male,Kolkata,43.85814093684232,9,"₹ 7,464.80",2,1,1,104766.14282557875,0
19550,M,Delhi,42.93647687401491,1,"₹ 35,266.61",1,0,0,10000.0,0
19551,Male,Delhi,30.766986770578363,9,₹ 0.00,2,1,0,86226.16090689457,0
19552,Female,Hyderabad,43.62794935018011,3,"₹ 84,316.85",2,0,0,47825.38269524695,0
19553,Female,Chennai,30.002522541742728,7,"₹ 49,531.14",3,1,0,65559.166813676,0
19554,Female,Mumbai,47.80956546081394,1,"₹ 53,931.29",1,1,0,103318.17087303645,0
19555,Female,Kolkata,47.42006282548342,4,"₹ 85,784.43",1,1,1,36975.38847829587,0
19556,Female,Delhi,43.16035770523,6,"₹ 43,094.23",1,0,1,52792.49062739234,0
19557,Male,Hyderabad,63.554647925977044,9,"₹ 58,219.80",2,0,1,32688.35034271136,0
19558,Female,mumbai,52.46403952231847,5,"₹ 82,662.94",2,1,1,132461.04818410176,1
19559,Female,Mumbai,31.197968642570807,8,"₹ 25,473.79",1,1,1,10000.0,0
19560,Female,Delhi,53.52547481680473,1,"₹ 12,589.73",1,1,1,61648.49140501561,0
19561,Female,Pune,59.280489604010434,3,"₹ 103,812.62",1,1,1,113672.97087197009,0
19562,Male,DELHI,18.0,6,"₹ 27,820.70",1,1,0,125032.98464295582,0
19563,Female,Hyderabad,28.7551528626809,7,₹ 0.00,1,1,0,126415.99426537302,0
19564,Female,mumbai,37.96387572103005,4,"₹ 28,365.38",2,1,1,108928.86137765412,0
19565,Male,Delhi,32.791404362134394,4,"₹ 29,711.89",1,1,0,45354.596108454265,0
19566,Male,mumbai,54.57190082060665,3,"₹ 110,589.03",2,1,1,87137.1666613474,1
19567,Female,Chennai,31.704426042449686,8,"₹ 66,504.30",1,1,0,10000.0,1
19568,Female,Bangalore,30.083046150891267,9,"₹ 43,625.39",1,1,0,50171.626654027146,0
19569,Male,Hyderabad,48.581000121042706,3,"₹ 29,303.01",2,0,1,36297.39479129531,0
19570,Female,Kolkata,41.535079407653356,2,"₹ 70,489.68",2,1,1,57347.90348929263,0
19571,Male,Kolkata,61.837847138296745,8,"₹ 81,553.04",2,0,0,75105.74967089517,0
19572,Male,Delhi,50.56400619202439,6,"₹ 64,914.30",1,1,0,30684.62179804359,0
19573,Male,Pune,90.0,8,"₹ 77,629.23",1,0,1,134502.94034063036,0
19574,Male,Pune,28.639428563589348,3,"₹ 96,505.01",2,0,1,29431.806659687834,1
19575,Male,Chennai,22.065334784464838,2,"₹ 52,814.93",1,1,0,92339.51070740337,1
19576,Male,Kolkata,65.63626276067501,9,"₹ 34,776.45",1,1,0,11827.084257043549,0
19577,Female,Hyderabad,90.0,7,"₹ 37,113.64",1,1,1,86095.89736310934,0
19578,Female,DELHI,41.650690896762256,3,"₹ 87,587.46",1,1,1,28557.202736643158,0
19579,Male,Pune,40.227192685083345,9,"₹ 71,890.66",1,1,0,130442.23418926736,0
19580,Male,Kolkata,46.909264991905516,2,"₹ 54,464.45",1,0,0,76875.99850499713,0
19581,Male,Bangalore,32.210872474268626,3,"₹ 33,766.20",1,0,1,59282.20518454077,0
19582,Female,Hyderabad,18.0,1,"₹ 25,746.95",1,1,0,99829.8563639555,0
19583,Male,DELHI,48.64309393052994,10,"₹ 50,018.80",1,0,0,73943.07377353836,0
19584,Male,Bangalore,45.14340380626954,3,"₹ 20,043.50",1,0,1,104118.65662975359,0
19585,Female,Kolkata,24.24658135467318,6,"₹ 43,172.94",1,1,1,117831.24248056715,0
19586,Female,Delhi,35.74114146367582,2,"₹ 85,793.43",2,1,1,72057.31059131808,1
19587,Male,Chennai,23.90571433779031,0,"₹ 46,076.03",1,1,0,77255.09023379556,0
19588,Male,Chennai,50.572761495900416,9,"₹ 42,861.72",2,1,1,31198.100515766193,0
19589,Male,DELHI,44.59652149210362,7,"₹ 54,278.29",2,1,1,119033.92889898794,0
19590,Female,Bangalore,47.43051144375777,5,"₹ 78,983.95",2,1,0,83873.4166219552,1
19591,Female,Kolkata,52.797691198042074,2,"₹ 104,095.84",2,1,1,104990.65895890711,0
19592,Male,Kolkata,61.44337457864779,7,"₹ 15,281.35",1,1,0,64533.7386702828,0
19593,Female,Delhi,47.66992390767055,5,"₹ 86,089.37",2,1,0,10000.0,0
19594,Male,mumbai,54.2276534934922,0,"₹ 74,044.01",1,1,0,48177.61575868033,0
19595,Male,Chennai,72.2858076005624,8,"₹ 12,973.52",2,0,1,10000.0,0
19596,Male,mumbai,59.49828406089675,10,"₹ 20,690.27",1,1,0,69107.0227213867,0
19597,Male,mumbai,48.27339634222713,8,"₹ 78,702.77",2,1,0,126630.01647891937,0
19598,Male,Delhi,47.351096649427745,8,"₹ 66,621.61",1,0,0,36072.34602507312,0
19599,Male,mumbai,32.561918111248644,5,₹ 0.00,1,1,1,152333.09873228284,0
19600,Male,mumbai,35.303409551706864,5,"₹ 25,070.82",1,0,0,39785.36283786907,0
19601,Male,Delhi,43.52015228224604,3,"₹ 65,996.91",2,1,0,10000.0,0
19602,Female,Pune,39.69606440013301,7,"₹ 77,855.40",2,1,0,32285.958648102605,0
19603,Male,mumbai,73.282165155791,8,"₹ 61,956.86",1,1,0,103723.04726217627,0
19604,Male,Chennai,50.592888709677574,6,₹ 0.00,2,1,1,70472.33725436934,0
19605,Female,Delhi,49.35851368012255,6,"₹ 28,383.53",2,1,0,,0
19606,Female,Hyderabad,62.59766135722349,1,"₹ 20,646.15",2,0,0,128082.25095190012,0
19607,Female,mumbai,47.74590426390757,1,"₹ 70,763.77",1,1,0,39029.07187659941,0
19608,Male,Pune,40.86226857905034,9,"₹ 36,005.69",2,0,0,101323.53974167924,0
19609,Male,Chennai,48.874974627961606,10,"₹ 66,023.18",2,0,1,22175.59150422879,0
19610,Female,Mumbai,51.09731266872822,1,"₹ 55,150.00",1,1,1,40667.757797240156,1
19611,Female,Chennai,66.00268836603891,3,"₹ 14,929.51",2,0,1,98314.22675608538,0
19612,Male,Bangalore,24.638126027682254,8,"₹ 76,478.65",2,0,0,117549.91152947127,0
19613,Female,Hyderabad,33.91080079908504,4,"₹ 84,940.42",1,0,0,61675.052978627515,0
19614,Male,Kolkata,43.90626210988299,1,"₹ 78,014.17",1,1,0,95283.50037079745,0
19615,F,Bangalore,59.058402491016324,3,"₹ 56,498.67",2,1,0,64124.94713371621,0
19616,Female,Delhi,56.808674046092534,6,"₹ 47,193.06",1,1,0,190368.01178046566,0
19617,Female,Delhi,46.625052912525696,4,"₹ 31,664.60",1,0,1,83964.8330559428,0
19618,Female,Kolkata,60.28950669660551,10,"₹ 87,977.22",1,1,0,79408.60859175901,0
19619,Female,DELHI,34.89188556175038,7,"₹ 98,549.62",2,1,0,41871.80071700441,0
19620,Male,DELHI,73.25036386713516,0,"₹ 30,235.43",2,1,1,74815.48295340379,0
19621,Male,Kolkata,32.46452089661358,4,"₹ 17,340.86",1,1,1,92801.5371906773,0
19622,Male,Delhi,19.29151670935227,3,"₹ 18,723.29",2,1,0,70220.13287184411,0
19623,Male,Chennai,54.07764083050418,2,"₹ 21,117.31",2,1,1,55445.697953677925,0
19624,Female,Hyderabad,23.500693941285306,6,"₹ 59,878.61",2,1,0,104931.91944125533,0
19625,Male,Pune,37.366568398340746,9,"₹ 10,492.27",2,0,0,60408.182024015245,0
19626,Male,Hyderabad,42.852463495170134,10,"₹ 33,195.15",1,1,0,116845.10898733145,0
19627,Female,Kolkata,51.223333184614454,0,"₹ 34,039.79",2,1,0,54765.24406075057,0
19628,Female,Delhi,60.19401235349579,5,"₹ 55,210.85",2,1,1,54242.19309121209,0
19629,Male,DELHI,24.754670891739575,7,"₹ 43,845.03",2,1,0,111883.57508429151,1
19630,Male,Delhi,28.117156392878794,1,"₹ 63,433.43",1,1,1,105275.94848720054,0
19631,Male,DELHI,90.0,5,"₹ 46,531.20",1,0,0,137491.87528984513,0
19632,Female,Hyderabad,41.83270387194951,10,"₹ 56,015.07",1,1,0,43866.87593536083,0
19633,Male,Bangalore,20.349701639695756,0,"₹ 107,973.16",4,0,0,83858.64836548644,1
19634,Female,Chennai,29.87160797084026,5,"₹ 54,095.59",2,0,0,115999.87821624137,0
19635,Male,Hyderabad,,5,"₹ 58,059.03",1,1,0,132563.58980158018,0
19636,Male,Chennai,45.07479755510325,4,"₹ 122,656.32",1,1,1,120204.55573938275,0
19637,Female,mumbai,62.888555547056484,6,"₹ 45,495.52",2,1,0,76514.93846567892,0
19638,Male,Hyderabad,69.50828519403262,4,"₹ 94,048.41",2,1,0,100096.03196960746,1
19639,Male,Mumbai,32.632886411388085,7,"₹ 86,881.28",1,0,1,25129.606128055355,0
19640,Male,Mumbai,36.48035751064423,1,"₹ 21,852.98",3,0,0,178918.31454433053,0
19641,Male,Chennai,47.22760224447744,5,"₹ 54,451.02",1,1,0,94962.71369018794,0
19642,Female,mumbai,34.10947126525525,4,"₹ 69,197.07",2,1,0,73776.24904086965,0
19643,Male,Chennai,62.89244010206955,9,"₹ 78,237.28",1,1,1,110849.28577599427,1
19644,Male,Kolkata,82.00074032324308,1,"₹ 26,331.04",1,1,0,79244.46422447465,1
19645,Male,Mumbai,45.32000336880914,10,"₹ 26,237.95",2,1,0,160086.0598996975,0
19646,Female,Delhi,49.926418172606965,6,"₹ 76,696.32",1,1,1,166955.57402684365,0
19647,Female,Chennai,36.21056410678597,3,"₹ 19,665.00",1,1,0,56156.81996899689,1
19648,Female,Chennai,50.036185541518805,5,"₹ 40,252.92",1,1,0,85642.39073732312,0
19649,Female,Pune,29.097351432008466,4,"₹ 7,224.84",1,1,1,78979.42778563191,0
19650,Male,Pune,30.76331017919314,3,"₹ 25,076.04",2,1,0,10000.0,0
19651,Male,DELHI,18.0,1,"₹ 42,672.11",2,1,0,106816.21889227588,1
19652,Male,mumbai,57.23883442901127,6,"₹ 45,796.43",1,1,1,80861.79975582585,0
19653,Male,Mumbai,65.83212891567368,4,"₹ 54,284.72",1,1,1,109327.51636175922,0
19654,Male,Mumbai,60.459613983225495,2,"₹ 46,049.33",1,1,0,28043.8279897876,0
19655,Female,Pune,46.408607668663294,5,"₹ 77,234.19",2,1,0,131856.13621820995,0
19656,Female,Chennai,40.30009428558627,7,"₹ 87,365.99",1,1,0,80964.28389185433,1
19657,Female,Chennai,43.6089519966655,10,"₹ 29,063.26",2,0,0,16555.045843549844,1
19658,Male,Mumbai,29.710403275363383,9,₹ 0.00,1,0,1,22728.74710776154,0
19659,Female,mumbai,59.113710113438344,9,"₹ 62,568.62",1,0,0,78220.53821240213,0
19660,Female,Bangalore,60.72616047651485,1,"₹ 80,643.90",1,1,0,59521.15560550381,1
19661,Female,Kolkata,29.063019510018982,10,"₹ 26,715.03",1,1,0,44184.09416803901,0
19662,Male,Mumbai,30.985300529961172,9,"₹ 40,801.64",2,1,1,93897.6309921336,0
19663,Male,DELHI,25.112741050236146,3,"₹ 79,092.29",1,1,0,97423.8895596202,0
19664,Male,Bangalore,41.181801371568966,2,"₹ 83,257.66",1,1,0,89877.47621608134,0
19665,Male,Mumbai,44.67435966441133,6,"₹ 64,087.39",1,1,1,27022.684931379677,0
19666,Female,Pune,45.99676442218191,9,"₹ 51,126.67",1,0,0,76061.52122180161,0
19667,Male,Mumbai,25.017833505349287,7,"₹ 35,454.86",2,1,1,86242.94130447239,0
19668,Male,Bangalore,34.01813230538948,7,"₹ 56,671.80",1,1,1,29991.24432591434,0
19669,Female,Kolkata,34.044740423941704,3,"₹ 52,597.48",2,1,1,98164.56845257519,0
19670,Female,Chennai,55.963901705643124,9,"₹ 69,908.21",1,1,1,89407.42083016454,0
19671,Male,Hyderabad,30.059971916430406,1,"₹ 62,110.64",2,1,0,11962.313738803772,0
19672,Female,Pune,45.815342921197896,5,"₹ 8,542.51",2,0,0,43805.29071804815,0
19673,Male,Bangalore,34.37181864970972,2,"₹ 45,726.69",1,1,0,76897.98311421947,0
19674,Male,DELHI,42.126116160487335,7,"₹ 89,186.60",1,0,0,109086.54697730254,0
19675,Male,DELHI,59.18357285973826,2,₹ 0.00,1,1,1,10000.0,0
19676,Female,Delhi,26.41732197906348,1,"₹ 9,625.91",1,1,0,124556.83120221234,0
19677,Female,Hyderabad,18.0,8,"₹ 19,877.66",2,1,1,,0
19678,Male,Mumbai,24.918903484953397,8,"₹ 69,890.15",3,1,1,124880.17030828894,1
19679,Female,Delhi,51.259764875506534,8,"₹ 35,027.09",2,1,1,10000.0,0
19680,Male,DELHI,27.037418924100088,2,"₹ 53,502.97",1,1,0,41685.64993136337,0
19681,Female,Mumbai,34.309918050551175,1,"₹ 64,826.12",1,1,1,103933.66466749701,0
19682,Male,Delhi,51.809090023940456,3,"₹ 64,633.70",2,1,0,122048.70922635027,0
19683,Male,Mumbai,57.05855220644329,1,"₹ 30,146.47",2,1,1,133395.77439302063,0
19684,Female,Kolkata,60.49023153064606,7,"₹ 40,534.64",1,1,1,116587.468810199,0
19685,Female,Hyderabad,53.310337471022606,9,"₹ 44,029.27",1,1,0,,0
19686,Male,Pune,28.113642823515978,0,"₹ 99,662.98",2,1,0,103193.40856605042,0
19687,Male,Pune,69.09444964442325,1,"₹ 43,619.71",1,1,0,133115.18010882885,0
19688,Male,Pune,30.85649688112102,5,"₹ 68,506.01",2,0,1,123811.76185970302,0
19689,Male,DELHI,35.45709001911642,8,"₹ 71,474.42",1,1,1,62402.28611225205,0
19690,Female,Kolkata,44.91756916716918,9,"₹ 82,864.48",2,0,0,109670.34457557842,0
19691,M,Hyderabad,49.18093691093323,4,"₹ 76,466.18",1,1,1,79864.26531546777,0
19692,Male,Bangalore,66.57900175200831,4,"₹ 51,693.86",2,1,1,135995.5618016222,0
19693,Male,mumbai,35.50812869920462,2,"₹ 64,820.96",1,0,1,60018.200038928684,0
19694,Female,Bangalore,50.70623313766339,7,"₹ 124,731.87",2,1,0,109264.42343619984,0
19695,Male,Pune,35.59200628677431,5,"₹ 27,847.38",2,1,0,121776.00514662248,1
19696,Female,Bangalore,69.1125695181116,9,"₹ 34,855.20",1,1,1,43935.650005722084,0
19697,Male,Mumbai,51.408227510755026,1,"₹ 15,498.96",3,1,1,59820.93108816637,1
19698,Female,Mumbai,64.33902462255011,4,"₹ 55,603.99",1,0,0,155524.566192049,1
19699,Female,Bangalore,27.708950837224997,3,"₹ 36,104.63",2,1,1,108386.65450481538,0
19700,Female,Chennai,36.58323660372882,10,"₹ 18,196.51",2,1,0,139152.0658641343,0
19701,Female,Delhi,48.72987758733381,9,"₹ 50,226.34",2,1,1,56767.00513227233,0
19702,Male,mumbai,64.57644679415915,8,"₹ 8,972.65",2,1,1,47005.5144935221,0
19703,Female,DELHI,59.88406517419479,3,"₹ 87,727.28",2,0,0,87515.88029316705,0
19704,Female,Bangalore,67.50641082579465,7,"₹ 81,216.80",1,0,1,59722.399424422154,0
19705,Male,Hyderabad,65.12000744816656,0,"₹ 102,971.76",2,1,1,10000.0,0
19706,Male,Chennai,56.68092425458376,4,"₹ 129,650.69",3,1,1,133079.35399148898,0
19707,Male,Kolkata,47.30057080898808,8,"₹ 1,143.75",4,1,0,147494.782545625,1
19708,Male,Chennai,28.275799282072363,2,"₹ 45,168.96",2,1,0,134661.44691908386,0
19709,Male,mumbai,18.0,10,"₹ 88,772.31",1,1,0,145664.35878627177,0
19710,Female,Hyderabad,46.865067552745,5,"₹ 88,084.33",1,1,0,106002.04414311351,0
19711,Male,Chennai,57.03973113394055,10,"₹ 75,796.26",2,0,0,68772.60262339942,1
19712,Female,DELHI,18.0,9,"₹ 18,592.77",2,1,0,170300.5837654011,1
19713,Male,Delhi,27.3881335416426,5,"₹ 58,408.11",1,0,0,140514.58975670201,0
19714,Male,Hyderabad,29.752105660200762,10,"₹ 81,783.01",2,0,1,112123.23797869709,0
19715,Male,Mumbai,42.185844115404734,5,"₹ 39,663.70",1,1,1,10000.0,0
19716,Male,DELHI,46.54828967518146,3,"₹ 27,114.51",1,0,0,88634.30729335324,0
19717,Male,Pune,61.22158944399004,6,"₹ 41,737.77",2,1,0,67745.74682224132,0
19718,Male,Kolkata,25.26144344315458,2,"₹ 33,005.00",1,1,0,94480.7710490429,1
19719,Male,mumbai,50.16340150289543,5,"₹ 58,167.86",3,1,0,48373.70447788212,1
19720,Female,mumbai,24.193755879229027,9,"₹ 6,931.23",1,1,1,96590.08730177465,0
19721,Female,Bangalore,57.53664830263391,4,"₹ 99,248.24",1,1,1,49893.90652623733,0
19722,Male,mumbai,37.77544602850417,2,"₹ 33,091.30",1,0,1,110249.30994681567,0
19723,Female,mumbai,26.817820164900848,1,"₹ 19,595.29",2,0,0,39096.52015213986,0
19724,Female,Delhi,34.9161258897562,0,"₹ 37,939.74",1,1,1,92136.40679713165,0
19725,Male,Kolkata,28.26987018987344,7,"₹ 58,098.94",2,1,1,90055.86748620194,0
19726,M,Delhi,46.38233739811001,0,"₹ 3,303.40",1,1,1,92596.807737202,0
19727,Female,Mumbai,54.36098080684137,4,"₹ 32,807.32",1,0,0,65273.89120054498,0
19728,Male,Hyderabad,60.468359491001046,4,"₹ 48,115.12",1,0,1,59622.34108137191,0
19729,Male,Chennai,37.21732816834881,0,"₹ 29,781.25",2,1,1,130073.7967744109,0
19730,Male,Kolkata,65.81926971786717,8,"₹ 21,148.10",1,1,1,84238.72016037922,0
19731,Male,Chennai,44.63452299445096,4,"₹ 78,424.36",1,1,0,64515.80292678619,1
19732,Female,Pune,63.97683284586387,8,"₹ 77,799.27",2,0,0,66739.87097261769,1
19733,Male,Delhi,42.64106708934796,10,"₹ 77,331.78",2,1,0,102558.18908813153,0
19734,Female,DELHI,,5,"₹ 66,992.18",1,0,1,51911.189159994414,0
19735,Female,Chennai,53.67648166506026,6,"₹ 14,332.93",1,1,1,67374.26460282777,1
19736,Female,DELHI,49.61930564532592,6,"₹ 49,294.60",2,0,1,58438.242260572806,0
19737,Female,Bangalore,36.68874079538115,1,"₹ 90,644.37",2,1,0,144123.4651050815,0
19738,Male,Kolkata,62.32895453860105,4,"₹ 13,653.54",1,1,1,67195.92856237717,0
19739,Male,Bangalore,30.649609150053024,1,"₹ 20,428.55",1,1,0,36025.481619186605,0
19740,Female,Hyderabad,53.6765940953248,3,"₹ 58,093.35",2,1,1,30853.86184263789,0
19741,Male,Bangalore,53.01718009010132,2,"₹ 72,812.74",2,0,0,60937.04881987137,1
19742,Male,DELHI,60.96889630477501,10,"₹ 70,433.42",2,1,1,65915.61361143118,0
19743,Female,mumbai,61.26299833124283,5,"₹ 59,645.15",2,1,0,84621.95702493137,0
19744,Female,Delhi,42.270862981759365,10,"₹ 19,910.48",2,1,0,51485.75085112153,0
19745,Male,Bangalore,45.49186406263417,4,"₹ 64,710.10",1,1,0,80888.31065962595,0
19746,Female,Hyderabad,44.48682777072565,0,"₹ 31,419.17",1,1,1,143907.53125425708,0
19747,Female,Kolkata,71.18362250114345,1,"₹ 60,226.65",2,1,1,74647.4083247178,0
19748,Male,Hyderabad,54.76466718552132,6,"₹ 46,339.32",1,0,0,128176.39979400221,0
19749,Male,Delhi,60.65664788080852,8,"₹ 40,556.24",2,1,1,86671.22014914491,0
19750,Female,Chennai,41.23425898464581,0,"₹ 119,909.34",2,1,0,52505.62933313343,0
19751,Male,Mumbai,28.099712283360443,3,"₹ 14,453.03",3,1,1,53796.56758824607,0
19752,Male,Kolkata,30.967965277665943,10,"₹ 27,879.96",1,1,0,94966.96469206386,0
19753,Male,DELHI,60.187472507586506,2,"₹ 82,058.53",2,1,0,10000.0,0
19754,Female,Mumbai,34.02586220488636,10,"₹ 102,260.14",2,1,0,88739.41701968755,0
19755,Male,Hyderabad,90.0,4,"₹ 70,078.09",2,1,0,33819.75621379405,0
19756,Male,Hyderabad,38.91525568082006,4,"₹ 43,171.38",2,1,1,124064.79031031561,0
19757,Male,Hyderabad,50.268199224282796,9,"₹ 26,287.32",1,0,0,128574.43551130602,1
19758,F,Mumbai,50.241173858093475,9,"₹ 75,874.23",1,0,0,67576.38819420998,0
19759,Male,Bangalore,47.69217081811392,10,"₹ 49,762.49",1,0,1,168780.55503656395,0
19760,Female,Delhi,26.701800568326053,1,"₹ 34,337.67",2,1,1,50106.605041580304,0
19761,Female,Kolkata,48.71630098749668,4,"₹ 82,102.80",2,1,1,40425.96376993184,1
19762,Male,Delhi,48.584997042424376,3,"₹ 45,499.13",1,1,1,68481.38361339172,0
19763,M,Kolkata,40.50966489274886,0,"₹ 10,606.64",2,1,0,10000.0,0
19764,Female,Kolkata,72.77199576381327,0,"₹ 53,573.35",2,1,1,77051.85363079821,0
19765,Female,Chennai,20.071430894123306,0,"₹ 39,616.96",2,1,0,58393.62179932848,0
19766,Male,Hyderabad,22.330912835001502,7,"₹ 20,094.05",2,0,1,174815.54925817903,0
19767,Female,Pune,56.30563790440719,2,"₹ 59,205.00",2,0,0,32921.66515936092,0
19768,Female,Delhi,43.692987801487284,8,"₹ 63,563.99",3,1,1,176924.87389881062,1
19769,F,Chennai,31.801489100340603,9,₹ 0.00,2,1,1,126118.25389999029,0
19770,Male,Hyderabad,47.92524280790868,1,"₹ 82,740.22",2,1,1,15945.380981823735,0
19771,Female,mumbai,,8,"₹ 80,143.45",2,1,0,87943.01393091155,0
19772,Male,mumbai,20.536992687495424,10,"₹ 46,536.10",4,0,0,103415.38303028252,1
19773,Male,Bangalore,55.84308176650954,8,"₹ 26,294.17",2,1,1,76062.78945417513,0
19774,Male,Mumbai,49.96240193152301,3,"₹ 66,235.58",2,1,1,27352.299213970575,0
19775,Female,mumbai,41.55771659297188,3,"₹ 50,077.32",2,1,0,37711.34841358615,0
19776,Male,DELHI,48.684058294786425,3,"₹ 34,041.35",1,0,1,56053.608375976044,0
19777,Female,Hyderabad,48.93712522112431,0,"₹ 34,697.69",3,0,1,63495.09251266764,1
19778,F,Pune,53.2478830731379,4,"₹ 55,325.41",1,1,0,70329.2194639512,0
19779,Male,Hyderabad,30.223691300377702,5,"₹ 89,831.96",1,1,1,17898.76461285884,0
19780,Female,mumbai,61.31209771077124,3,"₹ 10,534.02",2,1,1,96397.36287408987,0
19781,Male,Pune,59.88483250005811,7,"₹ 59,315.87",1,1,1,98379.60445358837,0
19782,Male,Bangalore,60.326504834846375,2,"₹ 23,377.80",1,1,0,18009.59070007198,0
19783,Female,Bangalore,19.122319703789774,10,"₹ 59,542.87",3,1,0,100204.16247365417,0
19784,Female,Chennai,62.16555811042914,8,"₹ 67,280.00",1,0,1,10000.0,1
19785,Female,DELHI,39.46795167561245,6,"₹ 12,970.85",1,1,0,33886.084226392195,0
19786,Female,mumbai,52.96138131936752,7,"₹ 67,167.45",1,0,0,32539.07633810849,0
19787,Male,DELHI,18.0,6,"₹ 57,753.72",2,0,1,109016.54482496646,0
19788,Male,Delhi,34.752295774455874,8,"₹ 89,121.04",1,0,1,40686.127343762586,0
19789,Female,Chennai,57.605742709435106,1,"₹ 50,661.11",1,1,1,52531.22716258447,0
19790,Male,Chennai,52.88992477363682,3,"₹ 58,570.71",1,1,0,109439.51818850706,0
19791,Male,Delhi,28.800631092403048,1,"₹ 62,826.84",1,0,1,66855.32663883909,0
19792,Female,DELHI,55.20279997339263,7,"₹ 92,566.77",3,1,1,55066.199791580875,1
19793,Male,Bangalore,32.75782921723066,1,₹ 0.00,2,1,0,10000.0,0
19794,Male,Delhi,41.00882864220381,7,"₹ 3,342.91",2,1,0,99700.90115132107,0
19795,Female,Hyderabad,27.448098189517278,5,"₹ 46,920.05",2,1,1,123770.2447120543,0
19796,Female,Mumbai,50.150246778636415,6,"₹ 60,898.78",2,1,0,80672.75729395177,1
19797,Female,Pune,61.31027116374722,10,₹ 325.89,1,1,1,120428.38710620234,0
19798,Female,Bangalore,58.27457316220434,5,"₹ 48,114.66",1,1,0,90468.22694157872,0
19799,Male,Bangalore,31.38455879532358,8,"₹ 27,389.71",2,1,1,51819.266995823644,0
19800,Female,Kolkata,44.30729398430886,3,"₹ 11,200.17",2,0,0,127823.29054639378,0
19801,Female,Bangalore,21.411456410880625,0,"₹ 44,797.95",3,1,0,122190.79941872344,0
19802,Male,Chennai,65.46513740175402,8,"₹ 71,357.75",1,0,0,69891.09027368484,0
19803,Male,Bangalore,45.28634394758945,9,"₹ 105,505.48",2,1,1,100484.81026807125,0
19804,Female,Hyderabad,54.74986305815334,7,"₹ 113,434.63",4,0,1,150831.7182759469,1
19805,Female,Bangalore,47.987234098231966,0,"₹ 87,342.17",2,0,0,62908.39137987409,0
19806,Female,Chennai,35.60823230827743,9,"₹ 59,701.96",1,1,0,113635.7318265467,0
19807,Female,Delhi,36.692044077217275,5,"₹ 46,752.22",2,1,0,106677.24139669408,1
19808,Female,Delhi,51.83616333729569,9,"₹ 54,473.82",2,1,0,89584.49309916081,1
19809,F,mumbai,69.55372222114151,3,"₹ 54,443.55",1,0,1,77019.4688606641,0
19810,Female,Mumbai,39.856714656792704,10,"₹ 83,572.91",1,1,1,10000.0,1
19811,Male,Mumbai,62.612234208316124,1,"₹ 97,993.05",1,1,1,127345.01636095089,0
19812,Female,Mumbai,58.84029325467856,2,"₹ 15,060.92",1,1,0,38888.52960689331,0
19813,Male,Bangalore,40.20955016460417,8,"₹ 41,083.09",2,1,1,94995.06793229663,0
19814,Female,Delhi,61.50266084825612,4,"₹ 78,725.88",2,1,0,58095.084818647956,1
19815,M,Bangalore,60.288934521070324,6,"₹ 46,194.80",1,1,0,144431.22019893615,0
19816,Female,Kolkata,18.0,1,"₹ 37,618.17",2,1,1,47176.33124153912,0
19817,Female,mumbai,55.524178945003406,7,"₹ 84,773.14",1,1,0,57847.716034882906,0
19818,Male,Delhi,64.20783547579684,2,"₹ 34,742.01",1,1,0,165651.78433764091,0
19819,Male,Mumbai,27.488658975196046,0,"₹ 69,729.65",2,1,0,110550.94500758343,0
19820,Male,Pune,25.29490745362552,7,"₹ 40,466.45",2,1,1,53181.6586319073,0
19821,Female,Bangalore,48.11939308492034,10,"₹ 116,503.23",2,1,0,68208.73806564271,0
19822,Female,Hyderabad,68.67950433300226,10,"₹ 87,546.87",2,1,1,98227.46260582864,0
19823,Female,Pune,28.680583517289303,8,"₹ 40,091.53",1,0,0,44551.83350188542,0
19824,Male,Hyderabad,21.331876236806046,7,"₹ 58,324.49",1,1,1,58980.98375096232,0
19825,Male,Kolkata,38.198287188367374,0,"₹ 67,605.28",2,1,1,73776.33322047684,0
19826,Female,Mumbai,36.10787145853848,6,"₹ 37,438.23",1,0,1,91919.15679298797,0
19827,Male,Bangalore,19.932916513788,6,"₹ 40,539.69",1,1,1,105332.87821939494,0
19828,Female,Bangalore,36.23738772592238,3,"₹ 75,168.77",2,1,1,16607.024691536186,0
19829,Female,Hyderabad,50.232104133830184,7,"₹ 49,835.88",1,1,1,57395.959553771594,0
19830,Female,Bangalore,72.8438933965015,4,"₹ 7,841.35",2,1,1,83828.21522591852,1
19831,Male,Kolkata,53.424055247905166,3,"₹ 66,935.58",1,0,1,130468.11443540943,0
19832,Female,Chennai,57.09241647905289,4,"₹ 78,927.14",1,1,1,,0
19833,Male,Chennai,28.67530138857764,10,"₹ 40,198.26",3,0,0,116117.23005957445,0
19834,F,Hyderabad,43.58309195809184,1,"₹ 26,808.88",2,1,1,57233.38527323894,1
19835,Male,Mumbai,41.69646128102921,3,"₹ 89,854.35",1,1,0,127708.85116594702,0
19836,Male,Hyderabad,49.889398195236474,9,"₹ 54,628.42",2,0,0,71962.21039508066,1
19837,Female,DELHI,53.95148508303323,7,"₹ 47,605.63",1,1,0,117295.3546713753,1
19838,Male,Bangalore,59.29299365424232,6,"₹ 47,538.89",1,1,1,77299.42337895207,0
19839,Female,Bangalore,45.47863832458311,7,"₹ 93,655.49",1,1,0,115468.15903803804,0
19840,Female,Chennai,37.155410304034184,6,"₹ 57,859.33",1,1,0,69541.18242161436,0
19841,Female,Pune,63.36107082445716,6,"₹ 63,284.71",2,1,0,93684.5330146625,0
19842,F,Hyderabad,55.87701691440493,10,"₹ 45,316.55",1,0,1,78032.46134303602,0
19843,Male,Mumbai,54.27212912344876,6,"₹ 50,454.79",1,1,0,85791.19314491098,1
19844,Female,Chennai,44.408388465274804,1,"₹ 40,493.12",1,0,0,109096.64512707735,0
19845,Male,Hyderabad,63.243820745756686,2,"₹ 64,683.83",2,1,0,109804.68926042793,0
19846,Male,Delhi,26.144061715085392,0,"₹ 16,674.36",1,1,1,27976.64848190637,0
19847,Female,Mumbai,58.39492817853638,1,"₹ 57,011.81",2,0,0,125596.84610704766,1
19848,Male,Mumbai,58.31968573483758,9,"₹ 39,014.57",1,1,1,27354.480126826842,0
19849,Female,Pune,31.488540798419073,5,"₹ 34,588.85",1,1,0,94289.63241488369,1
19850,Female,Kolkata,34.79189979504225,1,"₹ 63,386.99",2,1,1,33593.54481223998,1
19851,Female,Mumbai,25.726334545587303,0,"₹ 50,018.85",1,0,1,124359.80588518808,1
19852,M,Bangalore,52.65576273932501,7,"₹ 20,202.13",2,1,0,119632.0792583316,1
19853,Male,Hyderabad,18.0,8,"₹ 23,454.99",1,0,1,87176.60626156125,0
19854,Female,mumbai,48.34817719282023,6,"₹ 56,025.47",2,1,1,51153.07363824988,0
19855,Female,mumbai,33.54272696309789,2,"₹ 26,522.61",1,0,0,171983.2789237175,1
19856,Male,Pune,30.235398712928344,0,₹ 284.82,2,1,0,67537.58217477382,0
19857,Male,Bangalore,18.0,3,"₹ 74,712.68",2,1,1,55667.47942001083,0
19858,Female,Mumbai,31.706522013808463,9,"₹ 12,866.00",3,1,1,10000.0,1
19859,Male,Bangalore,66.4471375477588,10,"₹ 39,310.48",2,1,0,19639.86224200263,1
19860,Male,Delhi,34.212035066770184,2,"₹ 22,510.27",1,0,0,131691.2904278822,0
19861,Female,Kolkata,51.297118814265566,10,"₹ 21,717.92",2,1,0,72051.40175492475,0
19862,Female,DELHI,28.636779448639757,2,"₹ 60,204.26",2,1,0,60621.51786807319,0
19863,Female,Kolkata,60.38889097236289,1,"₹ 30,333.86",1,1,1,106604.389781425,1
19864,Female,Mumbai,54.07569728666596,10,"₹ 43,298.53",1,1,0,53776.33646769996,0
19865,Female,Bangalore,41.583787853526275,9,₹ 0.00,1,1,0,29520.705726721237,0
19866,Male,Kolkata,48.4761896796052,2,"₹ 102,492.40",2,1,1,98447.46429305365,0
19867,Male,Hyderabad,49.76398918610998,10,"₹ 60,744.23",1,1,0,99829.01410127056,0
19868,Male,Kolkata,29.984694523658916,4,"₹ 91,890.31",2,1,1,104227.05418399273,0
19869,Female,Kolkata,32.7984782861854,3,"₹ 88,326.14",2,1,1,10148.613150081714,0
19870,Male,Hyderabad,58.76871664935244,0,"₹ 85,627.71",1,1,1,111315.13036817213,0
19871,Male,DELHI,68.20007616829864,0,"₹ 42,571.17",2,1,1,102188.32356905649,0
19872,Female,DELHI,47.20268289823541,0,"₹ 51,375.65",1,1,1,93923.65223608552,0
19873,Male,Hyderabad,55.3893112402178,9,"₹ 20,108.53",3,0,1,97129.40554448361,1
19874,Male,Bangalore,63.06767681670968,8,"₹ 52,638.94",1,0,0,97280.92474360616,1
19875,Female,Delhi,40.12952443841953,8,"₹ 12,670.54",2,0,1,46539.168474144164,0
19876,Male,Mumbai,43.85208122162814,8,"₹ 92,378.64",2,1,0,35296.9039501769,1
19877,Male,Pune,55.71514252319425,9,"₹ 76,903.59",2,0,1,109992.3532959082,0
19878,Male,mumbai,77.75209686296381,3,"₹ 68,685.63",2,1,1,72266.59459317994,0
19879,Female,Bangalore,56.23761645114097,3,"₹ 33,157.85",1,1,1,149561.2508757909,0
19880,Female,Kolkata,49.55401310335809,9,"₹ 85,043.23",2,1,0,61528.23603327741,0
19881,Male,mumbai,36.19470322303343,6,"₹ 2,573.34",2,1,0,,0
19882,Female,mumbai,44.130243322609694,2,"₹ 46,832.77",3,0,0,29936.582209517102,1
19883,Male,Hyderabad,55.312808419372864,9,"₹ 54,594.33",2,0,1,35113.83192418712,0
19884,Female,Chennai,53.71057616882359,2,"₹ 98,872.86",3,1,0,53906.21722876914,1
19885,Male,Delhi,36.00674022194447,3,"₹ 11,121.77",2,1,0,34340.24613578957,0
19886,Female,Delhi,64.64998182349984,10,"₹ 90,675.44",2,0,1,118469.87750141475,1
19887,Female,Chennai,64.66696765256455,5,"₹ 84,725.91",2,1,0,117956.25232862965,0
19888,Female,Mumbai,43.33569172729786,0,"₹ 86,344.08",2,1,1,10000.0,0
19889,Male,Chennai,49.20339612287762,10,"₹ 32,797.13",2,1,0,40222.13289442698,1
19890,Male,Pune,35.388464035494415,2,"₹ 63,488.13",1,1,1,57256.921738189114,0
19891,Female,Pune,32.86971702875216,4,"₹ 77,080.71",1,1,0,99032.36407415297,0
19892,Male,Hyderabad,50.20657328378293,10,"₹ 58,825.39",2,1,1,64296.20857287873,1
19893,Female,Kolkata,33.29245887124946,3,"₹ 60,705.79",3,1,0,10000.0,1
19894,Female,mumbai,54.727211851369105,7,"₹ 64,582.22",1,1,0,17282.622076332198,0
19895,Female,Delhi,39.044108443277985,8,"₹ 30,876.32",2,0,1,139554.19441023018,0
19896,Male,Delhi,60.75246451235864,7,"₹ 30,403.98",2,1,1,49942.29283165213,0
19897,Female,Chennai,43.71583211106223,10,"₹ 73,289.25",2,1,0,101409.92629029664,0
19898,Female,Chennai,18.0,10,"₹ 31,943.97",1,0,0,111998.17191425136,0
19899,Female,Chennai,39.41773927062478,8,"₹ 59,952.68",1,1,0,22876.276563072694,0
19900,Male,Mumbai,46.6030845931597,7,"₹ 11,549.99",3,1,0,77071.20744833107,1
19901,Male,Chennai,18.993776561585403,9,"₹ 43,589.15",1,0,1,149291.01273015933,0
19902,Male,Kolkata,20.386169135728018,0,"₹ 95,191.75",1,1,1,92806.22938700469,0
19903,Male,mumbai,42.186208206583,6,"₹ 56,518.51",2,1,0,84408.12142568424,0
19904,Female,Bangalore,60.06883428498763,8,"₹ 85,765.68",1,1,1,79221.05902393874,0
19905,Female,Bangalore,54.47085485567897,0,"₹ 100,473.06",1,1,0,128736.14415369011,0
19906,Male,Kolkata,44.78335258680716,9,"₹ 77,159.06",1,0,0,166409.02935341303,1
19907,Female,Pune,32.210343572943216,0,"₹ 63,156.64",4,0,0,10000.0,0
19908,Male,Bangalore,31.480185346045882,9,"₹ 46,946.79",1,1,1,171647.74959433373,0
19909,Male,Mumbai,54.73676832569173,1,"₹ 43,604.68",1,0,0,102968.22255111138,0
19910,Male,DELHI,47.97279328236424,4,"₹ 40,371.00",2,1,1,110049.89814100799,0
19911,Male,Mumbai,57.816093361257046,7,"₹ 83,040.01",2,1,0,66429.43524299875,0
19912,Female,Delhi,63.06000528530789,7,"₹ 56,548.47",1,1,0,156898.04924099374,1
19913,Male,Bangalore,38.18948142030188,9,"₹ 75,734.77",1,0,1,79593.09441262671,0
19914,Female,Pune,51.60178541933516,3,"₹ 99,464.16",1,1,0,83406.6223735503,0
19915,Male,Chennai,53.58218565421677,6,"₹ 107,997.04",2,0,0,46089.071425720584,1
19916,Female,Chennai,34.5388315111629,6,"₹ 70,992.90",1,1,1,31639.673465224376,0
19917,Male,mumbai,35.32492628841598,8,"₹ 70,859.88",1,1,1,40307.41403467028,0
19918,Male,Pune,55.84130507969378,8,"₹ 44,002.23",3,0,1,122948.52598385382,1
19919,Male,Delhi,45.02600927136158,2,"₹ 78,251.58",2,1,0,129046.70008101656,0
19920,Male,Hyderabad,31.906766638444047,10,"₹ 24,571.92",1,1,1,119245.23594493189,0
19921,Male,Bangalore,32.7130470239954,7,"₹ 53,006.22",2,1,0,76407.3016260097,0
19922,Female,mumbai,25.74252836656746,4,"₹ 19,502.74",1,1,0,116140.11586011303,0
19923,Female,Pune,39.626178178574655,4,"₹ 11,274.90",1,1,1,49221.50212305971,0
19924,Female,DELHI,29.56638927140998,7,"₹ 59,666.11",1,1,1,79260.33967915823,0
19925,Female,Mumbai,46.533361484073104,5,"₹ 20,675.22",2,1,1,58133.13234330037,0
19926,Male,Delhi,79.21815520487172,9,"₹ 33,916.39",1,1,0,51334.13570001873,0
19927,Male,Pune,51.90527615699645,9,"₹ 63,084.66",1,1,1,87658.59520720395,0
19928,F,Bangalore,61.00663560641624,0,"₹ 78,720.51",1,0,1,103488.18550662008,0
19929,Female,Mumbai,51.00956779795777,3,"₹ 109,195.75",2,1,1,68323.68764595405,1
19930,Female,Pune,20.260372090973412,8,₹ 0.00,2,0,1,105011.47522090972,0
19931,Female,Kolkata,46.89827957822537,4,"₹ 24,203.87",2,1,1,79358.27545745288,0
19932,Male,mumbai,34.760102193714246,3,₹ 0.00,2,1,0,10000.0,0
19933,Male,Pune,32.63301144730046,10,"₹ 11,957.09",1,0,0,43166.655286739675,0
19934,Male,Kolkata,41.60228826329154,9,"₹ 65,739.73",1,1,1,96660.79689697394,0
19935,Male,Mumbai,54.465561785011054,0,"₹ 49,127.86",3,1,0,98459.90743017365,0
19936,Male,Mumbai,40.421950772869735,8,"₹ 1,942.85",2,1,1,60067.625898164064,0
19937,Male,Mumbai,57.881333090893634,7,"₹ 59,950.93",1,1,1,43041.62089090815,0
19938,Female,Hyderabad,47.748276876127065,2,"₹ 96,402.18",1,0,1,134724.0076650974,1
19939,Female,Pune,49.7599749039201,8,"₹ 18,428.24",2,1,1,108761.15594506507,0
19940,Female,Kolkata,44.11346176687681,0,"₹ 62,651.95",2,1,0,10000.0,0
19941,Female,Chennai,64.28867276676927,3,"₹ 97,941.89",1,0,0,84258.71473764046,1
19942,Male,DELHI,34.48598852428663,4,"₹ 23,520.75",2,1,1,82534.92650113459,0
19943,Male,DELHI,35.335448321217925,3,"₹ 47,500.31",2,1,0,51492.885145388485,0
19944,Female,Kolkata,40.22678466508874,3,"₹ 5,882.57",1,1,1,72401.99843541926,0
19945,Male,Chennai,52.53547153600653,8,"₹ 90,605.59",2,1,1,27446.09907074424,0
19946,Male,Delhi,54.557940097672905,4,"₹ 62,525.50",4,1,0,113096.54282999787,1
19947,Male,Hyderabad,36.59564284519827,0,"₹ 31,745.77",1,1,1,138490.01147084223,0
19948,Male,Kolkata,58.45285746357462,6,"₹ 44,423.44",2,0,1,44885.22692821667,0
19949,Female,Bangalore,30.29487144134685,5,"₹ 78,108.43",1,1,1,70612.60572922233,0
19950,Male,mumbai,55.69301927291075,8,"₹ 2,019.68",1,1,1,35645.97921780064,0
19951,Female,mumbai,50.3650902432893,3,"₹ 25,438.24",1,1,0,63368.297777459855,0
19952,Female,DELHI,45.260964520021346,9,"₹ 56,621.67",2,1,1,106422.2118542496,0
19953,Male,Mumbai,52.09685814597958,5,"₹ 76,764.71",2,1,0,73483.30340748737,0
19954,Male,Bangalore,43.21419660904145,9,"₹ 63,687.52",2,0,0,109807.44200948876,0
19955,Male,Delhi,48.82848058416305,6,"₹ 6,596.23",3,1,1,171181.06030281677,0
19956,Male,Chennai,81.09110254813798,3,"₹ 79,957.97",2,0,0,56071.64333215475,1
19957,Female,Delhi,58.414849150787354,8,"₹ 85,409.85",1,0,0,86569.85241255356,0
19958,Female,DELHI,36.867593514557065,0,"₹ 80,152.16",1,0,1,64050.82321256446,0
19959,Female,Mumbai,40.421176710016915,0,"₹ 50,609.73",2,1,1,108591.7163930044,0
19960,Male,Chennai,63.12308371726561,2,"₹ 32,919.97",2,1,1,82779.15078956862,0
19961,Female,Kolkata,39.07793302839099,8,"₹ 93,329.80",1,0,1,89467.22724778292,0
19962,Female,Chennai,70.5116100674726,4,"₹ 35,969.59",1,0,0,80850.59110343333,1
19963,Male,DELHI,56.480574931203975,0,"₹ 54,053.05",1,1,1,76652.51026544567,0
19964,Female,Delhi,24.65961293337223,4,"₹ 77,774.85",2,0,1,95957.17791477914,0
19965,Male,mumbai,58.02500168614555,5,"₹ 88,083.87",2,1,1,86909.37282568983,0
19966,Female,Delhi,18.0,3,"₹ 28,383.15",1,0,1,126003.83346201389,0
19967,Female,Delhi,39.7740456623487,6,"₹ 89,068.29",2,1,1,73161.3076020402,0
19968,Male,Delhi,57.827867839973145,10,"₹ 33,719.36",2,1,1,149414.9853514837,0
19969,Female,DELHI,18.0,2,"₹ 74,066.68",1,1,1,88385.04419905931,0
19970,Male,Bangalore,75.44225275924114,4,"₹ 69,850.56",2,1,0,171572.33925580978,1
19971,Male,DELHI,59.526415883342814,5,"₹ 52,101.60",2,1,1,133180.5640044375,1
19972,M,Hyderabad,30.31696353494165,6,"₹ 9,009.16",1,1,1,76653.6796102488,0
19973,M,Chennai,67.80018511175095,9,"₹ 19,756.53",1,0,1,68159.00794044539,0
19974,Male,Hyderabad,18.0,1,"₹ 79,804.37",3,1,1,29670.873406837774,1
19975,Male,DELHI,29.886301271072753,4,"₹ 63,846.70",1,1,0,140553.1197228335,0
19976,Male,Pune,23.773283857187515,6,"₹ 66,757.43",2,0,1,166517.0552730206,0
19977,Male,Pune,18.0,6,"₹ 41,634.93",1,1,1,53542.311310064935,0
19978,Female,Bangalore,40.002513220512355,2,"₹ 38,728.74",1,1,1,80473.67256894641,0
19979,M,Kolkata,47.86726124372027,7,"₹ 64,109.41",1,0,0,91968.01774889595,0
19980,Female,Delhi,47.41939439420292,0,"₹ 40,209.42",1,1,0,83892.73319597747,0
19981,Male,Kolkata,46.95567526552631,3,"₹ 63,725.35",1,1,1,42394.96204047111,0
19982,Female,Kolkata,45.788705301035975,2,"₹ 14,783.68",2,0,1,126375.61083716521,0
19983,Male,Hyderabad,27.278203191636045,3,"₹ 52,610.04",1,1,0,82147.97630545951,0
19984,Female,Chennai,37.462723635975955,10,"₹ 28,371.80",2,1,0,166079.18650580326,0
19985,Female,Pune,18.0,8,"₹ 56,883.04",2,0,1,70812.49647192907,0
19986,Female,mumbai,61.193361621597234,10,"₹ 17,292.49",2,1,1,82096.93121380762,0
19987,Male,Chennai,46.41914857503842,7,"₹ 88,991.81",2,1,1,60689.3947513719,0
19988,Male,Pune,46.02484025375314,10,"₹ 1,223.03",1,1,1,17865.832434600787,0
19989,Male,mumbai,56.69112552949494,3,"₹ 81,597.72",2,1,1,77357.94588596022,1
19990,Female,Mumbai,57.76456976897616,7,"₹ 40,585.95",2,1,0,49489.63591445047,1
19991,Male,DELHI,39.58231463943317,0,"₹ 68,688.63",1,1,0,121534.31826557216,0
19992,Male,Mumbai,43.24681538879638,7,"₹ 63,932.50",1,1,0,74705.09605622654,0
19993,Male,Chennai,68.49202890025128,9,"₹ 34,388.24",1,0,1,51871.12338217172,0
19994,Female,Bangalore,,1,"₹ 37,643.93",1,1,1,15487.422193762388,0
19995,Male,Chennai,68.35836125393821,5,"₹ 81,480.30",1,1,1,108467.98417689149,0
19996,Female,Hyderabad,39.74506552363024,5,"₹ 54,841.07",2,1,1,54930.02798197897,0
19997,Female,mumbai,18.0,2,"₹ 41,816.81",1,1,0,97302.28097961009,0
19998,Female,mumbai,46.34279961685683,4,"₹ 38,026.32",2,0,0,98723.3089008212,0
19999,Male,Mumbai,39.62917544646165,1,"₹ 43,003.11",2,1,0,110358.12658226583,1
20000,Male,Mumbai,24.77601620084864,10,"₹ 99,690.29",2,0,0,36345.70661172922,0
19954,Male,Bangalore,43.21419660904145,9,"₹ 63,687.52",2,0,0,109807.44200948876,0
13851,Male,Kolkata,57.530130559639225,5,"₹ 120,257.44",2,1,0,55001.75299117563,1
14963,Male,mumbai,34.44612132388812,9,"₹ 95,284.62",2,1,0,46232.31013875319,0
13887,Female,Mumbai,28.91160043508589,10,"₹ 30,934.97",1,1,1,99808.44368661282,0
15438,Female,DELHI,40.9437018441386,8,"₹ 40,979.90",1,1,1,82233.08767579104,0
18518,Female,Delhi,65.01491590991316,2,"₹ 88,273.62",2,1,1,117628.89299013658,0
12042,Female,Bangalore,42.5542663237988,8,"₹ 97,979.83",2,1,0,83220.23027483995,0
11990,Female,mumbai,35.04214597061977,4,"₹ 90,877.39",2,1,1,154784.15372509617,0
11934,Female,Bangalore,59.66204488042766,9,"₹ 71,434.12",2,0,0,95513.8825753584,1
19985,Female,Pune,18.0,8,"₹ 56,883.04",2,0,1,70812.49647192907,0
18419,Female,DELHI,80.11508365362042,3,"₹ 64,643.10",2,0,0,19676.33962441553,0
12419,Male,DELHI,83.04237151308982,0,"₹ 50,370.89",1,1,0,115500.69280428658,1
16812,Male,Chennai,60.8419579799868,3,"₹ 110,770.42",2,1,0,199947.28695796983,0
11218,Female,Pune,24.705958921189257,2,"₹ 50,604.66",1,1,1,90772.82444238523,0
16979,Female,Kolkata,42.70629246301591,5,"₹ 53,043.62",1,0,1,,0
16112,Male,Chennai,21.994535823795378,8,"₹ 54,845.16",3,1,0,135013.4676452293,0
17866,M,mumbai,54.18026349820461,2,"₹ 73,566.28",2,0,0,196980.12092715432,0
17782,Male,Hyderabad,27.559532954465578,5,"₹ 52,870.11",2,1,1,26109.660909608298,0
17776,Male,Kolkata,46.79085323606774,7,"₹ 17,841.84",1,0,0,125753.07068348196,0
17040,Female,mumbai,61.47570210763516,6,"₹ 99,453.07",2,0,1,32298.551629179346,0
17674,Female,Mumbai,84.49037219193431,10,"₹ 78,773.57",1,0,0,69941.28766198673,0
12908,Male,Kolkata,26.29233059641932,7,"₹ 42,508.34",1,0,0,72730.86757863016,0
11267,Male,Hyderabad,71.96027808925061,1,"₹ 99,292.93",1,1,1,22558.057600015367,1
12371,Female,Kolkata,64.34995855543929,1,"₹ 57,950.39",2,0,1,12294.047197706575,0
13093,Male,Hyderabad,58.191779335905814,3,"₹ 57,869.97",4,1,0,46323.54253562716,1
10131,Male,Bangalore,32.10206296274108,6,"₹ 85,241.57",1,1,0,38109.021200739066,1
11989,Male,Hyderabad,38.62909190423918,4,"₹ 82,996.76",2,1,0,140216.01325751122,0
17878,Male,Pune,50.28920356562462,6,"₹ 17,972.38",2,0,1,68795.26919118463,0
16451,Female,Pune,62.53149697314936,8,₹ 0.00,1,0,0,40911.89113881776,1
16881,Female,Mumbai,72.67415793302166,4,₹ 0.00,2,0,0,117104.59014947328,1
11769,Male,Chennai,55.15735207129148,6,"₹ 72,989.63",2,1,0,98895.3498521852,0
19060,Male,Delhi,26.841177255188484,6,"₹ 37,442.11",1,0,0,125976.72846068963,0
15513,Female,Chennai,57.66388112487212,6,"₹ 142,252.59",2,1,0,41604.432419108845,0
16344,Female,Delhi,45.3613341188499,3,"₹ 87,306.94",1,1,0,,0
16703,Male,Kolkata,18.0,10,"₹ 112,370.85",1,1,1,115384.11794442606,0
10575,Female,DELHI,54.869068612246615,10,"₹ 15,754.98",1,0,0,59189.97680078284,0
16427,Female,Delhi,23.426930044123182,7,"₹ 27,295.59",1,0,0,126301.31957076343,1
11521,Male,DELHI,55.96663716331362,4,"₹ 45,765.50",2,1,0,97105.04364018257,0
19888,Female,Mumbai,43.33569172729786,0,"₹ 86,344.08",2,1,1,10000.0,0
11959,Female,Kolkata,36.12274706356776,4,₹ 0.00,1,0,0,67380.66323791994,0
14488,Male,Chennai,64.13449975883947,3,"₹ 16,596.20",1,1,0,138959.68985145827,0
10860,Male,Mumbai,35.20625878938276,4,"₹ 57,591.74",1,0,0,95594.58760729164,0
12875,Female,Hyderabad,20.198841584112202,7,"₹ 53,564.59",1,1,1,88220.45327357178,0
18595,Female,mumbai,50.61564527994213,0,"₹ 136,381.51",2,1,0,83429.96286224193,0
19726,M,Delhi,46.38233739811001,0,"₹ 3,303.40",1,1,1,92596.807737202,0
13266,Male,Pune,18.0,1,"₹ 70,175.01",2,1,1,55082.09173937776,0
13728,Male,Bangalore,76.90121793166887,8,"₹ 87,986.13",1,1,1,26759.75210419143,0
18739,Male,mumbai,41.40569277742984,6,"₹ 53,477.38",2,0,1,40818.134140206064,0
14438,Female,Mumbai,49.3769375293567,4,"₹ 3,242.05",1,0,0,139450.11727959051,0
13305,Male,Mumbai,21.995527882348192,1,"₹ 44,808.85",1,0,0,93426.34765719488,0
